原始文本,分词结果,发布时间,标题
「赋燕有灵，御水有神。」在天与海的尽头，鱼游向青空，鸟跃入沧海。锦鳞漫曳成绛红的桥，牵起流云万壑，于是水天勾连，心通万物。天何所沓，十二焉分？日月安属，列星安陈？歌去。燕云十六声与著名插画师@666K信譞 达成合作，首期武器外观【锦鲤玉扇】即将上线，敬请期待！。 —— 燕云×赋神|跃入江湖，与信譞老师共绘锦鲤玉扇！_,《 燕云 × 赋 神 | 跃 入 江湖 ， 与 信譞 老师 共 绘 锦鲤玉扇 ！ 》 : 「 赋 燕 有 灵 ， 御 水 有神 。 」 在 天 与 海 的 尽头 ， 鱼 游 向 青空 ， 鸟 跃 入 沧海 。 锦鳞 漫曳 成 绛红 的 桥 ， 牵 起 流云 万 壑 ， 于是 水天 勾连 ， 心 通 万物 。 天 何 所 沓 ， 十二 焉 分 ？ 日月 安 属 ， 列 星 安 陈 ？ 歌 去 。 燕云十六声 与 著名 插画师 @666k 信譞 达成 合作 ， 首期 武器 外观 【 锦鲤玉扇 】 即将 上线 ， 敬请 期待 ！ 。,2025-11,燕云×赋神 | 跃入江湖，与信譞老师共绘锦鲤玉扇！
「墨门无惧，凡可理喻者则晓之以理，不可理喻者则饱以老拳。」我们与「墨门无惧，凡可理喻者则晓之以理，不可理喻者则饱以老拳。」我们与@影武堂 展开特别合作，邀请到影武堂总顾问、国家级武术教练吴彬老师，为大家带来精彩专业的武术短片，展现武学魅力。同时，为给游侠们呈现更有新鲜感和表现力的新武学，策划也在此进行了为期三天的高强度训练汲取灵感，快来看看他表现如何！全新武器手甲已现身江湖，期待游侠们的体验反馈，在江湖一展拳脚！ —— 燕云x影武堂高燃打戏放送|点击看策划挨打__,《 燕云x影武堂 高燃 打戏 放送 | 点击 看 策划 挨打 》 : 「 墨门 无惧 ， 凡 可 理喻 者 则 晓之以理 ， 不可理喻 者 则 饱以老拳 。 」 我们 与 「 墨门无惧 ， 凡 可 理喻 者 则 晓之以理 ， 不可理喻 者 则 饱以老拳 。 」 我们 与 @ 影武堂 展开 特别 合作 ， 邀请 到 影武堂 总 顾问 、 国家级 武术 教练 吴彬 老师 ， 为 大家 带来 精彩 专业 的 武术 短片 ， 展现 武学 魅力 。 同时 ， 为 给 游侠 们 呈现 更 有 新鲜感 和 表现力 的 新 武学 ， 策划 也 在此 进行 了 为期 三天 的 高强度 训练 汲取 灵感 ， 快 来 看看 他 表现 如何 ！ 全新 武器 手甲 已 现身 江湖 ， 期待 游侠 们 的 体验 反馈 ， 在 江湖 一 展 拳脚 ！,2025-11,燕云X影武堂高燃打戏放送 | 点击看策划挨打
八百里乱峰横亘，至高至险，是为天陉。今日之后，游侠们踏遍群山，终向这顶峰攀进，可见天开险隘，云气翻腾。更有至高处，那垂垂鸟首，深藏着一段故人旧憾。更多精彩内容，也将陆续揭开帷幕。燕云十六声新版本「谁共入云飞」现已上线，此间万仞孤峰，静待侠者一探。。 —— 见争鸣于绝顶|新版本「谁共入云飞」现已上线_游戏热门视频,《 见 争鸣 于 绝顶 | 新版本 「 谁 共 入 云 飞 」 现 已 上线 _ 游戏 热门 视频 》 : 八百里 乱 峰 横亘 ， 至 高 至 险 ， 是 为 天陉 。 今日 之后 ， 游侠 们 踏 遍 群山 ， 终 向 这 顶峰 攀 进 ， 可见 天 开 险隘 ， 云气 翻腾 。 更 有 至 高处 ， 那 垂垂 鸟首 ， 深 藏 着 一段 故人 旧 憾 。 更 多 精彩 内容 ， 也 将 陆续 揭开 帷幕 。 燕云十六声 新版本 「 谁 共 入 云 飞 」 现 已 上线 ， 此间 万仞 孤峰 ， 静待 侠者 一 探 。,2025-11,见争鸣于绝顶 | 新版本「谁共入云飞」现已上线_游戏热门视频
燕云十六声与富平县促发柿子种植农民专业合作社达成合作。在陕西省富平县湾里村，为游侠承包认领了五亩166棵柿子果树。它们今年的产出将制作成柿饼，通过即将开启的“柿业有成”活动随机发放给游侠。祝愿全体游侠天天好柿到来，柿柿如意！助力乡村振兴，燕云与游侠同行！。 —— 燕云×富平柿子丨消息可靠，好柿发生！,《 燕云 × 富平 柿子 丨 消息 可靠 ， 好 柿 发生 ！ 》 : 燕云十六声 与 富平县促发柿子种植农民专业合作社 达成 合作 。 在 陕西省 富平县 湾里村 ， 为 游侠 承包 认领 了 五亩 166棵 柿子 果树 。 它们 今年 的 产出 将 制作 成 柿饼 ， 通过 即将 开启 的 “ 柿业 有成 ” 活动 随机 发放 给 游侠 。 祝愿 全体 游侠 天天 好 柿 到来 ， 柿 柿 如意 ！ 助力 乡村 振兴 ， 燕云 与 游侠 同行 ！,2025-11,燕云×富平柿子丨消息可靠，好柿发生！
热烈庆祝燕云十六声海外版本上线，但是——金玉手？太极？江叔？用英语怎么说？！燕叽已经搞不懂了叽——有道翻译官速来教教叽！特别鸣谢：英文指导@有道翻译官。 —— 燕云×有道翻译官丨燕叽今天怎么不叽叽叽叽了？！_,《 燕云 × 有道 翻译官 丨 燕叽 今天 怎么 不 叽 叽 叽 叽了 ？ ！ _ 》 : 热烈 庆祝 燕云十六声 海外 版本 上线 ， 但是 —— 金玉手 ？ 太极 ？ 江叔 ？ 用 英语 怎么 说 ？ ！ 燕叽 已经 搞 不 懂 了 叽 —— 有道 翻译官 速来 教教 叽 ！ 特别 鸣谢 ： 英文 指导 @ 有道 翻译官,2025-11,燕云×有道翻译官丨燕叽今天怎么不叽叽叽叽了？！
江湖精彩，但也不乏险恶。九流门人多行走于市井，苦各式坑蒙拐骗久矣！全门上下集思广益，倾情演绎防诈宣传片。愿以此片，助各位游侠心明眼亮，勘破骗局！特别鸣谢：反诈指导：平安开封编曲/作曲：哦呼w演唱：倒悬的橘子/奇可璐璐作词：李清仙。 —— 防诈宣传曲丨鼠鼠提醒您：此地不宜九流！_游戏热门视频,《 防诈 宣传曲 丨 鼠鼠 提醒 您 ： 此地 不宜 九流 ！ _ 游戏 热门 视频 》 : 江湖 精彩 ， 但 也 不乏 险恶 。 九流门 人 多 行走 于 市井 ， 苦 各 式 坑蒙拐骗 久 矣 ！ 全门 上下 集思广益 ， 倾情 演绎 防诈 宣传片 。 愿 以 此 片 ， 助 各位 游侠 心明眼亮 ， 勘破 骗局 ！ 特别 鸣谢 ： 反诈 指导 ： 平安 开封 编曲 / 作曲 ： 哦呼w 演唱 ： 倒悬 的 橘子 / 奇可璐璐 作词 ： 李清仙,2025-11,防诈宣传曲丨鼠鼠提醒您：此地不宜九流！_游戏热门视频
天何所沓？十二焉分？从屈原的《天问》开始，人类对于宇宙的追问从未停止。你是否也曾好奇，天宫中，到底响着何等音律？我们与《科学追光者》开展科普联动第二弹，邀请“中国天眼”总工程师姜鹏老师，与游侠溯游星河璀璨，探寻宇宙深处的天籁。月坠遥天，城陷为湖。在秦川「陷城湖」中，也有秦川青年以手为筒，问月逐星，盼与游侠共赴问月长安之路！熙熙万贤烛火，千载仍照我身。谨以此片，致敬每一位科学工作者。。 —— 邀月问天|与姜鹏老师一起聆听天宫回响,《 邀月问天 | 与 姜鹏 老师 一起 聆听 天宫 回响 》 : 天 何 所 沓 ？ 十二 焉 分 ？ 从 屈原 的 《 天问 》 开始 ， 人类 对于 宇宙 的 追问 从未 停止 。 你 是否 也曾 好奇 ， 天宫 中 ， 到底 响 着 何等 音律 ？ 我们 与 《 科学 追光者 》 开展 科普 联动 第二弹 ， 邀请 “ 中国 天眼 ” 总工程师 姜鹏 老师 ， 与 游侠 溯游 星河 璀璨 ， 探寻 宇宙 深处 的 天籁 。 月 坠 遥 天 ， 城 陷 为 湖 。 在 秦川 「 陷城湖 」 中 ， 也 有 秦川 青年 以 手 为 筒 ， 问 月 逐 星 ， 盼 与 游侠 共 赴 问月 长安 之 路 ！ 熙熙 万 贤 烛火 ， 千载 仍 照 我 身 。 谨 以 此 片 ， 致敬 每 一 位 科学 工作者 。,2025-11,邀月问天 | 与姜鹏老师一起聆听天宫回响
望西都，意踌躇。行至秦川终末，方觉明月依旧，而故里风物已非当年。《燕云十六声》与著名秦腔表演艺术家、国家级非物质文化遗产代表性传承人惠敏莉老师合作，以经典秦腔元素为灵感、结合秦川角色的故事背景进行创作，为游侠带来秦腔歌曲《望西都》，感受在朝代更迭的乱世中、家国与个人命运交织的思绪情怀。演唱：惠敏莉.作词：姜二莉.作曲：姜二莉党红岩.音乐制作人：党红岩朱宏亮.出品：燕云十六声。 —— 《望西都》mv|秦腔非遗联动曲,《 《 望西都 》 MV | 秦腔 非遗 联动曲 》 : 望西都 ， 意 踌躇 。 行 至 秦川 终末 ， 方 觉 明月 依旧 ， 而 故里 风物 已 非 当年 。 《 燕云十六声 》 与 著名 秦腔 表演 艺术家 、 国家级 非物质文化遗产 代表性 传承人 惠敏莉 老师 合作 ， 以 经典 秦腔 元素 为 灵感 、 结合 秦川 角色 的 故事 背景 进行 创作 ， 为 游侠 带来 秦腔 歌曲 《 望西都 》 ， 感受 在 朝代 更迭 的 乱世 中 、 家国 与 个人 命运 交织 的 思绪 情怀 。 演唱 ： 惠敏莉 . 作词 ： 姜二莉 . 作曲 ： 姜二莉 党红岩 . 音乐 制作人 ： 党红岩 朱宏亮 . 出品 ： 燕云十六声,2025-10,《望西都》MV | 秦腔非遗联动曲
梨园争籁大会举办在即，面向江湖征集！贺万春特邀两位神秘嘉宾开嗓助力，与门中新锐合作带来一出“不普通”的开场戏，让我们一起踩着不普通的“鼓”点，冲上云霄——两位名伶还在江湖中留下了代表个人特色的小礼物，静待游侠们开启！【普通的梨园】演唱：洛天依言和原作：ilem《普通disco》改编：梨园弟子·贺万春柘枝春雨钰磐啼妆。 —— 普通的梨园丨洛天依、言和x梨园特别合作曲__,《 普通 的 梨园 丨 洛天依 、 言和 X 梨园 特别 合 作曲 》 : 梨园 争籁 大会 举办 在即 ， 面向 江湖 征集 ！ 贺万春 特邀 两位 神秘 嘉宾 开嗓 助力 ， 与 门 中 新锐 合作 带来 一 出 “ 不 普通 ” 的 开场戏 ， 让 我们 一起 踩 着 不 普通 的 “ 鼓 ” 点 ， 冲 上 云霄 —— 两位 名伶 还 在 江湖 中 留下 了 代表 个人 特色 的 小 礼物 ， 静待 游侠 们 开启 ！ 【 普通 的 梨园 】 演唱 ： 洛天依 言和 原作 ： ilem 《 普通 disco 》 改编 ： 梨园 弟子 · 贺万春 柘枝 春雨钰磐 啼 妆,2025-10,普通的梨园丨洛天依、言和 X 梨园特别合作曲
山川行异之中，《燕云十六声》新篇章「不见山」现已开启——老戏骨中老江湖，特邀「金士杰」演绎「酒千岁」，以武会友，共叙此行。侠情酣畅之际，邀诸位游侠入山一聚！。 —— 千杯千岁|金士杰不见山设宴，侠以武相会_,《 千杯 千岁 | 金士杰 不见山 设宴 ， 侠 以武相会 _ 》 : 山川 行异 之中 ， 《 燕云十六声 》 新篇章 「 不见山 」 现 已 开启 —— 老戏骨 中 老江湖 ， 特邀 「 金士杰 」 演绎 「 酒千岁 」 ， 以武会友 ， 共 叙 此行 。 侠情 酣畅 之际 ， 邀 诸位 游侠 入 山 一 聚 ！,2025-09,千杯千岁 | 金士杰不见山设宴，侠以武相会
榫卯凹凸相契，象征天地之合。以墨山道现世为契机，我们与传统木工榫卯技艺非物质文化遗产代表性传承人——辛全生大师合作呈现墨家机巧“木鸢”。以榫卯之精巧，领略匠人传承。于寸木之中，见天地，见匠心。《燕云十六声》全新篇章「不见山」现已上线，诚邀诸位游侠，入山一聚！。 —— 非遗大师辛全生丨小木匠巧拜墨家师老师傅竟是新燕来__,《 非遗 大师 辛全生 丨 小木匠 巧 拜 墨家 师 老师傅 竟是 新燕 来 》 : 榫卯 凹凸 相契 ， 象征 天地 之 合 。 以 墨山道 现世 为 契机 ， 我们 与 传统 木工 榫卯 技艺 非物质文化遗产 代表性 传承人 —— 辛全生 大师 合作 呈现 墨家 机巧 “ 木鸢 ” 。 以 榫卯 之 精巧 ， 领略 匠人 传承 。 于 寸木 之中 ， 见 天地 ， 见 匠心 。 《 燕云十六声 》 全新 篇章 「 不见山 」 现 已 上线 ， 诚 邀 诸位 游侠 ， 入 山 一 聚 ！,2025-09,非遗大师辛全生丨小木匠巧拜墨家师 老师傅竟是新燕来
自古以来，“山”便寄托着无数哲思与想象。它能养育生灵，能暗藏玄机，每更上一步，都是新的风景。我们和《科学追光者》展开特别联动，携手地质学家刘嘉麒院士，通过一个关于“山”的故事和追问，领略地质学的魅力。。 —— 此行问山丨和刘嘉麒老师一起领略“山”的魅力__,《 此行 问 山 丨 和 刘嘉麒 老师 一起 领略 “ 山 ” 的 魅力 》 : 自古以来 ， “ 山 ” 便 寄托 着 无数 哲思 与 想象 。 它 能 养育 生灵 ， 能 暗藏 玄机 ， 每 更 上 一 步 ， 都是 新 的 风景 。 我们 和 《 科学 追光者 》 展开 特别 联动 ， 携手 地质学家 刘嘉麒 院士 ， 通过 一个 关于 “ 山 ” 的 故事 和 追问 ， 领略 地质学 的 魅力 。,2025-09,此行问山丨和刘嘉麒老师一起领略“山”的魅力
9.22版本前瞻小会回看。由特约主持天涯客、燕叽，串场嘉宾容鸢联合播报！我行山川异，忽在天一方。【不见山】即将现世，期待与游侠们相见！。 —— 进山前的小聚会丨『我行山川异』版本前瞻_,《 进山 前 的 小 聚会 丨 『 我 行 山川 异 』 版本 前瞻 _ 》 : 9.22 版本 前瞻 小会 回看 。 由 特约 主持 天涯客 、 燕叽 ， 串场 嘉宾 容鸢 联合 播报 ！ 我 行 山川 异 ， 忽 在 天 一方 。 【 不见山 】 即将 现世 ， 期待 与 游侠 们 相见 ！,2025-09,进山前的小聚会丨『我行山川异』版本前瞻
桃源何处寻，今朝始见山。年轻侠客眼前，是隐逸奇景与追觅之路。求索求真，智慧与执着终会构成流传至今的侠道精神。，《燕云十六声》全新篇章「不见山」即将开启，待与游侠入山一会！(部分画面取材自新闻素材)。 —— 我行山川异|全新篇章「不见山」即将上线！_,《 我 行 山川 异 | 全新 篇章 「 不见山 」 即将 上线 ！ _ 》 : 桃源 何处 寻 ， 今朝 始 见 山 。 年轻 侠客 眼前 ， 是 隐逸 奇景 与 追觅 之 路 。 求索 求 真 ， 智慧 与 执着 终 会 构成 流传 至今 的 侠道 精神 。 ， 《 燕云十六声 》 全新 篇章 「 不见山 」 即将 开启 ， 待 与 游侠 入 山 一 会 ！ ( 部分 画面 取材 自 新闻 素材 ),2025-09,我行山川异 | 全新篇章「不见山」即将上线！
一叶离宫墙，千卷赴百校。燕云十六声联合扬帆计划，在故宫博物院百年之际赠书百校，此次公益捐赠故宫小书包系列书籍至12省20个城市的乡村学校，让传统文化和历史通过书籍传承。。 —— 燕影侠迹|故宫小书包公益项目，敬谢游侠！__,《 燕影 侠迹 | 故宫 小 书包 公益 项目 ， 敬谢 游侠 ！ 》 : 一 叶 离 宫墙 ， 千卷 赴 百 校 。 燕云十六声 联合 扬帆 计划 ， 在 故宫博物院 百年 之际 赠书 百 校 ， 此次 公益 捐赠 故宫 小 书包 系列 书籍 至 12 省 20个 城市 的 乡村 学校 ， 让 传统 文化 和 历史 通过 书籍 传承 。,2025-09,燕影侠迹 | 故宫小书包公益项目，敬谢游侠！
乞巧佳节，与侠相会。秦川着墨，前路契阔——后续版本【不见山】概念首曝，期待与游侠们相见！。 —— 特约小叙丨乞巧佳节，初探「不见山」__,《 特约 小叙 丨 乞巧 佳节 ， 初 探 「 不见山 」 》 : 乞巧 佳节 ， 与 侠 相会 。 秦川 着墨 ， 前路 契阔 —— 后续 版本 【 不见山 】 概念 首曝 ， 期待 与 游侠 们 相见 ！,2025-08,特约小叙丨乞巧佳节，初探「不见山」
『这一程，路漫漫，莫回看，有明月照我还。』随着河西最后一个区域“秦川”的开放，燕云十六声与知名歌唱家谭晶合作的河西剧情概念曲《归舟》正式上线，回首此行，游侠走过了时间的风沙和人间的聚散，无论身在何方，总有一宵明月长悬心上。《归舟》音频纯享版已上架网易云音乐，欢迎收听！演唱：谭晶作曲/编曲/制作人：jannik作词：沃特艾文儿笛箫：丁晓逵二胡：王颖弦乐：国际首席爱乐乐团录音棚：金田录音棚混音：李宗远@studio21a母带：周天澈@studio21a出品：燕云十六声。 —— 《归舟》群像mv丨谭晶唯美献唱河西剧情概念曲__,《 《 归舟 》 群像 MV 丨 谭晶 唯美 献唱 河西 剧情 概念曲 》 : 『 这 一 程 ， 路 漫漫 ， 莫 回 看 ， 有 明月 照 我 还 。 』 随着 河西 最后 一个 区域 “ 秦川 ” 的 开放 ， 燕云十六声 与 知名 歌唱家 谭晶 合作 的 河西 剧情 概念曲 《 归舟 》 正式 上线 ， 回首 此行 ， 游侠 走过 了 时间 的 风沙 和 人间 的 聚散 ， 无论 身 在 何方 ， 总 有 一宵 明月 长 悬 心 上 。 《 归舟 》 音频 纯享版 已 上架 网易云 音乐 ， 欢迎 收听 ！ 演唱 ： 谭晶 作曲 / 编曲 / 制作人 ： jannik 作词 ： 沃特艾文儿 笛箫 ： 丁晓逵 二胡 ： 王颖 弦乐 ： 国际首席爱乐乐团 录音棚 ： 金田 录音棚 混音 ： 李宗远 @ studio21a 母带 ： 周天澈 @ studio21a 出品 ： 燕云十六声,2025-08,《归舟》群像MV丨谭晶唯美献唱河西剧情概念曲
长风归于朗月，故乡似已不远。遍历了玉门飞沙和凉州风雪，看过了人心翻覆与世事苍茫，游侠的河西行旅已近尾声。越过大散关天堑，一幅壮阔的画卷即将展开。。 —— 归来明月满秦川|河西新区域「秦川」即将上线！_游戏热门视频,《 归来 明月 满 秦川 | 河西 新 区域 「 秦川 」 即将 上线 ！ _ 游戏 热门 视频 》 : 长风 归于 朗月 ， 故乡 似 已 不 远 。 遍历 了 玉门 飞沙 和 凉州 风雪 ， 看 过 了 人心 翻覆 与 世事 苍茫 ， 游侠 的 河西 行旅 已 近 尾声 。 越过 大散关 天堑 ， 一 幅 壮阔 的 画卷 即将 展开 。,2025-08,归来明月满秦川 | 河西新区域「秦川」即将上线！_游戏热门视频
燕叽携手中华社会救助基金会【银天使计划公益项目】，以全体游侠之名，为甘肃兰州、武威等地区的孤寡/特困老人提供了定向帮扶，共行善举。这份源自游戏的侠义精神，如今也在现实中收到回响。完成过「探游——有椒其馨，胡考其宁」的游侠们近日登录游戏时，还将邂逅一份江湖暖意。游侠们的善意，让凉州烫菜摊升腾的不仅是热气，更是人间温情。期待与游侠们一起，让温暖延续！。 —— 燕影侠迹|银天使计划公益项目，敬谢游侠！__,《 燕影 侠迹 | 银 天使 计划 公益 项目 ， 敬谢 游侠 ！ 》 : 燕叽 携手 中华社会救助基金会 【 银天使 计划 公益 项目 】 ， 以 全体 游侠 之 名 ， 为 甘肃 兰州 、 武威 等 地区 的 孤寡 / 特困 老人 提供 了 定向 帮扶 ， 共 行 善举 。 这 份 源自 游戏 的 侠义 精神 ， 如今 也 在 现实 中 收到 回响 。 完成 过 「 探游 —— 有 椒 其 馨 ， 胡 考 其 宁 」 的 游侠 们 近日 登录 游戏 时 ， 还 将 邂逅 一 份 江湖 暖意 。 游侠 们 的 善意 ， 让 凉州 烫菜摊 升腾 的 不仅 是 热气 ， 更 是 人间 温情 。 期待 与 游侠 们 一起 ， 让 温暖 延续 ！,2025-08,燕影侠迹 | 银天使计划公益项目，敬谢游侠！
-4日，《燕云十六声》参展2025chinajoy，与诸位游侠，举杯邀月，侠声共聚！。 —— chinajoy2025|故友新识，侠思寄月明_,《 ChinaJoy2025 | 故友 新 识 ， 侠思 寄 月 明 _ 》 : - 4日 ， 《 燕云十六声 》 参展 2025chinajoy ， 与 诸位 游侠 ， 举杯 邀月 ， 侠声 共聚 ！,2025-08,ChinaJoy2025 | 故友新识，侠思寄月明
唐横刀，被称为冷兵器的巅峰之作，现已在燕云暑期版本中正式登场！我们也有幸与知名演员、影后惠英红老师携手合作。她将作为燕云武学宗师，为大家呈现唐横刀武学的独特魅力，并将这把英雄之刃交付游侠之手。问刀，即是问心。锋刃出鞘，见证各位游侠的武者之心！。 —— 鸣刀问心丨惠英红手持唐横刀，锋刃出鞘与游侠江湖相会！_游戏热门视频,《 鸣刀问心 丨 惠英红 手持 唐横刀 ， 锋刃 出鞘 与 游侠 江湖 相会 ！ _ 游戏 热门 视频 》 : 唐横刀 ， 被 称为 冷兵器 的 巅峰 之 作 ， 现 已 在 燕云 暑期 版本 中 正式 登场 ！ 我们 也 有幸 与 知名 演员 、 影后 惠英红 老师 携手 合作 。 她 将 作为 燕云 武学 宗师 ， 为 大家 呈现 唐横刀 武学 的 独特 魅力 ， 并 将 这 把 英雄 之 刃 交付 游侠 之 手 。 问 刀 ， 即 是 问 心 。 锋刃 出 鞘 ， 见证 各位 游侠 的 武者 之 心 ！,2025-07,鸣刀问心丨惠英红手持唐横刀，锋刃出鞘与游侠江湖相会！_游戏热门视频
千古重屏，公子何处？若非出生帝王家，不同时空中的“词帝”李煜会又有哪些可能性？我们联合故宫文化，以“折叠时空的古画”——绘于五代时期的《重屏会棋图》为灵感，将画卷呈现在游戏中。并邀请来自书画/武术/舞蹈/农业的四位老师跨界合作，共绘不同时空中李煜的人生可能性，探寻隐藏其中的“公子”踪迹。希望通过本次合作，让这卷展现了时空精妙转换的古画，再次突破时空限制，透过屏幕，以更鲜活的方式被大家“看见”。特别鸣谢故宫博物院书画部研究馆员马顺平亚运会武术冠军常志昭青年舞者张翰中国农业大学副教授申思。 —— 《重屏会棋图》｜千年古画折叠时空寻访公子踪迹,《 《 重屏 会棋 图 》 ｜ 千年 古 画 折叠 时空 寻访 公子 踪迹 》 : 千古 重屏 ， 公子 何处 ？ 若非 出生 帝王 家 ， 不同 时空 中 的 “ 词帝 ” 李煜 会 又 有 哪些 可能性 ？ 我们 联合 故宫 文化 ， 以 “ 折叠 时空 的 古 画 ” —— 绘 于 五代 时期 的 《 重屏 会棋 图 》 为 灵感 ， 将 画卷 呈现 在 游戏 中 。 并 邀请 来自 书画 / 武术 / 舞蹈 / 农业 的 四位 老师 跨界 合作 ， 共 绘 不同 时空 中 李煜 的 人生 可能性 ， 探寻 隐藏 其中 的 “ 公子 ” 踪迹 。 希望 通过 本 次 合作 ， 让 这 卷 展现 了 时空 精妙 转换 的 古 画 ， 再次 突破 时空 限制 ， 透过 屏幕 ， 以 更 鲜活 的 方式 被 大家 “ 看见 ” 。 特别 鸣谢 故宫博物院书画部 研究馆员 马顺平 亚运会 武术 冠军 常志昭 青年 舞者 张翰 中国农业大学 副教授 申思,2025-07,《重屏会棋图》｜千年古画折叠时空 寻访公子踪迹
暑气攀升，侠与盛夏。，《燕云十六声》首个暑期版本上线。全新“家业”由少东家作主，重见亦是重建；新刃出鞘，“唐横刀”威锋既出；暗流涌动，“开封镇守”再起波澜。君自故乡来，静候少东家！。 —— 暑期版本｜重建不羡仙，由侠当家作主,《 暑期 版本 ｜ 重建 不羡仙 ， 由 侠 当家作主 》 : 暑气 攀升 ， 侠 与 盛夏 。 ， 《 燕云十六声 》 首个 暑期 版本 上线 。 全新 “ 家业 ” 由 少东家 作主 ， 重 见 亦 是 重建 ； 新 刃 出 鞘 ， “ 唐横刀 ” 威锋 既 出 ； 暗流 涌动 ， “ 开封 镇守 ” 再 起 波澜 。 君 自 故乡 来 ， 静候 少东家 ！,2025-07,暑期版本｜重建不羡仙，由侠当家作主
当国乐行走在凉州中，会听见怎样的声音？燕云十六声和来自中央民族乐团的艺术家们合作，根据古曲《凉州》概念改编、融入凉州地图原声，演奏出这曲《凉州歌》。游侠们也将在游戏内与它相遇，看古今音乐家以曲调为引的灵魂碰撞。今朝闻奏凉州歌，你我皆是曲中人。二胡金玥笛箫丁晓逵筚篥张佳理琵琶孟霄古筝缪青琵琶李宗励大阮朱承梓中阮齐闻多打击乐衣钰良二胡牛芊茜作曲李尚谦编曲李尚谦/杜漠（特邀）/刘天琪（特邀）协调/统筹金茹鑫。 —— 闻奏凉州歌｜中央民族乐团艺术家合作曲,《 闻 奏 凉州歌 ｜ 中央民族乐团 艺术家 合作曲 》 : 当 国乐 行走 在 凉州 中 ， 会 听见 怎样 的 声音 ？ 燕云十六声 和 来自 中央民族乐团 的 艺术家 们 合作 ， 根据 古曲 《 凉州 》 概念 改编 、 融入 凉州 地图 原声 ， 演奏 出 这 曲 《 凉州 歌 》 。 游侠 们 也 将 在 游戏 内 与 它 相遇 ， 看 古今 音乐家 以 曲调 为 引 的 灵魂 碰撞 。 今朝 闻 奏 凉州 歌 ， 你 我 皆 是 曲 中 人 。 二胡 金玥 笛箫 丁晓逵 筚篥 张佳理 琵琶 孟霄 古筝 缪青 琵琶 李宗励 大阮 朱承梓 中 阮齐闻 多 打击 乐 衣钰良 二胡 牛芊茜 作曲 李尚谦 编曲 李尚谦 / 杜漠 （ 特邀 ） / 刘天琪 （ 特邀 ） 协调 / 统筹 金茹鑫,2025-06,闻奏凉州歌｜中央民族乐团艺术家合作曲
-18日，《燕云十六声》参展cp31同人展，舆图为引，棉花为信，军令为号，与现场的少东家们一起，重返河西玉门。有幸与亲临的少东家们，共造这两日的限定回忆。。 —— 燕云cp31｜燕云的「家」，是每一位少东家_游戏热门视频,《 燕云 CP31 ｜ 燕云 的 「 家 」 ， 是 每 一 位 少东家 _ 游戏 热门 视频 》 : - 18日 ， 《 燕云十六声 》 参展 cp31 同人展 ， 舆图 为 引 ， 棉花 为 信 ， 军令 为 号 ， 与 现场 的 少东家 们 一起 ， 重返 河西 玉门 。 有幸 与 亲临 的 少东家们 ， 共 造 这 两日 的 限定 回忆 。,2025-05,燕云CP31｜燕云的「家」，是每一位少东家_游戏热门视频
自古以来，凉州就是连通西域与汉家的门扉。上百年的战争与商贸催生出了独特的风土人情，让这里变成故事发生的绝佳舞台。关乎荣耀、使命、自由、生死……当故事交织在这里，即是属于凉州的百年孤独。，《燕云十六声》新版本「悠悠凉州彻」即将上线。且待游侠亲自翻开新篇，直面凉州的风雪与剑光！。 —— 悠悠凉州彻|河西新篇章「凉州」即将上线！_游戏热门视频,《 悠悠 凉州 彻 | 河西 新篇章 「 凉州 」 即将 上线 ！ _ 游戏 热门 视频 》 : 自古以来 ， 凉州 就 是 连通 西域 与 汉家 的 门扉 。 上百年 的 战争 与 商贸 催生 出 了 独特 的 风土人情 ， 让 这里 变成 故事 发生 的 绝佳 舞台 。 关乎 荣耀 、 使命 、 自由 、 生死 …… 当 故事 交织 在 这里 ， 即 是 属于 凉州 的 百年 孤独 。 ， 《 燕云十六声 》 新版本 「 悠悠 凉州 彻 」 即将 上线 。 且 待 游侠 亲自 翻开 新篇 ， 直面 凉州 的 风雪 与 剑光 ！,2025-05,悠悠凉州彻 | 河西新篇章「凉州」即将上线！_游戏热门视频
张议潮和归义军以其坚韧精神，用20年收复河西，以故土归故国。敦煌画院为燕云十六声绘制了《张议潮统军出行图》摹本（局部），植入到游戏中，将他们的生平徐徐展开。长安夜里须发皆白的老者，是否也正在思念，沙州故土的那轮明月？。 —— 丹青溯梦，幽幽凉州｜敦煌画院联动幕后,《 丹青 溯 梦 ， 幽幽 凉州 ｜ 敦煌画院 联动 幕后 》 : 张议潮 和 归义军 以 其 坚韧 精神 ， 用 20年 收复 河西 ， 以 故土 归 故国 。 敦煌画院 为 燕云十六声 绘制 了 《 张议潮 统军 出行 图 》 摹本 （ 局部 ） ， 植入 到 游戏 中 ， 将 他们 的 生平 徐徐 展开 。 长安 夜里 须发 皆 白 的 老者 ， 是否 也 正在 思念 ， 沙州 故土 的 那 轮 明月 ？,2025-05,丹青溯梦，幽幽凉州｜敦煌画院联动幕后
只用这招，天下无敌。。 —— 新奇术·黄金膝|不日上线，敬请期待_游戏热门视频,《 新 奇术 · 黄金膝 | 不日 上线 ， 敬请 期待 _ 游戏 热门 视频 》 : 只 用 这 招 ， 天下 无敌 。,2025-04,新奇术·黄金膝 | 不日上线，敬请期待_游戏热门视频
陌刀、双刀、太极，快意武侠；梦境、幻象、现实，如诗如画。演员谢苗饰演驻边军，于海市蜃楼中窥见命运流转。雾里看花，亦真亦幻；身入险局，是敌是友？《燕云十六声》1.7版本「明月照玉门」，今日上线。。 —— 河西启程|谢苗以身入梦，重现浪漫武侠,《 河西 启程 | 谢苗 以身入梦 ， 重现 浪漫 武侠 》 : 陌刀 、 双刀 、 太极 ， 快意 武侠 ； 梦境 、 幻象 、 现实 ， 如 诗 如 画 。 演员 谢苗 饰演 驻边军 ， 于 海市蜃楼 中 窥见 命运 流转 。 雾里看花 ， 亦 真 亦 幻 ； 身 入 险局 ， 是 敌 是 友 ？ 《 燕云十六声 》 1.7 版本 「 明月 照 玉门 」 ， 今日 上线 。,2025-03,河西启程 | 谢苗以身入梦，重现浪漫武侠
举头望明月，低头思故乡。大唐的诗歌璀璨，其中隽永缠绵的当属一首静夜思。归乡也许还有希望，可若想要回到那个辉煌的年代，是否只能是梦中的呓语？今日《燕云十六声》1.7版本「明月照玉门」上线，新区域河西·玉门开启，还待游侠们亲往一探。。 —— 明月照玉门|全新区域河西今日上线！__,《 明月 照 玉门 | 全新 区域 河西 今日 上线 ！ 》 : 举头 望 明月 ， 低头 思 故乡 。 大唐 的 诗歌 璀璨 ， 其中 隽永 缠绵 的 当 属 一 首 静夜 思 。 归乡 也许 还有 希望 ， 可 若 想 要 回到 那个 辉煌 的 年代 ， 是否 只能 是 梦 中 的 呓语 ？ 今日 《 燕云十六声 》 1.7 版本 「 明月 照 玉门 」 上线 ， 新 区域 河西 · 玉门 开启 ， 还 待 游侠 们 亲 往 一 探 。,2025-03,明月照玉门 | 全新区域河西今日上线！
团圆相逢，天下同乐，给游侠们拜个早年！1.3版本「今古同此夜」现已上线，游赏江湖拿下诸多好礼，全新奇术新春新境界！。 —— 今古同此夜|收拾收拾准备过年！,《 今 古 同 此 夜 | 收拾 收拾 准备 过年 ！ 》 : 团圆 相逢 ， 天下 同乐 ， 给 游侠 们 拜 个 早年 ！ 1.3 版本 「 今 古 同 此 夜 」 现 已 上线 ， 游赏 江湖 拿下 诸多 好礼 ， 全新 奇术 新春 新 境界 ！,2025-01,今古同此夜 | 收拾收拾准备过年！
暑往冬来，岁暮契阔。竹林小屋，是1000万游侠初出茅庐成长的地方。四季更替，江湖，由此启程。。 —— 清河一日pv|江湖，由此启程！__,《 清河 一日 PV | 江湖 ， 由此 启程 ！ 》 : 暑往冬来 ， 岁暮 契阔 。 竹林 小屋 ， 是 1000万 游侠 初出茅庐 成长 的 地方 。 四季 更替 ， 江湖 ， 由此 启程 。,2025-01,清河一日PV | 江湖，由此启程！
游侠们，为庆祝移动端的不删档上线，各位游侠股东们的“分红”来了！。 —— 移动端明天就上|双“云”成侠，有胶白拿！_游戏热门视频,《 移动端 明天 就 上 | 双 “ 云 ” 成侠 ， 有 胶 白 拿 ！ _ 游戏 热门 视频 》 : 游侠们 ， 为 庆祝 移动端 的 不 删档 上线 ， 各位 游侠 股东们 的 “ 分红 ” 来 了 ！,2025-01,移动端明天就上 | 双“云”成侠，有胶白拿！_游戏热门视频
预下载开启|韩熙载来了也得先去趟燕云。 —— 预下载开启|韩熙载来了也得先去趟燕云_,《 预下载 开启 | 韩熙载 来 了 也 得 先 去 趟 燕云 _ 》 : 预下载 开启 | 韩熙载 来 了 也 得 先 去 趟 燕云,2025-01,预下载开启 | 韩熙载来了也得先去趟燕云
"恩情，恩在前，情在后。田英与黎蓁蓁的故事，是抉择，是无奈，是乱世侠者的缩影。就像活人医馆“天不收”大夫说的，总有一些——不管生死，都“一定”的东西。江湖之大，日益精彩，也有无数的故事和传说正等待游侠们见证和书写。歌曲：《精卫（燕云十六声版）》原词曲/原唱：30年前,50年后演唱/制作/编曲：一颗狼星改编词：烧灯续昼改编曲：一颗狼星录音：丁筱荷混音：江刘博文录音棚：果果音乐。 —— 红尘无眼，恩情难诉，遗憾与谁说","《 红尘 无 眼 ， 恩情 难 诉 ， 遗憾 与 谁 说 》 : 恩情 ， 恩 在 前 ， 情 在 后 。 田英 与 黎蓁蓁 的 故事 ， 是 抉择 ， 是 无奈 ， 是 乱世 侠者 的 缩影 。 就 像 活人 医馆 “ 天 不 收 ” 大夫 说 的 ， 总 有一些 —— 不管 生死 ， 都 “ 一定 ” 的 东西 。 江湖 之 大 ， 日益 精彩 ， 也 有 无数 的 故事 和 传说 正 等待 游侠 们 见证 和 书写 。 歌曲 ： 《 精卫 （ 燕云十六声 版 ） 》 原 词曲 / 原唱 ： 30年 前 , 50年 后 演唱 / 制作 / 编曲 ： 一 颗 狼 星 改编词 ： 烧灯 续 昼 改编曲 ： 一 颗 狼 星 录音 ： 丁筱荷 混音 ： 江刘博文录音棚 ： 果果 音乐",2025-01,红尘无眼，恩情难诉，遗憾与谁说
能放在口袋里的燕云已近在咫尺——，但求侠心火热，而设备不烫。pc端随心，移动随时，这份移动端的“浴约”邀请，请查收！。 —— 世界无羁，预约随心丨，移动端不删档上线！_,《 世界 无羁 ， 预约 随心 丨 1月9日 ， 移动端 不 删档 上线 ！ _ 》 : 能 放 在 口袋 里 的 燕云 已 近在咫尺 —— ， 但 求 侠心 火热 ， 而 设备 不 烫 。 pc端 随心 ， 移动 随时 ， 这 份 移动端 的 “ 浴约 ” 邀请 ， 请 查收 ！,2024-12,世界无羁，预约随心丨1月9日，移动端不删档上线！
江湖故事序幕刚启，还有诸多强敌正摩拳擦掌——燕云boss团随之登场！我们将根据boss的角色设定，用鲜活的真人剧情呈现，通过不同形式向更多人展示他们强悍战力背后的隐秘故事。————————————————————————知名老戏骨、视帝倪大红，将化身为深不可测的燕云boss「黑财神」。白日里，他是开封府的大人；黑夜里，他又是阴影中的恶神。权欲、金钱、人心……是成功掌控一切，还是被这一切反噬？燕云十六声今日正式公测，开封区域即将开启。这位如日中天的反派boss，也在等待与游侠们的一战。。 —— 燕云boss团|倪大红×黑财神——钱能通神？我即是神！_,《 燕云BOSS团 | 倪大红 × 黑财神 — — 钱 能 通 神 ？ 我 即 是 神 ！ _ 》 : 江湖 故事 序幕 刚 启 ， 还有 诸多 强敌 正 摩拳擦掌 —— 燕云boss团 随 之 登场 ！ 我们 将 根据 boss 的 角色 设定 ， 用 鲜活 的 真人 剧情 呈现 ， 通过 不同 形式 向 更 多 人 展示 他们 强悍 战力 背后 的 隐秘 故事 。 —— — — — — — — — — — — — — —————————— 知名 老戏骨 、 视帝 倪大红 ， 将 化身 为 深不可测 的 燕云 boss 「 黑财神 」 。 白日 里 ， 他 是 开封府 的 大人 ； 黑夜 里 ， 他 又是 阴影 中 的 恶神 。 权欲 、 金钱 、 人心 ……是 成功 掌控 一切 ， 还是 被 这 一切 反噬 ？ 燕云十六声 今日 正式 公测 ， 开封 区域 即将 开启 。 这 位 如日中天 的 反派 boss ， 也 在 等待 与 游侠 们 的 一 战 。,2024-12,燕云BOSS团 | 倪大红×黑财神——钱能通神？我即是神！
开服前，我们再次见到了燕云官方武术指导、金马奖最佳武术指导董玮老师，他曾在研发阶段参与游戏中多个武学套路与武打演出设计，这一次他来到燕云boss团的郑鄂武戏拍摄现场，也在采访中留下了对游侠们的祝愿：“用一招一式，闯出属于你的江湖。”燕云十六声今日正式公测，各位江湖见！。 —— 燕云武指董玮寄语|用一招一式，闯出属于你的江湖_游戏热门视频,《 燕云 武指 董玮 寄语 | 用 一招一式 ， 闯出 属于 你 的 江湖 _ 游戏 热门 视频 》 : 开服 前 ， 我们 再次 见到 了 燕云 官方 武术指导 、 金马奖 最佳 武术指导 董玮 老师 ， 他 曾 在 研发 阶段 参与 游戏 中 多个 武学 套路 与 武打 演出 设计 ， 这 一次 他 来到 燕云boss团 的 郑鄂 武戏 拍摄 现场 ， 也 在 采访 中 留下 了 对 游侠 们 的 祝愿 ： “ 用 一招一式 ， 闯 出 属于 你 的 江湖 。 ” 燕云十六声 今日 正式 公测 ， 各位 江湖 见 ！,2024-12,燕云武指董玮寄语 | 用一招一式，闯出属于你的江湖_游戏热门视频
江湖故事序幕刚启，还有诸多强敌正摩拳擦掌——燕云boss团随之登场！我们将根据boss的角色设定，用鲜活的真人剧情呈现，通过不同形式向更多人展示他们强悍战力背后的隐秘故事。————————————————————————青年演员@丁禹兮，化身病骨文弱却深藏不露的开封boss「常平使郑鄂」一袭白衣一柄折扇，善恶抉择就在一念之间。挚友反目，兄妹死别，“天下常平”的儿时理想如何坚守？郑鄂能否勘破心中执念，游侠又将与他展开怎样的交锋。燕云十六声今日正式公测，开封区域即将开启，开封镇守boss郑鄂，期待与各位游侠的过招！。 —— 燕云boss团|丁禹兮×郑鄂——善恶一念，常平何求？,《 燕云BOSS团 | 丁禹兮 × 郑鄂 — — 善恶 一 念 ， 常平 何 求 ？ 》 : 江湖 故事 序幕 刚 启 ， 还有 诸多 强敌 正 摩拳擦掌 —— 燕云boss团 随 之 登场 ！ 我们 将 根据 boss 的 角色 设定 ， 用 鲜活 的 真人 剧情 呈现 ， 通过 不同 形式 向 更 多 人 展示 他们 强悍 战力 背后 的 隐秘 故事 。 ———————————————————————— 青年 演员 @ 丁禹兮 ， 化身 病骨 文弱 却 深藏不露 的 开封 boss 「 常平 使 郑鄂 」 一 袭 白衣 一 柄 折扇 ， 善恶 抉择 就 在 一念之间 。 挚友 反目 ， 兄妹 死别 ， “ 天下 常平 ” 的 儿时 理想 如何 坚守 ？ 郑鄂 能否 勘破 心中 执念 ， 游侠 又 将 与 他 展开 怎样 的 交锋 。 燕云十六声 今日 正式 公测 ， 开封 区域 即将 开启 ， 开封 镇守 boss 郑鄂 ， 期待 与 各位 游侠 的 过招 ！,2024-12,燕云BOSS团 | 丁禹兮×郑鄂——善恶一念，常平何求？
来者何人也？或无名一少年，或侠者万万千。在对相逢的期待中，公测宣传曲先声上线。听龚琳娜化身江湖前辈，以高亢歌声接引新侠，随着她如说书人般的讲述踏入这场乱世冒险。看游侠儿自火光中而来，以身为剑，斩破乱世，留下立于天地之间属于自己的声音。演唱：龚琳娜作词：小驴作曲：关大洲编曲：关大洲/flashpiggy闪电小猪混音/母带：啊鲤（尤靖尧）制作人：关大洲录音室：55tecstudio录音师：张宇涵@55tecstudio出品：燕云十六声————————《燕云十六声》将于开启pc端公测，预下载现已开启！官网： —— 来者何人也|龚琳娜x关大洲，高歌一曲接引燕云游侠儿！__,《 来者 何人 也 | 龚琳娜 X 关大洲 ， 高歌 一 曲 接引 燕云 游侠儿 ！ 》 : 来者 何人 也 ？ 或 无名 一 少年 ， 或 侠者 万 万 千 。 在 对 相逢 的 期待 中 ， 公测 宣传曲 先声 上线 。 听 龚琳娜 化身 江湖 前辈 ， 以 高亢 歌声 接引 新侠 ， 随着 她 如 说书人 般 的 讲述 踏入 这 场 乱世 冒险 。 看 游侠儿 自 火光 中 而 来 ， 以 身 为 剑 ， 斩破 乱世 ， 留下 立于 天地 之间 属于 自己 的 声音 。 演唱 ： 龚琳娜 作词 ： 小 驴 作曲 ： 关大洲 编曲 ： 关大洲 / flashpiggy 闪电 小猪 混音 / 母带 ： 啊鲤 （ 尤靖尧 ） 制作人 ： 关大洲录音室 ： 55tecstudio 录音师 ： 张宇涵 @ 55tecstudio 出品 ： 燕云十六声 ——— — — ——— 《 燕云十六声 》 将 于 开启 pc端 公测 ， 预下载 现 已 开启 ！ 官网 ：,2024-12,来者何人也 | 龚琳娜X关大洲，高歌一曲接引燕云游侠儿！
江湖，人人都想去江湖。江湖二字，承载着一种危险又美丽的东方幻想，又连接着无数游侠儿们的侠义与冒险精神。还有两天，燕云就将与各位游侠正式见面。届时万物皆备于你，且听诸位的江湖新声。【片中诗词】《侠客行》（唐·李白）《水调歌头》（宋·苏轼）《定风波》（宋·苏轼）演唱：崔增才作曲：江逸————————《燕云十六声》将于开启pc端公测，预下载现已开启！官网： —— 预下载开启|《燕云十六声》公测剧情预告pv_剧情,《 预下载 开启 | 《 燕云十六声 》 公测 剧情 预告 PV _ 剧情 》 : 江湖 ， 人人 都 想 去 江湖 。 江湖 二 字 ， 承载 着 一种 危险 又 美丽 的 东方 幻想 ， 又 连接 着 无数 游侠儿 们 的 侠义 与 冒险 精神 。 还有 两天 ， 燕云 就 将 与 各位 游侠 正式 见面 。 届时 万物 皆 备 于 你 ， 且 听 诸位 的 江湖 新声 。 【 片 中 诗词 】 《 侠客行 》 （ 唐 · 李白 ） 《 水调歌头 》 （ 宋 · 苏轼 ） 《 定风波 》 （ 宋 · 苏轼 ） 演唱 ： 崔增才 作曲 ： 江逸 —— — — ———— 《 燕云十六声 》 将 于 开启 pc端 公测 ， 预下载 现 已 开启 ！ 官网 ：,2024-12,预下载开启 | 《燕云十六声》公测剧情预告PV_剧情
无限轮回的江湖血雨，正邪交锋的武侠绝境。蛤蟆功师祖燕云邪神惊觉受困无限流，怒战谭sir，竟意外找到逃脱无限循环的秘密。这一次，燕云携手梁小龙、谭乔、二仙桥大爷，用一招一式重回武侠黄金时代——谁能活到最后？“想学啊你？我教你啊！”————————《燕云十六声》将于正式公测，欢迎前往官网预约： —— 宿命轮回|谭sir惨遭燕云邪神暴打，惊天蛤蟆功破局无限流__,《 宿命 轮回 | 谭 sir 惨遭 燕云 邪神 暴打 ， 惊天 蛤蟆 功 破 局 无限 流 》 : 无限 轮回 的 江湖 血雨 ， 正邪 交锋 的 武侠 绝境 。 蛤蟆 功师 祖燕云 邪神 惊觉 受困 无限 流 ， 怒战 谭 sir ， 竟 意外 找到 逃脱 无限 循环 的 秘密 。 这 一次 ， 燕云 携手 梁小龙 、 谭乔 、 二仙桥 大爷 ， 用 一招一式 重 回 武侠 黄金时代 —— 谁 能 活 到 最后 ？ “ 想 学 啊 你 ？ 我 教 你 啊 ！ ” ———————— 《 燕云十六声 》 将 于 正式 公测 ， 欢迎 前往 官网 预约 ：,2024-12,宿命轮回 | 谭sir惨遭燕云邪神暴打，惊天蛤蟆功破局无限流
歧路峻险，莫溯前尘。燕云十六声描绘了一场关于五代十国的旧梦。此间，你于清河成长，在开封游历，路遇奇境奇人，击败他们，而后直面自己——“你是谁？”“和你一样的……江湖人。”再会，凭栏风起处；来者，燕云十六声！————————《燕云十六声》将于正式公测，欢迎前往官网预约： —— 如见故人|《燕云十六声》2分钟全新预告pv__剧情,《 如 见 故人 | 《 燕云十六声 》 2分钟 全新 预告 PV 剧情 》 : 歧路 峻险 ， 莫 溯 前尘 。 燕云十六声 描绘 了 一 场 关于 五代十国 的 旧梦 。 此间 ， 你 于 清河 成长 ， 在 开封 游历 ， 路遇 奇境 奇人 ， 击败 他们 ， 而后 直面 自己 —— “ 你 是 谁 ？ ” “ 和 你 一样 的 …… 江湖 人 。 ” 再会 ， 凭栏 风 起 处 ； 来者 ， 燕云十六声 ！ —— ——— ——— 《 燕云十六声 》 将 于 正式 公测 ， 欢迎 前往 官网 预约 ：,2024-12,如见故人 | 《燕云十六声》2分钟全新预告PV_剧情
在武侠的世界里，刀剑铮鸣之声是永恒环绕的旋律。“绳镖”作为软兵之王，尤为擅长以柔克刚。燕云十六声携手洪家班武术指导、燕云武学动捕演员宋淑鑫老师，带来武器绳镖的真人演示视频。故事中的游侠凭借个人实力与魅力，常年行走在劝架前线，维护自己心中江湖的和平与秩序。七大武器、数十套武学招式公测上线。侠路相逢，以武会友！这个江湖的道理，游侠说了算。————————《燕云十六声》将于正式公测，欢迎前往官网预约： —— 做人留一线|江湖人的劝架之道，软兵之王绳镖登场,《 做人 留 一 线 | 江湖 人 的 劝架 之 道 ， 软兵 之 王 绳镖 登场 》 : 在 武侠 的 世界 里 ， 刀 剑 铮鸣 之 声 是 永恒 环绕 的 旋律 。 “ 绳镖 ” 作为 软兵 之 王 ， 尤为 擅长 以柔克刚 。 燕云十六声 携手 洪家班 武术 指导 、 燕云 武学 动捕 演员 宋淑鑫 老师 ， 带来 武器 绳镖 的 真人 演示 视频 。 故事 中 的 游侠 凭借 个人 实力 与 魅力 ， 常年 行走 在 劝架 前线 ， 维护 自己 心中 江湖 的 和平 与 秩序 。 七 大 武器 、 数十套 武学 招式 公测 上线 。 侠路相逢 ， 以 武 会 友 ！ 这个 江湖 的 道理 ， 游侠 说了算 。 ———————— 《 燕云十六声 》 将 于 正式 公测 ， 欢迎 前往 官网 预约 ：,2024-12,做人留一线 | 江湖人的劝架之道，软兵之王绳镖登场
执笔画骨，声绘万相。我们联合退役警官、国际模拟画像专家林宇辉。@林宇辉 ，以现代刑侦技术为指导，将犯罪通缉系统变得更真实、更智能、更鲜活。开封府衙温馨提醒您：刑罚无嬉，罪恶莫瞒，安分守己，争当五星好村民。另外，我们还与林宇辉工作室合作，将画像打拐公益项目接力至燕云世界，专属寻亲栏目“盼归”将于公测上线，人间有情，侠义无界。侠者万象，做什么样的侠客，你自己说的算！ —— 他追他逃|燕云专家捕快上岗，做五星好村民_游戏热门视频,《 他 追 他 逃 | 燕云 专家 捕快 上岗 ， 做 五星 好 村民 _ 游戏 热门 视频 》 : 执笔 画 骨 ， 声 绘 万相 。 我们 联合 退役 警官 、 国际 模拟 画像 专家 林宇辉 。 @ 林宇辉 ， 以 现代 刑侦 技术 为 指导 ， 将 犯罪 通缉 系统 变得 更 真实 、 更 智能 、 更 鲜活 。 开封府衙 温馨 提醒 您 ： 刑罚 无嬉 ， 罪恶 莫 瞒 ， 安分守己 ， 争 当 五星 好 村民 。 另外 ， 我们 还 与 林宇辉工作室 合作 ， 将 画像 打拐 公益 项目 接力 至 燕云 世界 ， 专属 寻亲 栏目 “ 盼归 ” 将 于 公测 上线 ， 人间 有情 ， 侠义 无界 。 侠者万象 ， 做 什么样 的 侠客 ， 你 自己 说 的 算 ！,2024-12,他追他逃 | 燕云专家捕快上岗，做五星好村民_游戏热门视频
风吹孔窍而成籁，在燕云十六声，每个人都是一种声场，向天地传达文明之音。82岁高龄的刘崇德教授曾花费二十余年，将散落日本的唐乐古籍带回本土并翻译成谱。我们将其中三首古谱植入游戏中，借由丝竹雅韵玩法，为游侠展示更包罗万象的中式奇观宇宙。盛唐遗风犹在，胡汉交错扰攘；怆而侠者游吟，吾生乾坤筑定。————————《燕云十六声》将于正式公测，欢迎前往官网预约： —— 侠者游吟|《燕云十六声》音乐创作幕后,《 侠者 游吟 | 《 燕云十六声 》 音乐 创作 幕后 》 : 风 吹 孔窍 而 成 籁 ， 在 燕云十六声 ， 每个人 都是 一种 声场 ， 向 天地 传达 文明 之 音 。 82岁 高龄 的 刘崇德 教授 曾 花费 二十余年 ， 将 散落 日本 的 唐乐 古籍 带 回 本土 并 翻译 成 谱 。 我们 将 其中 三首 古谱 植入 游戏 中 ， 借 由 丝竹 雅韵 玩法 ， 为 游侠 展示 更 包罗万象 的 中式 奇观 宇宙 。 盛唐 遗风 犹 在 ， 胡汉 交错扰攘 ； 怆 而 侠者 游吟 ， 吾 生 乾坤 筑 定 。 ——— — ———— 《 燕云十六声 》 将 于 正式 公测 ， 欢迎 前往 官网 预约 ：,2024-12,侠者游吟 |《燕云十六声》音乐创作幕后
“林花谢了春红，太匆匆。”——李煜《相见欢·林花谢了春红》阔别数月，转眼已是年末。在这几个月里，我们尽全力在精进优化，提升品质。即将和大家见面的燕云，将是一个更丰富的武侠开放世界游戏。纵然仍有一些忐忑，但我们已经决定用一个勇敢的开始，踏上这段江湖羁旅。，《燕云十六声》将开启pc端公测。静候游侠，赤诚相见！【片头】《相见欢·林花谢了春红》（南唐·李煜）演唱：王清作曲：江逸。 —— pc端公测|，赤诚相见！_,《 PC 公测 | 12月27日 ， 赤诚 相见 ！ 》 : “ 林花 谢 了 春红 ， 太 匆匆 。 ” —— 李煜 《 相见欢 · 林花 谢 了 春红 》 阔别 数月 ， 转眼 已 是 年末 。 在 这 几个月 里 ， 我们 尽 全力 在 精进 优化 ， 提升 品质 。 即将 和 大家 见面 的 燕云 ， 将 是 一个 更 丰富 的 武侠 开放世界 游戏 。 纵然 仍 有一些 忐忑 ， 但 我们 已经 决定 用 一个 勇敢 的 开始 ， 踏 上 这 段 江湖 羁旅 。 ， 《 燕云十六声 》 将 开启 pc端 公测 。 静候 游侠 ， 赤诚 相见 ！ 【 片头 】 《 相见欢 · 林花 谢 了 春红 》 （ 南唐 · 李煜 ） 演唱 ： 王清 作曲 ： 江逸,2024-12,PC公测|12月27日，赤诚相见！
夷则，也是古律第九声，其声欢愉，在十六声中喻乐舞百戏，万民安乐。为此，我们寻访江西南丰傩神庙，特邀非遗傩戏传承人叶根明老师，为我们请神祈福；视频中的巨型傩面，则是结合了游戏中的boss“河伯”，由当地的非遗傩面传承人罗春明亲手雕刻而成。在傩神加持下，燕云的首次大规模双端互通测试——夷则测试定档！阔别重逢，当浮一大白，欢迎预约夷则测试。。 —— 夷则测试|神明降旨，可以试试！_游戏热门视频,《 夷则 测试 | 神明 降旨 ， 可以 试试 ！ _ 游戏 热门 视频 》 : 夷则 ， 也是 古律 第九声 ， 其 声 欢愉 ， 在 十六声 中 喻 乐舞 百戏 ， 万民 安乐 。 为此 ， 我们 寻访 江西 南丰傩神庙 ， 特邀 非遗 傩戏 传承人 叶根明 老师 ， 为 我们 请 神 祈福 ； 视频 中 的 巨型 傩面 ， 则 是 结合 了 游戏 中 的 boss “ 河伯 ” ， 由 当地 的 非遗 傩面 传承人 罗春明 亲手 雕刻 而 成 。 在 傩神 加持 下 ， 燕云 的 首次 大规模 双端 互通 测试 —— 夷则 测试 定档 ！ 阔别 重逢 ， 当 浮 一 大白 ， 欢迎 预约 夷则 测试 。,2024-08,夷则测试|神明降旨，可以试试！_游戏热门视频
武侠，有时是狭路相逢，必有一战；有时是恩怨爱恨，在刀光剑影中流露；更是在经典的传统民俗中，不断挖掘出新的生命力。今年的playstation全球发布会上，我们选择用燕云游戏里最新的boss和战斗集锦，向大家呈现最具有中式文化意蕴的冒险奇遇，也是我们对于东方武侠的诠释。我们希望可以通过燕云，向世界传达真正的“中国武侠故事”。《燕云十六声》现已确定登陆ps5，全平台适配正在研发中，敬请期待！仲吕测试将于今日开启，公测定档，欢迎前往官网报名。。 —— 武侠开放世界游戏《燕云十六声》xplaystation登陆预告_游戏热门视频,《 武侠 开放世界 游戏 《 燕云十六声 》 x PlayStation 登陆 预告 _ 游戏 热门 视频 》 : 武侠 ， 有时 是 狭路相逢 ， 必 有 一 战 ； 有时 是 恩怨爱恨 ， 在 刀光剑影 中 流露 ； 更 是 在 经典 的 传统 民俗 中 ， 不断 挖掘 出 新 的 生命力 。 今年 的 playstation 全球 发布会 上 ， 我们 选择 用 燕云 游戏 里 最新 的 boss 和 战斗 集锦 ， 向 大家 呈现 最 具有 中式 文化 意蕴 的 冒险 奇遇 ， 也是 我们 对于 东方 武侠 的 诠释 。 我们 希望 可以 通过 燕云 ， 向 世界 传达 真正 的 “ 中国 武侠 故事 ” 。 《 燕云十六声 》 现 已 确定 登陆 ps5 ， 全 平台 适配 正在 研发 中 ， 敬请 期待 ！ 仲吕 测试 将 于 今日 开启 ， 公测 定档 ， 欢迎 前往 官网 报名 。,2024-05,武侠开放世界游戏《燕云十六声》x PlayStation登陆预告_游戏热门视频
燕云全新武器——伞，即将在仲吕测试上线！这把武器的全部武学招式动作，都由华语电影顶级武术导演董玮亲自设计，现场指导动捕制作而完成。董老师武术科班出身，自17岁始参加动作设计工作，参与过多部经典电影的演出和动作指导，堪称是“行走的动作电影教科书”，曾多次获得香港金像奖及台湾金马奖最佳动作指导奖项，在中国动作电影史上具有至高的权威地位。未来，我们也将继续向董老师深入学习动作武学的奥妙，不断提升游戏的动作质感，给大家带来顶级的武侠体验。《燕云十六声》仲吕测试将于开启，公测定档，欢迎前往官网预约。。 —— 燕云幕后揭秘！顶级武术指导的现场竟是这样的,《 燕云 幕后 揭秘 ！ 顶级 武术 指导 的 现场 竟是 这样 的 》 : 燕云 全新 武器 —— 伞 ， 即将 在 仲吕 测试 上线 ！ 这 把 武器 的 全部 武学 招式 动作 ， 都 由 华语 电影 顶级 武术 导演 董玮 亲自 设计 ， 现场 指导 动捕 制作 而 完成 。 董 老师 武术 科班出身 ， 自 17岁 始 参加 动作 设计 工作 ， 参与 过 多 部 经典 电影 的 演出 和 动作 指导 ， 堪称 是 “ 行走 的 动作 电影 教科书 ” ， 曾 多次 获得 香港 金像奖 及 台湾 金马奖 最佳 动作 指导 奖项 ， 在 中国 动作 电影史 上 具有 至 高 的 权威 地位 。 未来 ， 我们 也 将 继续 向 董 老师 深入 学习 动作 武学 的 奥妙 ， 不断 提升 游戏 的 动作 质感 ， 给 大家 带来 顶级 的 武侠 体验 。 《 燕云十六声 》 仲吕 测试 将 于 开启 ， 公测 定档 ， 欢迎 前往 官网 预约 。,2024-05,燕云幕后揭秘！顶级武术指导的现场竟是这样的
“清列阵北岸，严戒部曲，日暮酣战不息……与其下殁焉，时年五十三。”——《旧五代史·王清传》王清，五代十国后晋名将，曾率兵北伐契丹，最终身死异乡。史书上短短的几句，已是他们波澜壮阔的一生。在遥远的五代十国与宋初交接时期，无数人在黑暗与坎坷中探索，无数的思想流派，在混乱中碰撞成长，王清的故事，也只是时代挣扎中的一声叹息。但他确来过、战过、牺牲过。我们的故事，将从那场由王清率领的、注定失败的战役说起。盛世的前夕，人们曾做出过怎样的努力？又曾发出怎样的声音？让我们一起前往燕云探寻。《燕云十六声》仲吕测试现已定档，欢迎前往官网报名。。 —— 仲吕测试|将军百战，十年一剑,《 仲吕 测试 | 将军 百 战 ， 十年 一 剑 》 : “ 王清 列阵 北岸 ， 严 戒 部曲 ， 日暮 酣战 不息 …… 与 其 下 殁 焉 ， 时年 五十三 。 ” —— 《 旧五代 史 · 王清 传 》 王清 ， 五代十国 后晋 名将 ， 曾 率兵 北伐 契丹 ， 最终 身死 异乡 。 史书 上 短短 的 几句 ， 已 是 他们 波澜壮阔 的 一生 。 在 遥远 的 五代十国 与 宋初 交接 时期 ， 无数 人 在 黑暗 与 坎坷 中 探索 ， 无数 的 思想 流派 ， 在 混乱 中 碰撞 成长 ， 王清 的 故事 ， 也 只是 时代 挣扎 中 的 一 声 叹息 。 但 他 确 来 过 、 战 过 、 牺牲 过 。 我们 的 故事 ， 将 从 那 场 由 王清 率领 的 、 注定 失败 的 战役 说 起 。 盛世 的 前夕 ， 人们 曾 做出 过 怎样 的 努力 ？ 又 曾 发出 怎样 的 声音 ？ 让 我们 一起 前往 燕云 探寻 。 《 燕云十六声 》 仲吕 测试 现 已 定档 ， 欢迎 前往 官网 报名 。,2024-05,仲吕测试| 将军百战，十年一剑
在上一条视频中，我们已经领略过燕云女角色和醉花阴门派的风姿。之所以能有如此优美的呈现，要感谢资深的舞蹈大师——田湉老师。@编舞田湉。田湉老师是北京舞蹈学院副教授，也是2022年冬奥会分会场导演，曾创作和编导过多个国家级的舞台节目。对于此次合作的舞蹈中，田老师也付出了十分的用心。未来，我们也将循着大师的指导，在艺术的道路上不断努力，不断进步，给大家带来更好的燕云武侠！ —— 仲吕测试|燕子，你这么折腾，是要上天呐！__,《 仲吕 测试 | 燕子 ， 你 这么 折腾 ， 是 要 上天 呐 ！ 》 : 在 上 一 条 视频 中 ， 我们 已经 领略 过 燕云 女 角色 和 醉花阴 门派 的 风姿 。 之所以 能 有 如此 优美 的 呈现 ， 要 感谢 资深 的 舞蹈 大师 —— 田湉 老师 。 @ 编舞 田湉 。 田湉 老师 是 北京舞蹈学院 副教授 ， 也是 2022年 冬奥会 分 会场 导演 ， 曾 创作 和 编导 过 多个 国家级 的 舞台 节目 。 对于 此次 合作 的 舞蹈 中 ， 田恬 也 付出 了 十分 的 用心 。 未来 ， 我们 也 将 循 着 大师 的 指导 ， 在 艺术 的 道路 上 不断 努力 ， 不断 进步 ， 给 大家 带来 更 好 的 燕云 武侠 ！,2024-05,仲吕测试 | 燕子，你这么折腾，是要上天呐！
欲知春与夏，仲吕启朱明。仲吕，是十六声中的第六声，其声绮丽，如夏夜月圆，玉池莲满，亦可指代孟夏时节。在燕云世界中，仲吕也代表了华夏文明中的笔墨丹青。再逢燕云，已是孟夏，让我们跟随一曲《春江花月夜》，敬启这页全新的燕云画卷：全新的女主控角色及新门派醉花阴华丽登场。《燕云十六声》仲吕测试现已定档，官网招募进行中，欢迎报名。————————音乐：《春江花月夜》作词：张若虚（唐）、everstone编舞：田湉声音设计：kusa作编曲：yida演唱：杨雪民乐统筹：陆超徽笛箫：单一帆混音：裘梦柯、kusa。 —— 仲吕测试|再逢燕云，花阴堪醉,《 仲吕 测试 | 再 逢 燕云 ， 花阴 堪 醉 》 : 欲 知 春 与 夏 ， 仲吕 启 朱明 。 仲吕 ， 是 十六声 中 的 第六声 ， 其 声 绮丽 ， 如 夏夜 月 圆 ， 玉池莲 满 ， 亦 可 指代 孟夏 时节 。 在 燕云 世界 中 ， 仲吕 也 代表 了 华夏 文明 中 的 笔墨 丹青 。 再 逢 燕云 ， 已 是 孟夏 ， 让 我们 跟随 一 曲 《 春江花月夜 》 ， 敬启 这 页 全新 的 燕云 画卷 ： 全新 的 女 主控 角色 及 新 门派 醉花阴 华丽 登场 。 《 燕云十六声 》 仲吕 测试 现 已 定档 ， 官网 招募 进行 中 ， 欢迎 报名 。 —— — — — ——— 音乐 ： 《 春江 花 月夜 》 作词 ： 张若虚 （ 唐 ） 、 everstone 编舞 ： 田湉 声音 设计 ： kusa 作 编曲 ： yida 演唱 ： 杨雪 民乐 统筹 ： 陆超 徽 笛箫 ： 单一帆 混音 ： 裘梦柯 、 kusa,2024-05,仲吕测试|再逢燕云，花阴堪醉
大年将至，十六和全体工作人员恭祝大家：新春快乐！在这辞旧迎新之际，我们还想和大家做一个约定，一个不会鸽的约定：2024年，燕云必上线！十六保证，没有一只鸽子可以活着离开燕云。官网预约：yysls.cn。 —— 新春贺岁｜没有一只鸽子可以活着离开_游戏热门视频,《 新春 贺岁 ｜ 没有 一 只 鸽子 可以 活着 离开 _ 游戏 热门 视频 》 : 大年 将 至 ， 十六 和 全体 工作人员 恭祝 大家 ： 新春 快乐 ！ 在 这 辞旧迎新 之际 ， 我们 还 想 和 大家 做 一个 约定 ， 一个 不会 鸽 的 约定 ： 2024年 ， 燕云 必 上线 ！ 十六 保证 ， 没有 一 只 鸽子 可以 活 着 离开 燕云 。 官网 预约 ： yysls.cn,2024-02,新春贺岁｜没有一只鸽子可以活着离开_游戏热门视频
《燕云十六声》黄钟测试已于今日开启，在本次直播中，由制作组成员为大家前瞻演示并讲解，包含全新场景、解谜关卡及战斗等多方面内容。感谢各位的关注，燕云将会继续努力，为大家展现更精彩的武侠开放世界。。 —— 直播回放|《燕云十六声》黄钟测试实机演示-p1_,《 直播 回放 | 《 燕云十六声 》 黄钟 测试 实机 演示 - p1 _ 》 : 《 燕云十六声 》 黄钟 测试 已 于 今日 开启 ， 在 本 次 直播 中 ， 由 制作组 成员 为 大家 前瞻 演示 并 讲解 ， 包含 全新 场景 、 解谜 关卡 及 战斗 等 多方面 内容 。 感谢 各位 的 关注 ， 燕云 将 会 继续 努力 ， 为 大家 展现 更 精彩 的 武侠 开放世界 。,2023-12,直播回放 |《燕云十六声》黄钟测试实机演示-p1
黄钟，是传统十二律之一，起源于古代打击钟乐，其声最为宏大响亮，也对应了仲冬之月。在燕云世界里，黄钟也是十六声中的第一声，其声雄浑，可震山川，地蕴万灵，代表了华夏文明中的山川地理，也是万物之始。时值仲冬，燕云来了。《燕云十六声》黄钟测试将于开启，官网现已开启招募，欢迎报名。音乐：《乞怜之声》词作：聂夷中(唐）《伤田家》、everstone演唱：陈宇、杨雪、邵语甜、环世音莱合唱团、国际首席爱乐合唱团。 —— 黄钟测试开启|《燕云十六声》5分钟实机pv_,《 黄钟 测试 开启 | 《 燕云十六声 》 5分钟 实机 PV _ 》 : 黄钟 ， 是 传统 十二 律 之一 ， 起源 于 古代 打击 钟乐 ， 其 声 最为 宏大 响亮 ， 也 对应 了 仲冬 之 月 。 在 燕云 世界 里 ， 黄钟 也是 十六声 中 的 第一声 ， 其 声 雄浑 ， 可 震 山川 ， 地 蕴 万灵 ， 代表 了 华夏 文明 中 的 山川 地理 ， 也是 万物 之 始 。 时值 仲冬 ， 燕云 来 了 。 《 燕云十六声 》 黄钟 测试 将 于 开启 ， 官网 现 已 开启 招募 ， 欢迎 报名 。 音乐 ： 《 乞怜 之 声 》 词 作 ： 聂夷 中 ( 唐 ） 《 伤 田 家 》 、 everstone 演唱 ： 陈宇 、 杨雪 、 邵语甜 、 环世音莱合唱团 、 国际 首席 爱乐 合唱团,2023-12,黄钟测试开启|《燕云十六声》5分钟实机PV
这是早些时候参加过我们城市试玩会的元老玩家语录，当时想着多记录一些真实的玩家反馈，用以提醒我们不断努力。自蕤宾测试取得了超乎预期的优异成绩之后，如今回过头再看，每一位元老玩家的反馈都意义非凡！这也是我们推进【寻音计划】的初衷，希望通过大量的测试和玩家调研，用以提升游戏体验，我们也开放了多种共研形式，诚邀每一位关注燕云的朋友报名参与，与我们共赴理想中的燕云世界！寻音计划报名传送门： —— 元老语录公开！第一次玩到燕云的时候，他们说……__,《 元老 语录 公开 ！ 第一次 玩到 燕云 的 时候 ， 他们 说 … … 》 : 这是 早些 时候 参加 过 我们 城市 试玩会 的 元老 玩家 语录 ， 当时 想 着 多 记录 一些 真实 的 玩家 反馈 ， 用以 提醒 我们 不断 努力 。 自 蕤宾 测试 取得 了 超乎 预期 的 优异 成绩 之后 ， 如今 回 过 头 再 看 ， 每 一 位 元老 玩家 的 反馈 都 意义 非凡 ！ 这 也是 我们 推进 【 寻音 计划 】 的 初衷 ， 希望 通过 大量 的 测试 和 玩家 调研 ， 用以 提升 游戏 体验 ， 我们 也 开放 了 多种 共研 形式 ， 诚 邀 每 一 位 关注 燕云 的 朋友 报名 参与 ， 与 我们 共 赴 理想 中 的 燕云 世界 ！ 寻音 计划 报名 传送门 ：,2023-08,元老语录公开！第一次玩到燕云的时候，他们说……
由everstone自研的国产开放世界破阵之作《燕云十六声》，于德国科隆展公布5分钟实机演示视频。本作将于全平台发行，【官网yysls.cn】现已开放首测登记。一首《虞美人》，千古词帝李煜没有盼来故国与爱人，等来的只有一杯牵机酒。自唐末流火遍地，到兵戈扰攘的五代十国，直至宋初战火初熄。旧的英雄，已随烽烟与传说远去；新的侠客，面对浩瀚江湖，又将去向何处？天地为炉，以身化剑，斩破乱世，仗剑而行！【片头】《虞美人》（南唐·李煜）淮剧演唱：江小颖【片尾】《六州歌头.少年侠气》x《侠客行》（宋·贺铸、唐·李白）京剧念白：张加杨演唱：虞雨舟。 —— 燕云十六声！国产开放世界新游科隆展5分钟实机首曝_,《 燕云十六声 ！ 国产 开放世界 新 游 科隆 展 5分钟 实机 首曝 _ 》 : 由 everstone 自研 的 国产 开放世界 破阵 之 作 《 燕云十六声 》 ， 于 德国 科隆展 公布 5分钟 实机 演示 视频 。 本作 将 于 全 平台 发行 ， 【 官网 yysls.cn 】 现 已 开放 首测 登记 。 一 首 《 虞美人 》 ， 千古 词帝 李煜 没有 盼 来 故国 与 爱人 ， 等 来 的 只有 一 杯 牵机酒 。 自 唐末 流火 遍地 ， 到 兵戈 扰攘 的 五代 十 国 ， 直至 宋初 战火 初 熄 。 旧 的 英雄 ， 已 随 烽烟 与 传说 远 去 ； 新 的 侠客 ， 面对 浩瀚 江湖 ， 又 将 去向 何处 ？ 天地 为 炉 ， 以身化剑 ， 斩破 乱世 ， 仗 剑 而 行 ！ 【 片头 】 《 虞美人 》 （ 南唐 · 李煜 ） 淮剧 演唱 ： 江小颖 【 片尾 】 《 六州歌头 . 少年 侠气 》 x 《 侠客行 》 （ 宋 · 贺铸 、 唐 · 李白 ） 京剧 念白 ： 张加杨 演唱 ： 虞雨舟,2022-08,燕云十六声！国产开放世界新游科隆展5分钟实机首曝
['自公测开服至今，十六巷在持续监测使用第三方辅助软件的行为，除加大对举报投诉对象审查外，也在技术上采取各项措施不断完善游戏内的异常行为校验功能，核实为违规的账号将进行严厉打击，以维护江湖的公平公正。除定期于官网公示的封禁名单之外，近期在打击外挂方面我们也取得了重要进展：根据线索，2025年，网易法务联合公安成功破获一起针对《燕云十六声》的外挂案件，公安在湖南成功抓获外挂作者1人。经查，2025年，秦某编写了一款专门针对《燕云十六声》的外挂程序，并通过qq群对外售卖。经测试，该外挂程序具备加速、减伤、秒杀等功能。截到案发，该嫌疑人非法获利数万元。目前秦某已被公安机关采取强制措施。我们一直致力于为玩家提供精彩的游戏，保证公平的游戏秩序，保障玩家的游戏资产安全。在不断完善游戏品质的同时，我们也衷心希望广大玩家同我们一起，共同维护一个公平和谐的游戏环境。各位游侠如在游戏内遇到不良行为，也欢迎通过游戏内的举报功能向我们反馈，我们会认真进行处理。感谢各位游侠的支持。']。 —— 燕云十六声打击外挂进展公告-,《 燕云十六声 打击 外挂 进展 公告 》 : [ ' 自 公测 开服 至今 ， 十六巷 在 持续 监测 使用 第三方 辅助 软件 的 行为 ， 除 加大 对 举报 投诉 对象 审查 外 ， 也 在 技术 上 采取 各项 措施 不断 完善 游戏 内 的 异常 行为 校验 功能 ， 核实 为 违规 的 账号 将 进行 严厉 打击 ， 以 维护 江湖 的 公平 公正 。 除 定期 于 官网 公示 的 封禁 名单 之外 ， 近期 在 打击 外挂 方面 我们 也 取得 了 重要 进展 ： 根据 线索 ， 2025年 ， 网易法务 联合 公安 成功 破获 一 起 针对 《 燕云十六声 》 的 外挂 案件 ， 公安 在 湖南 成功 抓获 外挂 作者 1 人 。 经 查 ， 2025年 ， 秦某 编写 了 一 款 专门 针对 《 燕云十六声 》 的 外挂 程序 ， 并 通过 qq 群 对外 售卖 。 经 测试 ， 该 外挂 程序 具备 加速 、 减伤 、 秒杀 等 功能 。 截到 案发 ， 该 嫌疑人 非法 获利 数万元 。 目前 秦某 已 被 公安 机关 采取 强制 措施 。 我们 一直 致力于 为 玩家 提供 精彩 的 游戏 ， 保证 公平 的 游戏 秩序 ， 保障 玩家 的 游戏 资产 安全 。 在 不断 完善 游戏 品质 的 同时 ， 我们 也 衷心 希望 广大 玩家 同 我们 一起 ， 共同 维护 一个 公平 和谐 的 游戏 环境 。 各位 游侠 如 在 游戏 内 遇到 不良 行为 ， 也 欢迎 通过 游戏 内 的 举报 功能 向 我们 反馈 ， 我们 会 认真 进行 处理 。 感谢 各位 游侠 的 支持 。 ' ],2025-11,燕云十六声打击外挂进展公告
"['江湖皆知画师@666k信譞妙笔生花，在他笔下水仿佛拥有性格和灵魂，却鲜有人知他也是一位百业社主，一位沉浸于在燕云里奔走、探索、打抱不平的游侠。谷涧清流、高山瀑布，水永远不会停止流动，就像江湖永远都有新的故事。燕云十六声x赋神限时联动即将开启，首款外观【锦鲤玉扇】将于明日上线。在此，我们也带来了本次合作的幕后短片，带大家进一步了解这位游侠的故事。燕云×赋神|跃入江湖，与信譞老师共绘锦鲤玉扇！71.7万观看184弹幕不过，若论巧手，不得不提起墨山道。墨城近日热闹异常，处处被此起彼伏的锯木声笼罩，弟子们全都闭门不出，不知道在制作些什么，只偶尔能听到一声大喊“成了！这次定让导师刮目相看！”。原是不见山办起了一场机巧艺术大赛「聪艺大观」，更由德高望重的倪萍老师作为墨门特邀导师。听说如果作品受到导师认可，还有机会被长老们选为弟子，直通内门！虽说倪萍老师评语以犀利著称，总能三言两语间破了人的防，让不少师兄师姐哭着回家。其实仔细一看便知，老师就是爱说点实话，只要想法新颖，就算作品没那么完善也会通过。机会难得，游侠好歹也是参与制作“飞鸡”之人，前往一试，又有何妨？若成功参赛，还能获得墨门秘传「墨构」奇术。有此奇术加持，机关木作如搭积木般简单顺手。墨构模式下，游侠可进行自由镜头模式操作。选择快捷栏或组件背包中的组件，通过移动镜头准心来改变组件位置摆放。最后加之方圆杆，便可激活墨构组件。在使用过程中，墨构组件会消耗耐久度，暂停运行一段时间后，耐久会逐渐恢复。安装的天枢纽越多，墨构组件耐久度也就越大。*预研中画面，请以游戏内实际效果为准「墨构」集百工之长，包含各类组件制作之法，其中天枢纽、方圆杆则是不可或缺的核心部件。传闻天枢纽是为天外玄铁所铸，置机巧之中，可运千钧。方圆杆则能通过连杆相接控制方向，亦可控制天枢纽动力始停。有此二物，便可度量天下。此外，还有不少拥有特殊效果的部件，待游侠慢慢探索。当游侠熟练掌握，可将各类零散机巧组成精妙造物，无论赶路运货，还是单纯图个乐子，只要游侠能想到，说不定都能拼出来！有的游侠几块木板插上旋桨就敢飞，想必如此翻越峻岭险山不仅更加快捷，也更安全妥当……呃，或许吧。*预研中画面，请以游戏内实际效果为准取组件若干榫卯相契，扎成一浮筏，再悬上几架风格，由天枢纽驱动叶片旋起，便可成一无需借风前行的浮舟。*预研中画面，请以游戏内实际效果为准（浮力系统需游侠更新至最新游戏包体后体验）而取车轮几组，置板其上，连杆相接，便成一架行车。车轴处暗藏天枢纽，以方圆杆掌控，可在崎岖山路节省脚力。*预研中画面，请以游戏内实际效果为准将神奇构想变为现实，却苦于体积无法携带？墨构亦配备有工图功能，游侠可随时保存。使用工图即可一键生成所作机关的图纸，存入图纸库中，亦可于万相集与其他游侠共享创意。需要时调用工图，即可迅速组装，简单方便。*预研中画面，请以游戏内实际效果为准我们也将出自冯大哥之手的“飞鸡”，以及几样实用的工具留在了图纸库中，供游侠取用。*预研中画面，请以游戏内实际效果为准本届「聪艺大观」预计于明日启幕，届时游侠可到墨城的天工阁看看，习得这「墨构」之术，做出你的惊世之作。倪萍老师的更多合作内容也将在后续到来，敬请游侠期待！除此前预告的全新套装、武器外观以外，本周还有「自在无碍」奇术特效即将上架。「自在无碍」奇术特效【金乌坠火】金乌者，日之精也。阳炎起于天地之始，此身归于明晦之间。全新「自在无碍」奇术特效外观【金乌坠火】将于（本周五）上架，届时游侠可前往「闻音商店」以限时优惠价2个【音玉】兑换获得。温馨提示，此优惠价将于日结束，届时将恢复原价3个【音玉】。更多本周更新内容详情，还请游侠查阅下方公告——']。 —— 「聪艺大观」开赛，亲手打造""墨构""机巧-","《 「 聪艺大观 」 开赛 ， 亲手 打造 "" 墨 构 "" 机巧 》 : [ ' 江湖 皆 知 画师 @ 666k 信 譞 妙笔生花 ， 在 他 笔下 水 仿佛 拥有 性格 和 灵魂 ， 却 鲜有 人 知 他 也是 一 位 百业 社主 ， 一 位 沉浸 于 在 燕云 里 奔走 、 探索 、 打抱不平 的 游侠 。 谷涧 清流 、 高山 瀑布 ， 水 永远 不会 停止 流动 ， 就 像 江湖 永远 都 有 新 的 故事 。 燕云十六声 x 赋神 限时 联动 即将 开启 ， 首款 外观 【 锦鲤玉扇 】 将 于 明日 上线 。 在此 ， 我们 也 带来 了 本 次 合作 的 幕后 短片 ， 带 大家 进一步 了解 这 位 游侠 的 故事 。 燕云 × 赋神 | 跃入 江湖 ， 与 信譞 老师 共 绘 锦鲤玉扇 ！ 71.7万 观看 184 弹幕 不过 ， 若 论 巧手 ， 不得不 提起 墨山道 。 墨城 近日 热闹 异常 ， 处处 被 此起彼伏 的 锯木声 笼罩 ， 弟子 们 全都 闭门 不 出 ， 不 知道 在 制作 些 什么 ， 只 偶尔 能 听到 一 声 大 喊 “ 成 了 ！ 这次 定 让 导师 刮目相看 ！ ” 。 原 是 不见山 办 起 了 一 场 机巧 艺术 大赛 「 聪艺大观 」 ， 更 由 德高望重 的 倪萍 老师 作为 墨门 特邀 导师 。 听说 如果 作品 受到 导师 认可 ， 还有 机会 被 长老 们 选 为 弟子 ， 直通 内门 ！ 虽说 倪萍 老师 评语 以 犀利 著称 ， 总能 三言两语 间 破 了 人 的 防 ， 让 不少 师兄 师姐 哭 着 回家 。 其实 仔细 一 看 便 知 ， 老师 就是 爱 说 点 实话 ， 只要 想法 新颖 ， 就算 作品 没 那么 完善 也 会 通过 。 机会 难得 ， 游侠 好歹 也是 参与 制作 “ 飞鸡 ” 之 人 ， 前往 一 试 ， 又 有 何妨 ？ 若 成功 参赛 ， 还 能 获得 墨门 秘传 「 墨构 」 奇术 。 有 此 奇术 加持 ， 机关 木作 如 搭 积木 般 简单 顺手 。 墨构 模式 下 ， 游侠 可 进行 自由 镜头 模式 操作 。 选择 快捷栏 或 组件 背包 中 的 组件 ， 通过 移动 镜头 准心 来 改变 组件 位置 摆放 。 最后 加之 方圆杆 ， 便 可 激活 墨构 组件 。 在 使用 过程 中 ， 墨构 组件 会 消耗 耐久度 ， 暂停 运行 一段 时间 后 ， 耐久 会 逐渐 恢复 。 安装 的 天枢纽 越 多 ， 墨构 组件 耐久度 也 就 越 大 。 * 预研 中 画面 ， 请 以 游戏 内 实际 效果 为 准 「 墨构 」 集 百 工 之 长 ， 包含 各类 组件 制作 之 法 ， 其中 天枢纽 、 方圆杆 则 是 不可或缺 的 核心 部件 。 传闻 天枢纽 是 为 天外 玄铁 所 铸 ， 置 机巧 之中 ， 可 运 千钧 。 方圆杆 则 能 通过 连杆 相接 控制 方向 ， 亦 可 控制 天枢纽 动力 始 停 。 有 此 二 物 ， 便 可 度量 天下 。 此外 ， 还有 不少 拥有 特殊 效果 的 部件 ， 待 游侠 慢慢 探索 。 当 游侠 熟练 掌握 ， 可 将 各类 零散 机巧 组成 精妙 造物 ， 无论 赶路 运货 ， 还是 单纯 图 个 乐子 ， 只要 游侠 能 想到 ， 说不定 都 能 拼 出来 ！ 有的 游侠 几块 木板 插 上 旋桨 就 敢 飞 ， 想必 如此 翻越 峻岭 险山 不仅 更加 快捷 ， 也 更 安全 妥当 …… 呃 ， 或许 吧 。 * 预研 中 画面 ， 请 以 游戏 内 实际 效果 为 准取 组件 若干 榫卯 相契 ， 扎 成 一 浮筏 ， 再 悬 上 几架 风格 ， 由 天枢纽 驱动 叶片 旋 起 ， 便 可 成 一 无需 借 风 前行 的 浮舟 。 * 预研 中 画面 ， 请 以 游戏 内 实际 效果 为 准 （ 浮力 系统 需 游侠 更新 至 最新 游戏 包体 后 体验 ） 而 取 车轮 几组 ， 置板 其 上 ， 连杆 相接 ， 便 成 一 架 行车 。 车轴 处 暗藏 天 枢纽 ， 以 方圆杆 掌控 ， 可 在 崎岖 山路 节省 脚力 。 * 预研 中 画面 ， 请 以 游戏 内 实际 效果 为准 将 神奇 构想 变为 现实 ， 却 苦于 体积 无法 携带 ？ 墨构 亦 配备 有 工图 功能 ， 游侠 可 随时 保存 。 使用 工图 即可 一 键 生成 所 作 机关 的 图纸 ， 存入 图纸库 中 ， 亦 可 于 万相集 与 其他 游侠 共享 创意 。 需要 时 调用 工图 ， 即可 迅速 组装 ， 简单 方便 。 * 预研 中 画面 ， 请 以 游戏 内 实际 效果 为准 我们 也 将 出自 冯 大哥 之 手 的 “ 飞鸡 ” ， 以及 几样 实用 的 工具 留 在 了 图纸库 中 ， 供 游侠 取用 。 * 预研 中 画面 ， 请 以 游戏 内 实际 效果 为 准 本届 「 聪艺大观 」 预计 于 明日 启幕 ， 届时 游侠 可 到 墨城 的 天工阁 看看 ， 习 得 这 「 墨构 」 之 术 ， 做出 你 的 惊世 之 作 。 倪萍 老师 的 更 多 合作 内容 也 将 在 后续 到来 ， 敬请 游侠 期待 ！ 除 此前 预告 的 全新 套装 、 武器 外观 以外 ， 本周 还有 「 自在无碍 」 奇术 特效 即将 上架 。 「 自在无碍 」 奇术 特效 【 金乌坠火 】 金乌者 ， 日 之 精 也 。 阳炎 起 于 天地 之 始 ， 此身 归于 明晦 之间 。 全新 「 自在无碍 」 奇术 特效 外观 【 金乌坠火 】 将 于 （ 本周五 ） 上架 ， 届时 游侠 可 前往 「 闻音商店 」 以 限时 优惠价 2个 【 音玉 】 兑换 获得 。 温馨 提示 ， 此 优惠价 将 于 日 结束 ， 届时 将 恢复 原价 3个 【 音玉 】 。 更 多 本周 更新 内容 详情 ， 还 请 游侠 查阅 下方 公告 — — ' ]",2025-11,"「聪艺大观」开赛， 亲手打造""墨构""机巧"
['在我国文化中，水是最美好的意象之一。老子说“上善若水”，孔子说水“启子比德”、“是以君子见大水必观焉”，就连近代的武者，也将“像水一样”作为生命与处世的哲学。如今又有巧手妙笔，将水之美凝聚成灵，汇入江湖。我们与知名插画师@666k信譞合作，开启燕云十六声x赋神限时联动。赋神系列武器外观将涵盖从上线至今包括手甲在内的全部武器，其中首期将在本周上架——全新武器外观·扇【锦鲤玉扇】*预研中画面，请以游戏内实际效果为准在天与海的尽头，鱼游向青空，鸟跃入沧海。锦鳞漫曳成绛红的桥，牵起流云万壑，于是水天勾连，心通万物。天何所沓，十二焉分？日月安属，列星安陈？歌去。水无色无味，又至清至澈。为了呈现其灵动之美，我们为其专门定制了一套基于屏幕空间采样与物理折射的水效果系统。通过准确的复杂折射计算以及实时的深度感知采样技术，渲染出极具真实感的半透明水体质感。波光粼粼，锦鲤游跃，挥动之时，还有水滴洒出。扇骨开合间，是名副其实的一汪流动清泉。*预研中画面，请以游戏内实际效果为准燕云十六声x赋神联动首期武器外观【锦鲤玉扇】即将于日~日限时上架，游侠可前往【闻音商店】以限时折扣价2个【音玉】购得。此外，分享武器外观还可免费领取联动限定题跋和【长鸣玉】*100！赋神系列武器外观将涵盖从上线至今包括手甲在内的全部武器，其他武器外观将陆续上架，具体上架时间敬请留意游戏公告。除了【锦鲤玉扇】以外，本周还有全新套装、双刀武器外观等同步上新。另有「自在无碍」奇术特效将上架【闻音商店】，我们将在后续为游侠带来更多详情。全新套装【剑羽雕翎】*预研中画面，请以游戏内实际效果为准朔风漫卷，有人正独立于草丘之上，挽弓如月、箭指飞雕。这位年轻游侠的衣袍沾染着草原的雨露，也拂动过戈壁的尘沙。游侠犹喜羽毛，身披隼毛大氅，腰坠黄褐羽饰，胸口、袖口、下摆也精心绣着各色翎羽。整个人就如同一只轻盈的鹰隼，在长生天之下自由翱翔，在牧人歌谣与江湖夜话里，被风久久传唱——谁道年少无胆气？云海里，射苍鸿。回看雕翎飞没处，千嶂雪，正峥嵘。全新套装【剑羽雕翎】将于（本周五）上架并支持染色，届时游侠可前往【商店】以1280【长鸣珠】购得，并附赠主角头像。套装包含可拆分：面饰、耳饰、配饰。全新武器外观·双刀【万籁·斩阴阳】*预研中画面，请以游戏内实际效果为准【万籁】系列武器外观上架新品。一撇一捺，苍劲有力，诠释阴阳太极之声。阴阳化影，聚而成金，暗涌漫流。夫天地者，万籁之声也。万物可铸为兵甲，兵甲中复现万物之形，凝万象之声为光。物有消弭之期，而道存永恒之常。阴阳者，一其性，而万物遇之，自有荣枯。本周更新后前往【商店】，即可以1280【长鸣珠】购得全新武器外观·双刀【万籁·斩阴阳】。此外，【万籁】系列其他武器外观也已进入设计、制作等不同阶段，不久后将陆续与各位游侠见面。我们将匠心打磨每一把武器的细节，真诚祝愿每位游侠都能与心仪神兵闯荡江湖。']。 —— 赋燕有灵，御水有神|系列首款联动外观【锦鲤玉扇】上架！-,《 赋 燕 有 灵 ， 御水 有神 | 系列 首款 联动 外观 【 锦鲤玉扇 】 上架 ！ 》 : [ ' 在 我国 文化 中 ， 水 是 最 美好 的 意象 之一 。 老子 说 “ 上善若水 ” ， 孔子 说 水 “ 启子 比德 ” 、 “ 是 以 君子 见 大水 必 观 焉 ” ， 就 连 近代 的 武者 ， 也 将 “ 像 水 一样 ” 作为 生命 与 处世 的 哲学 。 如今 又 有 巧手妙笔 ， 将 水 之 美 凝聚 成 灵 ， 汇 入 江湖 。 我们 与 知名 插画师 @666k 信譞 合作 ， 开启 燕云十六声 x 赋神 限时 联动 。 赋 神 系列 武器 外观 将 涵盖 从 上线 至今 包括 手甲 在内 的 全部 武器 ， 其中 首期 将 在 本周 上架 —— 全新 武器 外观 · 扇 【 锦鲤玉扇 】 * 预研 中 画面 ， 请 以 游戏 内 实际 效果 为 准 在 天 与 海 的 尽头 ， 鱼 游 向 青空 ， 鸟 跃 入 沧海 。 锦鳞 漫曳 成 绛红 的 桥 ， 牵 起 流云 万壑 ， 于是 水 天 勾连 ， 心 通 万物 。 天 何 所 沓 ， 十二 焉 分 ？ 日月 安属 ， 列 星 安 陈 ？ 歌 去 。 水 无色 无味 ， 又 至 清 至 澈 。 为了 呈现 其 灵动 之 美 ， 我们 为 其 专门 定制 了 一套 基于 屏幕 空间 采样 与 物理 折射 的 水 效果 系统 。 通过 准确 的 复杂 折射 计算 以及 实时 的 深度 感知 采样 技术 ， 渲染 出 极 具 真实感 的 半透明 水体 质感 。 波光粼粼 ， 锦鲤 游跃 ， 挥动 之 时 ， 还有 水滴 洒 出 。 扇骨 开合间 ， 是 名副其实 的 一 汪 流动 清泉 。 * 预研 中 画面 ， 请 以 游戏 内 实际 效果 为 准 燕云十六声 x 赋神 联动 首期 武器 外观 【 锦鲤玉扇 】 即将 于 日 ~ 日 限时 上架 ， 游侠 可 前往 【 闻音商店 】 以 限时 折扣价 2个 【 音玉 】 购得 。 此外 ， 分享 武器 外观 还 可 免费 领取 联动 限定 题跋 和 【 长鸣玉 】 * 100 ！ 赋神 系列 武器 外观 将 涵盖 从 上线 至今 包括 手甲 在内 的 全部 武器 ， 其他 武器 外观 将 陆续 上架 ， 具体 上架 时间 敬请 留意 游戏 公告 。 除了 【 锦鲤玉扇 】 以外 ， 本周 还有 全新 套装 、 双刀 武器 外观 等 同步 上新 。 另 有 「 自在无碍 」 奇术 特效 将 上架 【 闻音商店 】 ， 我们 将 在 后续 为 游侠 带来 更 多 详情 。 全新 套装 【 剑羽 雕翎 】 * 预研 中 画面 ， 请 以 游戏 内 实际 效果 为 准 朔风 漫卷 ， 有人 正 独立 于 草丘 之上 ， 挽 弓 如 月 、 箭指 飞雕 。 这 位 年轻 游侠 的 衣袍 沾染 着 草原 的 雨露 ， 也 拂动 过 戈壁 的 尘沙 。 游侠 犹 喜 羽毛 ， 身 披 隼毛 大氅 ， 腰坠 黄褐 羽饰 ， 胸口 、 袖口 、 下摆 也 精心 绣 着 各色 翎羽 。 整个 人 就 如同 一 只 轻盈 的 鹰隼 ， 在 长生天 之下 自由 翱翔 ， 在 牧人 歌谣 与 江湖 夜话 里 ， 被 风 久久 传唱 —— 谁 道 年少 无 胆气 ？ 云海 里 ， 射 苍鸿 。 回看 雕翎 飞 没 处 ， 千嶂 雪 ， 正 峥嵘 。 全新 套装 【 剑羽 雕翎 】 将 于 （ 本周五 ） 上架 并 支持 染色 ， 届时 游侠 可 前往 【 商店 】 以 1280 【 长鸣珠 】 购得 ， 并 附 赠 主角 头像 。 套装 包含 可 拆分 ： 面饰 、 耳饰 、 配饰 。 全新 武器 外观 · 双 刀 【 万籁 · 斩 阴阳 】 * 预研 中 画面 ， 请 以 游戏 内 实际 效果 为 准 【 万籁 】 系列 武器 外观 上 架 新品 。 一 撇 一 捺 ， 苍劲 有力 ， 诠释 阴阳 太极 之 声 。 阴阳 化 影 ， 聚 而 成 金 ， 暗 涌 漫流 。 夫 天地 者 ， 万籁 之 声 也 。 万物 可 铸 为 兵甲 ， 兵甲 中 复 现 万物 之 形 ， 凝 万象 之 声 为 光 。 物 有 消弭 之 期 ， 而 道 存 永恒 之 常 。 阴阳 者 ， 一 其 性 ， 而 万物 遇 之 ， 自 有 荣枯 。 本周 更新 后 前往 【 商店 】 ， 即 可以 1280 【 长鸣珠 】 购得 全新 武器 外观 · 双 刀 【 万籁 · 斩 阴阳 】 。 此外 ， 【 万籁 】 系列 其他 武器 外观 也 已 进入 设计 、 制作 等 不同 阶段 ， 不久 后 将 陆续 与 各位 游侠 见面 。 我们 将 匠心 打磨 每 一 把 武器 的 细节 ， 真诚 祝愿 每 位 游侠 都 能 与 心仪 神兵 闯荡 江湖 。 ' ],2025-11,赋燕有灵，御水有神 | 系列首款联动外观【锦鲤玉扇】上架！
"['游侠亲启：自公测开服至今，十六巷在持续监测使用第三方辅助软件的行为，除加大对举报投诉对象审查外，也在技术上采取各项措施不断完善游戏内的异常行为校验功能，核实为违规的账号将进行严厉打击，以维护江湖的公平公正。违规行为包括但不限于：使用外挂、加速类软件、一键辅助宏或其他破坏游戏公平性的软件及""坐挂车""行为。针对「止戈」等玩法场景，依据具体违规情况，对账号进行清除全部排行榜成绩、相关玩法禁赛、暂时禁止登录、永久禁止登录等处罚；针对「百业战」场景，十六巷也将加严核查封禁力度，并对恶意利用成员开挂获利的百业进行包括但不限于负扣胜场，降级，禁赛等处罚。此外，其他违规行为我们也会持续打击，再次提醒各位游侠查看《燕云十六声公平运营公告》。网易一直致力于为玩家提供精彩的游戏，保证公平的游戏秩序，保障玩家的游戏资产安全。在不断完善游戏品质的同时，我们也衷心希望广大玩家同我们一起，共同维护一个公平和谐的游戏环境。同时，各位游侠如在游戏内遇到不良行为，也欢迎通过游戏内的举报功能向我们反馈，我们会认真进行处理，十六也将持续优化游戏内的反馈机制。如有其他疑问和需求，可通过客户服务大厅向十六巷反馈申诉。-，开发团队处理下榜玩家742名，封停7天及以上玩家共783名，其中永久封停玩家387名，特此公示，具体名单如下：']。 —— -《燕云十六声》违规玩家封禁公告-","《 11月14日 11月20日 《 燕云十六声 》 违规 玩家 封禁 公告 》 : [ ' 游侠 亲 启 ： 自 公测 开服 至今 ， 十六巷 在 持续 监测 使用 第三方 辅助 软件 的 行为 ， 除 加大 对 举报 投诉 对象 审查 外 ， 也 在 技术 上 采取 各项 措施 不断 完善 游戏 内 的 异常 行为 校验 功能 ， 核实 为 违规 的 账号 将 进行 严厉 打击 ， 以 维护 江湖 的 公平 公正 。 违规 行为 包括 但 不 限于 ： 使用 外挂 、 加速 类 软件 、 一 键 辅助 宏 或 其他 破坏 游戏 公平性 的 软件 及 "" 坐 挂车 "" 行为 。 针对 「 止戈 」 等 玩法 场景 ， 依据 具体 违规 情况 ， 对 账号 进行 清除 全部 排行榜 成绩 、 相关 玩法 禁赛 、 暂时 禁止 登录 、 永久 禁止 登录 等 处罚 ； 针对 「 百业战 」 场景 ， 十六巷 也 将 加严 核查 封禁 力度 ， 并 对 恶意 利用 成员 开挂 获利 的 百业 进行 包括 但 不 限于 负扣 胜场 ， 降级 ， 禁赛 等 处罚 。 此外 ， 其他 违规 行为 我们 也 会 持续 打击 ， 再次 提醒 各位 游侠 查看 《 燕云十六声 公平 运营 公告 》 。 网易 一直 致力于 为 玩家 提供 精彩 的 游戏 ， 保证 公平 的 游戏 秩序 ， 保障 玩家 的 游戏 资产 安全 。 在 不断 完善 游戏 品质 的 同时 ， 我们 也 衷心 希望 广大 玩家 同 我们 一起 ， 共同 维护 一个 公平 和谐 的 游戏 环境 。 同时 ， 各位 游侠 如 在 游戏 内 遇到 不良 行为 ， 也 欢迎 通过 游戏 内 的 举报 功能 向 我们 反馈 ， 我们 会 认真 进行 处理 ， 十六 也 将 持续 优化 游戏 内 的 反馈 机制 。 如 有 其他 疑问 和 需求 ， 可 通过 客户服务大厅 向 十六巷 反馈 申诉 。 ， 开发 团队 处理 下榜 玩家 742名 ， 封停 7天 及 以上 玩家 共 783名 ， 其中 永久 封停 玩家 387名 ， 特此 公示 ， 具体 名单 如下 ： ' ]",2025-11,11月14日-11月20日《燕云十六声》违规玩家封禁公告
['昨日新一期游侠研讨会上，我们有幸再次邀请到了一批游侠，前来杭州与我们的主创团队面对面交流。除了我们分享后续更新动向外，现场游侠也提出了非常多有价值的建议。再次见面，收获良多，我们也整理了现场部分交流实录，与天下游侠共览——新内容预览：新仇旧恨在此决断q：上周不见山又上了新地图，后续还有哪些值得期待的内容？首先自然是即将开放的主线剧情。游侠将会遇到更多新侠友，其中最核心的人物，乃是现任墨家巨子——燕，她看上去是困于机关轮椅之人，却撑起了现如今整个墨门的意志。她身上也将牵扯出墨山道过去、现在、未来的核心冲突，过往坠天之变的爆炸，前任巨子青和鸦的消失，一切背后的隐秘，等待各位游侠揭晓。除了青、鸦等重要角色的故事会被逐步补全以外，在这场全新冒险的侠路上，自然是有我们的老朋友相陪。分隔一段时日的进山三人组，即将再次会面，游侠将与晋中原、冯大哥一起，三侠勇闯不见山，但士别三日，似乎大有不同。在不见山的紧张的氛围之下，过往的梦魇也再次袭来。从最新的pv预告之中，我们已经看到往日的仇人千夜，带着阴谋与恶意已踏入这片净土。新仇旧恨，也许就在此决断。除了故事以外，后续的镇守、侠迹、首领战中也会有很多全新的体验。比如游侠将在不见山之巅，运用全新的机巧机关进行解谜，尽情享受刺激的跑酷；也会经历一段“翻天覆地”的机关长廊，感受古代匠人对待技巧工艺的严谨与“规矩”，感受因空间变化带来的惊险失重体验。甚至还能体验到一场以“磁力”为核心主题的首领战。*预研中画面，请以游戏内实际效果为准为了保持新内容的神秘感和新鲜感，目前还不宜给游侠们透露过多。不过这些内容预计很快就能与大家见面，还请游侠届时游戏内亲身体验！性能问题，专项攻坚q：本周更新完闪退情况增多，有时候打开商城也闪退，是什么原因？首先在此为给游侠带了不好的体验致歉。燕云所使用的技术跟市面上很多游戏都不一样。我们采用的是完全异步多线程的架构，举个例子，开封1万个npc我们会放在独立的线程上进行计算，以释放更多的cpu核心效率，让大家体验更好。这个技术更为先进，也更为激进。所以虽然我们在持续加大力度进行优化，但在一些未能顾及到的地方还是产生了一些问题。比如大家所反馈的商场界面打开会卡顿，是因为同步操作和异步架构产生了冲突。可以保证的是，游侠们反馈的每一个问题都会有专人跟踪查看，并及时进行线上修复，还请游侠遇到时多多向我们反馈。q：不见山更新后经常爆内存，这个会优化吗？内存占用问题也是我们最近在重点攻坚的一个问题。燕云一直在追求极致的体验，特别在不见山上，我们花了很大的功夫做沉浸感提升，包括大家喜欢的天陉云海。但这种体验提升势必会造成内存压力。目前我们用了很多手段，针对不同机器不同设备来优化，近期重点为：①进一步降低各场景下的内存占用②对npc较多区域和玩家较多的场景重点进行内存优化③各种交互界面进一步优化我们相信，在一定时间内，我们能实现让大家保持当前沉浸感的同时优化各块性能表现，也请大家再给我们一点时间。q：现在游戏体积太大了，180多g，固态不够用了，后面会缩小吗？不见山以后，我们也同时给清河开封增加了很多增强沉浸感的细节。也是在追求极致体验的原因，包体不可避免地会有增大。我们近期将开发一些缓解功能，比如pc端区域分包快速进入游戏（进入区域时再进行下载）以及及时清理本地缓存文件，同时也在积极尝试不同的技术手段，比如云文件系统、ai压缩等更多新技术。短期内包体可能还是会维持比较大的状态，但未来一定会有所改善，还请大家相信我们的技术。目前已上线的磁盘优化功能可在一定程度上减少磁盘占用q：有没有什么简单设置能快速提升体验？有的！这里个人推荐装一个微软电脑管家，通过加速功能，可以清理硬件资源、干掉不必要的进程。此外，保持显卡驱动到最新、将游戏放在固态硬盘，也可以有效提升性能表现和游戏体验。最后，也请游侠放心。我们此前也已成立性能专项攻坚小组，会持续为大家优化相关体验！pvp优化：维护环境公平、博弈体验升级q：pvp环境里有使用外挂、加速类软件等破坏公平的行为。这块后面会做重点清理吗？公平是竞技的前提。我们非常重视对作弊行为的处罚，也在持续迭代检测技术。一些开挂现象，比如1%加速，我们现在已经能够定位。并且，现在我们也有自动化检测，一旦有人在游戏中开挂我们会及时预警并封号。有一些开挂账号没有实时封号，是因为我们也在对部分作弊玩家反向追踪，不断的识别新的开挂手段。如果大家遇到可疑的账号，还请积极举报，我们将尽快进行核实。我们也会定期在官网公示封禁名单，各位游侠可以关注。q：最近匹配时间有所变长，是改了匹配机制吗？以及延迟问题后续会如何解决？为了保证对局公平和对局质量，我们尽可能将更多数据纳入了匹配考量，使游侠更不容易匹配到恶意队友、高胜率/连胜的对手、连续遇到车队等情况。但一定程度会影响匹配速度，我们也会重点关注继续优化，提高大家的游戏体验。而关于大家反馈比较多的延迟差异导致不公平的问题，我们正在通过技术手段优化服务器结算，降低差异。同时，我们即将在全国范围内部署服务器，以更大幅度地优化这一问题。q：目前pvp里的容错率有点低，遇到某些流派经常失误一次就基本没有胜算了。以及还有一些避战打法，后续会做调整吗？我们一直希望游侠能在pvp中体验到更多博弈的乐趣。因此我们有计划，在充分的调研、测试、数据分析后，推出一系列鼓励更多博弈的调整。目前主要计划有4个方面：•提高容错：通过破气效率平衡、长连受控优化等手段，平衡不同流派博弈收益，避免一次博弈失败即游戏结束。•减少避战：通过增加射箭蓄力耐力消耗等可能的调整，弱化避战和龟缩打法。•真气保护：处决期间真气不再能被快速清空，避免在多人pvp玩法中被连续处决。•1v1连招平衡：对先手弱势、缺少连招的流派进行调整。百业优化：建造调优、丰富玩法！q：建造爱好者想知道百业驻地会有哪些功能和调整？百业驻地建造上线后，我们看到了很多游侠在分享他们的百业建筑设计，这让我们非常开心。我们也注意到了大家提出的问题，其中呼声最高的就是提高组件上限。对此，我们已将组件上限调整至了10000，此上限日后还会在优化性能的同时逐步提高。另外对于大家反馈组件类型少的问题，这次更新也给大家安排了麻将桌、斗财主等交互组件。游侠们现在就可以上线进一步丰富驻地内容了！除了已优化的几个问题，后续计划中，百业驻地将允许拆除驻地预置建筑彻底重建，实现我的地盘我做主。此外，百业建造图纸也有支持局部小图纸生成、多图纸套用等多项体验优化，敬请大家期待。q：百业什么时候能上一些新玩法?现在几个有点腻了，成员参与积极性也有下降。大家放心，我们已有规划。针对热爱副本挑战的游侠，pve将推出自选难度副本，提供更具有挑战性的战斗，百业可自选难度，游侠们按需挑战。副本自选难度也将带来独特的奖励模式，全部百业里的游侠在挑战每周百业侠境后，都可以获得额外奖励。pvp玩法方面也将拓展更多形式，给大家更多对战场景。如一决高下将支持在1v1止戈，3v3群策，风沙酒肆乱斗等多种模式中自由切换。对于百业战，随赛季更新，我们将继续优化联赛及匹配赛的匹配机制，争取势均力敌的对决。还会为活跃成员提供专属称谓、驻地雕像等多种荣誉展示方式，以此鼓励成员参与百业战的积极性。同时还会增加躲猫猫、飞毛腿大赛等更多百业团建玩法，并且也在考虑让古冢摸金、侠奥会、官财坊等限时活动逐步回归。让大家能自由组织，与亲友们以更多样的形式享受快乐时光。我们会持续倾听数千万游侠的声音。自上线以来，我们已经接受并处理超过1800万份问卷反馈，做了800次以上的主题深访，已有超过1600个问题被优化解决。后续，我们也定然不会懈怠，将持续通过研讨会、问卷等形式，收集各位的宝贵建议。游侠们每一份反馈，都是在给更好的燕云添砖加瓦。未来，研讨会也会开到更多城市，与游侠们做更多深入交流。不过在此之前，游侠还可以通过一个视频，观看一位策划被线下“拉练”——新武器手甲上线之际，我们与@影武堂展开特别合作，邀请到中国武术协会副主席、国家级武术教练、影武堂总顾问吴彬老师，为大家带来精彩专业的武术短片，展现武学魅力。吴彬老师身为国家武术届泰斗，桃李满天下。为呈现出更好的表现力，我们非常荣幸能将一位策划送去接受他的指导。在进行了为期三天的高强度训练汲取灵感后，看看他表现如何！燕云x影武堂高燃打戏放送|点击看策划挨打90.8万观看536弹幕']。 —— 倾听侠声|新一期游侠研讨会速报！-,《 倾听 侠声 | 新 一 期 游侠 研讨会 速报 ！ 》 : [ ' 昨日 新 一 期 游侠 研讨会 上 ， 我们 有幸 再次 邀请 到 了 一批 游侠 ， 前来 杭州 与 我们 的 主创 团队 面对面 交流 。 除了 我们 分享 后续 更新 动向 外 ， 现场 游侠 也 提出 了 非常 多 有 价值 的 建议 。 再次 见面 ， 收获 良多 ， 我们 也 整理 了 现场 部分 交流 实录 ， 与 天下 游侠 共 览 —— 新 内容 预览 ： 新仇旧恨 在此 决断 q ： 上周 不见山 又 上 了 新 地图 ， 后续 还有 哪些 值得 期待 的 内容 ？ 首先 自然 是 即将 开放 的 主线 剧情 。 游侠 将 会 遇到 更 多 新 侠友 ， 其中 最 核心 的 人物 ， 乃是 现任 墨家 巨子 ——燕 ， 她 看上去 是 困于 机关 轮椅 之 人 ， 却 撑 起 了 现如今 整个 墨门 的 意志 。 她 身上 也 将 牵扯 出 墨山道 过去 、 现在 、 未来 的 核心 冲突 ， 过往 坠 天 之 变 的 爆炸 ， 前任 巨子 青 和 鸦 的 消失 ， 一切 背后 的 隐秘 ， 等待 各位 游侠 揭晓 。 除了 青 、 鸦 等 重要 角色 的 故事 会 被 逐步 补 全 以外 ， 在 这 场 全新 冒险 的 侠路 上 ， 自然 是 有 我们 的 老朋友 相 陪 。 分隔 一段 时日 的 进山 三人组 ， 即将 再次 会面 ， 游侠 将 与 晋中原 、 冯 大哥 一起 ， 三侠 勇 闯 不见山 ， 但 士 别 三日 ， 似乎 大有 不同 。 在 不见山 的 紧张 的 氛围 之下 ， 过往 的 梦魇 也 再次 袭 来 。 从 最新 的 pv 预告 之中 ， 我们 已经 看到 往日 的 仇人 千夜 ， 带 着 阴谋 与 恶意 已 踏入 这 片 净土 。 新仇旧恨 ， 也许 就 在此 决断 。 除了 故事 以外 ， 后续 的 镇守 、 侠迹 、 首领战 中 也 会 有 很多 全新 的 体验 。 比如 游侠 将 在 不见山 之 巅 ， 运用 全新 的 机巧 机关 进行 解谜 ， 尽情 享受 刺激 的 跑酷 ； 也 会 经历 一段 “ 翻天覆地 ” 的 机关 长廊 ， 感受 古代 匠人 对待 技巧 工艺 的 严谨 与 “ 规矩 ” ， 感受 因 空间 变化 带来 的 惊险 失重 体验 。 甚至 还 能 体验 到 一 场 以 “ 磁力 ” 为 核心 主题 的 首领战 。 * 预研 中 画面 ， 请 以 游戏 内 实际 效果 为 准 为了 保持 新 内容 的 神秘感 和 新鲜 感 ， 目前 还 不宜 给 游侠 们 透露 过多 。 不过 这些 内容 预计 很快 就 能 与 大家 见面 ， 还 请 游侠 届时 游戏 内 亲身 体验 ！ 性能 问题 ， 专项 攻坚 q ： 本周 更新 完 闪退 情况 增多 ， 有时候 打开 商城 也 闪退 ， 是 什么 原因 ？ 首先 在此 为 给 游侠 带 了 不好 的 体验 致歉 。 燕云 所 使用 的 技术 跟 市面 上 很多 游戏 都 不 一样 。 我们 采用 的 是 完全 异步 多 线程 的 架构 ， 举 个 例子 ， 开封 1万个 npc 我们 会 放 在 独立 的 线程 上 进行 计算 ， 以 释放 更 多 的 cpu 核心 效率 ， 让 大家 体验 更 好 。 这个 技术 更为 先进 ， 也 更为 激进 。 所以 虽然 我们 在 持续 加大 力度 进行 优化 ， 但 在 一些 未能 顾及 到 的 地方 还是 产生 了 一些 问题 。 比如 大家 所 反馈 的 商场 界面 打开 会 卡顿 ， 是 因为 同步 操作 和 异步 架构 产生 了 冲突 。 可以 保证 的 是 ， 游侠 们 反馈 的 每 一个 问题 都 会 有 专人 跟踪 查看 ， 并 及时 进行 线上 修复 ， 还 请 游侠 遇到 时 多多 向 我们 反馈 。 q ： 不见山 更新 后 经常 爆 内存 ， 这个 会 优化 吗 ？ 内存 占用 问题 也是 我们 最近 在 重点 攻坚 的 一个 问题 。 燕云 一直 在 追求 极致 的 体验 ， 特别 在 不见山 上 ， 我们 花 了 很 大 的 功夫 做 沉浸感 提升 ， 包括 大家 喜欢 的 天陉 云海 。 但 这种 体验 提升 势必 会 造成 内存 压力 。 目前 我们 用 了 很多 手段 ， 针对 不同 机器 不同 设备 来 优化 ， 近期 重点 为 ： ① 进一步 降低 各 场景 下 的 内存 占用 ②对 npc 较多 区域 和 玩家 较多 的 场景 重点 进行 内存 优化 ③ 各种 交互 界面 进一步 优化 我们 相信 ， 在 一定 时间 内 ， 我们 能 实现 让 大家 保持 当前 沉浸感 的 同时 优化 各块 性能 表现 ， 也 请 大家 再 给 我们 一点 时间 。 q ： 现在 游戏 体积 太 大 了 ， 180多g ， 固态 不够 用 了 ， 后面 会 缩小 吗 ？ 不见山 以后 ， 我们 也 同时 给 清河 开封 增加 了 很多 增强 沉浸感 的 细节 。 也是 在 追求 极致 体验 的 原因 ， 包体 不可 避免 地 会 有 增大 。 我们 近期 将 开发 一些 缓解 功能 ， 比如 pc端 区域 分包 快速 进入 游戏 （ 进入 区域 时 再 进行 下载 ） 以及 及时 清理 本地 缓存 文件 ， 同时 也 在 积极 尝试 不同 的 技术 手段 ， 比如 云 文件 系统 、 ai 压缩 等 更 多 新技术 。 短期 内 包体 可能 还是 会 维持 比较 大 的 状态 ， 但 未来 一定 会 有所 改善 ， 还 请 大家 相信 我们 的 技术 。 目前 已 上线 的 磁盘 优化 功能 可 在 一定 程度 上 减少 磁盘 占用 q ： 有没有 什么 简单 设置 能 快速 提升 体验 ？ 有的 ！ 这里 个人 推荐 装 一个 微软 电脑 管家 ， 通过 加速 功能 ， 可以 清理 硬件 资源 、 干 掉 不 必要 的 进程 。 此外 ， 保持 显卡 驱动 到 最新 、 将 游戏 放 在 固态 硬盘 ， 也 可以 有效 提升 性能 表现 和 游戏 体验 。 最后 ， 也 请 游侠 放心 。 我们 此前 也 已 成立 性能 专项 攻坚 小组 ， 会 持续 为 大家 优化 相关 体验 ！ pvp 优化 ： 维护 环境 公平 、 博弈 体验 升级 q ： pvp 环境 里 有 使用 外挂 、 加速类 软件 等 破坏 公平 的 行为 。 这块 后面 会 做 重点 清理 吗 ？ 公平 是 竞技 的 前提 。 我们 非常 重视 对 作弊 行为 的 处罚 ， 也 在 持续 迭代 检测 技术 。 一些 开挂 现象 ， 比如 1% 加速 ， 我们 现在 已经 能够 定位 。 并且 ， 现在 我们 也 有 自动化 检测 ， 一旦 有人 在 游戏 中 开挂 我们 会 及时 预警 并 封号 。 有一些 开挂 账号 没有 实时 封号 ， 是 因为 我们 也 在 对 部分 作弊 玩家 反向 追踪 ， 不断 的 识别 新 的 开挂 手段 。 如果 大家 遇到 可疑 的 账号 ， 还 请 积极 举报 ， 我们 将 尽快 进行 核实 。 我们 也 会 定期 在 官网 公示 封禁 名单 ， 各位 游侠 可以 关注 。 q ： 最近 匹配 时间 有所 变 长 ， 是 改 了 匹配 机制 吗 ？ 以及 延迟 问题 后续 会 如何 解决 ？ 为了 保证 对局 公平 和 对局 质量 ， 我们 尽可能 将 更 多 数据 纳入 了 匹配 考量 ， 使 游侠 更 不 容易 匹配 到 恶意 队友 、 高 胜率 / 连胜 的 对手 、 连续 遇到 车队 等 情况 。 但 一定 程度 会 影响 匹配 速度 ， 我们 也 会 重点 关注 继续 优化 ， 提高 大家 的 游戏 体验 。 而 关于 大家 反馈 比较 多 的 延迟 差异 导致 不 公平 的 问题 ， 我们 正在 通过 技术 手段 优化 服务器 结算 ， 降低 差异 。 同时 ， 我们 即将 在 全国 范围 内 部署 服务器 ， 以 更 大 幅度 地 优化 这 一 问题 。 q ： 目前 pvp 里 的 容错率 有点 低 ， 遇到 某些 流派 经常 失误 一次 就 基本 没有 胜算 了 。 以及 还有 一些 避战 打法 ， 后续 会 做 调整 吗 ？ 我们 一直 希望 游侠 能 在 pvp 中 体验 到 更 多 博弈 的 乐趣 。 因此 我们 有 计划 ， 在 充分 的 调研 、 测试 、 数据 分析 后 ， 推出 一系列 鼓励 更 多 博弈 的 调整 。 目前 主要 计划 有 4个 方面 ： • 提高 容错 ： 通过 破气 效率 平衡 、 长连 受控 优化 等 手段 ， 平衡 不同 流派 博弈 收益 ， 避免 一次 博弈 失败 即 游戏 结束 。 • 减少 避战 ： 通过 增加 射箭 蓄力 耐力 消耗 等 可能 的 调整 ， 弱化 避战 和 龟缩 打法 。 • 真气 保护 ： 处决 期间 真气 不再 能 被 快速 清空 ， 避免 在 多 人 pvp 玩法 中 被 连续 处决 。 • 1v1 连招 平衡 ： 对 先手 弱势 、 缺少 连招 的 流派 进行 调整 。 百业 优化 ： 建造 调优 、 丰富 玩法 ！ q ： 建造 爱好者 想 知道 百业 驻地 会 有 哪些 功能 和 调整 ？ 百业 驻地 建造 上线 后 ， 我们 看到 了 很多 游侠 在 分享 他们 的 百业 建筑设计 ， 这 让 我们 非常 开心 。 我们 也 注意 到 了 大家 提出 的 问题 ， 其中 呼声 最高 的 就 是 提高 组件 上限 。 对 此 ， 我们 已 将 组件 上限 调整 至 了 10000 ， 此 上限 日后 还 会 在 优化 性能 的 同时 逐步 提高 。 另外 对于 大家 反馈 组件 类型 少 的 问题 ， 这次 更新 也 给 大家 安排 了 麻将桌 、 斗 财主 等 交互 组件 。 游侠 们 现在 就 可以 上线 进一步 丰富 驻地 内容 了 ！ 除了 已 优化 的 几个 问题 ， 后续 计划 中 ， 百业 驻地 将 允许 拆除 驻地 预置 建筑 彻底 重建 ， 实现 我 的 地盘 我 做主 。 此外 ， 百业 建造 图纸 也 有 支持 局部 小 图纸 生成 、 多 图纸 套用 等 多 项 体验 优化 ， 敬请 大家 期待 。 q ： 百业 什么 时候 能 上 一些 新 玩法 ? 现在 几个 有点 腻 了 ， 成员 参与 积极性 也 有 下降 。 大家 放心 ， 我们 已 有 规划 。 针对 热爱 副本 挑战 的 游侠 ， pve 将 推出 自选 难度 副本 ， 提供 更 具有 挑战性 的 战斗 ， 百业 可 自选 难度 ， 游侠 们 按 需 挑战 。 副本 自选 难度 也 将 带来 独特 的 奖励 模式 ， 全部 百业 里 的 游侠 在 挑战 每周 百业侠 境后 ， 都 可以 获得 额外 奖励 。 pvp 玩法 方面 也 将 拓展 更 多 形式 ， 给 大家 更 多 对战 场景 。 如 一决高下 将 支持 在 1v1 止戈 ， 3v3 群策 ， 风沙 酒肆 乱斗 等 多种 模式 中 自由 切换 。 对于 百业战 ， 随 赛季 更新 ， 我们 将 继续 优化 联赛 及 匹配赛 的 匹配 机制 ， 争取 势均力敌 的 对决 。 还 会 为 活跃 成员 提供 专属 称谓 、 驻地 雕像 等 多种 荣誉 展示 方式 ， 以此 鼓励 成员 参与 百业战 的 积极性 。 同时 还 会 增加 躲猫猫 、 飞毛腿 大赛 等 更 多 百业 团建 玩法 ， 并且 也 在 考虑 让 古冢 摸金 、 侠奥会 、 官财坊 等 限时 活动 逐步 回归 。 让 大家 能 自由 组织 ， 与 亲友 们 以 更 多样 的 形式 享受 快乐 时光 。 我们 会 持续 倾听 数千万 游侠 的 声音 。 自 上线 以来 ， 我们 已经 接受 并 处理 超过 1800万份 问卷 反馈 ， 做 了 800次 以上 的 主题 深访 ， 已 有 超过 1600个 问题 被 优化 解决 。 后续 ， 我们 也 定然 不会 懈怠 ， 将 持续 通过 研讨会 、 问卷 等 形式 ， 收集 各位 的 宝贵 建议 。 游侠 们 每 一 份 反馈 ， 都是 在 给 更 好 的 燕云 添砖加瓦 。 未来 ， 研讨会 也 会 开 到 更 多 城市 ， 与 游侠 们 做 更 多 深入 交流 。 不过 在此 之前 ， 游侠 还 可以 通过 一个 视频 ， 观看 一 位 策划 被 线下 “ 拉练 ” —— 新 武器 手甲 上线 之际 ， 我们 与 @影武堂 展开 特别 合作 ， 邀请 到 中国武术协会 副 主席 、 国家级 武术 教练 、 影武堂 总 顾问 吴彬 老师 ， 为 大家 带来 精彩 专业 的 武术 短片 ， 展现 武学 魅力 。 吴彬 老师 身为 国家 武术届 泰斗 ， 桃李满天下 。 为 呈现 出 更 好 的 表现力 ， 我们 非常 荣幸 能 将 一 位 策划 送 去 接受 他 的 指导 。 在 进行 了 为期 三天 的 高强度 训练 汲取 灵感 后 ， 看看 他 表现 如何 ！ 燕云x影武堂 高燃 打戏 放送 | 点击 看 策划 挨打 90.8万 观看 536 弹幕 ' ],2025-11,倾听侠声 | 新一期游侠研讨会速报！
"['天陉新境已开，不知游侠是否已登临云海之巅，一览千里诗画？为了让诸位探索新篇时有更好的体验，在本次更新中，我们也对操作和社交等功能进行了多项打磨——方外烟火，相映成趣家业「方外地」新增「方外烟火」功能之前我们向少东家们介绍了家业中新增的邻里天地，「流云境」。然江湖儿女，性情各异——有人爱访友谈天，自然也有人独爱清幽自在。如今新添「方外烟火」功能，游侠即便不串门寒暄，也可在夜色降临时遥见远境烟火粲然，恰似友邻檐下暖灯，静默相照。新版本中，游侠可在家业商店的「焰火小铺」兑换【焰火散】，于方外地「九霄焰筒」处自定义方外地的专属烟花。方外烟花不仅可以在自己的方外地内观赏，流云境内不同方外地间也可遥遥相望，相映成趣。若游侠在流云境中结交了志同道合的好友，将清风契累计至「明月入怀」后，可邀请对方结成「同行之约」，今后任流云聚散，始终并肩而行、不再失散。除此之外，家业家具【清商藏音匣】新增「歌单」功能，支持保存多份「歌单」。游侠在建造【清商藏音匣】后，可快捷应用保存在家业中的歌单数据，同住人之间歌单数据均会共享。诸位在版本更新前保存的歌单数据，则自动以歌单的形式保存在列表中。按键布局随心而变自定义方案现已支持多套保存为此我们对自定义设置进行了优化，pc端/手柄端推出按键方案管理，移动端推出布局方案管理，支持多套保存与跨设备存储（网游模式和动作模式、手机和平板为分别保存）。已保存的方案可在【当前使用键位/布局方案】中进行切换使用，也可绑定已保存的备战方案或部分玩法（如觉障林）进行快速套用。切换备战方案或进入对应玩法时，键位布局也将随之变换，无需再手动调整，从此键随心动。此外，还有一些功能优化已正式实装。在新版本中，游侠可在万相集设置自定义黑名单关键词，设置后可屏蔽带有该关键词的全部帖子。游侠可快速过滤自己不想看到的信息，更方便地找到喜欢的作品。组队招募体验也已升级，若游侠已建队伍，在聊天频道发送""进组""、""进队""等邀请性话语时，系统将自动生成快捷入队链接，一点即入。后续，我们也将根据各位游侠的需求，对此功能进行不断扩充。另有此前为游侠们预告的流派转换减负也已正式上线。除了额外新增4次「心法转换」免费次数和8次「装备套装转换」免费次数之外，目前进行武学重置时，将会100%返还升级消耗的「周元通宝」与「宋元通宝」，免费次数耗尽后的「心法转换」消耗，也降低至500长鸣玉。自「南吕传响」赛季开始后至本次更新完成时，全部游侠重置武学和转换心法所产生的消耗差额，将按照调整后的花费，通过邮件进行统一补发，届时还请游侠前往查收。更多优化详情，欢迎前往官网更新公告查看。每一次优化打磨，皆离不开诸位的真诚建议。今日研讨会上，我们也将与游侠们面对面畅谈，详尽内容将尽快为大家奉上。自海外版启程以来，承蒙天下游侠垂顾。《燕云十六声》以中国题材，浮海西行，竟得四海倾眸，成一时独秀，前所未有之景。更获内府财报嘉许，实出望外，感念于心。回溯行途，犹记与诸君清河共盏，开封同游，河西醉梦，不见山相约。历历前尘，如在目下。为再表心中感激之情，也为共贺海外佳绩，我们已备置景【思故乡】、【云霞染粉】*10以及【袅袅之音·绑】*10为谢礼，还请游侠上线查收。愿效长风之久，长存相敬之心！']。 —— 优化动向|方外烟火相映，键位切换随心-","《 优化 动向 | 方外 烟火 相映 ， 键位 切换 随心 》 : [ ' 天陉 新境 已 开 ， 不 知 游侠 是否 已 登临 云海 之 巅 ， 一览 千里 诗画 ？ 为了 让 诸位 探索 新篇 时 有 更 好 的 体验 ， 在 本 次 更新 中 ， 我们 也 对 操作 和 社交 等 功能 进行 了 多 项 打磨 —— 方外 烟火 ， 相映成趣 家业 「 方外地 」 新增 「 方外 烟火 」 功能 之前 我们 向 少东家 们 介绍 了 家业 中 新增 的 邻里 天地 ， 「 流云境 」 。 然 江湖 儿女 ， 性情 各异 —— 有人 爱 访友 谈天 ， 自然 也 有人 独 爱 清幽 自在 。 如今 新 添 「 方外 烟火 」 功能 ， 游侠 即便 不 串门 寒暄 ， 也 可 在 夜色 降临 时 遥见 远境 烟火 粲然 ， 恰似 友邻 檐 下 暖灯 ， 静默 相照 。 新版本 中 ， 游侠 可 在 家业 商店 的 「 焰火 小铺 」 兑换 【 焰火散 】 ， 于 方外地 「 九霄焰筒 」 处 自定义 方 外地 的 专属 烟花 。 方外 烟花 不仅 可以 在 自己 的 方外地 内 观赏 ， 流云 境内 不同 方 外地 间 也 可 遥遥 相望 ， 相映成趣 。 若 游侠 在 流云境 中 结交 了 志同道合 的 好友 ， 将 清风契 累计 至 「 明月入怀 」 后 ， 可 邀请 对方 结成 「 同行之约 」 ， 今后 任 流云 聚散 ， 始终 并肩 而 行 、 不再 失散 。 除此之外 ， 家业 家具 【 清商 藏音匣 】 新增 「 歌单 」 功能 ， 支持 保存 多 份 「 歌单 」 。 游侠 在 建造 【 清商 藏音匣 】 后 ， 可 快捷 应用 保存 在 家业 中 的 歌单 数据 ， 同 住人 之间 歌单 数据 均 会 共享 。 诸位 在 版本 更新 前 保存 的 歌单 数据 ， 则 自动 以 歌单 的 形式 保存 在 列表 中 。 按键 布局 随心 而 变 自定义 方案 现 已 支持 多 套 保存 为此 我们 对 自定义 设置 进行 了 优化 ， pc端 / 手柄端 推出 按键 方案 管理 ， 移动端 推出 布局 方案 管理 ， 支持 多 套 保存 与 跨 设备 存储 （ 网游 模式 和 动作 模式 、 手机 和 平板 为 分别 保存 ） 。 已 保存 的 方案 可 在 【 当前 使用 键位 / 布局 方案 】 中 进行 切换 使用 ， 也 可 绑定 已 保存 的 备战 方案 或 部分 玩法 （ 如 觉障林 ） 进行 快速 套用 。 切换 备战 方案 或 进入 对应 玩法 时 ， 键位 布局 也 将 随 之 变换 ， 无需 再 手动 调整 ， 从此 键 随 心动 。 此外 ， 还有 一些 功能 优化 已 正式 实装 。 在 新版本 中 ， 游侠 可 在 万相集 设置 自定义 黑名单 关键词 ， 设置 后 可 屏蔽 带有 该 关键词 的 全部 帖子 。 游侠 可 快速 过滤 自己 不想 看到 的 信息 ， 更 方便 地 找到 喜欢 的 作品 。 组队 招募 体验 也 已 升级 ， 若 游侠 已 建 队伍 ， 在 聊天 频道 发送 "" 进组 "" 、 "" 进队 "" 等 邀请性 话语 时 ， 系统 将 自动 生成 快捷 入队 链接 ， 一 点 即 入 。 后续 ， 我们 也 将 根据 各位 游侠 的 需求 ， 对 此 功能 进行 不断 扩充 。 另 有 此前 为 游侠 们 预告 的 流派 转换 减负 也 已 正式 上线 。 除了 额外 新增 4次 「 心法 转换 」 免费 次数 和 8次 「 装备 套装 转换 」 免费 次数 之外 ， 目前 进行 武学 重置 时 ， 将 会 100% 返还 升级 消耗 的 「 周元 通宝 」 与 「 宋元通宝 」 ， 免费 次数 耗尽 后 的 「 心法 转换 」 消耗 ， 也 降低 至 500 长鸣玉 。 自 「 南吕 传响 」 赛季 开始 后 至 本 次 更新 完成 时 ， 全部 游侠 重置 武学 和 转换 心法 所 产生 的 消耗 差额 ， 将 按照 调整 后 的 花费 ， 通过 邮件 进行 统一 补发 ， 届时 还 请 游侠 前往 查收 。 更 多 优化 详情 ， 欢迎 前往 官网 更新 公告 查看 。 每 一次 优化 打磨 ， 皆 离不开 诸位 的 真诚 建议 。 今日 研讨会 上 ， 我们 也 将 与 游侠 们 面对面 畅谈 ， 详尽 内容 将 尽快 为 大家 奉 上 。 自 海外版 启程 以来 ， 承蒙 天下 游侠 垂顾 。 《 燕云十六声 》 以 中国 题材 ， 浮海 西 行 ， 竟 得 四海 倾眸 ， 成 一时 独 秀 ， 前所未有 之 景 。 更 获 内府 财报 嘉许 ， 实 出 望外 ， 感念 于 心 。 回溯 行途 ， 犹 记 与 诸君 清河 共 盏 ， 开封 同游 ， 河西 醉 梦 ， 不见山 相约 。 历历 前尘 ， 如 在 目下 。 为 再 表 心中 感激 之 情 ， 也 为 共 贺 海外 佳绩 ， 我们 已 备 置 景 【 思 故乡 】 、 【 云霞染粉 】 * 10 以及 【 袅袅之音 · 绑 】 * 10 为 谢礼 ， 还 请 游侠 上线 查收 。 愿 效 长风 之 久 ， 长存 相 敬 之 心 ！ ' ]",2025-11,优化动向 | 方外烟火相映，键位切换随心
['初入时的不见山，风过石隙，光透林间，已道是人间胜景。今日之后，游侠们便可踏遍群山，终向那至高至险的顶峰攀进。沿山脊而上，可见天开险隘，怪石嶙峋。万仞孤峰静峙，只待侠者抵达那云浪翻涌的危巅，一探其中究竟。全新版本「谁共入云飞」已更新完成，游侠现已能进入游戏，体验不见山新区域「天陉」、新镇守「晦谷」、新武器「手甲」等全新内容。虽说天陉已是不见山的至高之处，但远远不是旅途的终点。千年宏愿、故人旧憾，还有更多故事藏于这群山之间。后续版本更新中，不见山更多主线故事、镇守、侠迹等精彩内容都将陆续揭开帷幕，静待游侠亲启——见争鸣于绝顶|新版本「谁共入云飞」现已上线113.6万观看360弹幕山中除了两门墨门武学之外，更有一门「墨构」之术，将在后续托付于游侠之手。昔墨子云：“凡天下群百工，轮车、韗鞄、陶、冶、梓匠，使各从事其所能。今集百工之长，可为机巧”。榫卯相契，机括相合，游侠可在墨构玩法中将各机关组件自由拼接，能做行车，可化飞鸢，协助各位探索不见山的天陉云海。至于更多各具特色的组合体，就看各位巧思了。同时，墨城第一届《聪艺大观》即将开幕，我们也请到了倪萍老师作为墨门特邀导师评委。游侠若是有信心参赛，不妨好好准备提前构思，届时在倪萍老师面前一鸣惊人！消息可靠，好柿发生！此前我们曾向游侠预告，我们与富平县促发柿子种植农民专业合作社达成合作，在陕西省富平县湾里村，为游侠承包认领了一大片柿子果林。在霜降前后，这批柿子已经顺利收获并完成采摘，后续将以当地特有工艺制成柿饼，敬谢游侠们的支持。今日更新后，全新活动「柿业有成」也已上线。游侠可与远来的柿农共耕柿业，在家业农田中种植柿子并进行售卖，所获得的【富柿宝】还可兑换配饰、置景、侠名、绕梁之音等丰厚奖励。活动结束后，获取【富柿宝】总数超过36000枚，且完成全部「柿礼传馨」任务的游侠，在活动结束后，将有机会获得用今年产出制作的柿饼礼盒，也祝愿全体游侠天天好柿到来，柿柿如意！助力乡村振兴，燕云与游侠同行。燕云×富平柿子丨消息可靠，好柿发生！22.6万观看246弹幕在诸位新老朋友的见证下，游侠再次踏上了新的旅程。本周更新之外，不见山还有更多内容即将陆续到来，敬请游侠期待。再次感谢各位游侠一路支持，一路同行！']。 —— 谁共入云飞|新区域「天陉」等全新内容现已上线-,《 谁 共 入 云 飞 | 新 区域 「 天 陉 」 等 全新 内容 现 已 上线 》 : [ ' 初 入时 的 不见山 ， 风 过 石隙 ， 光 透 林 间 ， 已 道 是 人间 胜景 。 今日 之后 ， 游侠 们 便 可 踏 遍 群山 ， 终 向 那 至 高 至 险 的 顶峰 攀 进 。 沿 山脊 而 上 ， 可见 天 开 险隘 ， 怪石嶙峋 。 万仞 孤峰 静峙 ， 只待 侠者 抵达 那 云浪 翻涌 的 危巅 ， 一 探 其中 究竟 。 全新版本 「 谁 共 入 云飞 」 已 更新 完成 ， 游侠 现 已 能 进入 游戏 ， 体验 不见山 新 区域 「 天陉 」 、 新 镇守 「 晦谷 」 、 新 武器 「 手甲 」 等 全新 内容 。 虽说 天陉 已 是 不见山 的 至 高 之 处 ， 但 远远 不是 旅途 的 终点 。 千年 宏愿 、 故人 旧憾 ， 还有 更 多 故事 藏 于 这 群山 之间 。 后续 版本 更新 中 ， 不见山 更 多 主线 故事 、 镇守 、 侠迹 等 精彩 内容 都 将 陆续 揭开 帷幕 ， 静待 游侠 亲启 —— 见 争鸣 于 绝顶 | 新版本 「 谁 共 入 云飞 」 现 已 上线 113.6万 观看 360 弹幕山 中 除了 两门 墨门 武学 之外 ， 更 有 一 门 「 墨构 」 之 术 ， 将 在 后续 托付 于 游侠 之 手 。 昔墨子 云 ： “ 凡 天下 群 百 工 ， 轮车 、 韗 鞄 、 陶 、 冶 、 梓匠 ， 使 各 从事 其 所 能 。 今 集 百 工 之 长 ， 可 为 机巧 ” 。 榫卯 相契 ， 机括 相合 ， 游侠 可 在 墨构 玩法 中 将 各 机关 组件 自由 拼接 ， 能 做 行车 ， 可 化 飞鸢 ， 协助 各位 探索 不见山 的 天陉 云海 。 至于 更 多 各 具 特色 的 组合体 ， 就 看 各位 巧思 了 。 同时 ， 墨城 第一届 《 聪艺大观 》 即将 开幕 ， 我们 也 请 到 了 倪萍 老师 作为 墨门 特邀 导师 评委 。 游侠 若是 有 信心 参赛 ， 不妨 好好 准备 提前 构思 ， 届时 在 倪萍 老师 面前 一鸣惊人 ！ 消息 可靠 ， 好 柿 发生 ！ 此前 我们 曾 向 游侠 预告 ， 我们 与 富平县促发柿子种植农民专业合作社 达成 合作 ， 在 陕西省 富平县 湾里村 ， 为 游侠 承包 认领 了 一 大片 柿子 果林 。 在 霜降 前后 ， 这 批 柿子 已经 顺利 收获 并 完成 采摘 ， 后续 将 以 当地 特有 工艺 制成 柿饼 ， 敬谢 游侠 们 的 支持 。 今日 更新 后 ， 全新 活动 「 柿业 有成 」 也 已 上线 。 游侠 可 与 远 来 的 柿农 共 耕 柿业 ， 在 家业 农田 中 种植 柿子 并 进行 售卖 ， 所 获得 的 【 富 柿宝 】 还 可 兑换 配饰 、 置景 、 侠名 、 绕梁之音 等 丰厚 奖励 。 活动 结束 后 ， 获取 【 富柿宝 】 总数 超过 36000枚 ， 且 完成 全部 「 柿礼 传 馨 」 任务 的 游侠 ， 在 活动 结束 后 ， 将 有 机会 获得 用 今年 产出 制作 的 柿饼 礼盒 ， 也 祝愿 全体 游侠 天天 好 柿 到来 ， 柿 柿 如意 ！ 助力 乡村 振兴 ， 燕云 与 游侠 同行 。 燕云 × 富平柿子 丨 消息 可靠 ， 好 柿 发生 ！ 22.6万 观看 246 弹幕 在 诸位 新 老朋友 的 见证 下 ， 游侠 再次 踏 上 了 新 的 旅程 。 本周 更新 之外 ， 不见山 还有 更 多 内容 即将 陆续 到来 ， 敬请 游侠 期待 。 再次 感谢 各位 游侠 一路 支持 ， 一路 同行 ！ ' ],2025-11,谁共入云飞 | 新区域「 天陉 」等全新内容现已上线
['游侠闯荡不见山之时，常常能听到昔日“墨门三杰”的传说。其中张万师的故事，已可在【墨守之心】中见证。而在未来更新中，青的故事，也将逐步为游侠揭开。与墨门中人常有的内敛形象不同，这位前代巨子总是格外飒爽、热情、坚定。相比于机关术，她更习惯仗剑于野，行兴利之事。扶墨门之危，赴山河之难，她从未有过犹疑……只是世事从来难两全，半生回望，亦有悔愧。青的故事尚未揭晓，但她的传说已在江湖流传。本周，就将有一套以她的风采为灵感的全新外观上架——全新套装【蓬山万重】试问九霄，安得乐土？长悲万民，岂畏天高。身为承载万千希望的领头之人，他们所站立的地方，便是不见山的风汇聚的方向。此衣以青铜鸟为主题延展，致敬千年以来为墨门奉献的历代英杰。每块布料都精心绘制有大面积的青铜纹理，甚至整条左臂皆为青铜机关。配饰也大量融入考古发现中的青铜器物造型元素，使整体基调古朴庄重又具独特美感。青铜中另穿插有金线及皮革元素作为点缀，既有墨门大匠的气度，更有江湖豪侠之风采。*预研中画面，请以游戏内实际效果为准全新套装【蓬山万重】将于（本周五）上架，届时游侠可前往【和鸣商店】以2个「八音窍」兑换。套装支持上下装拆分和染色，并包含以下内容：动态主角头像、结算演出、耳饰、面饰、小型配饰、大型配饰、披挂。套装具有动态特效，实际效果请以游戏实装为准。*预研中画面，请以游戏内实际效果为准全新套装【醉云醒雨】很多江湖故事，往往缘起于一场暴风雨里的亡命奔逃，又终结于雨夜中的一剑泯恩仇。传闻里的神秘高手，也总是在风雨交织中现身。暴雨，就是江湖里最“江湖”的天气。此身衣袍，正是取材于江湖雨夜里最潇洒肆意的主角，同时浸染着破晓前的天光与雨意。额前发梢微湿，袖间雨珠悬垂，又有乌云聚散、惊雷暗生，好似刚穿过一场无形的风雨。就连下摆和袖子上的曲线花纹，都是雨水流动的痕迹。但只要看到那气定神闲的微笑，这满身的风起云涌，也只余云淡风轻。*预研中画面，请以游戏内实际效果为准全新套装【醉云醒雨】将于（本周五）上架并支持染色，届时游侠可前往【商店】以2580「长鸣珠」购得，并附赠主角头像。套装内包含可拆分耳饰、面饰、妆容、配饰。全新发型【浮岚】*预研中画面，请以游戏内实际效果为准山岚之气，烟之轻者，云卷而霞舒。全新发型【浮岚】将于（本周五）上架并支持染色，届时游侠可前往【和鸣商店】以1个「八音窍」购得，并附赠动态主角头像。发型限时上架90天，将于日下架。手甲武器外观【喵仙人掌】为了给「手甲」新武学的体验提供更多外观选择，将同步推出首款「手甲」外观。曾有一墨门弟子爱猫成瘾，于梦中得见仙人猫，醒后遂将其仙容细细描绘，制成此手甲，出拳定有仙力相助。*预研中画面，请以游戏内实际效果为准全新手甲武器外观【喵仙人掌】将于（本周五）上架，届时游侠可前往【商店】以60「长鸣珠」购得。「阴阳迷踪步」奇术特效【寒鸦渡影】荒村无人语，鸦影绕残梁。施术时步法诡谲，如魑如魅，倏忽而至，迷踪难定。*预研中画面，请以游戏内实际效果为准全新「阴阳迷踪步」奇术特效【寒鸦渡影】将于（本周五）上架，届时游侠可前往【商店】以限时优惠价60「长鸣珠」购得。温馨提示，此优惠价将于日结束，届时将恢复原价300「长鸣珠」。除上述外观以外，此前为大家介绍的全新区域、新镇守、新武器武学等内容，也将在明天更新后上线。具体详情，游侠可查看下方更新公告——']。 —— 蓬山万重，岂畏天高？全新和鸣套装即将上架-,《 蓬山万重 ， 岂畏 天 高 ？ 全新 和鸣 套装 即将 上架 》 : [ ' 游侠 闯荡 不见山 之 时 ， 常常 能 听到 昔日 “ 墨门 三 杰 ” 的 传说 。 其中 张万师 的 故事 ， 已 可 在 【 墨守之心 】 中 见证 。 而 在 未来 更新 中 ， 青 的 故事 ， 也 将 逐步 为 游侠 揭开 。 与 墨门 中 人 常有 的 内敛 形象 不同 ， 这 位 前代 巨子 总是 格外 飒爽 、 热情 、 坚定 。 相比 于 机关术 ， 她 更 习惯 仗 剑 于 野 ， 行 兴利 之 事 。 扶 墨门 之 危 ， 赴 山河 之 难 ， 她 从未 有 过 犹 疑 …… 只是 世事 从来 难 两全 ， 半生 回望 ， 亦 有 悔愧 。 青 的 故事 尚未 揭晓 ， 但 她 的 传说 已 在 江湖 流传 。 本周 ， 就 将 有 一套 以 她 的 风采 为 灵感 的 全新 外观 上架 —— 全新 套装 【 蓬山万重 】 试问 九霄 ， 安得 乐土 ？ 长悲 万 民 ， 岂畏 天 高 。 身 为 承载 万千 希望 的 领头 之 人 ， 他们 所 站立 的 地方 ， 便是 不见山 的 风 汇聚 的 方向 。 此 衣 以 青铜鸟 为 主题 延展 ， 致敬 千年 以来 为 墨门 奉献 的 历代 英杰 。 每 块 布料 都 精心 绘制 有 大 面积 的 青铜 纹理 ， 甚至 整 条 左臂 皆 为 青铜 机关 。 配饰 也 大量 融入 考古 发现 中 的 青铜 器物 造型 元素 ， 使 整体 基调 古朴 庄重 又 具 独特 美感 。 青铜 中 另 穿插 有 金线 及 皮革 元素 作为 点缀 ， 既有 墨门 大匠 的 气度 ， 更 有 江湖 豪侠 之 风采 。 * 预研 中 画面 ， 请 以 游戏 内 实际 效果 为 准 全新 套装 【 蓬山万重 】 将 于 （ 本周五 ） 上架 ， 届时 游侠 可 前往 【 和鸣商店 】 以 2个 「 八音窍 」 兑换 。 套装 支持 上下装 拆分 和 染色 ， 并 包含 以下 内容 ： 动态 主角 头像 、 结算 演出 、 耳饰 、 面饰 、 小型 配饰 、 大型 配饰 、 披挂 。 套装 具有 动态 特效 ， 实际 效果 请 以 游戏 实装 为 准 。 * 预研 中 画面 ， 请 以 游戏 内 实际 效果 为 准 全新 套装 【 醉云 醒雨 】 很多 江湖 故事 ， 往往 缘起 于 一 场 暴风雨 里 的 亡命 奔逃 ， 又 终结 于 雨夜 中 的 一 剑 泯 恩仇 。 传闻 里 的 神秘 高手 ， 也 总是 在 风雨 交织 中 现身 。 暴雨 ， 就 是 江湖 里 最 “ 江湖 ” 的 天气 。 此身 衣袍 ， 正是 取材 于 江湖 雨夜 里 最 潇洒 肆意 的 主角 ， 同时 浸染 着 破晓 前 的 天光 与 雨意 。 额前 发梢 微 湿 ， 袖 间 雨珠 悬垂 ， 又 有 乌云 聚散 、 惊雷 暗生 ， 好似 刚 穿过 一 场 无形 的 风雨 。 就 连 下摆 和 袖子 上 的 曲线 花纹 ， 都是 雨水 流动 的 痕迹 。 但 只要 看到 那 气定神闲 的 微笑 ， 这 满身 的 风起云涌 ， 也 只 余 云淡风轻 。 * 预研 中 画面 ， 请 以 游戏 内 实际 效果 为 准 全新 套装 【 醉云 醒雨 】 将 于 （ 本周五 ） 上架 并 支持 染色 ， 届时 游侠 可 前往 【 商店 】 以 2580 「 长鸣珠 」 购得 ， 并 附赠 主角 头像 。 套装 内 包含 可 拆分 耳饰 、 面饰 、 妆容 、 配饰 。 全新 发型 【 浮岚 】 * 预研 中 画面 ， 请 以 游戏 内 实际 效果 为 准 山岚 之 气 ， 烟 之 轻者 ， 云 卷 而 霞舒 。 全新 发型 【 浮岚 】 将 于 （ 本周五 ） 上架 并 支持 染色 ， 届时 游侠 可 前往 【 和鸣商店 】 以 1 个 「 八音窍 」 购得 ， 并 附赠 动态 主角 头像 。 发型 限时 上架 90天 ， 将 于 日 下架 。 手甲 武器 外观 【 喵 仙人掌 】 为了 给 「 手甲 」 新 武学 的 体验 提供 更 多 外观 选择 ， 将 同步 推出 首款 「 手甲 」 外观 。 曾 有 一 墨门 弟子 爱 猫 成瘾 ， 于 梦 中 得 见 仙人猫 ， 醒 后 遂 将 其 仙容 细细 描绘 ， 制成 此 手甲 ， 出拳 定 有 仙力 相助 。 * 预研 中 画面 ， 请 以 游戏 内 实际 效果 为准 全新 手甲 武器 外观 【 喵 仙人掌 】 将 于 （ 本周五 ） 上架 ， 届时 游侠 可 前往 【 商店 】 以 60 「 长鸣珠 」 购得 。 「 阴阳 迷踪步 」 奇术 特效 【 寒鸦 渡 影 】 荒村 无人语 ， 鸦影 绕 残梁 。 施术 时 步法 诡谲 ， 如 魑 如 魅 ， 倏忽 而 至 ， 迷踪 难 定 。 * 预研 中 画面 ， 请 以 游戏 内 实际 效果 为 准 全新 「 阴阳 迷踪步 」 奇术 特效 【 寒鸦 渡影 】 将 于 （ 本周五 ） 上架 ， 届时 游侠 可 前往 【 商店 】 以 限时 优惠价 60 「 长鸣珠 」 购得 。 温馨 提示 ， 此 优惠价 将 于 日 结束 ， 届时 将 恢复 原价 300 「 长鸣珠 」 。 除 上述 外观 以外 ， 此前 为 大家 介绍 的 全新 区域 、 新 镇守 、 新 武器 武学 等 内容 ， 也 将 在 明天 更新 后 上线 。 具体 详情 ， 游侠 可 查看 下方 更新 公告 —— ' ],2025-11,蓬山万重，岂畏天高？全新和鸣套装即将上架
['天陉者，登天之径也。已经踏足不见山的游侠，想必已领略过其中的风、光、石之美。但在这敢以扶摇登天为名的绝顶之处，自有另外的绝顶风光。本周更新后，当游侠攀登而上，终于到达扶摇之顶时，眼前将是这样的风光——一片浩瀚无边的苍茫云海。世人常说，登高望远能开阔胸襟。坐于这扶摇峰之上，天地辽阔尽收眼底。似乎全部的胸中块垒，都能在这风卷云舒间一扫而空，唯余一股志气如脚下高山拔地而起，刺穿云霾。在刻画云海本身的辽阔之外，我们还花费了大量的笔墨，去还原诗人笔下关于高处的独特意境。不论是“举头红日近，回首白云低”，还是“危楼高百尺，手可摘星辰”，游侠皆可在此亲身感受。*预研中画面，请以游戏内实际效果为准这片云海，也将是游侠新故事里的重要舞台。轻功卓绝者，自有法子在此穿云破雾。若是更近一步，将云槎修到这高山之上……此间妙处，就待游侠亲临此地，好好体会了。*预研中画面，请以游戏内实际效果为准高山风起，云崖耸立。千仞绝壁间，有人曾见鹰隼盘空，忽俯冲入崖间密林。在别处，也许就是鹰隼在狩猎嬉戏。可在这不见山，却有极大可能是墨家弟子正在苦练武功。游侠立于绝壁之巅，望天地苍茫，可曾想过以一拳问不公，以一索缚不义？本周，全新武器「手甲」及全新流派「破竹·鸢」，就将提供一种全新的选择——全新手甲武学「天志垂象」我有天志，可倚之服人昔日，墨子弃儒立墨，常遭世人讥讽。墨子无惧，凡可理喻者则晓之以理，不可理喻者则饱以老拳。不曾想，世间愚人甚多，竟从中悟出一套拳法。历代门人更是勤修不辍，时时改良，甚至将鹰隼之力融入其中，使一门普通的拳法，变得有些——惊世骇俗！武者常说，一寸短一寸险。拳法本质上是贴身短打，那速度与灵活自然是「天志垂象」最显著的特征。在鹰隼之力融入之后，其追击与爆发能力更加令人瞠目。*预研中画面，请以游戏内实际效果为准对敌之时，若是在战斗中被闪避出空隙，接下来要承受的将是毫不留情的迎头痛击。*预研中画面，请以游戏内实际效果为准但切莫以为「天志垂象」空有灵活而短于力量。若能用一拳解决问题，又何必第二拳。若是拥有足够的“天志”，这一拳将真正的“毁天灭地”。*预研中画面，请以游戏内实际效果为准武道也是道，拳理也是理。既然占理，自当一往无前，打得邪祟皆退，天下归义。*预研中画面，请以游戏内实际效果为准全新绳镖武学「千机索天」可索太行，亦索苍天如果说「天志垂象」是墨门之刚，千机索天便是墨门之巧。正如传说，昔日墨门弟子隐于太行，依山筑城。然绝壁之间，上下皆若登天。胡厘跋涉群山，遍访山民，历时三月终于习得登山之术。此后更将墨门机关巧思融于绳法，创出了这“索天”之术。与「天志垂象」的贴身短打不同，「千机索天」将绳镖之“长”发挥得淋漓尽致。纵横势正如其名，立于战场中央狂舞不息，只听得一声声“甩！崩！着！”，周遭之敌便如风卷残叶，一扫而净。*预研中画面，请以游戏内实际效果为准被击飞驱散之后，总有人想顺势遁逃。但以墨门武学之周密，当然没那么容易。飞来势一出，不仅可借绳镖突进追索，更可借势凌空击倒强敌，索命于顷刻！*预研中画面，请以游戏内实际效果为准索天势可聚敌缚足，令敌人进退失据，任你处置。更能令你步入“天人合一”之境，使“天志”回复愈发迅疾，越战越勇。若是使用得当，配合「天志垂象」可成拳拳毙命，罡风不绝之势。不义之徒，可要小心！*预研中画面，请以游戏内实际效果为准墨门武学，尤有势简效宏之风；墨者行侠，专治怙恶不悛之辈。本周更新之后，游侠就可将此两门绝学入手。还望能不负墨子之天志，施技行侠，荡平不义！']。 —— 上「天陉」坐云观星，着「手甲」拳荡不平-,《 上 「 天 陉 」 坐云 观 星 ， 着 「 手甲 」 拳荡不平 》 : [ ' 天陉 者 ， 登天 之 径 也 。 已经 踏足 不见山 的 游侠 ， 想必 已 领略 过 其中 的 风 、 光 、 石 之 美 。 但 在 这 敢 以 扶摇登天 为名 的 绝顶 之 处 ， 自 有 另外 的 绝顶 风光 。 本周 更新 后 ， 当 游侠 攀登 而 上 ， 终于 到达 扶摇 之 顶 时 ， 眼前 将 是 这样 的 风光 —— 一片 浩瀚 无边 的 苍茫 云海 。 世人 常 说 ， 登高 望远 能 开阔 胸襟 。 坐 于 这 扶摇峰 之上 ， 天地 辽阔 尽收眼底 。 似乎 全部 的 胸 中 块垒 ， 都 能 在 这 风 卷 云舒 间 一扫而空 ， 唯 余 一 股 志气 如 脚下 高山 拔地而起 ， 刺穿 云霾 。 在 刻画 云海 本身 的 辽阔 之外 ， 我们 还 花费 了 大量 的 笔墨 ， 去 还原 诗人 笔下 关于 高处 的 独特 意境 。 不论是 “ 举头 红 日 近 ， 回首 白云 低 ” ， 还是 “ 危楼 高 百尺 ， 手 可 摘 星辰 ” ， 游侠 皆 可 在此 亲身 感受 。 * 预研 中 画面 ， 请 以 游戏 内 实际 效果 为 准 这 片 云海 ， 也 将 是 游侠 新 故事 里 的 重要 舞台 。 轻功卓绝 者 ， 自 有 法子 在此 穿云 破 雾 。 若是 更 近 一 步 ， 将 云槎 修 到 这 高山 之上 …… 此间 妙处 ， 就待 游侠 亲临 此地 ， 好好 体会 了 。 * 预研 中 画面 ， 请 以 游戏 内 实际 效果 为 准 高山 风 起 ， 云崖 耸立 。 千仞 绝壁 间 ， 有人 曾 见 鹰隼 盘 空 ， 忽 俯冲 入 崖 间 密林 。 在 别处 ， 也许 就 是 鹰隼 在 狩猎 嬉戏 。 可 在 这 不见山 ， 却 有 极大 可能 是 墨家 弟子 正在 苦练 武功 。 游侠 立于 绝壁 之 巅 ， 望 天地 苍茫 ， 可曾 想 过 以 一 拳 问 不公 ， 以 一 索 缚 不义 ？ 本周 ， 全新 武器 「 手甲 」 及 全新 流派 「 破竹 · 鸢 」 ， 就 将 提供 一种 全新 的 选择 —— 全新 手甲 武学 「 天志垂象 」 我 有 天志 ， 可 倚 之 服人 昔日 ， 墨子 弃 儒 立墨 ， 常 遭 世人 讥讽 。 墨子 无惧 ， 凡 可 理喻 者 则 晓之以理 ， 不可理喻 者 则 饱 以 老拳 。 不曾 想 ， 世间 愚人 甚 多 ， 竟 从中 悟出 一套 拳法 。 历代 门人 更 是 勤 修 不 辍 ， 时时 改良 ， 甚至 将 鹰隼 之 力 融入 其中 ， 使 一 门 普通 的 拳法 ， 变得 有些 —— 惊世骇俗 ！ 武者 常 说 ， 一寸 短 一寸 险 。 拳法 本质 上 是 贴身 短打 ， 那 速度 与 灵活 自然 是 「 天志垂象 」 最 显著 的 特征 。 在 鹰隼 之 力 融入 之后 ， 其 追击 与 爆发 能力 更加 令人 瞠目 。 * 预研 中 画面 ， 请 以 游戏 内 实际 效果 为 准 对敌 之 时 ， 若是 在 战斗 中 被 闪避 出 空隙 ， 接下来 要 承受 的 将 是 毫不留情 的 迎头痛击 。 * 预研 中 画面 ， 请 以 游戏 内 实际 效果 为 准 但 切莫 以为 「 天志垂象 」 空有 灵活 而 短 于 力量 。 若 能 用 一 拳 解决 问题 ， 又 何必 第二 拳 。 若是 拥有 足够 的 “ 天志 ” ， 这 一 拳 将 真正 的 “ 毁天灭地 ” 。 * 预研 中 画面 ， 请 以 游戏 内 实际 效果 为 准 武道 也是 道 ， 拳理 也是 理 。 既然 占理 ， 自 当 一往无前 ， 打 得 邪祟 皆 退 ， 天下 归 义 。 * 预研 中 画面 ， 请 以 游戏 内 实际 效果 为 准 全新 绳镖 武学 「 千机索天 」 可 索 太行 ， 亦 索 苍天 如果 说 「 天志垂象 」 是 墨门 之 刚 ， 千机索天 便是 墨门 之 巧 。 正如 传说 ， 昔日 墨门 弟子 隐 于 太行 ， 依 山 筑 城 。 然 绝壁 之间 ， 上下 皆 若 登天 。 胡厘 跋涉 群山 ， 遍 访 山民 ， 历时 三月 终于 习得 登山 之 术 。 此后 更 将 墨门 机关 巧思 融 于 绳法 ， 创出 了 这 “ 索 天 ” 之 术 。 与 「 天志垂象 」 的 贴身 短打 不同 ， 「 千机索天 」 将 绳镖 之 “ 长 ” 发挥 得 淋漓尽致 。 纵横势 正如 其 名 ， 立于 战场 中央 狂舞 不息 ， 只 听 得 一声声 “ 甩 ！ 崩 ！ 着 ！ ” ， 周遭 之 敌 便 如 风卷残叶 ， 一 扫 而 净 。 * 预研 中 画面 ， 请 以 游戏 内 实际 效果 为准 被 击飞 驱散 之后 ， 总 有人 想 顺势 遁逃 。 但 以 墨门 武学 之 周密 ， 当然 没 那么 容易 。 飞来势 一 出 ， 不仅 可 借 绳镖 突进 追索 ， 更 可 借势 凌空 击倒 强敌 ， 索命 于 顷刻 ！ * 预研 中 画面 ， 请 以 游戏 内 实际 效果 为准 索 天势 可 聚敌 缚 足 ， 令 敌人 进退失据 ， 任 你 处置 。 更 能 令 你 步入 “ 天人合一 ” 之 境 ， 使 “ 天志 ” 回复 愈发 迅疾 ， 越 战 越 勇 。 若是 使用 得当 ， 配合 「 天志垂象 」 可 成 拳拳 毙命 ， 罡风 不绝 之 势 。 不义 之 徒 ， 可 要 小心 ！ * 预研 中 画面 ， 请 以 游戏 内 实际 效果 为 准 墨门 武学 ， 尤 有 势 简 效宏 之 风 ； 墨者 行侠 ， 专 治 怙恶不悛 之辈 。 本周 更新 之后 ， 游侠 就 可 将 此 两门 绝学 入手 。 还 望 能 不 负 墨子 之 天志 ， 施技 行侠 ， 荡平不义 ！ ' ],2025-11,上「 天陉 」坐云观星，着「手甲」拳荡不平
['若说扶摇峰代表了墨门的飞天之志，「晦谷」便是匠人们扎根大地的热忱。这片谷地仿佛就是为了“工业”而生，是能供应整个墨山道的机关工坊。谷中按不同功能，划分出居住、冶炼、研磨、采矿几大区域，不少勤劳的匠人在此工作、生活、休息……嗯……主要是工作。晦谷里的匠人们一工作起来，便发了狠忘了情，在忙碌的每一天里，最顾不上的就是自己。不过，这里有个人和他们不太一样。虽然都热爱机关，热爱发明，但他总能从百忙之中找到一丝乐趣。他的“脸”上永远挂着幅度大得惊人的微笑，他就是这里最快乐的工匠——小八！“整个不见山最有感染力的笑容”在本周随着新区域「天陉」一同上线的全新镇守「晦谷」中，游侠就将与他相遇。一群穷奇师想方设法来到了晦谷，不知要找个什么东西，大搞破坏。可惜倒霉的他们不仅遇到了小八，还遇到了你。在你俩联手之下，就没有解决不了的问题。在这位身披红色斗篷，散发着迷人英雄气概的晦谷本地人带领下，游侠将在这里开展一段有趣的探险。再严肃冰冷的“工作场所”，有了他似乎也成了一座机关乐园。一路上，游侠还有机会见识到他那神奇的“妙哉洞窟”，和更多智慧结晶。要知道，他可是「鲮货郎」的发明者。谁不想看看，他还能捣鼓出什么令人大开眼界的玩意？*预研中画面，请以游戏内实际效果为准当然，这一路上也有些许危险，但相信聪明如游侠，一定能够顺利地克服，让它变成快乐旅途上的小小插曲。放心地去吧，没有人不喜欢和小八做朋友，小八也会非常喜欢你这个朋友。我们和小八一样，都希望能将快乐分享给游侠。自《燕云十六声》海外版本上线以来，得到了各方游侠的喜爱。在上线24小时内，玩家数便已超过了200万，steam全球同时在线人数超19万，畅销榜直达第四，热玩榜名列前五。雏燕清鸣之时，幸得金叶相逢；乘风展翼之际，更谢深望相随。我们也在邮件里为各位游侠准备了【袅袅之音】*10作为谢礼，以再次感谢游侠们的知遇之情。山壤虽殊异，明月非两乡。越云河万里，共清辉一片。愿与君，常在风起之地，知音相会！']。 —— “你好，我是这里最快乐的工匠”-,《 “ 你好 ， 我 是 这里 最 快乐 的 工匠 ” 》 : [ ' 若 说 扶摇峰 代表 了 墨门 的 飞天 之 志 ， 「 晦谷 」 便是 匠人 们 扎根 大地 的 热忱 。 这 片 谷地 仿佛 就 是 为了 “ 工业 ” 而 生 ， 是 能 供应 整个 墨山道 的 机关 工坊 。 谷 中 按 不同 功能 ， 划分 出 居住 、 冶炼 、 研磨 、 采矿 几 大 区域 ， 不少 勤劳 的 匠人 在此 工作 、 生活 、 休息 …… 嗯 …… 主要 是 工作 。 晦谷 里 的 匠人 们 一 工作 起来 ， 便 发 了 狠 忘 了 情 ， 在 忙碌 的 每 一天 里 ， 最 顾不上 的 就 是 自己 。 不过 ， 这里 有 个 人 和 他们 不 太 一样 。 虽然 都 热爱 机关 ， 热爱 发明 ， 但 他 总能 从 百忙 之中 找到 一 丝 乐趣 。 他 的 “ 脸 ” 上 永远 挂 着 幅度 大 得 惊人 的 微笑 ， 他 就 是 这里 最 快乐 的 工匠 —— 小八 ！ “ 整个 不见山 最 有 感染力 的 笑容 ” 在 本周 随着 新 区域 「 天陉 」 一同 上线 的 全新 镇守 「 晦谷 」 中 ， 游侠 就 将 与 他 相遇 。 一群 穷 奇师 想方设法 来到 了 晦谷 ， 不 知 要 找 个 什么 东西 ， 大 搞 破坏 。 可惜 倒霉 的 他们 不仅 遇到 了 小八 ， 还 遇到 了 你 。 在 你 俩 联手 之下 ， 就 没有 解决 不 了 的 问题 。 在 这 位 身 披 红色 斗篷 ， 散发 着 迷人 英雄 气概 的 晦谷 本地人 带领 下 ， 游侠 将 在 这里 开展 一段 有趣 的 探险 。 再 严肃 冰冷 的 “ 工作 场所 ” ， 有 了 他 似乎 也 成 了 一 座 机关 乐园 。 一路上 ， 游侠 还有 机会 见识 到 他 那 神奇 的 “ 妙哉 洞窟 ” ， 和 更 多 智慧 结晶 。 要 知道 ， 他 可是 「 鲮货郎 」 的 发明者 。 谁 不想 看看 ， 他 还 能 捣鼓 出 什么 令人 大开眼界 的 玩意 ？ * 预研 中 画面 ， 请 以 游戏 内 实际 效果 为 准 当然 ， 这 一 路 上 也 有 些许 危险 ， 但 相信 聪明 如 游侠 ， 一定 能够 顺利 地 克服 ， 让 它 变成 快乐 旅途 上 的 小小 插曲 。 放心 地 去 吧 ， 没有 人 不 喜欢 和 小八 做 朋友 ， 小八 也 会 非常 喜欢 你 这个 朋友 。 我们 和 小八 一样 ， 都 希望 能 将 快乐 分享 给 游侠 。 自 《 燕云十六声 》 海外 版本 上线 以来 ， 得到 了 各方 游侠 的 喜爱 。 在 上线 24小时 内 ， 玩家数 便 已 超过 了 200万 ， steam 全球 同时 在线 人数 超 19万 ， 畅销榜 直达 第四 ， 热玩榜 名列 前五 。 雏燕 清鸣 之 时 ， 幸 得 金 叶 相逢 ； 乘 风 展翼 之际 ， 更 谢 深 望 相随 。 我们 也 在 邮件 里 为 各位 游侠 准备 了 【 袅袅之音 】 * 10 作为 谢礼 ， 以 再次 感谢 游侠 们 的 知遇之 情 。 山壤 虽 殊异 ， 明月 非 两 乡 。 越 云河 万里 ， 共 清辉 一片 。 愿 与 君 ， 常 在 风 起 之 地 ， 知音 相会 ！ ' ],2025-11,“你好，我是这里最快乐的工匠”
"['游侠亲启：自公测开服至今，十六巷在持续监测使用第三方辅助软件的行为，除加大对举报投诉对象审查外，也在技术上采取各项措施不断完善游戏内的异常行为校验功能，核实为违规的账号将进行严厉打击，以维护江湖的公平公正。违规行为包括但不限于：使用外挂、加速类软件、一键辅助宏或其他破坏游戏公平性的软件及""坐挂车""行为。针对「止戈」等玩法场景，依据具体违规情况，对账号进行清除全部排行榜成绩、相关玩法禁赛、暂时禁止登录、永久禁止登录等处罚；针对「百业战」场景，十六巷也将加严核查封禁力度，并对恶意利用成员开挂获利的百业进行包括但不限于负扣胜场，降级，禁赛等处罚。此外，其他违规行为我们也会持续打击，再次提醒各位游侠查看《燕云十六声公平运营公告》。网易一直致力于为玩家提供精彩的游戏，保证公平的游戏秩序，保障玩家的游戏资产安全。在不断完善游戏品质的同时，我们也衷心希望广大玩家同我们一起，共同维护一个公平和谐的游戏环境。同时，各位游侠如在游戏内遇到不良行为，也欢迎通过游戏内的举报功能向我们反馈，我们会认真进行处理，十六也将持续优化游戏内的反馈机制。如有其他疑问和需求，可通过客户服务大厅向十六巷反馈申诉。-，开发团队处理下榜玩家909名，封停7天及以上玩家共682名，其中永久封停玩家270名，特此公示，具体名单如下：']。 —— -《燕云十六声》违规玩家封禁公告-","《 11月07日 11月13日 《 燕云十六声 》 违规 玩家 封禁 公告 》 : [ ' 游侠 亲 启 ： 自 公测 开服 至今 ， 十六巷 在 持续 监测 使用 第三方 辅助 软件 的 行为 ， 除 加大 对 举报 投诉 对象 审查 外 ， 也 在 技术 上 采取 各项 措施 不断 完善 游戏 内 的 异常 行为 校验 功能 ， 核实 为 违规 的 账号 将 进行 严厉 打击 ， 以 维护 江湖 的 公平 公正 。 违规 行为 包括 但 不 限于 ： 使用 外挂 、 加速 类 软件 、 一 键 辅助 宏 或 其他 破坏 游戏 公平性 的 软件 及 "" 坐 挂车 "" 行为 。 针对 「 止戈 」 等 玩法 场景 ， 依据 具体 违规 情况 ， 对 账号 进行 清除 全部 排行榜 成绩 、 相关 玩法 禁赛 、 暂时 禁止 登录 、 永久 禁止 登录 等 处罚 ； 针对 「 百业战 」 场景 ， 十六巷 也 将 加严 核查 封禁 力度 ， 并 对 恶意 利用 成员 开挂 获利 的 百业 进行 包括 但 不 限于 负扣 胜场 ， 降级 ， 禁赛 等 处罚 。 此外 ， 其他 违规 行为 我们 也 会 持续 打击 ， 再次 提醒 各位 游侠 查看 《 燕云十六声 公平 运营 公告 》 。 网易 一直 致力于 为 玩家 提供 精彩 的 游戏 ， 保证 公平 的 游戏 秩序 ， 保障 玩家 的 游戏 资产 安全 。 在 不断 完善 游戏 品质 的 同时 ， 我们 也 衷心 希望 广大 玩家 同 我们 一起 ， 共同 维护 一个 公平 和谐 的 游戏 环境 。 同时 ， 各位 游侠 如 在 游戏 内 遇到 不良 行为 ， 也 欢迎 通过 游戏 内 的 举报 功能 向 我们 反馈 ， 我们 会 认真 进行 处理 ， 十六 也 将 持续 优化 游戏 内 的 反馈 机制 。 如 有 其他 疑问 和 需求 ， 可 通过 客户服务大厅 向 十六巷 反馈 申诉 。 ， 开发 团队 处理 下榜 玩家 909名 ， 封停 7天 及 以上 玩家 共 682名 ， 其中 永久 封停 玩家 270名 ， 特此 公示 ， 具体 名单 如下 ： ' ]",2025-11,11月07日-11月13日《燕云十六声》违规玩家封禁公告
['新章将启，燕渡重洋。山海无垠，侠心同归。很高兴告诉大家，在北京时间的今天6点，《燕云十六声》海外版本已登陆steam、playstation、epic平台，正式全球上线！在上线之前，我们已在全球各主要地区和市场取得了优异的预售成绩，达成1000万预注册人数的同时，也获得了新华网等重要媒体的关注。而在正式上线的今天，海外版开服40分钟内，玩家数已突破50万，steam全球最高同时在线人数超14万，各项榜单也在持续攀升。这是我们与四千余万游侠共同达成的里程碑。正是游侠的一路共鸣，才让雏燕生出了能飞越浮天沧海的羽翼，我们也准备了一份邮件谢礼，以答谢游侠的知遇之情——置景【界碑·自远风】、长鸣玉*1115、绕梁之音*10四海纵侠气，万里可同风。江湖之中，还有更高更远的风景，幸得游侠相伴，愿能继续同行！在此也温馨提示，海外版本由独立团队专责运营，一切内容请以海外版本游戏公告为准。关于海外版本的相关问题，也有专门的联系渠道，可以通过邮箱进行反馈咨询：wherewindsmeet@global.netease.com分享完喜悦之后，我们也依然牢记，持续提供高水准的高沉浸感武侠内容、不断打磨优化玩法细节体验，是我们的初心，也是游侠们对我们的期待。下周，不见山新区域「天陉」等大量新内容将开启逐步更新，新的传说等待着游侠写就。同时，我们也计划在（星期六）于杭州举办新一期的游侠研讨会。无论是对当前游戏体验的建议，还是对后续内容的期望，游侠都可以与我们的主创团队面对面交流。本次研讨会名额将通过下方二维码问卷（或【阅读原文】中的链接）进行邀请，有兴趣的游侠可以前往留下报名信息与联系方式。若确认入选邀请名单，我们预计将在（星期四）之前与您确认信息。未来我们也会前往更多的城市，期待与各位相见！若不方便，也欢迎通过游戏内问卷向我们建言，我们会认真倾听每一位游侠的声音。']。 —— 四海之内皆游侠！燕云十六声现已全球上线-,《 四海 之内 皆 游侠 ！ 燕云十六声 现 已 全球 上线 》 : [ ' 新章 将 启 ， 燕渡 重洋 。 山海 无垠 ， 侠心同归 。 很 高兴 告诉 大家 ， 在 北京 时间 的 今天 6点 ， 《 燕云十六声 》 海外 版本 已 登陆 steam 、 playstation 、 epic 平台 ， 正式 全球 上线 ！ 在 上线 之前 ， 我们 已 在 全球 各 主要 地区 和 市场 取得 了 优异 的 预售 成绩 ， 达成 1000万 预注册 人数 的 同时 ， 也 获得 了 新华网 等 重要 媒体 的 关注 。 而 在 正式 上线 的 今天 ， 海外版 开服 40分钟 内 ， 玩家数 已 突破 50万 ， steam 全球 最高 同时 在线 人数 超 14万 ， 各项 榜单 也 在 持续 攀升 。 这是 我们 与 四千余万 游侠 共同 达成 的 里程碑 。 正是 游侠 的 一路 共鸣 ， 才 让 雏燕 生 出 了 能 飞越 浮天 沧海 的 羽翼 ， 我们 也 准备 了 一 份 邮件 谢礼 ， 以 答谢 游侠 的 知遇之 情 —— 置景 【 界碑 · 自 远风 】 、 长鸣玉 * 1115 、 绕 梁 之 音 * 10 四海 纵 侠气 ， 万里 可 同风 。 江湖 之中 ， 还有 更 高 更 远 的 风景 ， 幸 得 游侠 相伴 ， 愿 能 继续 同行 ！ 在此 也 温馨 提示 ， 海外 版本 由 独立 团队 专责 运营 ， 一切 内容 请 以 海外 版本 游戏 公告 为 准 。 关于 海外 版本 的 相关 问题 ， 也 有 专门 的 联系 渠道 ， 可以 通过 邮箱 进行 反馈 咨询 ： where winds meet@global.netease.com 分享 完 喜悦 之后 ， 我们 也 依然 牢记 ， 持续 提供 高 水准 的 高 沉浸感 武侠 内容 、 不断 打磨 优化 玩法 细节 体验 ， 是 我们 的 初心 ， 也是 游侠 们 对 我们 的 期待 。 下周 ， 不见山 新 区域 「 天陉 」 等 大量 新 内容 将 开启 逐步 更新 ， 新 的 传说 等待 着 游侠 写 就 。 同时 ， 我们 也 计划 在 （ 星期六 ） 于 杭州 举办 新 一 期 的 游侠 研讨会 。 无论是 对 当前 游戏 体验 的 建议 ， 还是 对 后续 内容 的 期望 ， 游侠 都 可以 与 我们 的 主创 团队 面对面 交流 。 本 次 研讨会 名额 将 通过 下方 二维码 问卷 （ 或 【 阅读 原文 】 中 的 链接 ） 进行 邀请 ， 有 兴趣 的 游侠 可以 前往 留下 报名 信息 与 联系 方式 。 若 确认 入选 邀请 名单 ， 我们 预计 将 在 （ 星期四 ） 之前 与 您 确认 信息 。 未来 我们 也 会 前往 更 多 的 城市 ， 期待 与 各位 相见 ！ 若 不 方便 ， 也 欢迎 通过 游戏 内 问卷 向 我们 建言 ， 我们 会 认真 倾听 每 一 位 游侠 的 声音 。 ' ],2025-11,四海之内皆游侠！燕云十六声现已全球上线
['不久前，游侠从一场瑰丽的大梦中醒来，与新老朋友相识、相知、告别。而在江湖的另一端，在那山高云深处，一段新的旅程即将开启。预计在下周起不见山新区域「天陉」及诸多新内容将开始逐步更新。如果说上一阶段的故事主题是“入山”，拨开迷雾，窥见隐岳天机。那这一次的主题，则是“登峰”——当凌绝顶，见证飞天济世之愿。登峰途中，我们将漫步云海，见机关玄妙，听英雄争鸣......而此前未解的谜团种种，也将在这更高处寻觅到答案。这里有最高的山峰。每当游侠登高四顾，总会第一时间注意到那座规模惊人的巨鸢残骸。那里，便是「天陉」的扶摇峰，寄托墨门窥天之志的所在。诗人用“只在此山中，云深不知处”来描写高山的幽邃，在“山高风大”之外，天陉也有自己的奇景，那就是云海。游侠可坐于刺破云层的孤峰，观脚下白浪翻飞，云涛拍岸，甚至可借机关之力穿越云海。不论日升星垂，皆是江湖中独此一家的绝美。*预研中画面，请以游戏内实际效果为准这里，承载着墨门历代最高的志向。天陉者，登天之径也。自墨子立志窥天，墨者景从，遂以鸢为形，行飞天之志。更有门人结庐绝壑，昼观璇玑，夜察玉衡。三百载磨剑，三百载制图，三百载刻木，千年如一日，只为那一问。日月安属？列星安陈？*预研中画面，请以游戏内实际效果为准如今那飞天残垣横陈于山顶，昭示着当年那场惊天试验的结局。但在那绝壁云海间，仍有不少墨家子弟居住、研学于此。千载飞天梦，何日上九天？斯人已往，不知这乱世战火中，墨门将如何自处？更不知这继往千年的飞天梦，可还有重燃的希望？在探寻答案的过程中，游侠也将遇到更多在墨门举足轻重之人。不论是现任长老还是历代巨子，游侠皆有机会与他们相遇，并了解他们的故事，见证他们的抉择。当然，在那山巅之外，也有很多故事可供探索。对一个总在路上的旅人而言，朋友总是不嫌多。传闻那发明「鲮货郎」的天才人物就在那「晦谷」之中，游侠若是有心，不妨也前去交个朋友。武道，也会在此再登新高。世人多以为墨者行侠善使剑，却不知其更喜拳法。有道是“我有天志，可倚之服人”。这套拳法的获取线索，正是在这不见山中。新武器「手甲」及手甲武学【天志垂象】、绳镖武学【千机索天】将于新版本中正式与游侠见面。在领略过其拳拳到肉的凌厉攻势后，想必各位对墨者“讲道理”的水平，也会有全新的理解。*预研中画面，请以游戏内实际效果为准不见山新篇章开启在即，本周也有套装【天地行】、坐骑【咩野野】、和全新武学特效同步上架——全新「醉梦游春」武学特效【霓裳徊天】素手把芙蓉，虚步蹑太清。霓裳曳广带，飘拂升天行。全新「醉梦游春」武学特效【霓裳徊天】将于（本周五）上架，届时游侠可前往【和鸣商店】以1颗「八音窍」购得。除上述内容之外，还有诸多详情，待后续为游侠一一介绍。新版本预下载也将于明日正式开启，届时游侠可前往游戏主界面内，提前下载相关游戏资源。相约有时，游侠，更高处见。']。 —— 更见一山高，不见山新区域「天陉」即将上线！-,《 更 见 一 山 高 ， 不见山 新 区域 「 天 陉 」 即将 上线 ！ 》 : [ ' 不久前 ， 游侠 从 一 场 瑰丽 的 大 梦 中 醒来 ， 与 新 老朋友 相识 、 相知 、 告别 。 而 在 江湖 的 另 一 端 ， 在 那 山 高 云 深处 ， 一段 新 的 旅程 即将 开启 。 预计 在 下周 起 不见山 新 区域 「 天陉 」 及 诸多 新 内容 将 开始 逐步 更新 。 如果 说 上 一 阶段 的 故事 主题 是 “ 入 山 ” ， 拨开 迷雾 ， 窥见 隐岳 天机 。 那 这 一次 的 主题 ， 则 是 “ 登峰 ” —— 当 凌 绝顶 ， 见证 飞天 济世 之 愿 。 登峰 途中 ， 我们 将 漫步 云海 ， 见 机关 玄妙 ， 听 英雄 争鸣 .. . . . . 而 此前 未 解 的 谜团 种种 ， 也 将 在 这 更 高 处 寻觅 到 答案 。 这里 有 最高 的 山峰 。 每当 游侠 登高 四顾 ， 总 会 第一 时间 注意 到 那 座 规模 惊人 的 巨鸢 残骸 。 那里 ， 便是 「 天陉 」 的 扶摇峰 ， 寄托 墨门 窥 天 之 志 的 所在 。 诗人 用 “ 只 在 此 山 中 ， 云 深 不 知 处 ” 来 描写 高山 的 幽邃 ， 在 “ 山 高 风 大 ” 之外 ， 天陉 也 有 自己 的 奇景 ， 那 就 是 云海 。 游侠 可 坐 于 刺破 云层 的 孤峰 ， 观 脚下 白浪 翻飞 ， 云涛 拍岸 ， 甚至 可 借 机关 之 力 穿越 云海 。 不论 日升星垂 ， 皆 是 江湖 中 独 此 一家 的 绝美 。 * 预研 中 画面 ， 请 以 游戏 内 实际 效果 为 准 这里 ， 承载 着 墨门 历代 最高 的 志向 。 天陉 者 ， 登天 之 径 也 。 自 墨子 立志 窥 天 ， 墨者 景 从 ， 遂 以 鸢 为 形 ， 行 飞天 之 志 。 更 有 门人 结庐 绝壑 ， 昼 观 璇玑 ， 夜 察 玉衡 。 三百载 磨 剑 ， 三百载 制图 ， 三百载 刻木 ， 千年 如 一日 ， 只 为 那 一 问 。 日月 安 属 ？ 列星 安陈 ？ * 预研 中 画面 ， 请 以 游戏 内 实际 效果 为 准 如今 那 飞天 残垣 横 陈 于 山顶 ， 昭示 着 当年 那 场 惊天 试验 的 结局 。 但 在 那 绝壁 云海 间 ， 仍 有 不少 墨家 子弟 居住 、 研学 于 此 。 千载 飞天 梦 ， 何日 上 九天 ？ 斯人 已往 ， 不 知 这 乱世 战火 中 ， 墨门 将 如何 自 处 ？ 更 不 知 这 继 往 千年 的 飞天 梦 ， 可 还有 重 燃 的 希望 ？ 在 探寻 答案 的 过程 中 ， 游侠 也 将 遇到 更 多 在 墨门 举足轻重 之 人 。 不论是 现任 长老 还是 历代 巨子 ， 游侠 皆 有 机会 与 他们 相遇 ， 并 了解 他们 的 故事 ， 见证 他们 的 抉择 。 当然 ， 在 那 山巅 之外 ， 也 有 很多 故事 可 供 探索 。 对 一个 总 在 路上 的 旅人 而言 ， 朋友 总是 不 嫌 多 。 传闻 那 发明 「 鲮货郎 」 的 天才 人物 就 在 那 「 晦谷 」 之中 ， 游侠 若是 有心 ， 不妨 也 前去 交 个 朋友 。 武道 ， 也 会 在此 再 登 新高 。 世人 多 以为 墨者 行侠 善 使剑 ， 却 不 知 其 更 喜 拳法 。 有道是 “ 我 有 天志 ， 可 倚 之 服人 ” 。 这 套 拳法 的 获取 线索 ， 正是 在 这 不见山 中 。 新 武器 「 手甲 」 及 手甲 武学 【 天志垂象 】 、 绳镖 武学 【 千 机 索天 】 将 于 新版本 中 正式 与 游侠 见面 。 在 领略 过 其 拳拳到肉 的 凌厉 攻势 后 ， 想必 各位 对 墨者 “ 讲 道理 ” 的 水平 ， 也 会 有 全新 的 理解 。 * 预研 中 画面 ， 请 以 游戏 内 实际 效果 为 准 不见山 新 篇章 开启 在即 ， 本周 也 有 套装 【 天地行 】 、 坐骑 【 咩野野 】 、 和 全新 武学 特效 同步 上架 —— 全新 「 醉梦游春 」 武学 特效 【 霓裳徊天 】 素手 把 芙蓉 ， 虚步 蹑 太 清 。 霓裳 曳 广带 ， 飘拂 升天 行 。 全新 「 醉梦游春 」 武学 特效 【 霓裳徊天 】 将 于 （ 本周五 ） 上架 ， 届时 游侠 可 前往 【 和鸣商店 】 以 1 颗 「 八音窍 」 购得 。 除 上述 内容 之外 ， 还有 诸多 详情 ， 待 后续 为 游侠 一一 介绍 。 新版本 预下载 也 将 于 明日 正式 开启 ， 届时 游侠 可 前往 游戏 主 界面 内 ， 提前 下载 相关 游戏 资源 。 相约 有时 ， 游侠 ， 更 高 处 见 。 ' ],2025-11,更见一山高，不见山新区域「 天陉 」即将上线！
['庄子曾言：“游心于淡，合气于漠”，可达超然九州八极之外的境界。身为于天地间自在远行的游侠，也自当不为形役，乘兴而往。本周，将有一批全新外观上架——全新套装【天地行】此身常在，有天地辽阔、万里清风。*预研中画面，请以游戏内实际效果为准行者无疆，大道无垠。所谓天地远行客，躬行游侠之事，丈量四海山川；又承上古先民气韵，以浑天仪探究星象之秘，感知宇宙周流运转，以至最终达到忘乎本相的境界。天地悠悠，身有藩篱，惟心自在无碍。全新套装【天地行】将于（本周五）上架并支持染色，届时游侠可前往【商店】以限时优惠价300「长鸣珠」购得，套装内包含可拆分腰部配饰。温馨提示，此优惠价将于日结束，届时将恢复原价680「长鸣珠」。全新坐骑【咩野野】*预研中画面，请以游戏内实际效果为准你在讲咩野——咩野野是只擅长攀岩的小羊！90度是墙，89度是坡，是坡就能爬，不走寻常路！旋转，跳跃，咩不停歇！游侠每当睡不着的时候，可以想象一群咩野野成群结队地从眼前跑过，数着数着就可以轻松入睡啦。全新坐骑【咩野野】将于（本周五）上架，届时游侠可前往【商店】以1280「长鸣珠」购得。坐骑支持双人同乘，并自带坐骑技能【顶峰相见】：释放后可以自动攀岩。山登绝顶羊为峰！*预研中画面，请以游戏内实际效果为准此外，全新「醉梦游春」武学特效【霓裳徊天】也将同步于（本周五）上架，后续我们将会为游侠带来更多介绍。江湖辽远，愿诸位游侠在天地之间、山川河海，都能随心而行，自在无拘。而《燕云十六声》海外版本也即将于北京时间早6点上线，愿四海之内，皆有侠踪！']。 —— 行者无疆|全新套装【天地行】即将上架-,《 行者 无 疆 | 全新 套装 【 天地行 】 即将 上架 》 : [ ' 庄子 曾 言 ： “ 游心 于 淡 ， 合气 于 漠 ” ， 可 达 超然 九州 八极 之外 的 境界 。 身 为 于 天地 间 自在 远行 的 游侠 ， 也 自 当 不 为 形役 ， 乘兴 而 往 。 本周 ， 将 有 一批 全新 外观 上架 —— 全新 套装 【 天地行 】 此身 常 在 ， 有 天地 辽阔 、 万里 清风 。 * 预研 中 画面 ， 请 以 游戏 内 实际 效果 为 准 行者 无 疆 ， 大道 无垠 。 所谓 天地 远行客 ， 躬行 游侠 之 事 ， 丈量 四海 山川 ； 又 承 上古 先民 气韵 ， 以 浑天仪 探究 星象 之 秘 ， 感知 宇宙 周流 运转 ， 以至 最终 达到 忘乎 本相 的 境界 。 天地 悠悠 ， 身 有 藩篱 ， 惟 心 自在无碍 。 全新 套装 【 天地行 】 将 于 （ 本周五 ） 上架 并 支持 染色 ， 届时 游侠 可 前往 【 商店 】 以 限时 优惠价 300 「 长鸣珠 」 购得 ， 套装 内 包含 可 拆分 腰部 配饰 。 温馨 提示 ， 此 优惠价 将 于 日 结束 ， 届时 将 恢复 原价 680 「 长鸣珠 」 。 全新 坐骑 【 咩野野 】 * 预研 中 画面 ， 请 以 游戏 内 实际 效果 为准 你 在 讲 咩野 —— 咩野野 是 只 擅长 攀岩 的 小 羊 ！ 90度 是 墙 ， 89度 是 坡 ， 是 坡 就 能 爬 ， 不 走 寻常 路 ！ 旋转 ， 跳跃 ， 咩 不 停歇 ！ 游侠 每当 睡 不 着 的 时候 ， 可以 想象 一群 咩野野 成群结队 地 从 眼前 跑 过 ， 数 着 数 着 就 可以 轻松 入睡 啦 。 全新 坐骑 【 咩野野 】 将 于 （ 本周五 ） 上架 ， 届时 游侠 可 前往 【 商店 】 以 1280 「 长鸣珠 」 购得 。 坐骑 支持 双 人 同 乘 ， 并 自 带 坐骑 技能 【 顶峰 相见 】 ： 释放 后 可以 自动 攀岩 。 山登 绝顶羊 为 峰 ！ * 预研 中 画面 ， 请 以 游戏 内 实际 效果 为准 此外 ， 全新 「 醉梦游春 」 武学 特效 【 霓裳徊天 】 也 将 同步 于 （ 本周五 ） 上架 ， 后续 我们 将 会 为 游侠 带来 更 多 介绍 。 江湖 辽远 ， 愿 诸位 游侠 在 天地 之间 、 山川 河海 ， 都 能 随心而行 ， 自在 无拘 。 而 《 燕云十六声 》 海外 版本 也 即将 于 北京时间早 6点 上线 ， 愿 四海 之内 ， 皆 有 侠踪 ！ ' ],2025-11,行者无疆 | 全新套装【天地行】即将上架
['线下一别已有数日，近期江湖风起，赛季更新，新章节、新景致相继入世。优化调整，我们亦步履未停，这段时间收到的每一条建议、每一份期待，我们都已悉心整理，并在此整理奉上新一轮的答疑，请各位游侠查阅——q：包裹中有不少道具不能丢弃，比如八大碗、多余的蹊跷这类，长期占用很多空间，整理起来不太方便，希望可以优化一下丢弃功能。包裹功能的系统优化已经提上日程！不只局限于多余道具处理的问题，还会同步调整分类逻辑，更多一键操作等功能，让大家包裹的使用体验整体提升。q：跟不见山一起预告的新武器手甲什么时候上线？有没有什么亮点可以透露透露？新武器手甲预计很快就将正式与大家见面。手甲武学将与绳镖新武学组成全新流派「破竹•鸢」，正如其名，核心特色明确——灵活、速度。作为与墨山道关联甚密的武学，后续甚至还能为游侠在大世界探索中提供助力。这里就先卖个关子，敬请留意后续公告！q：试剑和侠境匹配时，有些人会中途跑路，剩下的队友推进会比较吃力，整体体验不好。希望能有更完善的机制管管这种破坏环境的行为。“撂挑子”行为确实会影响团队节奏甚至心情，我们目前已为试剑和侠境设置了退队处罚机制，后续会进一步优化处罚规则，细化梯度。适当提升违规成本，引导大家坚持完成对局，减少这类情况对大家的影响。q：有些试剑和侠境助战ai表现不太理想，比如复活队友时机把握不太准，遇到一些boss机制也没办法有效应对，能不能优化一下ai队友的关卡表现？感谢各位的细致反馈！现在我们正在通过收集各副本的通关数据等方式，对大家反馈的问题进行逐步定位。后续会对通关耗时较长的副本进行针对优化，让ai队友能真正帮上忙。q：想在百业驻地打造更丰富的布局，但现在建造组件上限有点不够用，希望可以提高些。我们开放百业驻地建造的初衷，就是让大家发挥创意，打造专属驻地。我们会在兼顾性能的基础上，逐步提升组件上限。预计在近期的更新中，就会迎来一波上调，后续也会根据大家的反馈持续优化调整，满足大家的建造需求。q：好友生日弹窗功能可以加一下自定义设置吗？有些好友其实都没怎么说过话不太熟，频繁弹窗会有打扰。大家的反馈已经收到！目前游戏内已有基础的“生辰对谁可见”推送对象设置，后续会新增接收推送对象的设置，制定更细致的规则，让提醒更合大家心意，避免不必要困扰。q：现在pvp玩法存在一些影响体验的情况，比如延迟影响操作、疑似微加速问题等。希望能好好整治优化一下。大家对pvp公平性的诉求我们完全记在心里。关于微加速这类违规行为，我们一直在持续监控处理。游侠们有怀疑对象也可以直接点击举报，我们会第一时间逐一核查，一经证实，绝不姑息。游侠也可关注每周更新的封禁公告。延迟问题解决方法比较复杂，我们正在研讨推进优化办法，还请游侠们再给我们一些时间。q：近期看到了很多海外玩家对燕云的讨论与期待，能分享下燕云海外版的近况吗？十分感谢游侠的关注，也很高兴能和大家分享燕云海外版本的动态——《燕云十六声》海外版本已确定将于北京时间早6点，登录steam、playstation、epic平台。海外版本由专门的本地化与运营团队负责，虽然还未正式上线，但已经有了一些能与游侠们汇报的好消息——截至今日11点，我们在全球各主要地区和市场取得了优异的预售成绩，且预注册人数已超1000w！盼来日出鞘之际，也必须要先和大家道声感谢——幸与游侠们江湖相伴，不吝指教，才让我们前进的脚步更加扎实，也更有底气地把中国武侠带向世界，让四海之内皆游侠！游侠们每一句建议，都是我们的养分。每一声询问，都在鞭策我们的脚步。江湖之路，我们将持续秉持真心，与诸位携手，共绘万千可能。新一期线下见面会正在积极筹备中，预计本月正式开启！后续会第一时间和大家同步报名方式及活动地点，期待和各位游侠线下相聚！']。 —— 热门答疑丨新武学即将到来，线下见面会本月继续！-,《 热门 答疑 丨 新 武学 即将 到来 ， 线下 见面 会 本月 继续 ！ 》 : [ ' 线下 一别 已 有 数日 ， 近期 江湖 风 起 ， 赛季 更新 ， 新 章节 、 新 景致 相继 入世 。 优化 调整 ， 我们 亦 步履 未 停 ， 这 段 时间 收到 的 每 一 条 建议 、 每 一 份 期待 ， 我们 都 已 悉心 整理 ， 并 在此 整理 奉 上 新 一 轮 的 答疑 ， 请 各位 游侠 查阅 —— q ： 包裹 中 有 不少 道具 不能 丢弃 ， 比如 八 大 碗 、 多余 的 蹊跷 这 类 ， 长期 占用 很多 空间 ， 整理 起来 不 太 方便 ， 希望 可以 优化 一下 丢弃 功能 。 包裹 功能 的 系统 优化 已经 提 上 日程 ！ 不只 局限 于 多余 道具 处理 的 问题 ， 还 会 同步 调整 分类 逻辑 ， 更 多 一 键 操作 等 功能 ， 让 大家 包裹 的 使用 体验 整体 提升 。 q ： 跟 不见山 一起 预告 的 新 武器 手甲 什么 时候 上线 ？ 有没有 什么 亮点 可以 透露 透露 ？ 新 武器 手甲 预计 很快 就 将 正式 与 大家 见面 。 手甲 武学 将 与 绳镖 新 武学 组成 全新 流派 「 破竹 • 鸢 」 ， 正如 其 名 ， 核心 特色 明确 —— 灵活 、 速度 。 作为 与 墨山道 关联 甚 密 的 武学 ， 后续 甚至 还 能 为 游侠 在 大世界 探索 中 提供 助力 。 这里 就 先 卖 个 关子 ， 敬请 留意 后续 公告 ！ q ： 试剑 和 侠境 匹配 时 ， 有些 人 会 中途 跑路 ， 剩下 的 队友 推进 会 比较 吃力 ， 整体 体验 不好 。 希望 能 有 更 完善 的 机制 管管 这种 破坏 环境 的 行为 。 “ 撂挑子 ” 行为 确实 会 影响 团队 节奏 甚至 心情 ， 我们 目前 已 为 试剑 和 侠境 设置 了 退队 处罚 机制 ， 后续 会 进一步 优化 处罚 规则 ， 细化 梯度 。 适当 提升 违规 成本 ， 引导 大家 坚持 完成 对局 ， 减少 这 类 情况 对 大家 的 影响 。 q ： 有些 试剑 和 侠境 助战 ai 表现 不 太 理想 ， 比如 复活 队友 时机 把握 不 太 准 ， 遇到 一些 boss 机制 也 没 办法 有效 应对 ， 能不能 优化 一下 ai 队友 的 关卡 表现 ？ 感谢 各位 的 细致 反馈 ！ 现在 我们 正在 通过 收集 各 副本 的 通关 数据 等 方式 ， 对 大家 反馈 的 问题 进行 逐步 定位 。 后续 会 对 通关 耗时 较 长 的 副本 进行 针对 优化 ， 让 ai 队友 能 真正 帮 上 忙 。 q ： 想 在 百业 驻地 打造 更 丰富 的 布局 ， 但 现在 建造 组件 上限 有点 不够 用 ， 希望 可以 提高 些 。 我们 开放 百业 驻地 建造 的 初衷 ， 就 是 让 大家 发挥 创意 ， 打造 专属 驻地 。 我们 会 在 兼顾 性能 的 基础 上 ， 逐步 提升 组件 上限 。 预计 在 近期 的 更新 中 ， 就 会 迎来 一 波 上调 ， 后续 也 会 根据 大家 的 反馈 持续 优化 调整 ， 满足 大家 的 建造 需求 。 q ： 好友 生日 弹窗 功能 可以 加 一下 自定义 设置 吗 ？ 有些 好友 其实 都 没 怎么 说 过 话 不 太 熟 ， 频繁 弹窗 会 有 打扰 。 大家 的 反馈 已经 收到 ！ 目前 游戏 内 已 有 基础 的 “ 生辰 对 谁 可见 ” 推送 对象 设置 ， 后续 会 新增 接收 推送 对象 的 设置 ， 制定 更 细致 的 规则 ， 让 提醒 更 合 大家 心意 ， 避免 不 必要 困扰 。 q ： 现在 pvp 玩法 存在 一些 影响 体验 的 情况 ， 比如 延迟 影响 操作 、 疑似 微加速 问题 等 。 希望 能 好好 整治 优化 一下 。 大家 对 pvp 公平性 的 诉求 我们 完全 记 在 心里 。 关于 微加速 这 类 违规 行为 ， 我们 一直 在 持续 监控 处理 。 游侠 们 有 怀疑 对象 也 可以 直接 点击 举报 ， 我们 会 第一 时间 逐一 核查 ， 一经 证实 ， 绝不 姑息 。 游侠 也 可 关注 每周 更新 的 封禁 公告 。 延迟 问题 解决 方法 比较 复杂 ， 我们 正在 研讨 推进 优化 办法 ， 还 请 游侠 们 再 给 我们 一些 时间 。 q ： 近期 看到 了 很多 海外 玩家 对 燕云 的 讨论 与 期待 ， 能 分享 下 燕云海外版 的 近况 吗 ？ 十分 感谢 游侠 的 关注 ， 也 很 高兴 能 和 大家 分享 燕云 海外 版本 的 动态 —— 《 燕云十六声 》 海外 版本 已 确定 将 于 北京时间早6点 ， 登录 steam 、 playstation 、 epic 平台 。 海外 版本 由 专门 的 本地化 与 运营 团队 负责 ， 虽然 还 未 正式 上线 ， 但 已经 有 了 一些 能 与 游侠 们 汇报 的 好消息 —— 截至 今日 11点 ， 我们 在 全球 各 主要 地区 和 市场 取得 了 优异 的 预售 成绩 ， 且 预注册 人数 已 超 1000w ！ 盼 来 日 出鞘 之际 ， 也 必须 要 先 和 大家 道声 感谢 —— 幸 与 游侠 们 江湖 相伴 ， 不吝 指教 ， 才 让 我们 前进 的 脚步 更加 扎实 ， 也 更 有 底气 地 把 中国 武侠 带 向 世界 ， 让 四海 之内 皆 游侠 ！ 游侠 们 每 一 句 建议 ， 都是 我们 的 养分 。 每 一 声 询问 ， 都 在 鞭策 我们 的 脚步 。 江湖 之 路 ， 我们 将 持续 秉持 真心 ， 与 诸位 携手 ， 共 绘 万千 可能 。 新 一 期 线 下 见面 会 正在 积极 筹备 中 ， 预计 本月 正式 开启 ！ 后续 会 第一 时间 和 大家 同步 报名 方式 及 活动 地点 ， 期待 和 各位 游侠 线下 相聚 ！ ' ],2025-11,热门答疑丨新武学即将到来，线下见面会本月继续！
"['游侠亲启：自公测开服至今，十六巷在持续监测使用第三方辅助软件的行为，除加大对举报投诉对象审查外，也在技术上采取各项措施不断完善游戏内的异常行为校验功能，核实为违规的账号将进行严厉打击，以维护江湖的公平公正。违规行为包括但不限于：使用外挂、加速类软件、或其他破坏游戏公平性的软件及""坐挂车""行为。针对「止戈」等玩法场景，依据具体违规情况，对账号进行清除全部排行榜成绩、相关玩法禁赛、暂时禁止登录、永久禁止登录等处罚；针对「百业战」场景，十六巷也将加严核查封禁力度，并对恶意利用成员开挂获利的百业进行包括但不限于负扣胜场，降级，禁赛等处罚。此外，其他违规行为我们也会持续打击，再次提醒各位游侠查看《燕云十六声公平运营公告》。网易一直致力于为玩家提供精彩的游戏，保证公平的游戏秩序，保障玩家的游戏资产安全。在不断完善游戏品质的同时，我们也衷心希望广大玩家同我们一起，共同维护一个公平和谐的游戏环境。同时，各位游侠如在游戏内遇到不良行为，也欢迎通过游戏内的举报功能向我们反馈，我们会认真进行处理，十六也将持续优化游戏内的反馈机制。如有其他疑问和需求，可通过客户服务大厅向十六巷反馈申诉。-，开发团队处理下榜玩家1411名，封停7天及以上玩家共1002名，其中永久封停玩家391名，特此公示，具体名单如下：']。 —— 《燕云十六声》违规玩家封禁公告-","《 11月7日 《 燕云十六声 》 违规 玩家 封禁 公告 》 : [ ' 游侠 亲启 ： 自 公测 开服 至今 ， 十六巷 在 持续 监测 使用 第三方 辅助 软件 的 行为 ， 除 加大 对 举报 投诉 对象 审查 外 ， 也 在 技术 上 采取 各项 措施 不断 完善 游戏 内 的 异常 行为 校验 功能 ， 核实 为 违规 的 账号 将 进行 严厉 打击 ， 以 维护 江湖 的 公平 公正 。 违规 行为 包括 但 不 限于 ： 使用 外挂 、 加速 类 软件 、 或 其他 破坏 游戏 公平性 的 软件 及 "" 坐 挂车 "" 行为 。 针对 「 止戈 」 等 玩法 场景 ， 依据 具体 违规 情况 ， 对 账号 进行 清除 全部 排行榜 成绩 、 相关 玩法 禁赛 、 暂时 禁止 登录 、 永久 禁止 登录 等 处罚 ； 针对 「 百业战 」 场景 ， 十六巷 也 将 加严 核查 封禁 力度 ， 并 对 恶意 利用 成员 开挂 获利 的 百业 进行 包括 但 不 限于 负扣 胜场 ， 降级 ， 禁赛 等 处罚 。 此外 ， 其他 违规 行为 我们 也 会 持续 打击 ， 再次 提醒 各位 游侠 查看 《 燕云十六声 公平 运营 公告 》 。 网易 一直 致力于 为 玩家 提供 精彩 的 游戏 ， 保证 公平 的 游戏 秩序 ， 保障 玩家 的 游戏 资产 安全 。 在 不断 完善 游戏 品质 的 同时 ， 我们 也 衷心 希望 广大 玩家 同 我们 一起 ， 共同 维护 一个 公平 和谐 的 游戏 环境 。 同时 ， 各位 游侠 如 在 游戏 内 遇到 不良 行为 ， 也 欢迎 通过 游戏 内 的 举报 功能 向 我们 反馈 ， 我们 会 认真 进行 处理 ， 十六 也 将 持续 优化 游戏 内 的 反馈 机制 。 如 有 其他 疑问 和 需求 ， 可 通过 客户服务大厅 向 十六巷 反馈 申诉 。 ， 开发 团队 处理 下榜 玩家 1411名 ， 封停 7天 及 以上 玩家 共 1002名 ， 其中 永久 封停 玩家 391名 ， 特此 公示 ， 具体 名单 如下 ： ' ]",2025-11,11月7日《燕云十六声》违规玩家封禁公告
['今日更新后，2.2版本「纵意戏九天」已正式上线。此前向游侠们预告梨园门派、新试剑侠境、九流门驻地等全新玩法内容，现在即可前往体验！昨日有燕九流冒名发布文章，吸引众多游侠前往九流门驻地探索，其中真真假假，还请游侠注意甄别！初入此地时，有人曾赠予游侠一本「鬼间集」，此书名字虽吓人，但实乃助游侠勘破骗局的反诈手册。天下多不平，唯我九流，纳众生共江湖游。九流门人出身三教九流，多行走于市井，苦各式坑蒙拐骗久矣！在一次次经历江湖险恶后，他们也有着独到的生存智慧，切勿因此看低他们的侠义心肠。也希望在师兄师姐们一番精心策划的反诈特训后，游侠日后又遇上这些歪门邪道，再也不会上当受骗。此外，九流门热心弟子们还集思广益，倾情演绎了一条防诈宣传片。愿以此片，助各位游侠心明眼亮，勘破骗局！（特别鸣谢：反诈指导@平安开封）防诈宣传曲丨鼠鼠提醒您：此地不宜九流！138.7万观看1566弹幕本次更新后，家业玩法也迎来了一系列功能优化。一番新景、一群新邻，还有全新活动等丰富内容正待君归！若有闲情雅趣，不妨一探家业中的新鲜景致！方外有新景，此夜有星河飞星传愿，免费获取云间渡新景【竹荫旧梦】如果这几夜少东家恰在云间渡，或许会撞见一场天幕如洗，星落如雨的天气异象。坠下的流光并非只可远观，少东家还可在云间渡渡口附近拾取到【碎星影】与【织星芒】。【碎星影】可兑换道具【星河引】，用于召唤更大规模的星落天象；还可兑换成【星愿帖】，为自己或友人许下一份星愿祝福。此外，参与【刹那星华】活动还可以兑换置景【此夜飞星】、题跋【星落时】、领取家具组件【落檐照影】、【逐月寻波鲤】、【净莲心】等装扮奖励，更有【长鸣玉】、【振玉】等好礼相送！集齐指定数量的三色【织星芒】，还可兑换云间渡新景【竹荫旧梦】。少东家可在家业「方外地」新增的「焕新景」功能切换对应的场景效果。体会此间竹影掩映，风过疏响，将旧日心事凝做叶上晨露，暂得几分静谧悠闲。「旧时檐」、「孤竹」、「丛竹」等配套建造组件也已上架「家业商店」，少东家可用【囤囤粟】购买，并在「建造模式」中自行摆放。理想中的那片云海竹林，也许就在此地筑成！流云随风，传书问友家业「方外地」新增「流云境」、「传书台」功能流云之间，别有洞天。各路游侠的方外地乘风流转，于「流云境」相会。初入此境如隔薄雾，邻里匿名陌生。少东家可在「方外地-传书台」内与其他少东家互通有无、倾诉心语，一来一往间积累「清风契」，逐渐解锁友邻的真实信息、互访家园，说不定还能在此结交莫逆金兰。当然，「流云境」也存在清晰的社交边界，例如大家无法直接看到邻居家园的详细情况、需要申请才可进入对方家园。若觉邻里步韵不和，可随时退出当前「流云境」。不喜喧闹的少东家，也能在这里织就一段清浅自在的邻里之缘。家业显隐，随心切换我们明白，不羡仙中残留的焦痕与灰烬，对每位少东家而言，承载着不同的意义与重量。如今单人模式下，不羡仙中家业内容自由显隐功能已经开启，游侠只需在家业界面打开「切换不羡仙」功能，即可依心境展现不羡仙风貌。是以重建昭示新生，还是保留那份寂静残垣以寄托旧事之憾，皆由你决定。上述以外，此次更新还对【万相集】等功能进行了多项升级。比如——方寸移形设置已可上传至万相集，在搭配-方寸移形标签下，即可套用配饰方寸移形作品；多人搭配时支持展示好友名字，并新增了权限设置，更新后新上传的作品可设置【禁止套用】权限设置，搭配作品新增【相关作品】引用展示，力求保护各位的辛苦创作。【黑名单】功能也已同步上线，江湖清净。同时，在万相集中点击用户头像，可跳转到其万相集主页，浏览他的全部创作。此外，新赛季中的培养玩法与流派体验亦有诸多优化！各位少东家可前往官网查看完整公告！']。 —— 家业更新丨方外之地新景，星雨亦能传情-,《 家业 更新 丨 方外之地 新景 ， 星雨 亦 能 传情 》 : [ ' 今日 更新 后 ， 2.2 版本 「 纵意戏 九天 」 已 正式 上线 。 此前 向 游侠 们 预告 梨园 门派 、 新 试 剑 侠境 、 九流门 驻地 等 全新 玩法 内容 ， 现在 即可 前往 体验 ！ 昨日 有 燕九流 冒名 发布 文章 ， 吸引 众多 游侠 前往 九流门 驻地 探索 ， 其中 真真假假 ， 还 请 游侠 注意 甄别 ！ 初 入 此地 时 ， 有人 曾 赠予 游侠 一 本 「 鬼间集 」 ， 此 书 名字 虽 吓人 ， 但 实 乃 助 游侠 勘破 骗局 的 反诈 手册 。 天下 多 不平 ， 唯 我 九流 ， 纳 众生 共 江湖游 。 九流门 人 出身 三教九流 ， 多 行走 于 市井 ， 苦 各 式 坑蒙拐骗 久 矣 ！ 在 一次次 经历 江湖 险恶 后 ， 他们 也 有着 独到 的 生存 智慧 ， 切勿 因此 看 低 他们 的 侠义 心肠 。 也 希望 在 师兄 师姐 们 一番 精心 策划 的 反诈 特训 后 ， 游侠 日后 又 遇上 这些 歪门邪道 ， 再也不会 上当 受骗 。 此外 ， 九流门 热心 弟子 们 还 集思广益 ， 倾情 演绎 了 一 条 防诈 宣传片 。 愿 以 此 片 ， 助 各位 游侠 心明眼亮 ， 勘破 骗局 ！ （ 特别 鸣谢 ： 反诈 指导 @ 平安 开封 ） 防诈 宣传曲 丨 鼠鼠 提醒 您 ： 此地 不宜 九流 ！ 138.7万 观看 1566 弹幕 本 次 更新 后 ， 家业 玩法 也 迎来 了 一系列 功能 优化 。 一番 新景 、 一群 新邻 ， 还有 全新 活动 等 丰富 内容 正待 君 归 ！ 若 有 闲情 雅趣 ， 不妨 一 探 家业 中 的 新鲜 景致 ！ 方外 有 新景 ， 此夜 有 星河 飞星 传愿 ， 免费 获取 云间渡 新景 【 竹荫 旧梦 】 如果 这 几夜 少东家 恰 在 云间渡 ， 或许 会 撞见 一 场 天幕 如 洗 ， 星落如 雨 的 天气 异象 。 坠 下 的 流光 并非 只 可 远观 ， 少东家 还 可 在 云间渡 渡口 附近 拾取 到 【 碎星影 】 与 【 织星芒 】 。 【 碎星影 】 可 兑换 道具 【 星河引 】 ， 用于 召唤 更 大规模 的 星落 天象 ； 还 可 兑换 成 【 星愿帖 】 ， 为 自己 或 友人 许 下 一 份 星愿 祝福 。 此外 ， 参与 【 刹那星华 】 活动 还 可以 兑换 置景 【 此夜 飞星 】 、 题跋 【 星 落 时 】 、 领取 家具 组件 【 落檐 照影 】 、 【 逐月 寻 波鲤 】 、 【 净莲心 】 等 装扮 奖励 ， 更 有 【 长鸣玉 】 、 【 振玉 】 等 好 礼 相送 ！ 集 齐 指定 数量 的 三色 【 织星芒 】 ， 还 可 兑换 云间渡 新景 【 竹荫 旧梦 】 。 少东家 可 在 家业 「 方 外地 」 新增 的 「 焕新景 」 功能 切换 对应 的 场景 效果 。 体会 此间 竹影 掩映 ， 风 过 疏响 ， 将 旧日 心事 凝 做 叶 上 晨露 ， 暂 得 几分 静谧 悠闲 。 「 旧时檐 」 、 「 孤竹 」 、 「 丛竹 」 等 配套 建造 组件 也 已 上架 「 家业 商店 」 ， 少东家 可用 【 囤囤粟 】 购买 ， 并 在 「 建造 模式 」 中 自行 摆放 。 理想 中 的 那 片 云海 竹林 ， 也许 就 在 此地 筑 成 ！ 流云随风 ， 传书 问友 家业 「 方 外地 」 新增 「 流云境 」 、 「 传书台 」 功能 流云 之间 ， 别有洞天 。 各 路 游侠 的 方 外地 乘 风 流转 ， 于 「 流云境 」 相会 。 初 入 此境 如 隔 薄雾 ， 邻里 匿名 陌生 。 少东家 可 在 「 方 外地 传书台 」 内 与 其他 少东家 互通有无 、 倾诉 心语 ， 一 来 一 往 间 积累 「 清风契 」 ， 逐渐 解锁 友邻 的 真实 信息 、 互访 家园 ， 说不定 还 能 在此 结交 莫 逆 金兰 。 当然 ， 「 流云境 」 也 存在 清晰 的 社交 边界 ， 例如 大家 无法 直接 看到 邻居 家园 的 详细 情况 、 需要 申请 才 可 进入 对方 家园 。 若 觉 邻里 步韵 不和 ， 可 随时 退出 当前 「 流云境 」 。 不 喜 喧闹 的 少东家 ， 也 能 在 这里 织 就 一段 清浅 自在 的 邻里 之 缘 。 家业 显隐 ， 随心 切换 我们 明白 ， 不羡仙 中 残留 的 焦痕 与 灰烬 ， 对 每 位 少东家 而言 ， 承载 着 不同 的 意义 与 重量 。 如今 单人 模式 下 ， 不羡仙 中 家业 内容 自由 显隐 功能 已经 开启 ， 游侠 只需 在 家业 界面 打开 「 切换 不羡仙 」 功能 ， 即可 依 心境 展现 不羡仙 风貌 。 是 以 重建 昭示 新生 ， 还是 保留 那 份 寂静 残垣 以 寄托 旧事 之 憾 ， 皆 由 你 决定 。 上述 以外 ， 此次 更新 还 对 【 万相集 】 等 功能 进行 了 多 项 升级 。 比如 —— 方寸 移形 设置 已 可 上传 至 万相集 ， 在 搭配 方寸 移形 标签 下 ， 即可 套用 配饰 方寸 移形 作品 ； 多 人 搭配 时 支持 展示 好友 名字 ， 并 新增 了 权限 设置 ， 更新 后 新 上传 的 作品 可 设置 【 禁止 套用 】 权限 设置 ， 搭配 作品 新增 【 相关 作品 】 引用 展示 ， 力求 保护 各位 的 辛苦 创作 。 【 黑名单 】 功能 也 已 同步 上线 ， 江湖 清净 。 同时 ， 在 万相集 中 点击 用户 头像 ， 可 跳 转 到 其 万相集 主页 ， 浏览 他 的 全部 创作 。 此外 ， 新 赛季 中 的 培养 玩法 与 流派 体验 亦 有 诸多 优化 ！ 各位 少东家 可 前往 官网 查看 完整 公告 ！ ' ],2025-11,家业更新丨方外之地新景，星雨亦能传情
['以下内容乃根据九流门弟子口述整理所得还请各位游侠注意甄别，理性玩梗！以下内容乃根据九流门弟子口述整理所得还请各位游侠注意甄别，理性玩梗！以下内容乃根据九流门弟子口述整理所得还请各位游侠注意甄别，理性玩梗！有大诗人曾经说过，天下繁华看开封，开封繁华看九流。你问一个不懂行的人开封哪里最值得去，他可能会告诉你是樊楼、大相国寺之类。但你要是走了大运，问到了我这样一个地地道道的老开封，我只会告诉你一个地方：那鬼市中的「九流门驻地」！这里极少对外人开放，可谓是一处全新区域。此处商机滚滚遍地黄金，里面的人不但友善，说话还格外好听。不去上一遭，实在是枉来开封！正所谓“落地为手足，何必骨肉亲”，既然你问到了我，你我就是有缘的亲人。待我为你指上一路，明日往后即可入内！大诗人曾经还说过，初到新地，最重要的是体验当地的人文风俗。九流门驻地藏身于地下鬼市，抛开其夏凉冬更凉的宜人环境不谈，其中风土人情更是一绝，保证让地上来的客人大开眼界。我先将这本「鬼间集」赠与你，其中记载了这驻地之中不得不体验的十大妙事。其中既有宝箱机缘，还有浪漫邂逅，从命理之学到对弈之术皆有涉及。来这一天，阅历增长胜过地上一年！就怕游侠乐不思蜀，来了就不想回那地上去。*预研中画面，请以游戏内实际效果为准妙事之外，此地还有奇人辈出。我看游侠你也是个江湖中人，自然少不了以武会友。此处最为著名的高手，江湖人称“四大名偷”——大师姐“妙手”，心直手快；大师兄“夺命”，铁骨铮铮；小师妹“有情”，极善偷心；小师弟“热血”，智计无双。四人功夫了得，不少不知天高地厚的江湖客败于他们之手。游侠若是不信邪，大可前往一试。要是招惹了麻烦，可别怪我未曾提醒！*预研中画面，请以游戏内实际效果为准「九流门驻地」中还有一大特点，就是相传奇遇遍地，引得无数英雄好汉眼热前来搜寻。就连这里的老鼠，都格外热衷于寻宝。我观游侠你也是个颇有财运福相之人，若是真寻到了那传说中的秘宝，可别忘了你我一场指路之缘！*预研中画面，请以游戏内实际效果为准还有一事，差点忘了跟你说！最近鬼市子里流传着这么一段传说，指向某处神秘之地。我先转述于你，游侠明儿进去了，再看要不要去瞧瞧——天有悬河，城在釜底。断壁残垣、天灾遗响，无一不讲述着这片古老遗迹的历史。城的堆叠，亦是文明的堆叠。而入口，就隐藏在九流门驻地的某处，期待有缘人的发现。总而言之，这里的神妙多得数不清！此番就不跟你一一细讲，待你明日入得去探索，自会从心底里感激我！咦，等等，那是不是开封府衙的人？那个那个，明天「粪斗江湖」就要开始了，我刚想起来我还报了名呢！家里的双轮粪车还没修好，就等我回去。那在下先走一步，游侠有缘再会，有缘再会！开封府衙温馨提醒，近日各类骗局横行，城中百姓务必留心。不贪意外之财，不信陌生之人，守好自个钱袋，方保阖家安宁！若有录得骗局现场，或是有反诈心得，欢迎通过各大社区与我们分享！同时另有大鹅来报，近日小程序有鼠鼠出没，企图获取游侠们的鹅毛。大鹅已努力驱赶，但不免有漏网之鼠，请各位游侠保持警惕！另外大鹅从鼠鼠兜里掏出了不少好东西，放进了【鼠鼠神秘转盘】，包括九流鼠毛绒挂件、【九流一毛】纪念侠名、绕梁之音*10等等，每一抽都有奖！明日，还有此前预告的全新赛季、梨园门派玩法等大量新内容上线。更多详情，还请游侠查看下方更新公告——']。 —— 欢迎来到九流门驻地！-,《 欢迎 来到 九流门 驻地 ！ 》 : [ ' 以下 内容 乃 根据 九流门 弟子 口述 整理 所得 还 请 各位 游侠 注意 甄别 ， 理性 玩梗 ！ 以下 内容 乃 根据 九流门 弟子 口述 整理 所得 还 请 各位 游侠 注意 甄别 ， 理性 玩 梗 ！ 以下 内容 乃 根据 九流门 弟子 口述 整理 所得 还 请 各位 游侠 注意 甄别 ， 理性 玩梗 ！ 有 大 诗人 曾经 说 过 ， 天下 繁华 看 开封 ， 开封 繁华 看 九流 。 你 问 一个 不 懂行 的 人 开封 哪里 最 值得 去 ， 他 可能 会 告诉 你 是 樊楼 、 大 相国寺 之类 。 但 你 要是 走 了 大运 ， 问 到 了 我 这样 一个 地地道道 的 老 开封 ， 我 只 会 告诉 你 一个 地方 ： 那 鬼市 中 的 「 九流门 驻地 」 ！ 这里 极 少 对 外人 开放 ， 可谓 是 一 处 全新 区域 。 此处 商机 滚滚 遍地 黄金 ， 里面 的 人 不但 友善 ， 说话 还 格外 好听 。 不 去 上 一 遭 ， 实在 是 枉 来 开封 ！ 正 所谓 “ 落地 为 手足 ， 何必 骨肉 亲 ” ， 既然 你 问 到 了 我 ， 你 我 就 是 有缘 的 亲人 。 待 我 为 你 指 上 一路 ， 明日 往后 即可 入 内 ！ 大 诗人 曾经 还 说 过 ， 初 到 新地 ， 最 重要 的 是 体验 当地 的 人文 风俗 。 九流门 驻地 藏身 于 地下 鬼市 ， 抛 开 其 夏凉冬 更 凉 的 宜人 环境 不 谈 ， 其中 风土人情 更 是 一绝 ， 保证 让 地上 来 的 客人 大 开眼界 。 我 先 将 这 本 「 鬼间集 」 赠 与 你 ， 其中 记载 了 这 驻地 之中 不得不 体验 的 十大 妙事 。 其中 既有 宝箱 机缘 ， 还有 浪漫 邂逅 ， 从 命理 之 学 到 对弈 之 术 皆 有 涉及 。 来 这 一天 ， 阅历 增长 胜过 地上 一年 ！ 就 怕 游侠 乐不思蜀 ， 来 了 就 不想 回 那 地上 去 。 * 预研 中 画面 ， 请 以 游戏 内 实际 效果 为 准 妙事 之外 ， 此地 还有 奇人 辈出 。 我 看 游侠 你 也是 个 江湖 中 人 ， 自然 少不了 以 武 会 友 。 此处 最为 著名 的 高手 ， 江湖人 称 “ 四 大 名偷 ” —— 大师姐 “ 妙手 ” ， 心直手快 ； 大师兄 “ 夺命 ” ， 铁骨铮铮 ； 小师妹 “ 有情 ” ， 极 善 偷心 ； 小师弟 “ 热血 ” ， 智计 无双 。 四 人 功夫 了得 ， 不少 不 知 天高地厚 的 江湖客 败 于 他们 之 手 。 游侠 若是 不 信邪 ， 大 可 前往 一 试 。 要是 招惹 了 麻烦 ， 可 别 怪 我 未曾 提醒 ！ * 预研 中 画面 ， 请 以 游戏 内 实际 效果 为 准 「 九流门 驻地 」 中 还有 一 大 特点 ， 就 是 相传 奇遇 遍地 ， 引得 无数 英雄好汉 眼热 前来 搜寻 。 就 连 这里 的 老鼠 ， 都 格外 热衷于 寻 宝 。 我 观 游侠 你 也是 个 颇有 财运 福相 之 人 ， 若是 真 寻 到 了 那 传说 中 的 秘宝 ， 可 别 忘 了 你 我 一 场 指路 之 缘 ！ * 预研 中 画面 ， 请 以 游戏 内 实际 效果 为准 还有 一 事 ， 差点 忘 了 跟 你 说 ！ 最近 鬼市子 里 流传 着 这么 一段 传说 ， 指向 某处 神秘 之 地 。 我 先 转述 于 你 ， 游侠 明儿 进去 了 ， 再 看 要不要 去 瞧瞧 —— 天 有 悬河 ， 城 在 釜 底 。 断壁残垣 、 天灾 遗响 ， 无 一 不 讲述 着 这 片 古老 遗迹 的 历史 。 城 的 堆叠 ， 亦 是 文明 的 堆叠 。 而 入口 ， 就 隐藏 在 九流门 驻地 的 某处 ， 期待 有缘人 的 发现 。 总而言之 ， 这里 的 神妙 多 得 数 不 清 ！ 此 番 就 不 跟 你 一一 细 讲 ， 待 你 明日 入 得 去 探索 ， 自 会 从 心底 里 感激 我 ！ 咦 ， 等等 ， 那 是不是 开封 府衙 的 人 ？ 那个 那个 ， 明天 「 粪斗江湖 」 就要 开始 了 ， 我 刚 想 起来 我 还 报 了 名 呢 ！ 家里 的 双轮 粪车 还 没 修好 ， 就 等 我 回去 。 那 在下 先 走 一 步 ， 游侠 有缘 再会 ， 有缘 再会 ！ 开封府衙 温馨 提醒 ， 近日 各类 骗局 横行 ， 城中 百姓 务必 留心 。 不 贪 意外 之 财 ， 不 信 陌生 之 人 ， 守 好 自个钱 袋 ， 方 保 阖家 安宁 ！ 若 有 录得 骗局 现场 ， 或是 有 反诈 心得 ， 欢迎 通过 各 大 社区 与 我们 分享 ！ 同时 另 有 大 鹅 来 报 ， 近日 小 程序 有 鼠鼠 出没 ， 企图 获取 游侠 们 的 鹅毛 。 大 鹅 已 努力 驱赶 ， 但 不免 有 漏网 之 鼠 ， 请 各位 游侠 保持 警惕 ！ 另外 大 鹅 从 鼠鼠 兜 里 掏 出 了 不少 好 东西 ， 放 进 了 【 鼠鼠 神秘 转盘 】 ， 包括 九流鼠 毛绒 挂件 、 【 九 流 一 毛 】 纪念 侠名 、 绕梁之音 * 10 等等 ， 每 一 抽 都 有奖 ！ 明日 ， 还有 此前 预告 的 全新 赛季 、 梨园 门派 玩法 等 大量 新 内容 上线 。 更 多 详情 ， 还 请 游侠 查看 下方 更新 公告 —— ' ],2025-11,欢迎来到九流门驻地！
['各位游侠好：此前有未公开的外观信息在非官方渠道传播，对游戏运营秩序带来无法预估的负面影响，也破坏了玩家的重要游戏体验。我司法务部门第一时间联系了公安机关，并启动专案组进行调查。此次泄露事件系由合作供应商福州*草的员工刘某某严重违反保密协议，私自传播未公开外观设计稿所致。该行为性质极其恶劣，严重破坏了游戏运营秩序，损害了广大玩家的核心体验，我方对此深表愤慨。针对此次恶性事件，我方已依据合同条款严肃追究供应商的管理责任和违约责任，涉事人员刘某某已受到开除及相关追责等系列处理。同时，我方也将坚决保留通过法律途径追究任何组织或个人针对《燕云十六声》项目侵权行为责任的权利。对于任何损害游戏环境与玩家利益、体验的不法行为，我方绝不姑息，必将严惩到底。后续，我方将持续严厉处置各种泄密行为，也绝不支持任何二次传播。此外，也向各位游侠真诚致谢，一段时间以来，游侠们积极向我们提供其他团体或个人针对《燕云十六声》的侵权证据，并在不同场合为燕云驳斥扭曲事实、颠倒黑白的言论，以个人之声伸张正义。在游侠们的支持下，目前部分维权行动已经取得阶段性成果。我们定将继续与游侠们一起，坚定地守护我们共同的“燕云十六声”！《燕云十六声》项目组']。 —— 关于未公开外观设计稿泄露的处理通报-,《 关于 未 公开 外观 设计稿 泄露 的 处理 通报 》 : [ ' 各位 游侠 好 ： 此前 有 未 公开 的 外观 信息 在 非官方 渠道 传播 ， 对 游戏 运营 秩序 带来 无法 预估 的 负面 影响 ， 也 破坏 了 玩家 的 重要 游戏 体验 。 我司 法务 部门 第一 时间 联系 了 公安 机关 ， 并 启动 专案组 进行 调查 。 此次 泄露 事件 系 由 合作 供应商 福州*草 的 员工 刘某某 严重 违反 保密 协议 ， 私自 传播 未 公开 外观 设计稿 所 致 。 该 行为 性质 极其 恶劣 ， 严重 破坏 了 游戏 运营 秩序 ， 损害 了 广大 玩家 的 核心 体验 ， 我方 对 此 深表 愤慨 。 针对 此次 恶性 事件 ， 我方 已 依据 合同 条款 严肃 追究 供应商 的 管理 责任 和 违约 责任 ， 涉事 人员 刘某某 已 受到 开除 及 相关 追责 等 系列 处理 。 同时 ， 我方 也 将 坚决 保留 通过 法律 途径 追究 任何 组织 或 个人 针对 《 燕云十六声 》 项目 侵权 行为 责任 的 权利 。 对于 任何 损害 游戏 环境 与 玩家 利益 、 体验 的 不法 行为 ， 我方 绝不 姑息 ， 必将 严惩 到底 。 后续 ， 我方 将 持续 严厉 处置 各种 泄密 行为 ， 也 绝不 支持 任何 二次 传播 。 此外 ， 也 向 各位 游侠 真诚 致谢 ， 一段 时间 以来 ， 游侠 们 积极 向 我们 提供 其他 团体 或 个人 针对 《 燕云十六声 》 的 侵权 证据 ， 并 在 不同 场合 为 燕云 驳斥 扭曲 事实 、 颠倒黑白 的 言论 ， 以 个人 之 声 伸张 正义 。 在 游侠 们 的 支持 下 ， 目前 部分 维权 行动 已经 取得 阶段性 成果 。 我们 定 将 继续 与 游侠 们 一起 ， 坚定 地 守护 我们 共同 的 “ 燕云十六声 ” ！ 《 燕云十六声 》 项目组 ' ],2025-11,关于未公开外观设计稿泄露的处理通报
['秋声已老，冬序初开。新赛季「南吕传响·下」将于新版本更新后正式开启！在新赛季中，游侠可继续精砺武学之道，淬炼百兵之极。单人模式等级将开放「十七级·鸿法」，突破后将略微提升角色属性，61-65层「装备叠音」培养也将开放。同时，并不会开放新等级上限和新等阶装备，等级上限仍然保持为100级。此外，游侠对奇术的掌握将更上一层楼。新赛季中「奇术」培养上限将提升至6重20段，奇术「阴阳迷踪步」将开放第六重突破效果。解锁了基础天赋「奇术新悟」能力的游侠还可推演出「狮吼正声」、「金蟾腾跃」、「流星坠火」和「阴阳迷踪步」这四种奇术的变招，助力游侠开阔武道格局。随着游侠武道之路再入新境，也有新的挑战在前路相候。「太平武墓-流派试练」迎来将赛季第二期，等待游侠们一展武艺；「止戈」赛季进入下半程，各玩法积分将根据上半赛季游侠们的表现进行分段重置。更多赛季内容详情，欢迎届时前往游戏内查看正式公告。今日，我们想先带游侠抢先一观其中最为凶险的试炼。全新试剑「俣俣神浒」及侠境「点雪断恩仇」将于本周正式上线。金戈百战，再征云烟，新的劲敌在前，待游侠邀上同道之友，扬武助新声！机巧杀局，墨门遗韵密室首战，铁心蜈机关精妙已令人叹为观止。此番再遇，诡谲更甚。试剑中的铁心蜈不仅已修缮完毕，更添残躯召唤，组合再生之能。若游侠未能及时清理铁心蜈召唤的残躯，其不仅能借此恢复动力，更有瘴气溢散，使安身之地愈渐狭隘。*预研中画面，请以游戏内实际效果为准然游侠在墨山道亦磨练许久机关之术，正好一试锋芒。此战中游侠完成“卸武”，可拾其武器以彼之道还施彼身！具体如何施展，还需游侠亲自探索。*预研中画面，请以游戏内实际效果为准破此凶险，方能再睹绝世舞姿。铜骨绡面，双傀凌空，又多伴舞傀儡扰局滋事，此战更需同袍心有灵犀，配合无间。伴舞舞傀暗置同心盾，战斗间损一则众强，一一诛尽绝非上策。若能两两配对，再引其互撞消解，方为破局之机。*预研中画面，请以游戏内实际效果为准冰音双劫，生死和鸣常平仓中，冰塔矗立，郑鄂已于此恭候多时。此处关键，全在一个“夺”字。郑鄂居高临下，梦傀四起。欲破局，唯有精准卸势汹涌刀光，将其振落塔下。夺塔守塔，生机所系。治疗之位，关乎存亡！扶医者登塔，治疗之力可获增益，力御灭顶之灾！场中梦傀不绝，游侠击败身泛微光者可获能量，增强治疗技能。游侠接受增强治疗，亦可获得减伤增益，从容抵御毒域侵蚀。若遇朝升暮落花凝生毒瘴，当以火箭速清，方能护阵地安稳，续航不辍。*预研中画面，请以游戏内实际效果为准破冰塔之困，方入音律之境，再见听梅点雪。琴笛交鸣，曲到半阙，二人音律化盾，需谙音律者拨弦合律，弹奏破阵。余下众人护其周全，生死相托。*预研中画面，请以游戏内实际效果为准整场战斗暗合节拍，攻防循律而动。若踏错一拍，便遭音刃反噬，合上节奏，则能化杀招为和鸣。音律之事，最重一个心定手稳，若多有不慎，那可是生死之别。*预研中画面，请以游戏内实际效果为准赛季新启，气象一新。本周，将有包括战令套装【山君啸林】、武器外观·剑【有竹见】在内的一批全新外观上线——全新套装【山君啸林】猛气吞赤豹，雄威慑封狼。*预研中画面，请以游戏内实际效果为准《周易》有云：藏器于身，待时而动。少年君主独步深林，不怒自威而气吞赤豹，不发一声而威慑封狼。风过其侧而声寂，云凝其顶而势成，恰合「错金银」之“藏锋”妙境，乃“山君”之相也。衣袍虽承主人华贵之气，但剪裁流畅利落，贴合朝气挺拔之姿。又撷西汉海昏侯墓漆樽所载万象，龙腾云涌、日月交辉之间，锋芒不显却威仪堂堂。仿佛这天地寰宇，也不过是其爪下又一片更广袤的猎场。*预研中画面，请以游戏内实际效果为准全新战令套装【山君啸林】即将于（本周五）上架并同步开放「染色」。届时游侠可通过购买精英战令并达到指定等级解锁。同时，还可解锁主角头像、置景【动疏影】、风华环境【波光】、题跋【啸山风】等诸多外观和【袅袅之音】、【绕梁之音】、【长鸣玉】等诸多奖励。同时购买典藏战令可以直接提升10级，还可以额外获得置景【掷天机】、聊天气泡【落纸云烟】和【袅袅之音】，同时也将解锁全部精英战令额外奖励，并获得更多超值典藏权益。温馨提示，本期更新后，「战令购买」及「战令任务」的结束时间将延长至当前赛季最后一周的周五。全新武器外观·剑【有竹见】*预研中画面，请以游戏内实际效果为准化故人思念为力量，万千江湖意气凝于一竹。此剑以竹隐居新竹所制，进可强身健体，退可下河捞鱼。「出竹意」同款主题武器外观·剑【有竹见】将于（本周五）上架，届时游侠可前往【商店】以60「长鸣珠」购得。“喂喂喂，你听说了么，清河出了个神喵喵！什么？它还要去习武？！”本周，活动「猫之行」也将惊喜回归！版本更新后，游侠登录游戏即可在活动界面领取神猫双十一为未来师傅准备的贽见礼——三张【惠音券】。游侠还可通过完成相关活动任务，获得配饰【喵听令】、【绕梁之音】、【长鸣玉】等丰富奖励。如果游侠已获得【喵听令】，将会获得10个【素裳染粉】作为替代。本次【惠音券】额度分别为【满60减40长鸣珠】、【满长鸣珠】和【满长鸣珠】。【惠音券】支持在「商城」购买外观使用，也支持在「购物车」凑单使用，【惠音券】无法与其他券、折扣商品叠加，有效期截止至日。在【惠音券】有效期前，「商城」将陆续上架2580【长鸣珠】、1280【长鸣珠】等档位外观，具体外观上架时间，游侠请留意后续的官方公告。本次活动还将新增凑单商店机制。在【惠音券】有效时间内，「外观商城」中现有可用【惠音券】的商品总价不足6480【长鸣珠】时，将解锁「凑单商店」，本商店的商品支持使用【惠音券】凑单满减，游侠记得选好券再结算哦！温馨提示：之后仍有新商品上架，不计入总价计算。天喵来信，福利升级！版本更新后，等级达到5级的游侠还可前往邮箱免费领取配饰【观浮云】*1，邮件有效期截止至，还请记得及时上线领取！']。 —— 新赛季周五开启，全新试剑、侠境同步上线-,《 新 赛季 周五 开启 ， 全新 试剑 、 侠境 同步 上线 》 : [ ' 秋声 已 老 ， 冬序 初 开 。 新 赛季 「 南吕 传响 · 下 」 将 于 新版本 更新 后 正式 开启 ！ 在 新 赛季 中 ， 游侠 可 继续 精砺 武学 之 道 ， 淬炼 百 兵 之极 。 单人 模式 等级 将 开放 「 十七级 · 鸿法 」 ， 突破 后 将 略微 提升 角色 属性 ， 61-65层 「 装备 叠音 」 培养 也 将 开放 。 同时 ， 并 不会 开放 新 等级 上限 和 新 等阶 装备 ， 等级 上限 仍然 保持 为 100级 。 此外 ， 游侠 对 奇术 的 掌握 将 更上一层楼 。 新 赛季 中 「 奇术 」 培养 上限 将 提升 至 6重 20段 ， 奇术 「 阴阳 迷踪步 」 将 开放 第六重 突破 效果 。 解锁 了 基础 天赋 「 奇术 新悟 」 能力 的 游侠 还 可 推演 出 「 狮吼正声 」 、 「 金蟾腾跃 」 、 「 流星 坠火 」 和 「 阴阳 迷踪步 」 这 四种 奇术 的 变招 ， 助力 游侠 开阔 武道 格局 。 随着 游侠 武道 之 路 再 入 新境 ， 也 有 新 的 挑战 在 前路 相候 。 「 太平武墓 流派 试练 」 迎来 将 赛季 第二期 ， 等待 游侠 们 一 展 武艺 ； 「 止戈 」 赛季 进入 下 半程 ， 各 玩法 积分 将 根据 上 半 赛季 游侠 们 的 表现 进行 分段 重置 。 更 多 赛季 内容 详情 ， 欢迎 届时 前往 游戏 内 查看 正式 公告 。 今日 ， 我们 想 先 带 游侠 抢先 一 观 其中 最为 凶险 的 试炼 。 全新 试剑 「俣 俣 神浒 」 及 侠境 「 点 雪 断 恩仇 」 将 于 本周 正式 上线 。 金戈 百 战 ， 再 征 云烟 ， 新 的 劲敌 在 前 ， 待 游侠 邀 上 同道 之 友 ， 扬武 助 新声 ！ 机巧 杀局 ， 墨门 遗韵 密室 首战 ， 铁心蜈 机关 精妙 已 令人 叹为观止 。 此 番 再 遇 ， 诡谲 更 甚 。 试剑 中 的 铁心蜈 不仅 已 修缮 完毕 ， 更 添 残躯 召唤 ， 组合 再生 之 能 。 若 游侠 未能 及时 清理 铁心蜈 召唤 的 残躯 ， 其 不仅 能 借 此 恢复 动力 ， 更 有 瘴气 溢散 ， 使 安身 之 地 愈渐 狭隘 。 * 预研 中 画面 ， 请 以 游戏 内 实际 效果 为 准 然 游侠 在 墨山道 亦 磨练 许久 机关 之 术 ， 正好 一 试 锋芒 。 此 战 中 游侠 完成 “ 卸 武 ” ， 可 拾 其 武器 以 彼 之 道 还 施 彼 身 ！ 具体 如何 施展 ， 还 需 游侠 亲自 探索 。 * 预研 中 画面 ， 请 以 游戏 内 实际 效果 为 准 破 此 凶险 ， 方 能 再 睹 绝世 舞姿 。 铜骨 绡面 ， 双傀 凌空 ， 又 多 伴舞 傀儡 扰局 滋事 ， 此战 更 需 同袍 心有灵犀 ， 配合 无间 。 伴舞 舞傀 暗 置 同心盾 ， 战斗 间损 一则 众 强 ， 一 一 诛 尽 绝非 上策 。 若 能 两 两 配对 ， 再 引 其 互 撞 消解 ， 方 为 破局 之 机 。 * 预研 中 画面 ， 请 以 游戏 内 实际 效果 为 准 冰音 双 劫 ， 生死 和鸣常 平仓 中 ， 冰塔 矗立 ， 郑鄂 已 于 此 恭候 多时 。 此处 关键 ， 全 在 一个 “ 夺 ” 字 。 郑鄂 居高临下 ， 梦傀 四起 。 欲 破局 ， 唯 有 精准 卸势 汹涌 刀光 ， 将 其 振 落 塔 下 。 夺 塔 守 塔 ， 生机 所 系 。 治疗 之 位 ， 关乎 存亡 ！ 扶医者 登 塔 ， 治疗 之 力 可 获 增益 ， 力 御 灭顶之 灾 ！ 场 中 梦傀 不绝 ， 游侠 击败 身 泛 微光 者 可 获 能量 ， 增强 治疗 技能 。 游侠 接受 增强 治疗 ， 亦 可 获得 减 伤 增益 ， 从容 抵御 毒域 侵蚀 。 若 遇 朝 升 暮 落花 凝 生 毒瘴 ， 当 以 火箭 速 清 ， 方 能 护 阵地 安稳 ， 续航 不 辍 。 * 预研 中 画面 ， 请 以 游戏 内 实际 效果 为 准 破 冰塔 之 困 ， 方 入 音律 之 境 ， 再 见 听梅点雪 。 琴笛 交鸣 ， 曲 到 半阙 ， 二 人 音律 化 盾 ， 需 谙 音律 者 拨弦 合律 ， 弹奏 破阵 。 余下 众人 护 其 周全 ， 生死相托 。 * 预研 中 画面 ， 请 以 游戏 内 实际 效果 为 准 整场 战斗 暗合 节拍 ， 攻防 循律 而 动 。 若 踏 错 一 拍 ， 便 遭 音刃 反噬 ， 合 上 节奏 ， 则 能 化 杀招 为 和鸣 。 音律 之 事 ， 最 重 一个 心 定 手 稳 ， 若 多 有 不慎 ， 那 可是 生死 之 别 。 * 预研 中 画面 ， 请 以 游戏 内 实际 效果 为 准 赛季 新 启 ， 气象一新 。 本周 ， 将 有 包括 战令 套装 【 山君啸林 】 、 武器 外观 · 剑 【 有竹见 】 在内 的 一批 全新 外观 上线 —— 全新 套装 【 山君啸林 】 猛气 吞 赤豹 ， 雄 威慑 封 狼 。 * 预研 中 画面 ， 请 以 游戏 内 实际 效果 为 准 《 周易 》 有 云 ： 藏器 于 身 ， 待 时 而 动 。 少年 君主 独步 深林 ， 不 怒 自威 而 气 吞 赤豹 ， 不 发 一 声 而 威慑 封 狼 。 风 过 其 侧 而 声寂 ， 云 凝 其 顶 而 势 成 ， 恰合 「 错金银 」 之 “ 藏锋 ” 妙境 ， 乃 “ 山君 ” 之 相 也 。 衣袍 虽 承 主人 华贵 之 气 ， 但 剪裁 流畅 利落 ， 贴合 朝气 挺拔 之 姿 。 又 撷 西汉 海昏侯墓 漆樽 所 载 万象 ， 龙腾云涌 、 日月 交辉 之间 ， 锋芒 不 显 却 威仪堂堂 。 仿佛 这 天地 寰宇 ， 也 不过是 其 爪 下 又 一片 更 广袤 的 猎场 。 * 预研 中 画面 ， 请 以 游戏 内 实际 效果 为 准 全新 战令 套装 【 山君啸林 】 即将 于 （ 本周五 ） 上架 并 同步 开放 「 染色 」 。 届时 游侠 可 通过 购买 精英 战令 并 达到 指定 等级 解锁 。 同时 ， 还 可 解锁 主角 头像 、 置景 【 动疏影 】 、 风华 环境 【 波光 】 、 题跋 【 啸山风 】 等 诸多 外观 和 【 袅袅之音 】 、 【 绕梁之音 】 、 【 长鸣玉 】 等 诸多 奖励 。 同时 购买 典藏 战令 可以 直接 提升 10级 ， 还 可以 额外 获得 置景 【 掷天机 】 、 聊天 气泡 【 落纸云烟 】 和 【 袅袅之音 】 ， 同时 也 将 解锁 全部 精英 战令 额外 奖励 ， 并 获得 更 多 超值 典藏 权益 。 温馨 提示 ， 本 期 更新 后 ， 「 战令 购买 」 及 「 战令 任务 」 的 结束 时间 将 延长 至 当前 赛季 最后 一周 的 周五 。 全新 武器 外观 · 剑 【 有竹见 】 * 预研 中 画面 ， 请 以 游戏 内 实际 效果 为 准 化 故人 思念 为 力量 ， 万千 江湖 意气 凝 于 一 竹 。 此 剑 以 竹 隐居 新竹 所 制 ， 进 可 强身 健体 ， 退 可 下 河 捞鱼 。 「 出竹意 」 同款 主题 武器 外观 · 剑 【 有竹见 】 将 于 （ 本周五 ） 上架 ， 届时 游侠 可 前往 【 商店 】 以 60 「 长鸣珠 」 购得 。 “ 喂喂 喂 ， 你 听说 了 么 ， 清河 出 了 个 神喵喵 ！ 什么 ？ 它 还要 去 习武 ？ ！ ” 本周 ， 活动 「 猫 之 行 」 也 将 惊喜 回归 ！ 版本 更新 后 ， 游侠 登录 游戏 即可 在 活动 界面 领取 神猫双十一 为 未来 师傅 准备 的 贽 见礼 — — 三张 【 惠音券 】 。 游侠 还 可 通过 完成 相关 活动 任务 ， 获得 配饰 【 喵听令 】 、 【 绕梁之音 】 、 【 长鸣玉 】 等 丰富 奖励 。 如果 游侠 已 获得 【 喵听令 】 ， 将 会 获得 10个 【 素裳染粉 】 作为 替代 。 本 次 【 惠音券 】 额度 分别 为 【 满 60 减 40 长鸣珠 】 、 【 满 长鸣珠 】 和 【 满 长鸣珠 】 。 【 惠音券 】 支持 在 「 商城 」 购买 外观 使用 ， 也 支持 在 「 购物车 」 凑单 使用 ， 【 惠音券 】 无法 与 其他 券 、 折扣 商品 叠加 ， 有效期 截止 至日 。 在 【 惠音券 】 有效期 前 ， 「 商城 」 将 陆续 上架 2580 【 长鸣珠 】 、 1280 【 长鸣珠 】 等 档位 外观 ， 具体 外观 上架 时间 ， 游侠 请 留意 后续 的 官方 公告 。 本 次 活动 还 将 新增 凑单 商店 机制 。 在 【 惠音券 】 有效 时间 内 ， 「 外观 商城 」 中 现有 可用 【 惠音券 】 的 商品 总价 不足 6480 【 长鸣珠 】 时 ， 将 解锁 「 凑单 商店 」 ， 本 商店 的 商品 支持 使用 【 惠音券 】 凑单 满减 ， 游侠 记得 选 好 券 再 结算 哦 ！ 温馨 提示 ： 之后 仍 有 新 商品 上架 ， 不 计入 总价 计算 。 天喵 来信 ， 福利 升级 ！ 版本 更新 后 ， 等级 达到 5级 的 游侠 还 可 前往 邮箱 免费 领取 配饰 【 观浮云 】 * 1 ， 邮件 有效期 截止至 ， 还 请 记得 及时 上线 领取 ！ ' ],2025-11,新赛季周五开启，全新试剑、侠境同步上线
['江湖中人，皆有所求。有人为名利奔走，有人为威权沉沦，只有很少的人能够从一而终，遵循自己澄澈内心行事。梨园弟子，就是这样一群纯粹的人。再多的财富，都比不过乐舞的精进与知音的赏识。他人看起来复杂惊险的江湖，在梨园弟子眼中，不过就是大点的舞台而已。求简去繁，求真自在。立身成艺，贵在天真。正所谓——妆成牡丹海棠色，江湖百事入戏文。归来还是梨花雪，不染风月不染尘。梨园门派地位、门规等大量门派玩法内容将于本周正式上线。游侠若有乐舞之艺、求真之心，自有与你志趣相投的接引人，正在等你赴约一叙。特长——乐舞求臻，万人空巷乐舞，乃是梨园的立派之本。梨园虽在江湖，却不以武为道，他们皆以艺臻化境为志，凭妙技赢彩满堂。江湖上从来不乏发现美的眼睛，在追寻极致技艺的道路上，自然会有一群懂得欣赏的知音为你倾心。正因如此，梨园弟子的成长之路，也是一位江湖名伶大家的出世之路。凡发布自我演奏之曲目、妙笔绘制之万相、戏乐编排之戏目等，若得知音点赞赏识，可获人气。随人气渐长，知音增多，自能说明技艺的精进。*预研中画面，请以游戏内实际效果为准随着一代代名动江湖的名伶出世，江湖各处都留下了梨园弟子与乐迷们努力创作的痕迹。不仅可见梨园弟子将新曲拓为【有声乐谱】、为他人歌声校准音律，甚至还流传着梨园主题的珍稀书籍，以及梨园弟子一言不合发起“斗舞”的珍贵影像。诸如此类，不胜枚举，游侠如有兴趣，本周更新之后便可自行前往搜集探索。门规——名伶登台，不染凡尘虽说梨园门人大多醉心乐舞不问俗世，但其门规也对弟子们的伶人素养颇有规诫，以防败坏梨园之名。德艺双馨，方为梨园至臻之道。*预研中画面，请以游戏内实际效果为准门规不仅要求梨园弟子当以艺名立世，塑人设、修言行，还对门人礼仪举止皆有约束，且名愈广，规愈严。自【立部伶】起，弟子皆需注意仪态，务必穿着成套衣物或上下装，乞讨一事更是禁止。从【典乐使】起，还需额外遵循：在公共场合避免与其他游侠进行亲昵行为，包括比心、壁咚、公主抱等动作。若在多人模式中违反，还有概率留下线人线索。还有一条门规，不论地位高低都必须遵守。梨园讲究不染凡尘，情爱缠身必乱宫商之音，因此梨园子弟禁涉儿女私情。尤当谨记，勿佩侠缘之物，勿用侠缘之术，避双人独处之嫌。违者若被他人发现，将扣除戒律值。*预研中画面，请以游戏内实际效果为准细心的游侠也许已经发现，以上均有“被他人发现”的前提。艺德为上，梨园伶人应恪守门规，谨言慎行。违规行为，皆有可能为人目击，并投稿刊载至《东方第一枝》。门派不提倡弄虚作假，但江湖中有些门路，可将报道暗中撤下，挽回伶人些许风评。违规之事终难长久，切勿抱有侥幸之心，辜负这一身功夫，更莫辜负同门期许！晋升——珠联璧合，携手共进梨园成立初衷，乃是广招天下妙艺天成之人，共臻乐舞化境。若是将弟子困于晋升得失，并不能达成这一期望。为减轻弟子之间的竞争压力，让弟子更专注于艺术创作，梨园中设立有【戏班】这一全新制度。梨园门派中的地位排名，除了有常规的地位功绩排名外，门内还基于排行榜中全部弟子汇总出戏班总热度，以此进行戏班等级的晋升。当戏班等级越高，则晋升比例越高，降级比例越低。只要齐心共进，用心钻研，哪怕暂时落于灵感低谷，也有同班扶持，技艺日臻。同时，还将开设戏班专属聊天频道，方便各位讨论切磋，共商集体荣誉。同班之人，本就应该是友非敌。*预研中画面，请以游戏内实际效果为准梨园的“携手共进”之处，在其他方面亦有体现。在乐舞之巅，将由最顶尖的梨园弟子参与“天下名伶”的角逐。除了本门弟子能参与投票之外，全江湖的全部游侠，都能通过购买梨园商品，用附送的【霓旌】为支持名伶投票。这是梨园的盛事，也是江湖的盛事。成为“天下名伶”后的特殊权益暂且不表，但出售【霓旌】所得，都将以短陌钱形式分润给全部梨园弟子。师门如此慷慨，还望各位梨园同道多加努力，下一个“天下名伶”说不定就是你！篇幅所限，这名伶之路上的种种精彩未能逐一展开，且待有志于此的游侠亲往体验！']。 —— 立身成艺，贵在天真丨梨园门派玩法本周上线-,《 立身成艺 ， 贵 在 天真 丨 梨园 门派 玩法 本周 上线 》 : [ ' 江湖 中 人 ， 皆 有所 求 。 有人 为 名利 奔走 ， 有人 为 威权 沉沦 ， 只有 很少 的 人 能够 从一而终 ， 遵循 自己 澄澈 内心 行事 。 梨园 弟子 ， 就是 这样 一群 纯粹 的 人 。 再 多 的 财富 ， 都 比不过 乐舞 的 精进 与 知音 的 赏识 。 他人 看起来 复杂 惊险 的 江湖 ， 在 梨园 弟子 眼中 ， 不过就是 大 点 的 舞台 而已 。 求 简 去 繁 ， 求 真 自在 。 立身 成 艺 ， 贵 在 天真 。 正 所谓 —— 妆 成 牡丹 海棠 色 ， 江湖 百事 入 戏文 。 归来 还是 梨花 雪 ， 不 染 风月 不 染 尘 。 梨园 门派 地位 、 门规 等 大量 门派 玩法 内容 将 于 本周 正式 上线 。 游侠 若 有 乐舞 之 艺 、 求 真 之 心 ， 自 有 与 你 志趣 相投 的 接引人 ， 正在 等 你 赴约 一 叙 。 特长 —— 乐舞 求 臻 ， 万人空巷 乐舞 ， 乃是 梨园 的 立派 之 本 。 梨园 虽 在 江湖 ， 却 不 以 武 为 道 ， 他们 皆 以 艺臻 化境 为 志 ， 凭 妙技 赢彩 满堂 。 江湖 上 从来 不乏 发现 美 的 眼睛 ， 在 追寻 极致 技艺 的 道路 上 ， 自然 会 有 一群 懂得 欣赏 的 知音 为 你 倾心 。 正 因 如此 ， 梨园 弟子 的 成长 之 路 ， 也是 一 位 江湖 名伶 大家 的 出世 之 路 。 凡 发布 自我 演奏 之 曲目 、 妙笔 绘制 之 万相 、 戏乐 编排 之 戏目 等 ， 若 得 知音 点赞 赏识 ， 可 获 人气 。 随 人气 渐 长 ， 知音 增多 ， 自 能 说明 技艺 的 精进 。 * 预研 中 画面 ， 请 以 游戏 内 实际 效果 为 准 随着 一代 代 名动 江湖 的 名伶 出世 ， 江湖 各处 都 留下 了 梨园 弟子 与 乐迷 们 努力 创作 的 痕迹 。 不仅 可见 梨园 弟子 将 新曲 拓 为 【 有声 乐谱 】 、 为 他人 歌声 校准 音律 ， 甚至 还 流传 着 梨园 主题 的 珍稀 书籍 ， 以及 梨园 弟子 一言不合 发起 “ 斗舞 ” 的 珍贵 影像 。 诸如此类 ， 不胜枚举 ， 游侠 如 有 兴趣 ， 本周 更新 之后 便 可 自行 前往 搜集 探索 。 门规 —— 名伶 登台 ， 不 染 凡尘 虽说 梨园 门人 大多 醉心 乐舞 不 问 俗世 ， 但 其 门规 也 对 弟子 们 的 伶人 素养 颇有 规诫 ， 以防 败坏 梨园 之 名 。 德艺 双 馨 ， 方 为 梨园 至 臻 之 道 。 * 预研 中 画面 ， 请 以 游戏 内 实际 效果 为 准 门规 不仅 要求 梨园 弟子 当 以 艺名 立世 ， 塑 人 设 、 修 言行 ， 还 对 门人 礼仪 举止 皆 有 约束 ， 且 名 愈 广 ， 规 愈 严 。 自 【 立部伶 】 起 ， 弟子 皆 需 注意 仪态 ， 务必 穿 着 成套 衣物 或 上下装 ， 乞讨 一 事 更 是 禁止 。 从 【 典乐使 】 起 ， 还 需 额外 遵循 ： 在 公共 场合 避免 与 其他 游侠 进行 亲昵 行为 ， 包括 比心 、 壁咚 、 公主抱 等 动作 。 若 在 多 人 模式 中 违反 ， 还有 概率 留下 线人 线索 。 还有 一 条 门规 ， 不论 地位 高低 都 必须 遵守 。 梨园 讲究 不 染 凡尘 ， 情爱 缠身 必 乱 宫商 之 音 ， 因此 梨园 子弟 禁涉 儿女 私情 。 尤 当 谨记 ， 勿 佩 侠缘 之 物 ， 勿 用 侠缘 之 术 ， 避 双 人 独处 之 嫌 。 违者 若 被 他人 发现 ， 将 扣除 戒律值 。 * 预研 中 画面 ， 请 以 游戏 内 实际 效果 为 准 细心 的 游侠 也许 已经 发现 ， 以上 均 有 “ 被 他人 发现 ” 的 前提 。 艺德 为 上 ， 梨园 伶人 应 恪守 门规 ， 谨言慎行 。 违规 行为 ， 皆 有 可能 为 人 目击 ， 并 投稿 刊载 至 《 东方 第一 枝 》 。 门派 不 提倡 弄虚作假 ， 但 江湖 中 有些 门路 ， 可 将 报道 暗中 撤 下 ， 挽回 伶人 些许 风评 。 违规 之 事 终 难 长久 ， 切勿 抱 有 侥幸 之 心 ， 辜负 这 一身 功夫 ， 更 莫 辜负 同门 期许 ！ 晋升 —— 珠联璧合 ， 携手 共 进 梨园 成立 初衷 ， 乃是 广 招 天下 妙艺 天成 之 人 ， 共 臻 乐舞 化境 。 若是 将 弟子 困于 晋升 得失 ， 并 不能 达成 这 一 期望 。 为 减轻 弟子 之间 的 竞争 压力 ， 让 弟子 更 专注 于 艺术 创作 ， 梨园 中 设立 有 【 戏班 】 这 一 全新 制度 。 梨园 门派 中 的 地位 排名 ， 除了 有 常规 的 地位 功绩 排名 外 ， 门内 还 基于 排行榜 中 全部 弟子 汇总 出 戏班 总 热度 ， 以 此 进行 戏班 等级 的 晋升 。 当 戏班 等级 越 高 ， 则 晋升 比例 越 高 ， 降级 比例 越 低 。 只要 齐心共进 ， 用心 钻研 ， 哪怕 暂时 落于 灵感 低谷 ， 也 有 同班 扶持 ， 技艺 日臻 。 同时 ， 还 将 开设 戏班 专属 聊天 频道 ， 方便 各位 讨论 切磋 ， 共商 集体 荣誉 。 同班 之 人 ， 本 就 应该 是 友 非 敌 。 * 预研 中 画面 ， 请 以 游戏 内 实际 效果 为 准 梨园 的 “ 携手 共 进 ” 之 处 ， 在 其他 方面 亦 有 体现 。 在 乐舞 之 巅 ， 将 由 最 顶尖 的 梨园 弟子 参与 “ 天下 名伶 ” 的 角逐 。 除了 本门 弟子 能 参与 投票 之外 ， 全 江湖 的 全部 游侠 ， 都 能 通过 购买 梨园 商品 ， 用 附送 的 【 霓旌 】 为 支持 名伶 投票 。 这是 梨园 的 盛事 ， 也是 江湖 的 盛事 。 成为 “ 天下 名伶 ” 后 的 特殊 权益 暂且 不 表 ， 但 出售 【 霓旌 】 所得 ， 都 将 以 短 陌 钱 形式 分润 给 全部 梨园 弟子 。 师门 如此 慷慨 ， 还 望 各位 梨园 同道 多加 努力 ， 下 一个 “ 天下 名伶 ” 说不定 就 是 你 ！ 篇幅 所 限 ， 这 名伶 之 路 上 的 种种 精彩 未能 逐一 展开 ， 且 待 有志 于 此 的 游侠 亲往 体验 ！ ' ],2025-11,立身成艺，贵在天真丨梨园门派玩法本周上线
['随着今日不停服维护完成，秦川的尾声故事已正式上线。游侠现已能进入游戏，体验三大镇守、暗线剧情等全新重磅内容。秦川的故事始于一幅画，开启镇守「陷城湖」等内容前，需要先完成秦川残章「我的朋友」，随后便可沿着画师对方白的友情线索，见证整场河西旅途的终焉。「我的朋友」既是画师之友，亦是游侠在茫茫大梦中相识的友人。无悔曾经相逢，愿君此去珍重。过程中若有迷茫不解之处，游侠可随时通过游戏内【燕叽问答】寻求引导。目前部分bug和体验问题已经定位，我们仍在紧急优化修复中。若游侠在体验过程中遇到问题，也欢迎随时向我们发来反馈！对月亮的追寻，贯穿着河西故事的始终。天何所沓？十二焉分？从屈原的《天问》开始，人类对于宇宙的追问从未停止。你是否也曾好奇，天宫中，到底响着何等音律？我们与《科学追光者》开展科普联动第二弹，邀请“中国天眼”总工程师姜鹏老师，与游侠溯游星河璀璨，探寻宇宙深处的天籁。谨以此片，致敬每一位科学工作者。邀月问天|与姜鹏老师一起聆听天宫回响90.9万观看129弹幕从《天问》到“天眼”，两千年的仰望，终于变成了触摸。而在「陷城湖」的故事里，信念的风筝，也终会被千万同路之人托举腾飞，奔向明月。心之所向，即为长安。每个人都想回到长安，但最后会发现，我们心中的长安早已被揉碎流入黄河，流入每个人的血脉，流入每个关于故乡的梦里。在千万人前赴后继的接力中，凝聚成为文明的脊梁，支撑着我们伸手去够着那遥不可及的月亮。此间诸多精彩，还待游侠亲自前往体验。本周的具体更新内容详情，还请查看下方公告——']。 —— 古今同此月丨三大全新镇守现已上线-,《 古今 同 此 月 丨 三 大 全新 镇守 现 已 上线 》 : [ ' 随着 今日 不 停服 维护 完成 ， 秦川 的 尾声 故事 已 正式 上线 。 游侠 现 已 能 进入 游戏 ， 体验 三 大 镇守 、 暗线 剧情 等 全新 重磅 内容 。 秦川 的 故事 始 于 一 幅 画 ， 开启 镇守 「 陷城湖 」 等 内容 前 ， 需要 先 完成 秦川 残章 「 我 的 朋友 」 ， 随后 便 可 沿着 画师 对 方白 的 友情 线索 ， 见证 整 场 河西 旅途 的 终 焉 。 「 我 的 朋友 」 既是 画师 之 友 ， 亦 是 游侠 在 茫茫 大 梦 中 相识 的 友人 。 无 悔 曾经 相逢 ， 愿 君 此 去 珍重 。 过程 中 若 有 迷茫 不解 之 处 ， 游侠 可 随时 通过 游戏 内 【 燕叽 问答 】 寻求 引导 。 目前 部分 bug 和 体验 问题 已经 定位 ， 我们 仍 在 紧急 优化 修复 中 。 若 游侠 在 体验 过程 中 遇到 问题 ， 也 欢迎 随时 向 我们 发 来 反馈 ！ 对 月亮 的 追寻 ， 贯穿 着 河西 故事 的 始终 。 天 何 所 沓 ？ 十二 焉 分 ？ 从 屈原 的 《 天问 》 开始 ， 人类 对于 宇宙 的 追问 从未 停止 。 你 是否 也曾 好奇 ， 天宫 中 ， 到底 响 着 何等 音律 ？ 我们 与 《 科学 追光者 》 开展 科普 联动 第二弹 ， 邀请 “ 中国 天眼 ” 总工程师 姜鹏 老师 ， 与 游侠 溯游 星河 璀璨 ， 探寻 宇宙 深处 的 天籁 。 谨 以 此 片 ， 致敬 每 一 位 科学 工作者 。 邀 月问天 | 与 姜鹏 老师 一起 聆听 天宫 回响 90.9万 观看 129 弹幕 从 《 天问 》 到 “ 天眼 ” ， 两千年 的 仰望 ， 终于 变成 了 触摸 。 而 在 「 陷城湖 」 的 故事 里 ， 信念 的 风筝 ， 也 终 会 被 千万 同路 之 人 托举 腾飞 ， 奔 向 明月 。 心 之 所 向 ， 即 为 长安 。 每个人 都 想 回到 长安 ， 但 最后 会 发现 ， 我们 心中 的 长安 早已 被 揉 碎 流入 黄河 ， 流入 每个人 的 血脉 ， 流入 每个 关于 故乡 的 梦 里 。 在 千万 人 前赴后继 的 接力 中 ， 凝聚 成为 文明 的 脊梁 ， 支撑 着 我们 伸手 去 够 着 那 遥不可及 的 月亮 。 此间 诸多 精彩 ， 还 待 游侠 亲自 前往 体验 。 本周 的 具体 更新 内容 详情 ， 还 请 查看 下方 公告 —— ' ],2025-11,古今同此月丨三大全新镇守现已上线
['还记得吗？这场梦的开始。游侠坠入井中，忽见明月沉水，锦鲤游弋。回过神来已身处一陌生木屋，已而令你入神的却不过一口鱼缸。在河西旅程中，这尾锦麟也是游侠重要的旅伴。正是在它的助力下，游侠得以在浩瀚沙海和酒樽高城间游刃有余。如今，那一尾曾游入静夜的华裳锦麟，重新于清辉深处悠然现身。庄子云，梦为鱼而没于渊。这是鱼之梦，或是你之梦？池中流水长安道，锦鳞风起牡丹老。对唐人来说，牡丹是大唐的象征，锦鲤是皇室的祥瑞。这尾【赤鲤公】兼具这两大图腾的形神灵韵，展尾起舞时自有那盛世的风华。此次重逢于池中天地，它似乎想要再带游侠回望一次那万阙重楼与千年诗酒。秦川全新镇守「鱼在藻也」，静候游侠前来赴约。在此之前，也不妨先随着以下原声音乐，一窥那王朝旧影的一角。*预研中画面，请以游戏内实际效果为准含「鱼在藻也」在内，此前曾向游侠们预告的三大全新镇守与暗线剧情，预计将在明日正式与大家见面。同时在秦川区域里，也将有探游「华舆道中」等新内容，等待着游侠前往探索——*预研中画面，请以游戏内实际效果为准秦川道中，有巨舆鎏金饰彩，巍若行宫。车轮过处如雷声滚滚，所载之人，想必是地位极高的大人物。然而瘦马挽驾于前，侍从环伺在侧，神色紧张鬼鬼祟祟，行迹颇为蹊跷。游侠若是撞破了他们的行径，还免不了一场刀剑相向。甚至还另有奇人暗伏，不知有何居心。*预研中画面，请以游戏内实际效果为准事出无常必有妖，身为侠者，怎能对潜在的不平事视若不见。游侠若有万全而退的信心，不妨亲自前往探寻其中的秘密。']。 —— 全新镇守丨梦鱼在渊，恍然终觉-,《 全新 镇守 丨 梦鱼 在 渊 ， 恍然 终 觉 》 : [ ' 还 记得 吗 ？ 这 场 梦 的 开始 。 游侠 坠入 井 中 ， 忽 见 明月 沉水 ， 锦鲤 游弋 。 回 过 神 来 已 身处 一 陌生 木屋 ， 已 而 令 你 入神 的 却 不过 一 口 鱼缸 。 在 河西 旅程 中 ， 这 尾 锦麟 也是 游侠 重要 的 旅伴 。 正是 在 它 的 助力 下 ， 游侠 得以 在 浩瀚 沙海 和 酒樽 高城 间 游刃有余 。 如今 ， 那 一 尾 曾 游 入 静夜 的 华裳 锦麟 ， 重新 于 清辉 深处 悠然 现身 。 庄子 云 ， 梦 为 鱼 而 没 于 渊 。 这是 鱼 之 梦 ， 或是 你 之 梦 ？ 池 中 流水 长安道 ， 锦鳞 风 起 牡丹 老 。 对 唐人 来说 ， 牡丹 是 大唐 的 象征 ， 锦鲤 是 皇室 的 祥瑞 。 这 尾 【 赤鲤公 】 兼具 这 两 大 图腾 的 形神 灵韵 ， 展尾 起舞 时 自 有 那 盛世 的 风华 。 此次 重逢 于 池 中 天地 ， 它 似乎 想 要 再 带 游侠 回望 一次 那 万阙 重楼 与 千年 诗酒 。 秦川 全新 镇守 「 鱼在藻也 」 ， 静候 游侠 前来 赴约 。 在此 之前 ， 也 不妨 先 随着 以下 原声 音乐 ， 一 窥 那 王朝 旧影 的 一 角 。 * 预研 中 画面 ， 请 以 游戏 内 实际 效果 为 准 含 「 鱼在藻也 」 在内 ， 此前 曾 向 游侠 们 预告 的 三 大 全新 镇守 与 暗线 剧情 ， 预计 将 在 明日 正式 与 大家 见面 。 同时 在 秦川 区域 里 ， 也 将 有 探游 「 华舆道 中 」 等 新 内容 ， 等待 着 游侠 前往 探索 —— * 预研 中 画面 ， 请 以 游戏 内 实际 效果 为 准 秦川道 中 ， 有 巨舆 鎏金 饰 彩 ， 巍若行宫 。 车轮 过 处 如 雷声 滚滚 ， 所 载 之 人 ， 想必 是 地位 极 高 的 大人物 。 然而 瘦马 挽驾 于 前 ， 侍从 环伺 在 侧 ， 神色 紧张 鬼鬼祟祟 ， 行迹 颇为 蹊跷 。 游侠 若是 撞 破 了 他们 的 行径 ， 还 免不了 一 场 刀剑相向 。 甚至 还 另 有 奇人 暗伏 ， 不 知 有 何 居心 。 * 预研 中 画面 ， 请 以 游戏 内 实际 效果 为准 事 出 无常 必 有 妖 ， 身 为 侠者 ， 怎 能 对 潜在 的 不平事 视若 不见 。 游侠 若 有 万全而 退 的 信心 ， 不妨 亲自 前往 探寻 其中 的 秘密 。 ' ],2025-11,全新镇守丨梦鱼在渊，恍然终觉
"['游侠亲启：自公测开服至今，十六巷在持续监测使用第三方辅助软件的行为，除加大对举报投诉对象审查外，也在技术上采取各项措施不断完善游戏内的异常行为校验功能，核实为违规的账号将进行严厉打击，以维护江湖的公平公正。违规行为包括但不限于：使用外挂、加速类软件、或其他破坏游戏公平性的软件及""坐挂车""行为。针对「止戈」等玩法场景，依据具体违规情况，对账号进行清除全部排行榜成绩、相关玩法禁赛、暂时禁止登录、永久禁止登录等处罚；针对「百业战」场景，十六巷也将加严核查封禁力度，并对恶意利用成员开挂获利的百业进行包括但不限于负扣胜场，降级，禁赛等处罚。此外，其他违规行为我们也会持续打击，再次提醒各位游侠查看《燕云十六声公平运营公告》。网易一直致力于为玩家提供精彩的游戏，保证公平的游戏秩序，保障玩家的游戏资产安全。在不断完善游戏品质的同时，我们也衷心希望广大玩家同我们一起，共同维护一个公平和谐的游戏环境。同时，各位游侠如在游戏内遇到不良行为，也欢迎通过游戏内的举报功能向我们反馈，我们会认真进行处理，十六也将持续优化游戏内的反馈机制。如有其他疑问和需求，可通过客户服务大厅向十六巷反馈申诉。-，开发团队处理下榜玩家1438名，封停7天及以上玩家共1333名，其中永久封停玩家487名，特此公示，具体名单如下：']。 —— 《燕云十六声》违规玩家封禁公告-","《 10月31日 《 燕云十六声 》 违规 玩家 封禁 公告 》 : [ ' 游侠 亲启 ： 自 公测 开服 至今 ， 十六巷 在 持续 监测 使用 第三方 辅助 软件 的 行为 ， 除 加大 对 举报 投诉 对象 审查 外 ， 也 在 技术 上 采取 各项 措施 不断 完善 游戏 内 的 异常 行为 校验 功能 ， 核实 为 违规 的 账号 将 进行 严厉 打击 ， 以 维护 江湖 的 公平 公正 。 违规 行为 包括 但 不 限于 ： 使用 外挂 、 加速 类 软件 、 或 其他 破坏 游戏 公平性 的 软件 及 "" 坐 挂车 "" 行为 。 针对 「 止戈 」 等 玩法 场景 ， 依据 具体 违规 情况 ， 对 账号 进行 清除 全部 排行榜 成绩 、 相关 玩法 禁赛 、 暂时 禁止 登录 、 永久 禁止 登录 等 处罚 ； 针对 「 百业战 」 场景 ， 十六巷 也 将 加严 核查 封禁 力度 ， 并 对 恶意 利用 成员 开挂 获利 的 百业 进行 包括 但 不 限于 负扣 胜场 ， 降级 ， 禁赛 等 处罚 。 此外 ， 其他 违规 行为 我们 也 会 持续 打击 ， 再次 提醒 各位 游侠 查看 《 燕云十六声 公平 运营 公告 》 。 网易 一直 致力于 为 玩家 提供 精彩 的 游戏 ， 保证 公平 的 游戏 秩序 ， 保障 玩家 的 游戏 资产 安全 。 在 不断 完善 游戏 品质 的 同时 ， 我们 也 衷心 希望 广大 玩家 同 我们 一起 ， 共同 维护 一个 公平 和谐 的 游戏 环境 。 同时 ， 各位 游侠 如 在 游戏 内 遇到 不良 行为 ， 也 欢迎 通过 游戏 内 的 举报 功能 向 我们 反馈 ， 我们 会 认真 进行 处理 ， 十六 也 将 持续 优化 游戏 内 的 反馈 机制 。 如 有 其他 疑问 和 需求 ， 可 通过 客户服务大厅 向 十六巷 反馈 申诉 。 ， 开发 团队 处理 下榜 玩家 1438名 ， 封停 7天 及 以上 玩家 共 1333名 ， 其中 永久 封停 玩家 487名 ， 特此 公示 ， 具体 名单 如下 ： ' ]",2025-11,10月31日《燕云十六声》违规玩家封禁公告
['望西都，意踌躇。行至秦川终末，方觉明月依旧，而故里风物已非当年。风起于大漠，悬于九霄，归于朗月。随着秦川「陷城湖」的开放，整个河西旅途将画上句点。昨日我们曾借秦腔之声，为游侠引出「陷城湖」的开场。今日我们也想再以一曲秦腔，纪念这场茫茫大梦。《燕云十六声》与著名秦腔表演艺术家、国家级非物质文化遗产代表性传承人惠敏莉老师合作，以经典秦腔元素为灵感、结合秦川角色的故事背景进行创作，为游侠带来秦腔歌曲《望西都》，感受在朝代更迭的乱世中、家国与个人命运交织的思绪情怀。《望西都》mv|秦腔非遗联动曲79.1万观看220弹幕不过在这梦醒时分，游侠心中想必还有一些疑问。在即将到来的新镇守「青灯夜」中，游侠将能从故事的起点出发，与那位井边的帷帽女子再次相遇。寂夜依旧，竹影扶疏。入夜后，井边依然有人徘徊静候。烛灯如豆，恍然如故，她却有些微恼——有人许诺帮她一件事，却将她抛之脑后。多日过去，她的耐心已然不多，决定用自己的方式再试一次。游侠所寻的种种答案，也许就在她的故事中。*预研中画面，请以游戏内实际效果为准她曾说她也是失乡者，是困在过去里的人。她自幼独居，生活仅仅是练武和练舞，正如她手中的刀，沉默而冷峻。此心安处是吾乡，习惯了与世隔绝的她，也有自己的执着。她日日挥动手中长刃，惟愿看清那遥不可及的人与事。*预研中画面，请以游戏内实际效果为准孤寂而缺少关爱的童年教会了她很多，但她学得最好的一定是不肯放手的执着。既然游侠身上有她想要的东西，那一场针锋相对就在所难免——“若你重回人生最美好的时光，可舍得醒来？”“若你珍视的缘分从未因你而起，可愿意放手？”在这场互揭伤疤的战斗中，真心即是最好的武器。随着故事的推进，游侠也将越来越了解这位对手。若能找到那坚固心防上的裂隙，破局之法也许就在其中。*预研中画面，请以游戏内实际效果为准执刃相向，亦是执念相照。同是失乡之客，同是热血难凉，她与游侠的命运既是歧路，也是对照。当刀刃卷起往事尘埃，此次问心局，唯余一解而已。*预研中画面，请以游戏内实际效果为准此番金桃与长安的千丝万缕即将明了，女子与人生既定的对抗亦是波澜。魂梦相交，天色既明，这最后的落幕与缘起，还等游侠亲往见证。']。 —— 全新镇守丨梦醒青灯寂夜，循迹失乡之人-,《 全新 镇守 丨 梦 醒 青灯 寂 夜 ， 循迹 失 乡 之 人 》 : [ ' 望西都 ， 意 踌躇 。 行 至 秦川 终末 ， 方 觉 明月 依旧 ， 而 故里 风物 已 非 当年 。 风 起 于 大漠 ， 悬 于 九霄 ， 归于 朗月 。 随着 秦川 「 陷城湖 」 的 开放 ， 整个 河西 旅途 将 画 上 句点 。 昨日 我们 曾 借 秦腔 之 声 ， 为 游侠 引出 「 陷城湖 」 的 开场 。 今日 我们 也 想 再 以 一 曲 秦腔 ， 纪念 这 场 茫茫 大 梦 。 《 燕云十六声 》 与 著名 秦腔 表演 艺术家 、 国家级 非物质文化遗产 代表性 传承人 惠敏莉 老师 合作 ， 以 经典 秦腔 元素 为 灵感 、 结合 秦川 角色 的 故事 背景 进行 创作 ， 为 游侠 带来 秦腔 歌曲 《 望西都 》 ， 感受 在 朝代 更迭 的 乱世 中 、 家国 与 个人 命运 交织 的 思绪 情怀 。 《 望西都 》 mv | 秦腔 非 遗联 动曲 79.1万 观看 220 弹幕 不过 在 这 梦醒 时分 ， 游侠 心中 想必 还有 一些 疑问 。 在 即将 到来 的 新 镇守 「 青灯夜 」 中 ， 游侠 将 能 从 故事 的 起点 出发 ， 与 那位 井 边 的 帷帽 女子 再次 相遇 。 寂夜 依旧 ， 竹影 扶疏 。 入夜 后 ， 井边 依然 有人 徘徊 静候 。 烛灯如 豆 ， 恍然如故 ， 她 却 有些 微恼 —— 有人 许诺 帮 她 一件 事 ， 却 将 她 抛 之 脑 后 。 多日 过去 ， 她 的 耐心 已然 不 多 ， 决定 用 自己 的 方式 再 试 一次 。 游侠 所 寻 的 种种 答案 ， 也许 就 在 她 的 故事 中 。 * 预研 中 画面 ， 请 以 游戏 内 实际 效果 为 准 她 曾 说 她 也是 失乡者 ， 是 困 在 过去 里 的 人 。 她 自幼 独居 ， 生活 仅仅 是 练武 和 练 舞 ， 正如 她 手中 的 刀 ， 沉默 而 冷峻 。 此 心 安处 是 吾乡 ， 习惯 了 与世隔绝 的 她 ， 也 有 自己 的 执着 。 她 日日 挥动 手中 长 刃 ， 惟愿 看清 那 遥不可及 的 人 与 事 。 * 预研 中 画面 ， 请 以 游戏 内 实际 效果 为 准 孤寂 而 缺少 关爱 的 童年 教 会 了 她 很多 ， 但 她 学 得 最好 的 一定 是 不肯 放手 的 执着 。 既然 游侠 身上 有 她 想 要 的 东西 ， 那 一 场 针锋相对 就 在所难免 —— “ 若 你 重 回 人生 最 美好 的 时光 ， 可 舍得 醒来 ？ ” “ 若 你 珍视 的 缘分 从未 因 你 而 起 ， 可 愿意 放手 ？ ” 在 这 场 互 揭 伤疤 的 战斗 中 ， 真心 即 是 最好 的 武器 。 随着 故事 的 推进 ， 游侠 也 将 越来越 了解 这 位 对手 。 若 能 找到 那 坚固 心防 上 的 裂隙 ， 破局 之 法 也许 就 在 其中 。 * 预研 中 画面 ， 请 以 游戏 内 实际 效果 为准 执刃相向 ， 亦 是 执念 相照 。 同 是 失 乡 之 客 ， 同 是 热血 难 凉 ， 她 与 游侠 的 命运 既是 歧路 ， 也是 对照 。 当 刀刃 卷 起 往事 尘埃 ， 此次 问心局 ， 唯 余 一 解 而已 。 * 预研 中 画面 ， 请 以 游戏 内 实际 效果 为 准 此 番 金桃 与 长安 的 千丝万缕 即将 明了 ， 女子 与 人生 既定 的 对抗 亦 是 波澜 。 魂 梦 相交 ， 天色 既 明 ， 这 最后 的 落幕 与 缘起 ， 还 等 游侠 亲 往 见证 。 ' ],2025-10,全新镇守丨梦醒青灯寂夜，循迹失乡之人
['自坠入那河西一梦开始，游侠就在寻找长安，寻找归途。跟着那一轮明月，游侠走过了黄沙风雪，越过了绝路天堑，终于来到这秦川画卷的尽头。但这通往长安的唯一要道上，如今已烽燧倾颓，路断凌波。泾水清，渭水浊，正如河西百年无数英雄泪与豪杰血，浩浩荡荡奔流至此，却只见月坠遥天，城陷为湖。长安何在？归途何往？在即将上线的全新镇守「陷城湖」中，游侠便可找到答案。陷城湖的线索，始于岸边一位老者的悲歌。有别于眼前景色的宁静祥和，他的唱腔格外粗犷跌宕，仿佛他面对的不是一片大湖，而是一座燃烧的城池，破碎的希望。这是秦腔，秦川大地上祖辈相传、土生土长的艺术，有着最质朴的情感与最浓烈的表达。他的唱段将陪伴游侠走过故事里的起承转合，一段湮没的往事就此呈现——呼啦啦好一座水上城，臭烘烘浑一滩死坟茔！……害得那：城墙崩，火断送！阎王威欻欻来索命！空留这湖死水夜夜涌——哭他娘个天地动！*预研中画面，请以游戏内实际效果为准有别于今日的沉底残墟，此处本是一座横于江涛上的要塞【桃林塞】。作为长安前的门扉，自然曾是商贾辐辏，好汉云集。如此胜地，却在一夜之间天崩地陷，尽付沉渊。此次故事里，我们将尝试全新的叙事方式，让游侠能以更完整的视角亲历当年那场惊天巨变。其中或有令人愤懑不平的遗憾事，但更不乏令人击节神往的英雄气。上至庙堂王侯，下至江湖草莽，世事沉浮，不过人心二字。湖边老者的歌声依然激昂悲怆，这湖底多少事，等待着后来者重新发掘传扬。大浪哐当当又拍岸，当年的好汉埋哪边？威凛凛踏过云宵殿，谄嘻嘻舔过皂靴儿尖……管他杀得地覆天也翻！恩的提头把恩填，仇的饮血把账算！*预研中画面，请以游戏内实际效果为准和桃林塞一起陷落的，还有归去长安的方向。在这无边无际的陷城湖前，问月长安之路到了最后一步，却又是最看不到希望的一步。不知游侠最后将以何种心境，去面对这看似毫无胜算的绝地。古今惑者，多举头望月，指引了我们一路的月亮，又将给出怎样的答案？最终的选择，最后的一步，就等游侠亲自迈出。含「陷城湖」在内，秦川三个全新镇守、暗线剧情等重磅更新内容在本次维护后将于近日尽快上线，我们也会尽快为游侠们带来更多详情。本周，还将有套装【幽明既通】、发型【祭火】、「药叉破魔」奇术特效【捷疾绽华】在内的全新外观上架——全新外观【幽明既通】*预研中画面，请以游戏内实际效果为准有谚言：人有难，方为傩，傩舞起，百病消。世人既畏其獠牙狰狞，更敬其驱邪消灾之大德。历代傩者隐去真容，以神祇之名行守护之实，正如真侠者，但行侠义举，深藏身与名。当傩面覆上，便是以身为界，护佑四方清净。赤蓝披挂飘扬，臂上火焰升腾，宛如从那千年祭火中走出的古老神明，令魍魉退散，邪祟伏诛。*预研中画面，请以游戏内实际效果为准全新套装【幽明既通】将于本周上架，届时游侠可前往【商店】以2580「长鸣珠」购得，购买后附赠主角头像。套装支持上下装拆分和染色，并包含以下可拆分配饰：耳饰、帽子、配饰、披挂。全新发型【祭火】*预研中画面，请以游戏内实际效果为准万物布施，火之为言化也，阳气用事，万物变化也。全新发型【祭火】将于本周上架，届时游侠可前往【和鸣商店】以1颗「八音窍」购得，购买后附赠动态主角头像。温馨提示，发型【祭火】将于日下架。「药叉破魔」奇术特效【捷疾绽华】*预研中画面，请以游戏内实际效果为准药叉者，又称捷疾，为多闻天王座下护法神将，行天、地、空界，辖卫天门，驱魔诛恶。当日道真追随正法，持诵真经，发愿以身守护众生。是时有莲华绽彩，药叉降世，道真拳掌生风，神采烨然，世人皆以为神佛之迹。全新「药叉破魔」奇术特效【捷疾绽华】即将上架。届时游侠前往【商店】，即可以980「长鸣珠」购得。']。 —— 全新镇守丨此去秦川陷城湖，寻那浩然英雄气-,《 全新 镇守 丨 此 去 秦川 陷城湖 ， 寻 那 浩然 英雄 气 》 : [ ' 自 坠入 那 河西 一 梦 开始 ， 游侠 就 在 寻找 长安 ， 寻找 归途 。 跟着 那 一 轮 明月 ， 游侠 走过 了 黄沙 风雪 ， 越过 了 绝路 天堑 ， 终于 来到 这 秦川 画卷 的 尽头 。 但 这 通往 长安 的 唯一 要道 上 ， 如今 已 烽燧 倾颓 ， 路 断 凌波 。 泾水 清 ， 渭水 浊 ， 正如 河西 百年 无数 英雄 泪 与 豪杰 血 ， 浩浩荡荡 奔流 至此 ， 却 只见 月 坠 遥 天 ， 城 陷 为 湖 。 长安 何在 ？ 归途 何 往 ？ 在 即将 上线 的 全新 镇守 「 陷城湖 」 中 ， 游侠 便 可 找到 答案 。 陷城湖 的 线索 ， 始 于 岸边 一 位 老者 的 悲歌 。 有别于 眼前 景色 的 宁静 祥和 ， 他 的 唱腔 格外 粗犷 跌宕 ， 仿佛 他 面对 的 不是 一片 大 湖 ， 而是 一 座 燃烧 的 城池 ， 破碎 的 希望 。 这是 秦腔 ， 秦川 大地 上 祖辈 相传 、 土生土长 的 艺术 ， 有着 最 质朴 的 情感 与 最 浓烈 的 表达 。 他 的 唱段 将 陪伴 游侠 走过 故事 里 的 起承转合 ， 一段 湮没 的 往事 就此 呈现 —— 呼啦啦 好 一 座 水上城 ， 臭烘烘浑 一 滩 死 坟 茔 ！ …… 害 得 那 ： 城墙 崩 ， 火 断送 ！ 阎王威 欻欻 来 索命 ！ 空 留 这 湖 死水 夜夜 涌 —— 哭 他 娘 个 天地 动 ！ * 预研 中 画面 ， 请 以 游戏 内 实际 效果 为 准 有别于 今日 的 沉底 残墟 ， 此处 本 是 一 座 横 于 江涛 上 的 要塞 【 桃林塞 】 。 作为 长安 前 的 门扉 ， 自然 曾 是 商贾 辐辏 ， 好汉 云集 。 如此 胜地 ， 却 在 一夜 之间 天崩地陷 ， 尽 付 沉渊 。 此次 故事 里 ， 我们 将 尝试 全新 的 叙事 方式 ， 让 游侠 能 以 更 完整 的 视角 亲历 当年 那 场 惊天 巨变 。 其中 或 有 令人 愤懑不平 的 遗憾 事 ， 但 更 不乏 令人 击节 神往 的 英雄气 。 上 至 庙堂 王侯 ， 下 至 江湖 草莽 ， 世事 沉浮 ， 不过 人心 二 字 。 湖边 老者 的 歌声 依然 激昂 悲怆 ， 这 湖底 多少 事 ， 等待 着 后来者 重新 发掘 传扬 。 大浪 哐当当 又 拍岸 ， 当年 的 好汉 埋 哪边 ？ 威凛凛 踏 过 云宵殿 ， 谄嘻嘻 舔 过 皂靴儿 尖 …… 管 他 杀 得 地 覆 天 也 翻 ！ 恩 的 提头 把 恩 填 ， 仇 的 饮血 把 账 算 ！ * 预研 中 画面 ， 请 以 游戏 内 实际 效果 为 准 和 桃林塞 一起 陷落 的 ， 还有 归去 长安 的 方向 。 在 这 无边无际 的 陷城湖 前 ， 问月 长安 之 路 到 了 最后 一 步 ， 却 又是 最 看 不 到 希望 的 一 步 。 不 知 游侠 最后 将 以 何种 心境 ， 去 面对 这 看似 毫无 胜算 的 绝地 。 古今 惑者 ， 多 举头 望 月 ， 指引 了 我们 一路 的 月亮 ， 又 将 给 出 怎样 的 答案 ？ 最终 的 选择 ， 最后 的 一 步 ， 就 等 游侠 亲自 迈出 。 含 「 陷城湖 」 在内 ， 秦川 三个 全新 镇守 、 暗线 剧情 等 重磅 更新 内容 在 本 次 维护 后 将 于 近日 尽快 上线 ， 我们 也 会 尽快 为 游侠 们 带来 更 多 详情 。 本周 ， 还 将 有 套装 【 幽明 既 通 】 、 发型 【 祭 火 】 、 「 药叉 破魔 」 奇术 特效 【 捷疾绽华 】 在内 的 全新 外观 上架 —— 全新 外观 【 幽明 既 通 】 * 预研 中 画面 ， 请 以 游戏 内 实际 效果 为 准 有 谚言 ： 人 有 难 ， 方 为 傩 ， 傩舞 起 ， 百 病 消 。 世人 既 畏 其 獠牙 狰狞 ， 更 敬 其 驱邪 消灾 之 大德 。 历代 傩者 隐 去 真容 ， 以 神祇 之 名 行 守护 之 实 ， 正如 真侠者 ， 但 行侠 义举 ， 深 藏身 与 名 。 当 傩面 覆 上 ， 便是 以 身 为 界 ， 护佑 四方 清净 。 赤蓝 披挂 飘扬 ， 臂 上 火焰 升腾 ， 宛如 从 那 千年 祭火 中 走出 的 古老 神明 ， 令 魍魉 退散 ， 邪祟 伏诛 。 * 预研 中 画面 ， 请 以 游戏 内 实际 效果 为 准 全新 套装 【 幽明 既 通 】 将 于 本周 上架 ， 届时 游侠 可 前往 【 商店 】 以 2580 「 长鸣珠 」 购得 ， 购买 后 附赠 主角 头像 。 套装 支持 上下装 拆分 和 染色 ， 并 包含 以下 可 拆分 配饰 ： 耳饰 、 帽子 、 配饰 、 披挂 。 全新 发型 【 祭火 】 * 预研 中 画面 ， 请 以 游戏 内 实际 效果 为 准 万物 布施 ， 火 之 为 言 化 也 ， 阳气 用事 ， 万物 变化 也 。 全新 发型 【 祭火 】 将 于 本周 上架 ， 届时 游侠 可 前往 【 和鸣商店 】 以 1 颗 「 八音窍 」 购得 ， 购买 后 附赠 动态 主角 头像 。 温馨 提示 ， 发型 【 祭火 】 将 于 日 下架 。 「 药叉 破魔 」 奇术 特效 【 捷疾绽华 】 * 预研 中 画面 ， 请 以 游戏 内 实际 效果 为 准 药叉者 ， 又 称 捷疾 ， 为 多闻 天王 座 下 护法 神将 ， 行 天 、 地 、 空界 ， 辖卫 天门 ， 驱魔 诛恶 。 当日 道真 追随 正法 ， 持诵 真经 ， 发愿 以 身 守护 众生 。 是时 有 莲华 绽彩 ， 药叉 降世 ， 道真 拳掌 生风 ， 神采 烨然 ， 世人 皆 以为 神佛 之 迹 。 全新 「 药叉 破魔 」 奇术 特效 【 捷疾绽华 】 即将 上架 。 届时 游侠 前往 【 商店 】 ， 即 可 以 980 「 长鸣珠 」 购得 。 ' ],2025-10,全新镇守丨此去秦川陷城湖，寻那浩然英雄气
['江湖虽然精彩纷呈，但也有诸多艰难险阻。有的游侠加入了百业，与志同道合之人共同闯荡。有的游侠喜欢独行，但也常常被其他游侠留下的路牌与援手所温暖。预计在本周，路牌与百业驻地功能都将迎来升级。从一方驻地到千里山川，游侠们可在江湖里留下更多美好印记。广袤天地间，一草一木、一石一景，皆可留下江湖故事。「路路通」、「方寸间」、「赠好礼」三种全新路牌即将上线，自此游侠可以更多样的形式，与往来有缘之人交流。*预研中画面，请以游戏内实际效果为准其中，「路路通」将率先于不见山区域开放。当游侠在两峰之间架起便利的滑轨，或于险隘之处建起稳固的吊桥，便可竖起「路路通」将这份便利同步分享，与四方游侠共同完善山峦间的交通脉络。不畏山高，不惧水阻，众志所向，自能铺就通途。*预研中画面，请以游戏内实际效果为准建造之趣，不止于便利通达，更在于与山水共鸣的意境创造。无论是湖畔林间的清雅小院，还是云巅之上的飘渺茶楼，游侠的匠心之作，皆可借「方寸间」将一方景色定格分享。其他游侠路遇此牌便可进入，品鉴匠心与风光相融的妙趣。当多位游侠进入同一方寸间时，将随机匹配至同一多人位面，让静默的风景化为实时邂逅、互动交流的舞台。哪怕只是萍水相逢，也能在此相见甚欢。*预研中画面，请以游戏内实际效果为准【赠好礼】路牌则为游侠提供了在江湖留下“奇遇”的可能。游侠可将惊喜置于其中，化作一份礼物。以一份不经意的赠礼，为江湖增添更多喜悦与变数！此外，应诸位游侠提议，遨游路牌将新增「自定义筛选」功能。游侠可根据自己的习惯和需求，自行选择想要遇见的路牌种类，避免不必要的打扰。*预研中画面，请以游戏内实际效果为准对很多加入百业的游侠来说，百业驻地是江湖中重要的落脚点。此番更新之后，游侠将有更大的发挥空间，去共建理想中的驻地家园。更新后，游侠可消耗百业资金，在驻地内自由进行装饰。除「一决高下」玩法区域外，各处区域皆可随心搭建。后续我们还将开放百业原有建筑的重建装饰，提供更高的自由度。诚邀各家“土木宗”大能挥洒巧思，共筑属于自家百业的惊鸿巧构！*预研中画面，请以游戏内实际效果为准百业管事新增驻地基础建造及驻地管理权限。驻地基础建造权限可用于图纸设计、组件填充等；拥有驻地管理权限的游侠则可针对整个驻地进行一键回收、图纸套用等操作。驻地管理权限干系重大，务必托付给绝对信任的百业成员！百业驻地的设计图纸可保存整个百业驻地的装饰，游侠们可通过万相集直接预览其他游侠们上传的百业驻地图纸，遇到心仪的设计即可一键套用，便捷地完成风格转换。无论是志同道合之友，还是萍水相逢之客，皆有机会成为与游侠相互扶持的同路之人。愿此番更新，能为游侠的江湖之旅再添合力与通途！']。 —— 更新前瞻丨三种功能路牌上线，百业驻地随心共建！-,《 更新 前瞻 丨 三种 功能 路牌 上线 ， 百业 驻地 随心 共建 ！ 》 : [ ' 江湖 虽然 精彩 纷呈 ， 但 也 有 诸多 艰难险阻 。 有的 游侠 加入 了 百业 ， 与 志同道合 之 人 共同 闯荡 。 有的 游侠 喜欢 独行 ， 但 也 常常 被 其他 游侠 留下 的 路牌 与 援手 所 温暖 。 预计 在 本周 ， 路牌 与 百业 驻地 功能 都 将 迎来 升级 。 从 一方 驻地 到 千里 山川 ， 游侠 们 可 在 江湖 里 留下 更 多 美好 印记 。 广袤 天地 间 ， 一 草 一 木 、 一 石 一 景 ， 皆 可 留下 江湖 故事 。 「 路路通 」 、 「 方寸 间 」 、 「 赠 好 礼 」 三种 全新 路牌 即将 上线 ， 自此 游侠 可以 更 多样 的 形式 ， 与 往来 有缘 之 人 交流 。 * 预研 中 画面 ， 请 以 游戏 内 实际 效果 为 准 其中 ， 「 路路通 」 将 率先 于 不见山 区域 开放 。 当 游侠 在 两 峰 之间 架 起 便利 的 滑轨 ， 或 于 险隘 之 处 建起 稳固 的 吊桥 ， 便 可 竖起 「 路路通 」 将 这 份 便利 同步 分享 ， 与 四方 游侠 共同 完善 山峦 间 的 交通 脉络 。 不畏 山 高 ， 不 惧 水阻 ， 众志所向 ， 自 能 铺就 通途 。 * 预研 中 画面 ， 请 以 游戏 内 实际 效果 为 准 建造 之 趣 ， 不止 于 便利 通达 ， 更 在于 与 山水 共鸣 的 意境 创造 。 无论是 湖畔 林间 的 清雅 小院 ， 还是 云巅 之上 的 飘渺 茶楼 ， 游侠 的 匠心 之 作 ， 皆 可 借 「 方寸 间 」 将 一方 景色 定格 分享 。 其他 游侠 路遇 此 牌 便 可 进入 ， 品鉴 匠心 与 风光 相融 的 妙趣 。 当 多 位 游侠 进入 同一 方寸 间 时 ， 将 随机 匹配 至 同一 多 人 位面 ， 让 静默 的 风景 化为 实时 邂逅 、 互动 交流 的 舞台 。 哪怕 只是 萍水相逢 ， 也 能 在此 相见甚欢 。 * 预研 中 画面 ， 请 以 游戏 内 实际 效果 为 准 【 赠 好礼 】 路牌 则 为 游侠 提供 了 在 江湖 留下 “ 奇遇 ” 的 可能 。 游侠 可 将 惊喜 置于 其中 ， 化作 一 份 礼物 。 以 一 份 不经意 的 赠礼 ， 为 江湖 增添 更 多 喜悦 与 变数 ！ 此外 ， 应 诸位 游侠 提议 ， 遨游 路牌 将 新增 「 自定义 筛选 」 功能 。 游侠 可 根据 自己 的 习惯 和 需求 ， 自行 选择 想 要 遇见 的 路牌 种类 ， 避免 不 必要 的 打扰 。 * 预研 中 画面 ， 请 以 游戏 内 实际 效果 为 准 对 很多 加入 百业 的 游侠 来说 ， 百业 驻地 是 江湖 中 重要 的 落脚点 。 此 番 更新 之后 ， 游侠 将 有 更 大 的 发挥 空间 ， 去 共建 理想 中 的 驻地 家园 。 更新 后 ， 游侠 可 消耗 百业 资金 ， 在 驻地 内 自由 进行 装饰 。 除 「 一 决高下 」 玩法 区域 外 ， 各处 区域 皆 可 随心 搭建 。 后续 我们 还 将 开放 百业 原有 建筑 的 重建 装饰 ， 提供 更 高 的 自由度 。 诚 邀 各 家 “ 土木宗 ” 大 能 挥洒 巧思 ， 共 筑 属于 自家 百业 的 惊鸿 巧构 ！ * 预研 中 画面 ， 请 以 游戏 内 实际 效果 为 准 百业 管事 新增 驻地 基础 建造 及 驻地 管理 权限 。 驻地 基础 建造 权限 可 用于 图纸 设计 、 组件 填充 等 ； 拥有 驻地 管理 权限 的 游侠 则 可 针对 整个 驻地 进行 一 键 回收 、 图纸 套用 等 操作 。 驻地 管理 权限 干系 重大 ， 务必 托付 给 绝对 信任 的 百业 成员 ！ 百业 驻地 的 设计 图纸 可 保存 整个 百业 驻地 的 装饰 ， 游侠 们 可 通过 万相集 直接 预览 其他 游侠 们 上传 的 百业 驻地 图纸 ， 遇到 心仪 的 设计 即可 一 键 套用 ， 便捷 地 完成 风格 转换 。 无论是 志同道合 之 友 ， 还是 萍水相逢 之 客 ， 皆 有 机会 成为 与 游侠 相互 扶持 的 同路 之 人 。 愿 此 番 更新 ， 能 为 游侠 的 江湖 之 旅 再 添 合力 与 通途 ！ ' ],2025-10,更新前瞻丨三种功能路牌上线，百业驻地随心共建！
"['游侠亲启：自公测开服至今，十六巷在持续监测使用第三方辅助软件的行为，除加大对举报投诉对象审查外，也在技术上采取各项措施不断完善游戏内的异常行为校验功能，核实为违规的账号将进行严厉打击，以维护江湖的公平公正。违规行为包括但不限于：使用外挂、加速类软件、或其他破坏游戏公平性的软件及""坐挂车""行为。针对「止戈」等玩法场景，依据具体违规情况，对账号进行清除全部排行榜成绩、相关玩法禁赛、暂时禁止登录、永久禁止登录等处罚；针对「百业战」场景，十六巷也将加严核查封禁力度，并对恶意利用成员开挂获利的百业进行包括但不限于负扣胜场，降级，禁赛等处罚。此外，其他违规行为我们也会持续打击，再次提醒各位游侠知晓：《燕云十六声》公平运营公告网易一直致力于为玩家提供精彩的游戏，保证公平的游戏秩序，保障玩家的游戏资产安全。在不断完善游戏品质的同时，我们也衷心希望广大玩家同我们一起，共同维护一个公平和谐的游戏环境。同时，各位游侠如在游戏内遇到不良行为，也欢迎通过游戏内的举报功能向我们反馈，我们会认真进行处理，十六也将持续优化游戏内的反馈机制。如有其他疑问和需求，可通过客户服务大厅向十六巷反馈申诉。-，开发团队处理下榜玩家3473名，封停7天及以上玩家共2872名，其中永久封停玩家964名，特此公示，具体名单如下：']。 —— 《燕云十六声》违规玩家封禁公告-","《 10月24日 《 燕云十六声 》 违规 玩家 封禁 公告 》 : [ ' 游侠 亲启 ： 自 公测 开服 至今 ， 十六巷 在 持续 监测 使用 第三方 辅助 软件 的 行为 ， 除 加大 对 举报 投诉 对象 审查 外 ， 也 在 技术 上 采取 各项 措施 不断 完善 游戏 内 的 异常 行为 校验 功能 ， 核实 为 违规 的 账号 将 进行 严厉 打击 ， 以 维护 江湖 的 公平 公正 。 违规 行为 包括 但 不 限于 ： 使用 外挂 、 加速 类 软件 、 或 其他 破坏 游戏 公平性 的 软件 及 "" 坐 挂车 "" 行为 。 针对 「 止戈 」 等 玩法 场景 ， 依据 具体 违规 情况 ， 对 账号 进行 清除 全部 排行榜 成绩 、 相关 玩法 禁赛 、 暂时 禁止 登录 、 永久 禁止 登录 等 处罚 ； 针对 「 百业战 」 场景 ， 十六巷 也 将 加严 核查 封禁 力度 ， 并 对 恶意 利用 成员 开挂 获利 的 百业 进行 包括 但 不 限于 负扣 胜场 ， 降级 ， 禁赛 等 处罚 。 此外 ， 其他 违规 行为 我们 也 会 持续 打击 ， 再次 提醒 各位 游侠 知晓 ： 《 燕云十六声 》 公平 运营 公告 网易 一直 致力于 为 玩家 提供 精彩 的 游戏 ， 保证 公平 的 游戏 秩序 ， 保障 玩家 的 游戏 资产 安全 。 在 不断 完善 游戏 品质 的 同时 ， 我们 也 衷心 希望 广大 玩家 同 我们 一起 ， 共同 维护 一个 公平 和谐 的 游戏 环境 。 同时 ， 各位 游侠 如 在 游戏 内 遇到 不良 行为 ， 也 欢迎 通过 游戏 内 的 举报 功能 向 我们 反馈 ， 我们 会 认真 进行 处理 ， 十六 也 将 持续 优化 游戏 内 的 反馈 机制 。 如 有 其他 疑问 和 需求 ， 可 通过 客户服务大厅 向 十六巷 反馈 申诉 。 ， 开发 团队 处理 下榜 玩家 3473名 ， 封停 7天 及 以上 玩家 共 2872名 ， 其中 永久 封停 玩家 964名 ， 特此 公示 ， 具体 名单 如下 ： ' ]",2025-10,10月24日《燕云十六声》违规玩家封禁公告
['在游侠的帮助下，梨园争籁大会终于顺利启幕开演。那位“万春姑娘”也揭晓了所邀神秘嘉宾的真容——洛天依、言和联袂梨园弟子，带来特别合作曲《普通的梨园》！还未前往盛会的游侠，可千万别错过了这场不普通的开场戏，让我们一起踩着不普通的“鼓”点，冲上云霄！两位名伶还在江湖中留下了代表个人特色的小礼物，静待游侠们开启。普通的梨园丨洛天依、言和x梨园特别合作曲112.5万观看405弹幕本次争籁大会意在引入江湖新风，欢迎各路游侠前来投递戏乐佳作，推选心仪之曲。展绝技，投霓旌，也许下一个江湖“顶流”之路，就将由此开启！盛会当前，燕来有礼。公众号积分商城“大鹅福利栈”也将在上午11点上新贺万春木雕公仔、鸭舌帽、鼠标垫、抱枕、燕叽挂件、晴雨伞等周边，欢迎游侠们前往兑换周边好物！梨园新声萦绕耳边，各项体验上的优化也在持续进行。今日的版本更新，除了此前介绍过的戏乐、家业更新外，还有诸多体验与性能优化正式实装。如在移动端中，我们着重优化了不见山墨城中的卡顿、发热问题，性能优化幅度约10%。部分远景无法加载的问题也得到了修复。不见山之外，秦川草原植被优化也进入了第二阶段，整体的草地表现更加细腻，期待各位游侠能沉浸于碧茵逐风之间，暂忘尘世烦恼。关于本次更新的更多优化细节，欢迎游侠们前往文末公告中查看。随着新内容的不断加入，优化工作的复杂度也有所提升。但我们知道，不积跬无以至千里，解决问题的关键就在于持之以恒。后续我们定将持续努力为大家带来更好的体验，欢迎游侠们继续鞭策监督！记得不久前我们曾向游侠们介绍，我们将采取“双线更新”的模式。不见山风卷云舒之际，秦川的泾渭奔流将汇聚于画卷的尽头。画中秦川的定音之叙，梦醒时分的现实之遇——下周，包括三个全新镇守、暗线剧情等在内的新内容即将登场，我们也将在后续为大家带来更多细节。']。 —— 梨园特别合作曲登场！秦川新镇守下周上线-,《 梨园 特别 合作曲 登场 ！ 秦川 新 镇守 下周 上线 》 : [ ' 在 游侠 的 帮助 下 ， 梨园 争籁 大会 终于 顺利 启幕 开演 。 那位 “ 万春 姑娘 ” 也 揭晓 了 所 邀 神秘 嘉宾 的 真容 —— 洛天依 、 言 和 联袂 梨园 弟子 ， 带来 特别 合作曲 《 普通 的 梨园 》 ！ 还 未 前往 盛会 的 游侠 ， 可 千万 别 错过 了 这 场 不 普通 的 开场戏 ， 让 我们 一起 踩 着 不 普通 的 “ 鼓 ” 点 ， 冲 上 云霄 ！ 两位 名伶 还 在 江湖 中 留下 了 代表 个人 特色 的 小 礼物 ， 静 待 游侠 们 开启 。 普通 的 梨园 丨 洛天依 、 言 和x梨园 特别 合作曲 112.5万 观看 405 弹幕 本 次 争籁 大会 意 在 引入 江湖 新风 ， 欢迎 各 路 游侠 前来 投递 戏乐 佳作 ， 推选 心仪 之 曲 。 展 绝技 ， 投 霓旌 ， 也许 下 一个 江湖 “ 顶流 ” 之 路 ， 就 将 由此 开启 ！ 盛会 当前 ， 燕来 有 礼 。 公众号 积分 商城 “ 大鹅福利栈 ” 也 将 在 上午11点 上 新 贺 万春 木雕 公仔 、 鸭舌帽 、 鼠标垫 、 抱枕 、 燕叽 挂件 、 晴雨伞 等 周边 ， 欢迎 游侠 们 前往 兑换 周边 好物 ！ 梨园 新声 萦绕 耳边 ， 各项 体验 上 的 优化 也 在 持续 进行 。 今日 的 版本 更新 ， 除了 此前 介绍 过 的 戏乐 、 家业 更新 外 ， 还有 诸多 体验 与 性能 优化 正式 实装 。 如 在 移动端 中 ， 我们 着重 优化 了 不见山 墨城 中 的 卡顿 、 发热 问题 ， 性能 优化 幅度 约 10% 。 部分 远景 无法 加载 的 问题 也 得到 了 修复 。 不见山 之外 ， 秦川 草原 植被 优化 也 进入 了 第二 阶段 ， 整体 的 草地 表现 更加 细腻 ， 期待 各位 游侠 能 沉浸 于 碧茵 逐 风 之间 ， 暂 忘 尘世 烦恼 。 关于 本 次 更新 的 更 多 优化 细节 ， 欢迎 游侠 们 前往 文末 公告 中 查看 。 随着 新 内容 的 不断 加入 ， 优化 工作 的 复杂度 也 有所 提升 。 但 我们 知道 ， 不积跬 无 以至 千里 ， 解决 问题 的 关键 就 在于 持之以恒 。 后续 我们 定 将 持续 努力 为 大家 带来 更 好 的 体验 ， 欢迎 游侠 们 继续 鞭策 监督 ！ 记得 不久前 我们 曾 向 游侠 们 介绍 ， 我们 将 采取 “ 双线 更新 ” 的 模式 。 不见山 风 卷 云 舒 之际 ， 秦川 的 泾渭 奔流 将 汇聚 于 画卷 的 尽头 。 画 中 秦川 的 定音 之 叙 ， 梦 醒 时分 的 现实 之 遇 —— 下周 ， 包括 三个 全新 镇守 、 暗线 剧情 等 在内 的 新 内容 即将 登场 ， 我们 也 将 在 后续 为 大家 带来 更 多 细节 。 ' ],2025-10,梨园特别合作曲登场！秦川新镇守下周上线
"['开封清风楼外，众多纨绔闲人围于楼下，为争夺一梨园神秘美人的垂青而哄闹不已。相传此大美人名曰“万春姑娘”，珠圆玉润，颇具杨妃之资。江湖更有传言“万千春色不如伊人一笑”，如今美人闷闷不乐，闭门不出，众人无缘得见。这位万春姑娘的风姿暂且按下不表，其烦恼的根源，却与一件江湖大事相关。原是一年一度的梨园“争籁大会”举办在即，而梨园弟子的创作之路却集体进了瓶颈。旧曲翻唱无新意，话本续集憋不出。眼下唯有将这争籁大会办到门外去，引入江湖的新风，或可出些精彩的“新活”！此次争籁大会之后，梨园的地位、门规、玩法等预计于开放。自此以后，大会仍将遵循旧例，只于门内选拔。此番破例向江湖征集，实乃千载难逢成名之机！*预研中画面，请以游戏内实际效果为准游侠若有绝妙点子，不妨参与其中，以“舞”会友\u200c。展绝技，竞风华！当然也可只做评审，为心仪之作“打”榜、“投”霓旌，助它登顶！参与活动，有机会免费领取【玩具-鼓·掌】、帽子外观等丰富奖励。无论是投递戏乐佳作，还是推选心仪戏目，皆可在这梨园史上特别一页留下印记！若是游侠无暇参与，大会之中还有精彩不容错过。听说万春已邀得二位神秘名伶莅临梨园，联袂门中新锐，共演一出“不普通”的开场戏。这支别开生面的特别合作曲，定能给争籁大会带来一股新风。至于二人身份暂且卖个关子，只知她们的拥趸常常赞美——“华风夏韵，洛水天依”、“言出一人歌，歌起万人和”。为助游侠尽展才情，戏乐模式也迎来了一番革新。本周更新后，戏乐境、戏乐荟功能即将上线。如今，游侠不仅可以在戏乐模式编辑置景、灯光和滤镜，并保存专属戏乐境。还能在全新开启的戏乐荟中，与梨园同好交流切磋，共赏佳作。在这里游侠能够随心上传、浏览各类戏乐作品，更能一键套用心仪的戏乐模板，演绎你自己的风华绝代！戏乐境与主页情境表现相互独立，在此游侠可纵情创作，而不会影响各位主页中的形象。亦支持直接导入情境方案，让创作事半功倍！既有盛事当前，宜再添风华！本周，将有包括套装【有狐绥绥】、和鸣发型配饰模组【万顷琉璃】、套装【风入画】、绳镖武器外观【何非法相】、坐骑【沙里瓦】、外观套件【沙绒客】、唐横刀武器外观【万籁·漫飞英】在内的一系列全新外观上线——全新套装【有狐绥绥】有狐绥绥，在彼丘陂。瞻彼嘉禾，其穗垂垂。有狐绥绥，在彼林皋。宜尔室家，福履成之。*预研中画面，请以游戏内实际效果为准《道德经》有言：“正复为奇，善复为妖。”后世常常谈狐色变，以其为夜叩门窗、幻形索命的祸兽灾星。但在更早之前，灵狐乃是""王者仁智则至""的祥瑞之征。此套装取灵狐一族吉祥尊贵的意象。男款为玉面白狐，有朱门贵公子之姿。身是青丘雪，飘然渡浊世，灵慧天成，贵气夺目。女款承玄狐气度，金纹墨衣自显不凡，一头热烈红发更添张扬。男女款皆有珍珠镶边的腰间小鼓，击鼓阵阵，衣动铃动。背悬有金铃金环，有玄妙灵狐逐乐其间，自生迎祥纳吉气象，令人望而生敬。*预研中画面，请以游戏内实际效果为准全新套装【有狐绥绥】将在本周内上架，届时游侠可前往「和鸣商店」，以2个【八音窍】兑换，参与「和鸣·大音希声」亦有概率获得。套装支持上下装拆分和染色，并包含以下内容：动态主角头像、结算演出、发饰、耳饰、腰鼓配饰、铃铛配饰、背环配饰、披挂。其中背环配饰具有动态特效，实际效果请以游戏实装为准。全新发型配饰套组【万顷琉璃】天光乍破碧海清，波涛万顷堆琉璃。*预研中画面，请以游戏内实际效果为准鲛人泪珠缀于鬓边，映着海月莹辉闪烁。发间幽蓝水母如深海星火，随潮汐明灭，与海浪同频。碧海天光，波涛万顷，皆可见于这咫尺之境。全新发型配饰套组【万顷琉璃】将在本周内上架，届时游侠可前往「和鸣商店」，以2个【八音窍】兑换，参与「和鸣·大音希声」亦有概率获得。发型将支持染色，套组还包含动态主角头像、耳饰、面饰（仅男款）、发饰（仅女款）、水母特效配饰。全新套装【风入画】半袖流溢彩，半袖麻衣素。执笔挽青丝，酒润毫尖渡。*预研中画面，请以游戏内实际效果为准画师或许从未得志，却不曾放下手中笔。半袖流光，是挥毫时溅上的朝霞暮霭；半袖麻衣，是行万里路的人间岁月。颈间彩石并非名贵之物，却是三山五水最好的馈赠。将江湖烟霞熬成墨，将平生际遇化作笔——真正的境界，本不在庙堂之高，而在江湖之远。万里烟霞皆入墨，风入画笺绘江湖。全新套装【风入画】将在本周内上架，套装支持上下装拆分和染色，届时游侠可前往【商店】以60「长鸣珠」购得。绳镖武器外观【藏音·何非法相】*预研中画面，请以游戏内实际效果为准万般心绪，生之百态，不外净若莲华，或困厄如魍魉随行。有所求时，谛听天地，于无常处参透生灭，唯修玲珑之心，方得本我之道。全新绳镖武器外观【藏音·何非法相】即将上架，游侠可前往【和鸣商店】以1颗「八音窍」购得。【藏音·何非法相】可消耗【太一玄石】进行武器重铸，包括霁青「套装·净莲」、紫绶「套装·魍魉」和「套装·谛听」、砺金「套装·生灭」和「套装·玲珑」共五种套装样式，蕴含之意有：人之初心、修行之险阻、听真善美、感悟生死与悲喜、超脱物外玲珑心。另有若干定制色，可通过「工坊-武器重铸」打造独一无二的多形态武器外观搭配，也可前往「藏音万相」分享或共赏藏音外观搭配效果。全新坐骑【沙里瓦】*预研中画面，请以游戏内实际效果为准这只来自沙漠的可爱生灵有一种神奇的魔力，看到它的人总是想使用那缩骨奇术与它同游。只要轻轻呼唤“沙里瓦”，就有一阵属于沙漠的风来到面前。*预研中画面，请以游戏内实际效果为准全新坐骑【沙里瓦】将在本周内上架，届时游侠可前往【商店】以680「长鸣珠」购得，坐骑支持双人同乘，并附赠表情动作【喵咪轰！】，播放该表情动作后，可变成小猫与其他游侠发起互动。看到沙里瓦请说“喵咪喵咪轰！”全新外观套件【沙绒客】*预研中画面，请以游戏内实际效果为准沙漠来客所带来之物，携带此物便与沙里瓦有了些许共同之处。全新外观套件【沙绒客】将在本周内上架，套件内包含帽子【帽绒绒】、发饰【听八方】和配饰【逐轻羽】，届时游侠可前往【商店】以限时优惠价300「长鸣珠」购得。此优惠价将于日结束，届时将恢复原价680「长鸣珠」。唐横刀武器外观【万籁·漫飞英】紫英垂枝，本天地间微芥。花谢寂然，以无声为锋，亦蕴千钧之力。刀刃有星影流动，刀柄有落英随风，暗香浮动间，自有寒光现。【万籁】系列武器外观上架新品。夫天地者，万籁之声也。万物可铸为兵甲，兵甲中复现万物之形，凝万象之声为光。本周更新后前往「商店」，即可以1280【长鸣珠】购得全新武器外观·横刀【万籁·漫飞英】。*预研中画面，请以游戏内实际效果为准此外，近日有游侠咨询有关于燕云与影视合作的传言，在此向各位说明情况：我们近期并无与影视作品的合作。若有未经授权的创作行为，会有专门的同事跟进处理，请游侠们安心游戏。感谢各位的关心与爱护！']。 —— 梨园争籁大会明日开幕，全新和鸣外观上线-","《 梨园 争籁 大会 明日 开幕 ， 全新 和鸣 外观 上线 》 : [ ' 开封 清风楼 外 ， 众多 纨绔 闲人 围 于 楼下 ， 为 争夺 一 梨园 神秘 美人 的 垂青 而 哄闹 不已 。 相传 此 大 美人 名 曰 “ 万春 姑娘 ” ， 珠圆玉润 ， 颇 具 杨妃 之 资 。 江湖 更 有 传言 “ 万千 春色 不如 伊人 一 笑 ” ， 如今 美人 闷闷不乐 ， 闭门 不 出 ， 众人 无缘 得 见 。 这 位 万春 姑娘 的 风姿 暂且 按 下 不 表 ， 其 烦恼 的 根源 ， 却 与 一件 江湖 大事 相关 。 原 是 一年一度 的 梨园 “ 争籁 大会 ” 举办 在即 ， 而 梨园 弟子 的 创作 之 路 却 集体 进 了 瓶颈 。 旧 曲 翻唱 无 新意 ， 话本 续集 憋 不 出 。 眼下 唯有 将 这 争籁 大会 办到 门外 去 ， 引入 江湖 的 新风 ， 或 可 出 些 精彩 的 “ 新活 ” ！ 此次 争籁 大会 之后 ， 梨园 的 地位 、 门规 、 玩法 等 预计 于 开放 。 自此 以后 ， 大会 仍 将 遵循 旧例 ， 只 于 门内 选拔 。 此 番 破例 向 江湖 征集 ， 实 乃 千载难逢 成名 之 机 ！ * 预研 中 画面 ， 请 以 游戏 内 实际 效果 为 准 游侠 若 有 绝妙 点子 ， 不妨 参与 其中 ， 以 “ 舞 ” 会友 \ u200c 。 展 绝技 ， 竞 风华 ！ 当然 也 可 只 做 评审 ， 为 心仪 之 作 “ 打 ” 榜 、 “ 投 ” 霓旌 ， 助 它 登顶 ！ 参与 活动 ， 有 机会 免费 领取 【 玩具 鼓 · 掌 】 、 帽子 外观 等 丰富 奖励 。 无论是 投递 戏乐 佳作 ， 还是 推选 心仪 戏目 ， 皆 可 在 这 梨园史 上 特别 一 页 留下 印记 ！ 若是 游侠 无暇 参与 ， 大会 之中 还有 精彩 不容 错过 。 听说 万春 已 邀 得 二位 神秘 名伶 莅临 梨园 ， 联袂 门 中 新锐 ， 共 演 一 出 “ 不 普通 ” 的 开场戏 。 这 支 别开生面 的 特别 合作曲 ， 定 能 给 争籁 大会 带来 一 股 新风 。 至于 二 人 身份 暂且 卖 个 关子 ， 只 知 她们 的 拥趸 常常 赞美 —— “ 华风 夏韵 ， 洛水 天 依 ” 、 “ 言 出 一 人 歌 ， 歌 起 万 人和 ” 。 为 助 游侠 尽 展 才情 ， 戏乐 模式 也 迎来 了 一番 革新 。 本周 更新 后 ， 戏乐境 、 戏乐荟 功能 即将 上线 。 如今 ， 游侠 不仅 可以 在 戏乐 模式 编辑 置景 、 灯光 和 滤镜 ， 并 保存 专属 戏乐境 。 还 能 在 全新 开启 的 戏乐荟 中 ， 与 梨园 同好 交流 切磋 ， 共 赏 佳作 。 在 这里 游侠 能够 随心 上传 、 浏览 各类 戏乐 作品 ， 更 能 一 键 套用 心仪 的 戏乐 模板 ， 演绎 你 自己 的 风华绝代 ！ 戏乐境 与 主页 情境 表现 相互 独立 ， 在此 游侠 可 纵情 创作 ， 而 不会 影响 各位 主页 中 的 形象 。 亦 支持 直接 导入 情境 方案 ， 让 创作 事半功倍 ！ 既有 盛事 当前 ， 宜 再 添 风华 ！ 本周 ， 将 有 包括 套装 【 有狐绥绥 】 、 和鸣 发型 配饰 模组 【 万顷 琉璃 】 、 套装 【 风入画 】 、 绳镖 武器 外观 【 何 非 法相 】 、 坐骑 【 沙里瓦 】 、 外观 套件 【 沙绒客 】 、 唐横刀 武器 外观 【 万籁 · 漫飞英 】 在内 的 一系列 全新 外观 上线 —— 全新 套装 【 有狐绥绥 】 有狐绥绥 ， 在 彼丘陂 。 瞻 彼嘉禾 ， 其 穗垂垂 。 有狐绥绥 ， 在 彼林皋 。 宜尔室 家 ， 福 履 成 之 。 * 预研 中 画面 ， 请 以 游戏 内 实际 效果 为 准 《 道德经 》 有 言 ： “ 正 复 为 奇 ， 善 复 为 妖 。 ” 后世 常常 谈 狐色变 ， 以 其 为 夜 叩 门窗 、 幻形 索命 的 祸兽 灾星 。 但 在 更 早 之前 ， 灵狐 乃是 "" 王者 仁智 则 至 "" 的 祥瑞 之 征 。 此 套装 取 灵狐 一 族 吉祥 尊贵 的 意象 。 男款 为 玉面 白狐 ， 有 朱门 贵 公子 之 姿 。 身 是 青丘雪 ， 飘然 渡 浊世 ， 灵慧 天成 ， 贵气 夺目 。 女款 承 玄狐 气度 ， 金纹 墨衣 自 显 不凡 ， 一头 热烈 红发 更 添 张扬 。 男女款 皆 有 珍珠 镶边 的 腰间 小鼓 ， 击鼓 阵阵 ， 衣 动 铃 动 。 背悬 有 金铃 金环 ， 有 玄妙 灵狐 逐乐 其间 ， 自 生 迎祥纳吉 气象 ， 令人 望而生敬 。 * 预研中 画面 ， 请 以 游戏 内 实际 效果 为 准 全新 套装 【 有狐绥绥 】 将 在 本周 内 上架 ， 届时 游侠 可 前往 「 和鸣商店 」 ， 以 2个 【 八音窍 】 兑换 ， 参与 「 和鸣 · 大音希声 」 亦 有 概率 获得 。 套装 支持 上下装 拆分 和 染色 ， 并 包含 以下 内容 ： 动态 主角 头像 、 结算 演出 、 发饰 、 耳饰 、 腰鼓 配饰 、 铃铛 配饰 、 背环 配饰 、 披挂 。 其中 背环 配饰 具有 动态 特效 ， 实际 效果 请 以 游戏 实装 为 准 。 全新 发型 配饰 套组 【 万顷 琉璃 】 天光 乍 破 碧海清 ， 波涛 万顷 堆 琉璃 。 * 预研 中 画面 ， 请 以 游戏 内 实际 效果 为 准 鲛人 泪珠 缀 于 鬓 边 ， 映 着 海月 莹辉 闪烁 。 发间 幽蓝 水母 如 深海 星火 ， 随 潮汐 明灭 ， 与 海浪 同频 。 碧海 天光 ， 波涛 万顷 ， 皆 可见 于 这 咫尺 之 境 。 全新 发型 配饰 套组 【 万顷 琉璃 】 将 在 本周 内 上架 ， 届时 游侠 可 前往 「 和鸣商店 」 ， 以 2个 【 八音窍 】 兑换 ， 参与 「 和鸣 · 大音希声 」 亦 有 概率 获得 。 发型 将 支持 染色 ， 套组 还 包含 动态 主角 头像 、 耳饰 、 面饰 （ 仅 男款 ） 、 发饰 （ 仅 女款 ） 、 水母 特效 配饰 。 全新 套装 【 风入画 】 半袖 流溢彩 ， 半袖 麻衣素 。 执笔 挽 青丝 ， 酒润 毫尖渡 。 * 预研 中 画面 ， 请 以 游戏 内 实际 效果 为 准 画师 或许 从未 得志 ， 却 不曾 放下 手中笔 。 半袖 流光 ， 是 挥毫 时 溅 上 的 朝霞 暮霭 ； 半袖 麻衣 ， 是 行 万里 路 的 人间 岁月 。 颈 间 彩石 并非 名贵 之 物 ， 却 是 三山五水 最好 的 馈赠 。 将 江湖 烟霞 熬 成 墨 ， 将 平生 际遇 化作 笔 —— 真正 的 境界 ， 本 不在 庙堂 之 高 ， 而 在 江湖 之 远 。 万里 烟霞 皆 入 墨 ， 风入画 笺 绘 江湖 。 全新 套装 【 风入画 】 将 在 本周 内 上架 ， 套装 支持 上下装 拆分 和 染色 ， 届时 游侠 可 前往 【 商店 】 以 60 「 长鸣珠 」 购得 。 绳镖 武器 外观 【 藏音 · 何 非 法相 】 * 预研 中 画面 ， 请 以 游戏 内 实际 效果 为 准 万般 心绪 ， 生 之 百态 ， 不外 净 若 莲华 ， 或 困厄 如 魍魉 随行 。 有所 求时 ， 谛听 天地 ， 于 无常处 参透 生灭 ， 唯 修 玲珑 之 心 ， 方 得 本我 之 道 。 全新 绳镖 武器 外观 【 藏音 · 何 非 法相 】 即将 上架 ， 游侠 可 前往 【 和鸣商店 】 以 1 颗 「 八音窍 」 购得 。 【 藏音 · 何 非 法相 】 可 消耗 【 太一玄石 】 进行 武器 重铸 ， 包括 霁青 「 套装 · 净莲」 、 紫绶 「 套装 · 魍魉 」 和 「 套装 · 谛听 」 、 砺金 「 套装 · 生灭 」 和 「 套装 · 玲珑 」 共 五种 套装 样式 ， 蕴含 之 意 有 ： 人 之 初心 、 修行 之 险阻 、 听 真善美 、 感悟 生死 与 悲喜 、 超脱 物外 玲珑心 。 另 有 若干 定制色 ， 可 通过 「 工坊 武器 重铸 」 打造 独一无二 的 多 形态 武器 外观 搭配 ， 也 可 前往 「 藏音 万相 」 分享 或 共 赏 藏音 外观 搭配 效果 。 全新 坐骑 【 沙里瓦 】 * 预研 中 画面 ， 请 以 游戏 内 实际 效果 为 准 这 只 来自 沙漠 的 可爱 生灵 有 一种 神奇 的 魔力 ， 看到 它 的 人 总是 想 使用 那 缩骨 奇术 与 它 同游 。 只要 轻轻 呼唤 “ 沙里瓦 ” ， 就 有 一阵 属于 沙漠 的 风 来到 面前 。 * 预研 中 画面 ， 请 以 游戏 内 实际 效果 为 准 全新 坐骑 【 沙里瓦 】 将 在 本周 内 上架 ， 届时 游侠 可 前往 【 商店 】 以 680 「 长鸣珠 」 购得 ， 坐骑 支持 双 人 同乘 ， 并 附 赠 表情 动作 【 喵咪轰 ！ 】 ， 播放 该 表情 动作 后 ， 可 变成 小 猫 与 其他 游侠 发起 互动 。 看到 沙里瓦 请说 “ 喵咪 喵咪轰 ！ ” 全新 外观 套件 【 沙绒客 】 * 预研 中 画面 ， 请 以 游戏 内 实际 效果 为 准 沙漠 来客 所 带来 之 物 ， 携带 此物 便 与 沙里瓦 有 了 些许 共同 之 处 。 全新 外观 套件 【 沙绒客 】 将 在 本周 内 上架 ， 套件 内 包含 帽子 【 帽绒绒 】 、 发饰 【 听 八方 】 和 配饰 【 逐轻羽 】 ， 届时 游侠 可 前往 【 商店 】 以 限时 优惠价 300 「 长鸣珠 」 购得 。 此 优惠价 将 于 日 结束 ， 届时 将 恢复 原价 680 「 长鸣珠 」 。 唐横刀 武器 外观 【 万籁 · 漫飞英 】 紫英 垂枝 ， 本 天地 间 微芥 。 花 谢 寂然 ， 以 无声 为 锋 ， 亦 蕴 千 钧 之 力 。 刀刃 有 星影 流动 ， 刀柄 有 落英 随 风 ， 暗香 浮动 间 ， 自 有 寒光 现 。 【 万籁 】 系列 武器 外观 上架 新品 。 夫 天地 者 ， 万籁 之 声 也 。 万物 可 铸 为 兵甲 ， 兵甲 中 复现 万物 之 形 ， 凝 万象 之 声 为 光 。 本周 更新 后 前往 「 商店 」 ， 即可 以 1280 【 长鸣珠 】 购得 全新 武器 外观 · 横刀 【 万籁 · 漫飞英 】 。 * 预研 中 画面 ， 请 以 游戏 内 实际 效果 为 准 此外 ， 近日 有 游侠 咨询 有 关于 燕云 与 影视 合作 的 传言 ， 在此 向 各位 说明 情况 ： 我们 近期 并 无 与 影视 作品 的 合作 。 若 有 未经 授权 的 创作 行为 ， 会 有 专门 的 同事 跟进 处理 ， 请 游侠 们 安心 游戏 。 感谢 各位 的 关心 与 爱护 ！ ' ]",2025-10,梨园争籁大会明日开幕，全新和鸣外观上线
['不见山相会已近一月，游侠或许已经见识过盘桓于云海的「凌云轨」，和遍布阡陌之间的机关造物。秉持致用而利人之理，机巧已经融入到了不见山的各个角落。话说，山中有一巧舌如簧的货郎萧授，近期得来了个神奇物件——鲮货郎。这鲮货郎本是晦谷巧匠打造的一套独特“售物机”，投钱取物，神妙非常！不少墨门弟子对此纷纷议论，试图探究其背后机巧，但萧授却志不在此。他的平生理想，乃是把货物卖到不见山的每一个角落，这台奇物，简直是为他量身定做。然而，精妙机关必定需要细致维护，现在鲮货郎出了些许故障，萧授的梦想岌岌可危。不知游侠慧心巧手，可愿共同经营这别开生面的生意？不见山重峦叠嶂间，百姓散居，奇货深藏。今有鲮货郎，负重穿谷，走村串寨，为山中买卖开辟商贸新途。全新经营玩法「鲮货郎」将于本周开启，邀游侠做这山中生意的牵线人！*预研中画面，请以游戏内实际效果为准游侠可于不见山各处，收购独具特色的山野珍品——从酸甜可口的野山楂，到纹路精美的树化玉；从机关必备的木榫卯，到建筑急需的空心砖。件件货品，皆为山中居民所需，只待游侠广开商路，发现商机。更可设栈扩业，布点立柜，将鲮货郎的生意推广至各处。*预研中画面，请以游戏内实际效果为准游侠还可围绕鲮货郎搭建各类设施，如飘扬的酒旗、雅致的货架等等。设施各有增益，精心布局，生意定能蒸蒸日上。更有机关秘匣及“墨谱”待游侠取之，不同墨谱组合，将相互激发产生独特的效果，可谓“一机一枢，智见乾坤”。随着鲮货郎网络延申，墨城居民乃至长老，都会将委托发至公告栏。这山中经营，自此将会成为不见山运转的重要一环。鲮货郎的存在不仅便利了生活，更串联起了人情。经营途中，游侠也许会偶遇一些或有趣或温馨的插曲，一起见证山中生活的点点滴滴。云深不知处，自有生意经。参与玩法还可获得配饰【开市】、【迎门灯】、斗财主牌面【墨门机关】等丰厚奖励。这山中合伙人之位，还真非游侠不可！*预研中画面，请以游戏内实际效果为准除了山中新添的经营乐趣，家业经营也将迎来一番打磨升级。尽管少东家颇有勤勉之德，但事必躬亲地掌管一份日渐庞大的家业绝非易事。为此，我们将推出一系列功能优化，为少东家分忧减负——新版本中，产业经营将新增生产队列推荐方案，助力轻松规划生产，省心省力。备席节奏也从每日热卖调整为每周热卖，更贴合实际经营节奏。此外，离线状态下产业经营的产出累积时间将延长至五日，偶尔离家远游也完全不用操心，归来仍能收获颇丰！*预研中画面，请以游戏内实际效果为准派遣管理同样也焕然一新。如今少东家可在派遣界面直接打理产线、农田与土特产，生产与派遣情况一目了然，运筹调配更为得心应手。*预研中画面，请以游戏内实际效果为准家业兴旺非一人之功，更新之后，庄客的培养也将更为自由。“少东家的一天”玩法中新增「传授功夫」玩法，可亲自指导庄客修习技能。游侠可选择庄客进行培养，为其增加技能经验，助其成长。不过也须得留意，有部分庄客受习性所限，并不适合走上习武之路，也请少东家务必明辨。*预研中画面，请以游戏内实际效果为准与此同时，亦有全新家具组件将于家业商店上架，部分结构组件的周库存上限也将获得提升。更多资源，助力游侠打造独具匠心的家园盛景。经此更新，诸位少东家手上的产业版图将更为庞大——往后既能稳坐府中，运筹家业；又能深入不见山，穿云破雾广开财路。两条商道，两种意趣，愿诸位皆能找到属于自己的经营之乐！']。 —— 更新前瞻丨山中自有生意经，「鲮货郎」即将开市！-,《 更新 前瞻 丨 山中 自 有 生意经 ， 「 鲮货郎 」 即将 开市 ！ 》 : [ ' 不见山相会 已 近 一月 ， 游侠 或许 已经 见识 过 盘桓 于 云海 的 「 凌云轨 」 ， 和 遍布 阡陌 之间 的 机关 造物 。 秉持 致用 而 利人 之 理 ， 机巧 已经 融入 到 了 不见山 的 各个 角落 。 话说 ， 山中 有 一 巧舌如 簧 的 货郎 萧授 ， 近期 得来 了 个 神奇 物件 ——鲮货郎 。 这 鲮货郎 本 是 晦谷 巧匠 打造 的 一套 独特 “ 售物机 ” ， 投 钱 取 物 ， 神妙 非常 ！ 不少 墨门 弟子 对 此 纷纷 议论 ， 试图 探究 其 背后 机巧 ， 但 萧授 却 志不在此 。 他 的 平生 理想 ， 乃是 把 货物 卖 到 不见山 的 每 一个 角落 ， 这 台 奇物 ， 简直 是 为 他 量身定做 。 然而 ， 精妙 机关 必定 需要 细致 维护 ， 现在 鲮货郎 出 了 些许 故障 ， 萧授 的 梦想 岌岌可危 。 不 知 游侠 慧心 巧手 ， 可 愿 共同 经营 这 别开生面 的 生意 ？ 不见山 重峦叠嶂 间 ， 百姓 散居 ， 奇货 深藏 。 今 有 鲮货郎 ， 负重 穿 谷 ， 走村串寨 ， 为 山中 买卖 开辟 商贸 新途 。 全新 经营 玩法 「鲮货郎 」 将 于 本周 开启 ， 邀 游侠 做 这 山中 生意 的 牵线人 ！ * 预研 中 画面 ， 请 以 游戏 内 实际 效果 为 准 游侠 可 于 不见山 各处 ， 收购 独具特色 的 山野 珍品 —— 从 酸甜 可口 的 野 山楂 ， 到 纹路 精美 的 树化 玉 ； 从 机关 必备 的 木 榫卯 ， 到 建筑 急需 的 空心砖 。 件件 货品 ， 皆 为 山中 居民 所 需 ， 只待 游侠 广开 商路 ， 发现 商机 。 更 可 设 栈扩业 ， 布点 立柜 ， 将 鲮货郎 的 生意 推广 至 各处 。 * 预研 中 画面 ， 请 以 游戏 内 实际 效果 为 准 游侠 还 可 围绕 鲮货郎 搭建 各类 设施 ， 如 飘扬 的 酒旗 、 雅致 的 货架 等等 。 设施 各 有 增益 ， 精心 布局 ， 生意 定 能 蒸蒸日上 。 更 有 机关 秘匣 及 “ 墨谱 ” 待 游侠 取 之 ， 不同 墨谱 组合 ， 将 相互 激发 产生 独特 的 效果 ， 可谓 “ 一 机 一 枢 ， 智 见 乾坤 ” 。 随着 鲮货郎 网络 延申 ， 墨城 居民 乃至 长老 ， 都 会 将 委托 发 至 公告栏 。 这 山中 经营 ， 自 此 将 会 成为 不见山 运转 的 重要 一 环 。 鲮货郎 的 存在 不仅 便利 了 生活 ， 更 串联 起 了 人情 。 经营 途中 ， 游侠 也许 会 偶遇 一些 或 有趣 或 温馨 的 插曲 ， 一起 见证 山中 生活 的 点点滴滴 。 云 深 不 知 处 ， 自 有 生意经 。 参与 玩法 还 可 获得 配饰 【 开市 】 、 【 迎门灯 】 、 斗 财主 牌面 【 墨门 机关 】 等 丰厚 奖励 。 这 山中 合伙人 之 位 ， 还 真 非 游侠 不可 ！ * 预研 中 画面 ， 请 以 游戏 内 实际 效果 为 准 除了 山 中 新 添 的 经营 乐趣 ， 家业 经营 也 将 迎来 一番 打磨 升级 。 尽管 少东家 颇有 勤勉 之 德 ， 但 事必躬亲 地 掌管 一 份 日渐 庞大 的 家业 绝非 易事 。 为此 ， 我们 将 推出 一系列 功能 优化 ， 为 少东家 分忧 减负 —— 新版本 中 ， 产业 经营 将 新增 生产 队列 推荐 方案 ， 助力 轻松 规划 生产 ， 省心 省力 。 备席 节奏 也 从 每日 热卖 调整 为 每周 热卖 ， 更 贴合 实际 经营 节奏 。 此外 ， 离线 状态 下 产业 经营 的 产出 累积 时间 将 延长 至 五日 ， 偶尔 离家 远游 也 完全 不用 操心 ， 归来 仍 能 收获 颇 丰 ！ * 预研 中 画面 ， 请 以 游戏 内 实际 效果 为准 派遣 管理 同样 也 焕然一新 。 如今 少东家 可 在 派遣 界面 直接 打理 产线 、 农田 与 土特产 ， 生产 与 派遣 情况 一目了然 ， 运筹 调配 更为 得心应手 。 * 预研 中 画面 ， 请 以 游戏 内 实际 效果 为 准 家业 兴旺 非 一 人 之 功 ， 更新 之后 ， 庄客 的 培养 也 将 更为 自由 。 “ 少东家 的 一天 ” 玩法 中 新增 「 传授 功夫 」 玩法 ， 可 亲自 指导 庄客 修习 技能 。 游侠 可 选择 庄客 进行 培养 ， 为 其 增加 技能 经验 ， 助 其 成长 。 不过 也 须 得 留意 ， 有 部分 庄客 受 习性 所 限 ， 并不 适合 走上 习武 之 路 ， 也 请 少东家 务必 明辨 。 * 预研 中 画面 ， 请 以 游戏 内 实际 效果 为 准 与此同时 ， 亦 有 全新 家具 组件 将 于 家业 商店 上架 ， 部分 结构 组件 的 周 库存 上限 也 将 获得 提升 。 更 多 资源 ， 助力 游侠 打造 独具匠心 的 家园 盛景 。 经 此 更新 ， 诸位 少东家 手 上 的 产业 版图 将 更为 庞大 —— 往后 既 能 稳 坐 府中 ， 运筹 家业 ； 又 能 深入不见山 ， 穿云破雾 广开 财路 。 两条 商道 ， 两种 意趣 ， 愿 诸位 皆 能 找到 属于 自己 的 经营 之 乐 ！ ' ],2025-10,更新前瞻丨山中自有生意经，「鲮货郎」即将开市！
['不见山的西侧，有一处庞大的深谷。此地为墨城旧址，因地动而塌陷，墨山道迁至当今的新墨城。千年已过，旧时盛况早已斑驳难辨。唯山谷的风年年依旧，拂过铜铎、吹照过去的故事。在本周更新后，随着全新侠迹与天工地窟开放，此间故事也将向游侠展露一角。全新侠迹「薤露存辉」朝露漙漙，世路无穷。劳生有限，千秋谁继。风吹铎动，露落石响。旧址深处占风铎响起的时候，偶尔会听到悠远的人声。有时是孩童清朗的墨经念诵，有时是老者提问的声声迷茫。有时是争吵、是离别，有时也是一滴水接着一滴水，往继不断的千古传唱。循着这声音往前，游侠可遇到一格外朴实的墨门弟子，说是奉师父之名，要去墨堂中寻一紧要物件。一段步履墨门故地的冒险，就此启程。一路上，除却不少千年之后仍见精巧的机关谜题，更多的是尘封于旧城的旧物旧事。历代墨门先贤的探赜与穷理、笃行与思辨，将有机会在旅途中重现。薤露之辉何以传继，凿石大业毕功于谁，就待游侠在这深谷的风中寻找答案了。全新天工地窟「形之所奋」以力相因，诡谲万变若是论起千年墨门的底蕴，必然绕不开那些巧夺天工的机关之术。墨城旧址的附近，藏有一弟子试炼之地，名“形之所奋”，须解千机之门方可入其中。游侠若入此地，需悉心观察，明辨机枢，以相因为媒，破解谜题。地窟内机枢正奇多变，环环相扣。初见也许觉得解之甚易，可越往后越见其复杂之处。机枢不断增多，铁索重重相连，牵其一发则满盘皆动。须得游侠着重细心观察，缜密思考。此地为考校墨门弟子所用，游侠若想顺利过关，心性与智慧自是缺一不可。*预研中画面，请以游戏内实际效果为准通过试炼后，还可获得【药用传闻】、【长鸣玉】等奖励。地窟之中亦有万事知的关键线索，欢迎游侠前往探寻。不论是从时间还是空间的角度，不见山都有足够的纵深，去容纳更多往事与新篇。此间故事，我们将在后续逐步为大家带来。上述之外，本周还将有梨园主题活动等全新内容更新。更多详情，敬请游侠关注后续官方动态！']。 —— 更新前瞻丨深入墨城旧址，探寻侠迹与地窟-,《 更新 前瞻 丨 深入 墨城 旧址 ， 探寻 侠迹 与 地窟 》 : [ ' 不见山 的 西侧 ， 有 一 处 庞大 的 深谷 。 此地 为 墨城 旧址 ， 因 地动 而 塌陷 ， 墨山道 迁 至 当今 的 新 墨城 。 千年 已 过 ， 旧时 盛况 早已 斑驳 难 辨 。 唯 山谷 的 风 年年 依旧 ， 拂 过 铜铎 、 吹 照 过去 的 故事 。 在 本周 更新 后 ， 随着 全新 侠迹 与 天工地窟 开放 ， 此间 故事 也 将 向 游侠 展露 一 角 。 全新 侠迹 「薤 露存辉 」 朝 露漙漙 ， 世路 无穷 。 劳生 有限 ， 千秋 谁 继 。 风 吹 铎 动 ， 露 落 石 响 。 旧址 深处 占 风铎 响 起 的 时候 ， 偶尔 会 听到 悠远 的 人声 。 有时 是 孩童 清朗 的 墨经 念诵 ， 有时 是 老者 提问 的 声声 迷茫 。 有时 是 争吵 、 是 离别 ， 有时 也是 一 滴 水 接着 一 滴 水 ， 往 继 不断 的 千古 传唱 。 循 着 这 声音 往前 ， 游侠 可 遇到 一 格外 朴实 的 墨门 弟子 ， 说是 奉 师父 之 名 ， 要 去 墨堂 中 寻 一 紧要 物件 。 一段 步履 墨门 故地 的 冒险 ， 就此 启程 。 一路上 ， 除却 不少 千年 之后 仍 见 精巧 的 机关 谜题 ， 更 多 的 是 尘封 于 旧城 的 旧物 旧事 。 历代 墨门 先贤 的 探赜 与 穷理 、 笃行 与 思辨 ， 将 有 机会 在 旅途 中 重现 。 薤 露之辉 何以 传继 ， 凿 石 大业 毕 功 于 谁 ， 就 待 游侠 在 这 深谷 的 风 中 寻找 答案 了 。 全新 天工地窟 「 形 之 所 奋 」 以 力 相 因 ， 诡谲 万 变 若是 论 起 千年 墨门 的 底蕴 ， 必然 绕 不 开 那些 巧夺天工 的 机关 之 术 。 墨城 旧址 的 附近 ， 藏 有 一 弟子 试炼 之 地 ， 名 “ 形 之 所 奋 ” ， 须 解 千 机 之 门 方 可 入 其中 。 游侠 若 入 此地 ， 需 悉心 观察 ， 明 辨 机枢 ， 以 相 因 为 媒 ， 破解 谜题 。 地窟 内 机枢 正奇 多变 ， 环环相扣 。 初见 也许 觉得 解 之 甚 易 ， 可 越 往后 越 见 其 复杂 之 处 。 机枢 不断 增多 ， 铁索 重重 相连 ， 牵 其 一发 则 满 盘 皆 动 。 须 得 游侠 着重 细心 观察 ， 缜密 思考 。 此地 为 考校 墨门 弟子 所 用 ， 游侠 若 想 顺利 过关 ， 心性 与 智慧 自是 缺一不可 。 * 预研 中 画面 ， 请 以 游戏 内 实际 效果 为 准 通过 试炼 后 ， 还 可 获得 【 药用 传闻 】 、 【 长鸣玉 】 等 奖励 。 地窟 之中 亦 有 万事 知 的 关键 线索 ， 欢迎 游侠 前往 探寻 。 不论是 从 时间 还是 空间 的 角度 ， 不见山 都 有 足够 的 纵深 ， 去 容纳 更 多 往事 与 新篇 。 此间 故事 ， 我们 将 在 后续 逐步 为 大家 带来 。 上述 之外 ， 本周 还 将 有 梨园 主题 活动 等 全新 内容 更新 。 更 多 详情 ， 敬请 游侠 关注 后续 官方 动态 ！ ' ],2025-10,更新前瞻丨深入墨城旧址，探寻侠迹与地窟
['偶得幽闲境，遂忘尘俗心。秋日午后的悠然闲坐，最为雅士所喜。深绿点染的院落里，一卷新书，半瓯清茶，看花影移动，听风声细语。最能抚慰人心的时光莫过如是。本周，将有一套取意于此的全新套装【惜芳时】上架——全新套装【惜芳时】王维有诗云：“坐看苍苔色，欲上人衣来”，所描绘的正是闲坐时那物我相融的宁静自然之意。此衣借此诗韵，有铁线莲温柔蔓延于轻纱珠玉间。翠叶层叠，花散清芬，正如那一个个煮茶听风的午后，和推窗见山的清晨。*预研中画面，实际效果请以游戏为准女款融合了马面裙、云肩等传统元素，温婉清丽之外，自有不落俗的大方气度。男款以芝兰玉树之姿为底，轻巾飘扬间，又增添几分洒脱活泼的少年心气。腰间均有一挎包配饰，恰好能装下几瓣落花、几封旧信、一晌清欢。身如千丝绕，心似彩云轻。全新套装【惜芳时】将于本周上架，届时游侠可前往【商店】以1280「长鸣珠」购得。套装内包含以下内容：主角头像、耳饰、腰挂配饰、挎包配饰。为了让游侠们日后搭配更为随心，套装将支持上下装拆分和染色。全新枪武器外观【执清霜】*预研中画面，请以游戏内实际效果为准凌云何须壮志，唯此心、常安常乐常平。此武器外观为首领「郑鄂」的改良重制款长枪，更符合主角的体型与武学需求。首领同款外观均会在细节精度、材质表现等方面有所提升。铁骨霜风，蕈丝还绕，银蛇流星。全新枪武器外观【执清霜】将于本周上架，届时游侠可前往【商店】以680「长鸣珠」购得。「千斤坠」奇术特效【金穗丰穰】*预研中画面，请以游戏内实际效果为准金浪千重卷野黄，山溪载月入廪仓。银杏摇叶呼穑事，暮里炊烟醉斜阳。世代开山修路，只为寻得一片安宁的桃源。没有铜皮铁骨，亦不会地崩山摧——只凭自己的双手双脚，人便建成了丰美合乐的家园。金穗结浪，今岁庆丰穰。全新奇术特效【金穗丰穰】将于本周上架，届时游侠可前往【商店】以60「长鸣珠」购得。']。 —— 松花酿酒，春水煎茶|全新套装「惜芳时」即将上线-,《 松花 酿酒 ， 春水 煎茶 | 全新 套装 「 惜芳 时 」 即将 上线 》 : [ ' 偶 得 幽闲境 ， 遂 忘 尘俗心 。 秋日 午后 的 悠然 闲坐 ， 最为 雅士 所 喜 。 深绿 点染 的 院落 里 ， 一 卷 新书 ， 半瓯 清茶 ， 看 花影 移动 ， 听 风声 细语 。 最 能 抚慰 人心 的 时光 莫过 如是 。 本周 ， 将 有 一套 取意 于 此 的 全新 套装 【 惜芳时 】 上架 —— 全新 套装 【 惜芳时 】 王维 有 诗 云 ： “ 坐 看 苍苔 色 ， 欲 上 人 衣 来 ” ， 所 描绘 的 正是 闲坐 时 那 物 我 相融 的 宁静 自然 之 意 。 此 衣 借 此 诗韵 ， 有 铁线莲 温柔 蔓延 于 轻纱 珠玉 间 。 翠叶 层叠 ， 花散 清芬 ， 正如 那 一个个 煮 茶 听风 的 午后 ， 和 推 窗 见 山 的 清晨 。 * 预研 中 画面 ， 实际 效果 请 以 游戏 为 准 女款 融合 了 马面裙 、 云肩 等 传统 元素 ， 温婉 清丽 之外 ， 自 有 不 落俗 的 大方 气度 。 男款 以 芝兰 玉树 之 姿 为 底 ， 轻巾 飘扬 间 ， 又 增添 几分 洒脱 活泼 的 少年 心气 。 腰 间 均 有 一 挎包 配饰 ， 恰好 能 装 下 几 瓣 落花 、 几封 旧 信 、 一 晌 清欢 。 身 如 千丝 绕 ， 心 似 彩云 轻 。 全新 套装 【 惜芳时 】 将 于 本周 上架 ， 届时 游侠 可 前往 【 商店 】 以 1280 「 长鸣珠 」 购得 。 套装 内 包含 以下 内容 ： 主角 头像 、 耳饰 、 腰挂 配饰 、 挎包 配饰 。 为了 让 游侠 们 日后 搭配 更为 随心 ， 套装 将 支持 上下装 拆分 和 染色 。 全新 枪 武器 外观 【 执清霜 】 * 预研 中 画面 ， 请 以 游戏 内 实际 效果 为 准 凌云 何须 壮志 ， 唯 此 心 、 常安 常乐 常平 。 此 武器 外观 为 首领 「 郑鄂 」 的 改良 重制款 长枪 ， 更 符合 主角 的 体型 与 武学 需求 。 首领 同款 外观 均 会 在 细节 精度 、 材质 表现 等 方面 有所 提升 。 铁骨 霜风 ， 蕈丝 还绕 ， 银蛇 流星 。 全新 枪 武器 外观 【 执清霜 】 将 于 本周 上架 ， 届时 游侠 可 前往 【 商店 】 以 680 「 长鸣珠 」 购得 。 「 千斤坠 」 奇术 特效 【 金穗丰穰】 * 预研 中 画面 ， 请 以 游戏 内 实际 效果 为 准 金浪 千 重卷 野黄 ， 山溪 载 月 入 廪仓 。 银杏 摇 叶 呼 穑 事 ， 暮里 炊烟 醉 斜阳 。 世代 开山 修路 ， 只 为 寻得 一片 安宁 的 桃源 。 没有 铜皮 铁骨 ， 亦 不会 地 崩 山 摧 —— 只 凭 自己 的 双手 双 脚 ， 人 便 建成 了 丰美合乐 的 家园 。 金穗 结 浪 ， 今岁 庆 丰 穰 。 全新 奇术 特效 【 金穗丰穰 】 将 于 本周 上架 ， 届时 游侠 可 前往 【 商店 】 以 60 「 长鸣珠 」 购得 。 ' ],2025-10,松花酿酒，春水煎茶 | 全新套装「惜芳时 」即将上线
"['秋高气爽，与侠再会。昨日，我们与石家庄的游侠们应约围坐一堂，展开了一场坦诚交流。从眼前的不见山到未来的愿景，游侠们带来的不仅是方方面面的细致反馈，更是对这片江湖的深切期待。交流中我们所收获的，远不止建议，更是一份沉甸甸的信任。我们也整理了现场部分交流实录，现与诸位分享——关于不见山：体验调优、性能释放q：不见山很好玩，但是探索中还是有体验上的问题，比如攀爬卡住，摄星拿月定位不准等，这些都会修复吗？非常感谢大家对不见山的喜爱。不见山在地势上比较垂直，并且有很多墨山道的机关，这些设计在带来新体验的同时，也带来了很多体验上的问题。目前地形、机关等相关bug都在加紧持续修复中。在不见山的山区地貌里，攀爬、跑图体验不丝滑的问题，我们也会做重点优化。针对各位游侠反馈较多的摄星拿月问题，我们计划从以下几个方面做优化：•优化定位精准度，减少“自爆”体验；•调整交互按钮显示优先级，减少误触情况；•适当减少可交互物品的数量，并整体提升伤害，让每类物品都更“有用”。q：不见山的探索指引、任务指引不够清晰，找起来容易晕头转向。指引相关的反馈已经收到，目前已经有很多调整正在路上。比如给「不见山」开放寻龙见宝功能；增加小地图，宝箱和蹊跷的箭头显示；降低蹊跷捕捉难度和音效；加强鲁班锁提示引导等。在墨守之心等关卡中，我们也会优化关卡引导。在详细指引模式下，给到更清楚的指引帮助通关。q：新地图里还是有闪退和卡顿问题，包体也越来越大，手机快装不下了怎么办？我们已经建立了性能专项攻坚小组来解决相关的问题：•移动端闪退的主要原因是内存占用过高，该问题我们已经在进行专项处理。•卡顿、掉帧的核心原因是不见山的资源密度较大，后续我们会对模型，特效，场景等资源制作方式进行迭代，提升双端体验的流畅性。•至于大家担心的包体大小问题，我们计划在底放出磁盘优化的升级，预计可以达到10%左右的压缩效果（包括pc端与移动端）。后续空间占用方面也会持续优化，敬请大家期待。q：下一阶段的不见山会有什么新玩法和新内容？下一个开放的新区域里，游侠会来到不见山最高的一片山峰，去探索全新的镇守和侠迹。我们将进一步展现世居山民们的生活，已开放区域中提及的一些重要角色也将现身。不见山“山高风大”的核心特色，将在此继续打磨进化。在高山区域中，会有关于“云海”的全新视觉和玩法体验，同时也会有更加精巧的墨家机关术关卡场景，组装机关的丰富度也会进一步提升。大家喜欢的云槎的轨道也会连接到新区域，甚至还会有专门定制的追逃玩法关卡，届时欢迎大家前来体验！关于多人玩法：试剑侠境痛点优化、更丰富便捷的社交互动q：有些技能位移太大很难打满伤害，比如迷驿舟这种boss还容易空刀。大体型的boss压迫感强，有一些跳跃，抬手的动作可能会导致空刀。针对这一类boss，未来会采用新的技术方案来处理boss的受击判定，确保全部流派都能稳定地输出。后续我们也会更加注意boss位移技能的设计，减少不必要的移动，让大家的输出循环更顺畅。q：目前有些试剑和侠境的容错率较低，导致不熟悉机制的玩家压力较大。针对这个问题，后续我们计划增加一个全新的机制。队长可以指定某些队员为“熟练工”，在点名机制时“熟练工”被点名的概率会更高，给新人更多观察和学习的空间。我们也有计划提供更多样的参与模式，比如不同人数都能开启、简化数值的试剑“师徒本”等。在boss机制设计上，我们未来的方向会更加侧重于“团队合作”和“正反馈”，更多加入“应对成功时为个人或团队提供增益”的正向鼓励机制，让大家在配合中获得成就感。q：现有大部分任务都不能联机做。我想和朋友一起闯江湖，能不能多出点能一起玩的内容？联机体验的优化路径已初步确定，未来会逐步增加联机人数上限，并推动更多玩法支持联机探索。百业驻地也会开放自由建造，并持续拓展更多玩法供百业举办活动。对应的，合影功能也将进行拓展，支持单人创作多人合影模板和异步加入合影功能，助大家轻松完成互动，留下美好瞬间。侠缘、师徒、结义之间的互动也将持续丰富，更多表情动作，更多互动玩法。q：现在的主页展示还是限制我发挥了，能不能增加些展示功能？我们正在努力为游侠们提供更多样的展示方式。不久前情境打光功能已经上线，后续还将拓展情境外观固定、名片透明度调整、动态题跋、陀螺仪等功能。路牌功能也将更为丰富，预计新增共享路牌diy空间，寻宝路牌，探索工具路牌等，提供不同的邂逅体验。我们也关注到各位游侠对于主页人气值也有个性展示的需求。后续，我们将增加人气值展示功能，便于游侠自选特殊数字进行展示与纪念。关于养成：养成持续优化，多流派培养压力减负q：金装爆率并不稳定，而且词条经常不是我想要的，养成方面还会继续优化吗？完全理解，近期我们已经进行了一些优化，比如减少负反馈——通过优化随机词条库，词条合并，提升属性价值等方式提升整体词条质量。同时也增加了正反馈，新增""承音传律""功能，装备保值同时支持稳定提升；新增""金石鸣籁""机制，提升调律过程的惊喜体验并减少材料获取压力。接下来，我们计划从以下几个方面做进一步优化：•增加养成资源获取，金装、定音石获取更轻松、更稳定；•更多养成保值手段，承音装备可继续承音至更高等阶，传律部分返还材料金装调律过程中消耗的通宝。•除之前已预告的变音保底、装备移律功能外，新增限量获取的初始词条自选宝箱；（为了确保游侠体验的一致性，这些功能计划随下一个完整赛季开启）。q：想转流派但成本很高，装备、心法都要重新调，通宝长鸣玉也很吃紧。后续更新中，我们将进一步降低转换流派的成本，包括降低武学重置的通宝损耗、降低心法转换的长鸣玉花费等，让大家能更无负担地尝试其他流派。此更新上线时，也将对当前赛季已消耗的额外资源进行返还，各位游侠可以放心使用。q：后续等级、奇术心法等还会开新的上限吗？目前等级上限将暂时定格在100级，心法、奇术培养上限也将暂时定格在六重，且暂时没有开放七重的计划。即使后续开放更高重数，为了避免满重后回收策略差异带来的影响，也会使用新养成材料，各位游侠可以放心回收多余的心法心得。此外，预计在下半赛季开始时将上线奇术新悟功能，部分达到六重的奇术将会推演出新的变招。武道之路，将有更多可能。关于更多大家关心的问题q：不见山有新门派墨山道，梨园的玩法什么时候会上呢？预计在，梨园的门派玩法将有重大更新。不久之后我们就将带来相关的玩法爆料，游侠们可以关注我们的官方动态！q：大家关心的累充奖励有计划吗？大家呼声很高的累积充值奖励已在筹备中，后续也有更多活动将和各位游侠见面，敬请期待！每次与游侠的相会，我们都受益匪浅。还有诸多细节反馈，我们均已认真记录，后续也会持续跟进。未来，我们还会前往更多城市与游侠们做深入交流，也会持续通过问卷等形式，收集各位的宝贵建议。行胜于言，来日方长，欢迎游侠们的继续鞭策监督！']。 —— 倾听侠声丨石家庄游侠研讨会速报-","《 倾听 侠声 丨 石家庄 游侠 研讨会 速报 》 : [ ' 秋高气爽 ， 与侠 再会 。 昨日 ， 我们 与 石家庄 的 游侠 们 应 约 围坐 一 堂 ， 展开 了 一 场 坦诚 交流 。 从 眼前 的 不见山 到 未来 的 愿景 ， 游侠 们 带来 的 不仅 是 方方面面 的 细致 反馈 ， 更 是 对 这 片 江湖 的 深切 期待 。 交流 中 我们 所 收获 的 ， 远 不止 建议 ， 更 是 一 份 沉甸甸 的 信任 。 我们 也 整理 了 现场 部分 交流 实录 ， 现 与 诸位 分享 —— 关于 不见山 ： 体验 调优 、 性能 释放 q ： 不见山 很 好玩 ， 但是 探索 中 还是 有 体验 上 的 问题 ， 比如 攀爬 卡住 ， 摄星 拿 月 定位 不准 等 ， 这些 都 会 修复 吗 ？ 非常 感谢 大家 对 不见山 的 喜爱 。 不见山 在 地势 上 比较 垂直 ， 并且 有 很多 墨山道 的 机关 ， 这些 设计 在 带来 新 体验 的 同时 ， 也 带来 了 很多 体验 上 的 问题 。 目前 地形 、 机关 等 相关 bug 都 在 加紧 持续 修复 中 。 在 不见山 的 山区 地貌 里 ， 攀爬 、 跑图 体验 不 丝滑 的 问题 ， 我们 也 会 做 重点 优化 。 针对 各位 游侠 反馈 较多 的 摄星 拿 月 问题 ， 我们 计划 从 以下 几个 方面 做 优化 ： • 优化 定位 精准度 ， 减少 “ 自爆 ” 体验 ； • 调整 交互 按钮 显示 优先级 ， 减少 误触 情况 ； • 适当 减少 可 交互 物品 的 数量 ， 并 整体 提升 伤害 ， 让 每 类 物品 都 更 “ 有用 ” 。 q ： 不见山 的 探索 指引 、 任务 指引 不够 清晰 ， 找 起来 容易 晕头转向 。 指引 相关 的 反馈 已经 收到 ， 目前 已经 有 很多 调整 正在 路上 。 比如 给 「 不见山 」 开放 寻龙见宝 功能 ； 增加 小 地图 ， 宝箱 和 蹊跷 的 箭头 显示 ； 降低 蹊跷 捕捉 难度 和 音效 ； 加强 鲁班锁 提示 引导 等 。 在 墨守之心 等 关卡 中 ， 我们 也 会 优化 关卡 引导 。 在 详细 指引 模式 下 ， 给 到 更 清楚 的 指引 帮助 通关 。 q ： 新 地图 里 还是 有 闪退 和 卡顿 问题 ， 包体 也 越来越 大 ， 手机 快装 不 下 了 怎么办 ？ 我们 已经 建立 了 性能专项攻坚小组 来 解决 相关 的 问题 ： • 移动端 闪退 的 主要 原因 是 内存 占用 过高 ， 该 问题 我们 已经 在 进行 专项 处理 。 • 卡顿 、 掉帧 的 核心 原因 是 不见山 的 资源 密度 较大 ， 后续 我们 会 对 模型 ， 特效 ， 场景 等 资源 制作 方式 进行 迭代 ， 提升 双端 体验 的 流畅性 。 • 至于 大家 担心 的 包体 大小 问题 ， 我们 计划 在 底 放 出 磁盘 优化 的 升级 ， 预计 可以 达到 10% 左右 的 压缩 效果 （ 包括 pc端 与 移动端 ） 。 后续 空间 占用 方面 也 会 持续 优化 ， 敬请 大家 期待 。 q ： 下 一 阶段 的 不见山 会 有 什么 新 玩法 和 新 内容 ？ 下 一个 开放 的 新 区域 里 ， 游侠 会 来到 不见山 最高 的 一片 山峰 ， 去 探索 全新 的 镇守 和 侠迹 。 我们 将 进一步 展现 世居 山民 们 的 生活 ， 已 开放 区域 中 提及 的 一些 重要 角色 也 将 现身 。 不见山 “ 山 高 风 大 ” 的 核心 特色 ， 将 在此 继续 打磨 进化 。 在 高山 区域 中 ， 会 有 关于 “ 云海 ” 的 全新 视觉 和 玩法 体验 ， 同时 也 会 有 更加 精巧 的 墨家 机关术 关卡 场景 ， 组装 机关 的 丰富度 也 会 进一步 提升 。 大家 喜欢 的 云槎 的 轨道 也 会 连接 到 新 区域 ， 甚至 还 会 有 专门 定制 的 追逃 玩法 关卡 ， 届时 欢迎 大家 前来 体验 ！ 关于 多人玩法 ： 试 剑 侠境 痛点 优化 、 更 丰富 便捷 的 社交 互动 q ： 有些 技能 位移 太 大 很难 打 满 伤害 ， 比如 迷驿舟 这种 boss 还 容易 空刀 。 大 体型 的 boss 压迫感 强 ， 有一些 跳跃 ， 抬手 的 动作 可能 会 导致 空刀 。 针对 这 一类 boss ， 未来 会 采用 新 的 技术 方案 来 处理 boss 的 受击 判定 ， 确保 全部 流派 都 能 稳定 地 输出 。 后续 我们 也 会 更加 注意 boss 位移 技能 的 设计 ， 减少 不 必要 的 移动 ， 让 大家 的 输出 循环 更 顺畅 。 q ： 目前 有些 试剑 和 侠境 的 容错率 较低 ， 导致 不 熟悉 机制 的 玩家 压力 较大 。 针对 这个 问题 ， 后续 我们 计划 增加 一个 全新 的 机制 。 队长 可以 指定 某些 队员 为 “ 熟练工 ” ， 在 点名 机制 时 “ 熟练工 ” 被 点名 的 概率 会 更 高 ， 给 新人 更 多 观察 和 学习 的 空间 。 我们 也 有 计划 提供 更 多样 的 参与 模式 ， 比如 不同 人数 都 能 开启 、 简化 数值 的 试剑 “ 师徒本 ” 等 。 在 boss 机制 设计 上 ， 我们 未来 的 方向 会 更加 侧重 于 “ 团队 合作 ” 和 “ 正 反馈 ” ， 更 多 加入 “ 应对 成功 时 为 个人 或 团队 提供 增益 ” 的 正向 鼓励 机制 ， 让 大家 在 配合 中 获得 成就感 。 q ： 现有 大部分 任务 都 不能 联机 做 。 我 想 和 朋友 一起 闯江湖 ， 能不能 多 出 点 能 一起 玩 的 内容 ？ 联机 体验 的 优化 路径 已 初步 确定 ， 未来 会 逐步 增加 联机 人数 上限 ， 并 推动 更 多 玩法 支持 联机 探索 。 百业 驻地 也 会 开放 自由 建造 ， 并 持续 拓展 更 多 玩法 供 百业 举办 活动 。 对应 的 ， 合影 功能 也 将 进行 拓展 ， 支持 单人 创作 多 人 合影 模板 和 异步 加入 合影 功能 ， 助 大家 轻松 完成 互动 ， 留下 美好 瞬间 。 侠缘 、 师徒 、 结义 之间 的 互动 也 将 持续 丰富 ， 更 多 表情 动作 ， 更 多 互动 玩法 。 q ： 现在 的 主页 展示 还是 限制 我 发挥 了 ， 能不能 增加 些 展示 功能 ？ 我们 正在 努力 为 游侠 们 提供 更 多样 的 展示 方式 。 不久前 情境 打光 功能 已经 上线 ， 后续 还 将 拓展 情境 外观 固定 、 名片 透明度 调整 、 动态 题跋 、 陀螺仪 等 功能 。 路牌 功能 也 将 更为 丰富 ， 预计 新增 共享 路牌 diy 空间 ， 寻宝 路牌 ， 探索 工具 路牌 等 ， 提供 不同 的 邂逅 体验 。 我们 也 关注 到 各位 游侠 对于 主页 人 气值 也 有 个性 展示 的 需求 。 后续 ， 我们 将 增加 人气值 展示 功能 ， 便于 游侠 自选 特殊 数字 进行 展示 与 纪念 。 关于 养成 ： 养成 持续 优化 ， 多 流派 培养 压力 减负 q ： 金装 爆率 并不 稳定 ， 而且 词条 经常 不是 我 想 要 的 ， 养成 方面 还 会 继续 优化 吗 ？ 完全 理解 ， 近期 我们 已经 进行 了 一些 优化 ， 比如 减少 负反馈 —— 通过 优化 随机 词条库 ， 词条 合并 ， 提升 属性 价值 等 方式 提升 整体 词条 质量 。 同时 也 增加 了 正 反馈 ， 新增 "" 承音 传律 "" 功能 ， 装备 保值 同时 支持 稳定 提升 ； 新增 "" 金石 鸣籁 "" 机制 ， 提升 调律 过程 的 惊喜 体验 并 减少 材料 获取 压力 。 接下来 ， 我们 计划 从 以下 几个 方面 做 进一步 优化 ： • 增加 养成 资源 获取 ， 金装 、 定音石 获取 更 轻松 、 更 稳定 ； • 更 多 养成 保值 手段 ， 承音 装备 可 继续 承音 至 更 高 等阶 ， 传律 部分 返还 材料 金装 调律 过程 中 消耗 的 通宝 。 • 除 之前 已 预告 的 变音 保底 、 装备 移律 功能 外 ， 新增 限量 获取 的 初始 词条 自选 宝箱 ； （ 为了 确保 游侠 体验 的 一致性 ， 这些 功能 计划 随 下 一个 完整 赛季 开启 ） 。 q ： 想 转 流派 但 成本 很 高 ， 装备 、 心法 都 要 重新 调 ， 通宝 长鸣玉 也 很 吃紧 。 后续 更新 中 ， 我们 将 进一步 降低 转换 流派 的 成本 ， 包括 降低 武学 重置 的 通宝 损耗 、 降低 心法 转换 的 长鸣玉 花费 等 ， 让 大家 能 更 无 负担 地 尝试 其他 流派 。 此 更新 上线 时 ， 也 将 对 当前 赛季 已 消耗 的 额外 资源 进行 返还 ， 各位 游侠 可以 放心 使用 。 q ： 后续 等级 、 奇术 心法 等 还 会 开 新 的 上限 吗 ？ 目前 等级 上限 将 暂时 定格 在 100级 ， 心法 、 奇术 培养 上限 也 将 暂时 定格 在 六重 ， 且 暂时 没有 开放 七重 的 计划 。 即使 后续 开放 更 高 重数 ， 为了 避免 满 重 后 回收 策略 差异 带来 的 影响 ， 也 会 使用 新 养成 材料 ， 各位 游侠 可以 放心 回收 多余 的 心法 心得 。 此外 ， 预计 在 下 半 赛季 开始 时 将 上线 奇术 新悟 功能 ， 部分 达到 六重 的 奇术 将 会 推演 出 新 的 变招 。 武道 之 路 ， 将 有 更 多 可能 。 关于 更 多 大家 关心 的 问题 q ： 不见山 有 新 门派 墨山道 ， 梨园 的 玩法 什么 时候 会 上 呢 ？ 预计 在 ， 梨园 的 门派 玩法 将 有 重大 更新 。 不久 之后 我们 就 将 带来 相关 的 玩法 爆料 ， 游侠 们 可以 关注 我们 的 官方 动态 ！ q ： 大家 关心 的 累充 奖励 有 计划 吗 ？ 大家 呼声 很 高 的 累积 充值 奖励 已 在 筹备 中 ， 后续 也 有 更 多 活动 将 和 各位 游侠 见面 ， 敬请 期待 ！ 每次 与 游侠 的 相会 ， 我们 都 受益匪浅 。 还有 诸多 细节 反馈 ， 我们 均 已 认真 记录 ， 后续 也 会 持续 跟进 。 未来 ， 我们 还 会 前往 更 多 城市 与 游侠 们 做 深入 交流 ， 也 会 持续 通过 问卷 等 形式 ， 收集 各位 的 宝贵 建议 。 行胜于 言 ， 来日方 长 ， 欢迎 游侠 们 的 继续 鞭策 监督 ！ ' ]",2025-10,倾听侠声丨石家庄游侠研讨会速报
['月沉星隐之时，万家灯火已熄，唯有更夫梆声回荡在空寂的街巷。一道玄影悄然掠过屋瓦，衣袂破风却未惊起半声犬吠——侠者行于月下，不求江湖留名，只将一身侠骨融于漫漫长夜，为不能言者言，为不能争者争。本周，将有一套以夜行侠客为主题的全新外观【寂夜铃】上架——全新套装【寂夜铃】*预研中画面，实际效果请以游戏为准。捏脸来自玩家：赵吟烟一袭玄衣，夜色为袍；行过之处，灯火皆暗。再起身时，只见幽光乍现，残月破云，正所谓——铃惊寒夜影凌空，一息刃破血溅红。事了拂衣踏月去，唯余铃音颤疏桐。全新套装【寂夜铃】将于上架，届时游侠可前往【商店】以限时优惠价300「长鸣珠」购得。此优惠价将于日结束，届时将恢复原价680「长鸣珠」。套装支持上下装拆分和染色，并包含以下可拆分配饰：腰饰。「千香引魂蛊」武学特效【蝶引寒星】*预研中画面，实际效果请以游戏为准蝶影翩然惊梦起，寒星乍破百花休。死生无常随缘去，一念霜雪满枝头。全新「千香引魂蛊」武学特效【蝶引寒星】将于上架，届时游侠可前往【和鸣商店】以1颗「八音窍」购得。本周除新外观上线之外，「山中逢秋」、「老金翻翻乐」等活动均已开启——奇案侦缉、机关试炼、翻牌赢礼，诸多精彩静待游侠亲临！本周日，新一期游侠研讨会将在石家庄进行，欢迎报名入选的游侠前来交流。届时我们也将尽快带来内容速报。江湖虽远，字字必达，敬请关注后续官方动态！']。 —— 铃动暗夜，刃影惊风|新套装「寂夜铃」即将上架-,《 铃 动 暗夜 ， 刃影惊风 | 新 套装 「 寂夜铃 」 即将 上架 》 : [ ' 月 沉 星隐 之 时 ， 万家 灯火 已 熄 ， 唯 有 更夫 梆声 回荡 在 空寂 的 街巷 。 一 道 玄影 悄然 掠过 屋瓦 ， 衣袂 破风 却 未 惊 起 半声 犬吠 —— 侠者 行 于 月下 ， 不 求 江湖 留名 ， 只 将 一身 侠骨 融 于 漫漫 长夜 ， 为 不能 言者 言 ， 为 不能 争 者 争 。 本周 ， 将 有 一套 以 夜行 侠客 为 主题 的 全新 外观 【 寂夜铃 】 上架 —— 全新 套装 【 寂夜铃 】 * 预研 中 画面 ， 实际 效果 请 以 游戏 为 准 。 捏 脸 来自 玩家 ： 赵吟烟 一 袭 玄衣 ， 夜色 为 袍 ； 行 过 之 处 ， 灯火 皆 暗 。 再 起身 时 ， 只见 幽光 乍现 ， 残月 破 云 ， 正 所谓 — —铃惊 寒夜影 凌空 ， 一 息刃 破 血 溅 红 。 事 了 拂衣 踏 月 去 ， 唯 余铃音 颤疏桐 。 全新 套装 【 寂夜铃 】 将 于 上架 ， 届时 游侠 可 前往 【 商店 】 以 限时 优惠价 300 「 长鸣珠 」 购得 。 此 优惠价 将 于 日 结束 ， 届时 将 恢复 原价 680 「 长鸣珠 」 。 套装 支持 上下装 拆分 和 染色 ， 并 包含 以下 可 拆分 配饰 ： 腰饰 。 「 千香 引魂蛊 」 武学 特效 【 蝶引寒星 】 * 预研 中 画面 ， 实际 效果 请 以 游戏 为准 蝶影 翩然 惊梦 起 ， 寒星 乍 破 百花休 。 死生 无常 随缘 去 ， 一 念 霜雪 满 枝头 。 全新 「 千香 引魂蛊 」 武学 特效 【 蝶引寒星 】 将 于 上架 ， 届时 游侠 可 前往 【 和鸣商店 】 以 1 颗 「 八音窍 」 购得 。 本周 除 新 外观 上线 之外 ， 「 山 中 逢 秋 」 、 「 老金 翻翻乐 」 等 活动 均 已 开启 — — 奇案 侦缉 、 机关 试炼 、 翻牌 赢礼 ， 诸多 精彩 静待 游侠 亲临 ！ 本周日 ， 新 一 期 游侠 研讨会 将 在 石家庄 进行 ， 欢迎 报名 入选 的 游侠 前来 交流 。 届时 我们 也 将 尽快 带来 内容 速报 。 江湖 虽 远 ， 字字必达 ， 敬请 关注 后续 官方 动态 ！ ' ],2025-10,铃动暗夜，刃影惊风 | 新套装「寂夜铃」即将上架
['明日即是中秋佳节，又是一年团圆时。那个曾照亮游侠江湖路的皎皎明月，此时清辉所致，满是温馨。今晚7点30分，著名歌唱家谭晶老师将登上bilibili花好月圆中秋晚会的舞台，以全新方式演绎《望月•归舟》。月色洒满山河万里，歌声温暖游子归心。此番以情寄月，以歌传意，无论游侠已在家中团圆，还是仍在江湖奔波，都愿此旋律，能陪伴各位共此良辰。真情实意，并不仅来自于久别重逢。歌声之外，我们也期待与各位游侠来一次畅所欲言的真诚沟通。我们计划在（下周日）于石家庄办新一期游侠研讨会，邀请各位来到线下，和主创团队面对面交流。无论是对当前游戏体验的建议，还是对后续内容的期望，少东家都可以畅所欲言。若不方便，也欢迎通过游戏内问卷向我们建言，我们会认真倾听每一位游侠的声音。本次研讨会名额将通过下方问卷进行邀请，有兴趣的游侠可以前往留下报名信息与联系方式。若确认入选邀请名单，我们预计将在（下周六）之前与您确认信息。未来我们也会前往更多的城市，期待与各位相见！']。 —— 新一期游侠研讨会招募开启！-,《 新 一 期 游侠 研讨会 招募 开启 ！ 》 : [ ' 明日 即 是 中秋 佳节 ， 又是 一年 团圆 时 。 那个 曾 照亮 游侠 江湖路 的 皎皎 明月 ， 此时 清辉 所 致 ， 满 是 温馨 。 今晚7点30分 ， 著名 歌唱家 谭晶 老师 将 登上 bilibili 花好月圆 中秋 晚会 的 舞台 ， 以 全新 方式 演绎 《 望 月 • 归 舟 》 。 月色 洒 满 山河 万里 ， 歌声 温暖 游子 归心 。 此 番 以 情 寄 月 ， 以 歌 传 意 ， 无论 游侠 已 在 家 中 团圆 ， 还是 仍 在 江湖 奔波 ， 都 愿 此 旋律 ， 能 陪伴 各位 共 此 良辰 。 真情实意 ， 并 不仅 来自 于 久别重逢 。 歌声 之外 ， 我们 也 期待 与 各位 游侠 来 一次 畅所欲言 的 真诚 沟通 。 我们 计划 在 （ 下周日 ） 于 石家庄 办 新 一 期 游侠 研讨会 ， 邀请 各位 来到 线下 ， 和 主创 团队 面对面 交流 。 无论是 对 当前 游戏 体验 的 建议 ， 还是 对 后续 内容 的 期望 ， 少东家 都 可以 畅所欲言 。 若 不 方便 ， 也 欢迎 通过 游戏 内 问卷 向 我们 建言 ， 我们 会 认真 倾听 每 一 位 游侠 的 声音 。 本 次 研讨会 名额 将 通过 下方 问卷 进行 邀请 ， 有 兴趣 的 游侠 可以 前往 留下 报名 信息 与 联系 方式 。 若 确认 入选 邀请 名单 ， 我们 预计 将 在 （ 下周六 ） 之前 与 您 确认 信息 。 未来 我们 也 会 前往 更 多 的 城市 ， 期待 与 各位 相见 ！ ' ],2025-10,新一期游侠研讨会招募开启！
['金秋十月，正是团圆与收获的美好时节。逢此佳期，我们也取中秋时节的美好意象，为大家带来了全新外观——全新套装【金滟玉团】天应有意故遮阑。拍人间。等闲看。好处时光，须用著些难。直待黄昏风卷霁，金滟滟，玉团团。*预研中画面，请以游戏内实际效果为准桂子月中落，天香云外飘。十月既是中秋之月，也是桂花盛开之时。此衣正是取意自桂花飘香时的月宫灵兔。在大多数时候，人们关于明月之上的想象都是清冷而幽静。嫦娥独坐，吴刚寡言，若月亮之上的活泼共一石，那只玉兔怕已独占十斗。金色的桂花撒满衣襟和袖口，华贵之余自有清香扑面。雪白毛团暗藏，茸茸兔耳摇摆，再寒冷的天上宫阙，也多了几分温馨。愿借此天上桂香一缕，共祝人间岁岁清欢。*预研中画面，请以游戏内实际效果为准2025年中秋纪念套装【金滟玉团】将于起限时上架30天，届时游侠可前往【商店】以2580「长鸣珠」购得。套装内包含以下内容：主角头像、发饰、耳饰、兔子配饰、尾巴配饰。套装【金滟玉团】将支持上下装拆分和染色。全新发型【扶光】*预研中画面，请以游戏内实际效果为准平分秋色一轮满，长伴云衢千里明。全新发型【扶光】将于上架，届时游侠可前往【和鸣商店】以1颗「八音窍」购得，购买后附赠动态主角头像。除【金滟玉团】与【扶光】外，自起，还有武器外观、奇术特效等同步上新——全新「陌刀」武器外观【万籁·绝云翼】*预研中画面，请以游戏内实际效果为准【万籁】系列武器外观重磅推出。夫天地者，万籁之声也。万物可铸为兵甲，兵甲中复现万物之形，凝万象之声为光。物有消弭之期，而道存永恒之常。挥刃绝云霭，倾银散万家。全新「陌刀」武器外观【万籁·绝云翼】将于上架，届时游侠可前往【商店】以1280「长鸣珠」购得。「流星坠火」奇术特效【枯魂燃尽】*预研中画面，请以游戏内实际效果为准将军曾说，死后若至忘川，怕是要遭阴火灼燃，一人一马独立河畔，无人可近。吾心磐也，吾志铮也。功兮罪兮，后世评说。三途明灭百劫烬，一将功成万骨枯。全新「流星坠火」奇术特效【枯魂燃尽】将于上架，届时游侠可前往【商店】以980「长鸣珠」购得。双节期间，山中机关盛会也已开启！游侠莫要忘记前来兑换限定外观等丰富奖励，后续还有翻牌赢礼活动登场，诚邀各位前来一试！']。 —— 金桂飘香，人间团圆丨新套装「金滟玉团」即将上架-,《 金桂 飘香 ， 人间 团圆 丨 新 套装 「 金滟玉团 」 即将 上架 》 : [ ' 金秋 十月 ， 正是 团圆 与 收获 的 美好 时节 。 逢 此 佳期 ， 我们 也 取 中秋 时节 的 美好 意象 ， 为 大家 带来 了 全新 外观 —— 全新 套装 【 金滟玉团 】 天应 有意 故 遮阑 。 拍 人间 。 等闲 看 。 好处 时光 ， 须 用 著 些 难 。 直待 黄昏 风 卷霁 ， 金滟滟 ， 玉团团 。 * 预研 中 画面 ， 请 以 游戏 内 实际 效果 为 准 桂子 月 中 落 ， 天 香 云 外 飘 。 十月 既是 中秋 之 月 ， 也是 桂花 盛开 之 时 。 此 衣 正是 取意 自 桂花 飘香 时 的 月宫 灵兔 。 在 大多数 时候 ， 人们 关于 明月 之上 的 想象 都是 清冷 而 幽静 。 嫦娥 独 坐 ， 吴刚 寡言 ， 若 月亮 之上 的 活泼 共 一 石 ， 那 只 玉兔 怕 已 独占 十斗 。 金色 的 桂花 撒 满 衣襟 和 袖口 ， 华贵 之余 自 有 清香 扑面 。 雪白 毛团 暗藏 ， 茸茸 兔耳 摇摆 ， 再 寒冷 的 天上 宫阙 ， 也 多 了 几分 温馨 。 愿 借 此 天上 桂香 一 缕 ， 共 祝 人间 岁岁 清欢 。 * 预研 中 画面 ， 请 以 游戏 内 实际 效果 为 准 2025年 中秋 纪念 套装 【 金滟玉团 】 将 于 起限时 上架 30天 ， 届时 游侠 可 前往 【 商店 】 以 2580 「 长鸣珠 」 购得 。 套装 内 包含 以下 内容 ： 主角 头像 、 发饰 、 耳饰 、 兔子 配饰 、 尾巴 配饰 。 套装 【 金滟玉团 】 将 支持 上下装 拆分 和 染色 。 全新 发型 【 扶光 】 * 预研 中 画面 ， 请 以 游戏 内 实际 效果 为准 平分秋色 一 轮 满 ， 长伴 云衢 千里 明 。 全新 发型 【 扶光 】 将 于 上架 ， 届时 游侠 可 前往 【 和鸣商店 】 以 1 颗 「 八音窍 」 购得 ， 购买 后 附 赠 动态 主角 头像 。 除 【 金滟玉团 】 与 【 扶光 】 外 ， 自 起 ， 还有 武器 外观 、 奇术 特效 等 同步 上新 —— 全新 「 陌刀 」 武器 外观 【 万籁 · 绝云翼 】 * 预研 中 画面 ， 请 以 游戏 内 实际 效果 为准 【 万籁 】 系列 武器 外观 重磅 推出 。 夫 天地 者 ， 万籁 之 声 也 。 万物 可 铸 为 兵甲 ， 兵甲 中 复现 万物 之 形 ， 凝 万象 之 声 为 光 。 物 有 消弭 之 期 ， 而 道存 永恒 之 常 。 挥刃 绝 云霭 ， 倾 银 散 万家 。 全新 「 陌刀 」 武器 外观 【 万籁 · 绝 云 翼 】 将 于 上架 ， 届时 游侠 可 前往 【 商店 】 以 1280 「 长鸣珠 」 购得 。 「 流星 坠火 」 奇术 特效 【 枯魂 燃 尽 】 * 预研 中 画面 ， 请 以 游戏 内 实际 效果 为 准 将军 曾 说 ， 死后 若 至 忘 川 ， 怕是 要 遭 阴火 灼燃 ， 一 人 一 马 独立 河畔 ， 无人 可 近 。 吾 心 磐 也 ， 吾 志 铮 也 。 功 兮 罪 兮 ， 后世 评说 。 三途 明灭 百 劫 烬 ， 一将功成 万 骨 枯 。 全新 「 流星 坠火 」 奇术 特效 【 枯魂 燃 尽 】 将 于 上架 ， 届时 游侠 可 前往 【 商店 】 以 980 「 长鸣珠 」 购得 。 双节 期间 ， 山中 机关 盛会 也 已 开启 ！ 游侠 莫 要 忘记 前来 兑换 限定 外观 等 丰富 奖励 ， 后续 还有 翻牌 赢礼 活动 登场 ， 诚邀 各位 前来 一 试 ！ ' ],2025-10,金桂飘香，人间团圆丨新套装「金滟玉团」即将上架
['秋意渐浓，层林尽染，正是畅游山河、尽享双节佳期的好时候。恰逢不见山新景初开，云深路转间藏着不尽奇趣，待君策马徐行，细探幽秘。值此良辰，也有一系列活动即将上线。愿诸位游侠在欢乐的假日时光里，既能游览山河胜景，亦可携友欢聚江湖，收获满满！墨山秋庆百工祭先灵「山中逢秋」活动限时开启金风送爽，恰逢重九之期。隐于山林的墨山道一脉，素以机关奇巧闻名，此番更以独具匠心的方式开启秋日庆典——不尚靡俗，不陈珍供，唯以百工之技，飨祭先灵，诚邀天下游侠共赴这场机关盛宴。版本更新后至，「山中逢秋」活动限时开启！现已揭开首章——在「奇案之录」中，游侠可随捕快秦枫深入墨城，探秘节庆期间频发的怪事，抽丝剥茧，还市井安宁。起，更多精彩接连登场——「棘轮之试」邀您助墨山道弟子试验各类棘轮装置，巧施传力之技，解机关要义；「机巧之搏」则可效先贤以木为械，运火药桶、磁石等奇术，演攻守之道，护秋实粮仓。完成活动即可前往「重九坊」兑换限定外观套装【山中人】、精美配饰【千乘玦】与【袅袅之音】等珍稀奖励，活动商店将持续开放至。妙趣翻牌好礼相迎活动「老金翻翻乐」限时开启墨山道以百工为礼，庆典匠心独运。而与此同时，老金带着新的神秘货箱匆匆赶来，说要与诸位游侠玩个新鲜游戏。-，限时活动「老金翻翻乐」即将登场，翻牌置换赢大奖！活动期间，完成日常任务即可获得置换翻翻乐的次数，逐步置换，最终赢取老金备下的压箱好礼！参与活动将有机会获得【绕梁之音】、【心法心得·自选散本】、【长鸣玉】等丰厚奖励。新燕识途携手同游「同燕行」携手共探不见山所谓：一人行快，众人行远。而今不见山中新燕初飞、旧燕归巢，正是相识相伴、情谊共聚的好时机。活动「同燕行」现已温暖开启，诚邀诸位游侠携手新朋故交，领取专属奖励，共写江湖新篇！首次参与活动时，拥有雏燕（创角14天内）或归燕（触发燕归巢活动）标记，且角色等级未达到60级的游侠，将以「新来燕」身份参与活动。而角色等级达到60级的活跃游侠将以「识途燕」身份参与活动。拥有雏燕或归燕标记，且角色等级达到60级的游侠，则可任选两种身份之一参与活动。「新来燕」与熟悉江湖规则的「识途燕」结为同伴，完成指定目标后，新来燕可获得【装备追赶箱】、【律准石追赶箱】等养成助力；识途燕则能获得配饰【识故枝】、侠名【带头大燕】等专属奖励。无论是引领新友熟悉江湖，还是与故交再续前缘，皆可在此活动中书写属于你们的同行篇章。秋色为序，佳期为伴。不见山不仅有风景，更有属于每位游侠的机缘与情义。也祝愿诸位游侠在携手同游间，游戏内外尽享秋景团圆，收获佳节欢趣！']。 —— 活动前瞻|墨山百工颂秋庆，巧翻牌面赢好礼-,《 活动 前瞻 | 墨山 百工 颂 秋庆 ， 巧 翻 牌面 赢 好礼 》 : [ ' 秋意 渐 浓 ， 层林 尽 染 ， 正是 畅游 山河 、 尽 享 双节 佳期 的 好 时候 。 恰逢 不见山 新景 初 开 ， 云 深 路 转 间 藏 着 不尽 奇趣 ， 待 君 策马 徐 行 ， 细 探 幽秘 。 值 此 良辰 ， 也 有 一系列 活动 即将 上线 。 愿 诸位 游侠 在 欢乐 的 假日 时光 里 ， 既 能 游览 山河 胜景 ， 亦 可 携 友 欢聚 江湖 ， 收获 满满 ！ 墨山 秋庆 百工 祭 先 灵 「 山 中 逢 秋 」 活动 限时 开启 金风 送 爽 ， 恰逢 重九 之 期 。 隐 于 山林 的 墨山道 一 脉 ， 素 以 机关 奇巧 闻名 ， 此 番 更 以 独具匠心 的 方式 开启 秋日 庆典 —— 不 尚 靡 俗 ， 不 陈 珍 供 ， 唯 以 百 工 之 技 ， 飨 祭 先 灵 ， 诚 邀 天下 游侠 共 赴 这 场 机关 盛宴 。 版本 更新 后 至 ， 「 山 中 逢 秋 」 活动 限时 开启 ！ 现 已 揭开 首章 —— 在 「 奇案 之 录 」 中 ， 游侠 可 随 捕 快 秦枫 深入 墨城 ， 探秘 节庆 期间 频发 的 怪事 ， 抽 丝 剥 茧 ， 还 市井 安宁 。 起 ， 更 多 精彩 接连 登场 ——「 棘轮 之 试 」 邀 您 助 墨山道 弟子 试验 各类 棘轮 装置 ， 巧 施 传力 之 技 ， 解 机关 要义 ； 「 机巧 之 搏 」 则 可 效 先贤 以 木 为 械 ， 运火 药桶 、 磁石 等 奇术 ， 演 攻守 之 道 ， 护 秋实 粮仓 。 完成 活动 即可 前往 「 重九坊 」 兑换 限定 外观 套装 【 山 中 人 】 、 精美 配饰 【 千乘 玦 】 与 【 袅袅之音 】 等 珍稀 奖励 ， 活动 商店 将 持续 开放 至 。 妙趣 翻牌 好礼 相迎 活动 「 老金 翻翻乐 」 限时 开启 墨山道 以 百工 为 礼 ， 庆典 匠心独运 。 而 与此同时 ， 老金 带 着 新 的 神秘 货箱 匆匆 赶来 ， 说 要 与 诸位 游侠 玩 个 新鲜 游戏 。 ， 限时 活动 「 老金 翻翻乐 」 即将 登场 ， 翻牌 置换 赢 大奖 ！ 活动 期间 ， 完成 日常 任务 即可 获得 置换 翻翻乐 的 次数 ， 逐步 置换 ， 最终 赢取 老金 备 下 的 压箱 好礼 ！ 参与 活动 将 有 机会 获得 【 绕梁之音 】 、 【 心法 心得 · 自选 散本 】 、 【 长鸣玉 】 等 丰厚 奖励 。 新燕 识途 携手 同游 「 同燕行 」 携手 共 探 不见山 所谓 ： 一 人 行 快 ， 众人 行 远 。 而今 不见山 中 新燕 初 飞 、 旧燕 归 巢 ， 正是 相识 相伴 、 情谊 共 聚 的 好 时机 。 活动 「 同燕行 」 现 已 温暖 开启 ， 诚 邀 诸位 游侠 携手 新朋 故交 ， 领取 专属 奖励 ， 共 写 江湖 新篇 ！ 首次 参与 活动 时 ， 拥有 雏燕 （ 创角 14天 内 ） 或 归燕 （ 触发 燕 归巢 活动 ） 标记 ， 且 角色 等级 未 达到 60级 的 游侠 ， 将 以 「 新来燕 」 身份 参与 活动 。 而 角色 等级 达到 60级 的 活跃 游侠 将 以 「 识途燕 」 身份 参与 活动 。 拥有 雏燕 或 归燕 标记 ， 且 角色 等级 达到 60级 的 游侠 ， 则 可 任选 两种 身份 之一 参与 活动 。 「 新 来燕 」 与 熟悉 江湖 规则 的 「 识途燕 」 结为 同伴 ， 完成 指定 目标 后 ， 新来燕 可 获得 【 装备 追赶箱 】 、 【 律准石 追赶箱 】 等 养成 助力 ； 识途燕 则 能 获得 配饰 【 识 故枝 】 、 侠名 【 带头 大燕 】 等 专属 奖励 。 无论是 引领 新友 熟悉 江湖 ， 还是 与 故交 再 续 前缘 ， 皆 可 在 此 活动 中 书写 属于 你们 的 同行 篇章 。 秋色 为 序 ， 佳期 为 伴 。 不见山 不仅 有 风景 ， 更 有 属于 每 位 游侠 的 机缘 与 情义 。 也 祝愿 诸位 游侠 在 携手 同游 间 ， 游戏 内外 尽 享 秋景 团圆 ， 收获 佳节 欢趣 ！ ' ],2025-09,活动前瞻 | 墨山百工颂秋庆，巧翻牌面赢好礼
['随着全新篇章的展开，不见山的风光山景里，随处可见游侠们的身影。在新版本中，除了带来新场景新故事外，我们也对各项基础体验进行了进一步的打磨与升级。其中，就包括以下一系列的移动端专项优化，助力游侠们的旅途更惬意和舒心。首先，是画面品质的升级。我们专门对移动端大世界的地表细节进行了一轮精度提升。当游侠再踏入那些熟悉的场景，便能发现更丰富的细节。移动端实机录制此处的升级，也包括部分地区的地表植被。比如，即使在低画质下，移动端的秦川草原植被密度也得到了提高。如今纵马驰骋，映入眼帘的将是更加茂密，富有生机的草原风光。希望这些改变能让游侠探索漫游时，拥有更赏心悦目的视觉体验。移动端实机录制此外，我们也对一批时装的贴图精度与显示效果进行了修复与提升。翩翩衣袂更富质感，更显新的风华。移动端实机录制赏心悦目的同时，我们也希望战斗体验更加自如。游侠是否曾有大脑放空不知如何出招、想攻击特定目标方向却被锁定镜头“带跑”的困扰？本次更新我们已针对这些实战痛点做出以下细节优化：•辅助更智能：我们优化了全武学的辅助战斗逻辑，无论蓄力衔接、卸势还是武学循环都更加合理。移动端实机录制•锁定更自由：针对boss战，设置中支持关闭自动锁定。镜头完全由你掌控，指哪打哪，贯彻你的意图；•卸势更稳妥：玩燕云什么时候最紧张？莫过于对决看破敌人杀招的瞬间。此时若是因为掉帧意外导致卸势失败，实在懊恼至极。在版本中，我们对掉帧时卸势无法成功的问题进行了着重优化，各位游侠可以更自信地见招拆招，享受战斗的快意。在各位少东家的勤劳经营下，家业也在不断壮大。管理一份庞大的家业，有时也是一种幸福的烦恼。我们观察到，游侠们会为了查看生产进度反复登录，还为收割作物定过闹钟。为了提供更轻松、更便捷的家业经营体验，移动端「家业状态桌面小组件」现已上线！将其添加到手机桌面，即可随时查看：•贴心提示：食物库存、生金订单与少东家的一天等状态随时提醒；•作物情况：田地状态、收获情况一目了然；•生产情况：各作坊产线运转进度实时掌握；•今日收益：家业营收同步更新。以上内容均已实装，后续还有主界面自定义功能、按键方案自动切换功能等一系列专项优化正在有序开发中，我们将尽快为大家带来。希望这些优化能让各位游侠多一分惬意从容，也祝各位在新篇章旅途愉快！']。 —— 移动端专项优化丨画质升级，战斗更顺心-,《 移动端 专项 优化 丨 画质 升级 ， 战斗 更 顺心 》 : [ ' 随着 全新 篇章 的 展开 ， 不见山 的 风光 山景 里 ， 随处可见 游侠 们 的 身影 。 在 新版本 中 ， 除了 带来 新 场景 新 故事 外 ， 我们 也 对 各项 基础 体验 进行 了 进一步 的 打磨 与 升级 。 其中 ， 就 包括 以下 一系列 的 移动端 专项 优化 ， 助力 游侠 们 的 旅途 更 惬意 和 舒心 。 首先 ， 是 画面 品质 的 升级 。 我们 专门 对 移动端 大世界 的 地表 细节 进行 了 一 轮 精度 提升 。 当 游侠 再 踏 入 那些 熟悉 的 场景 ， 便 能 发现 更 丰富 的 细节 。 移动端 实机 录制 此处 的 升级 ， 也 包括 部分 地区 的 地表 植被 。 比如 ， 即使 在 低 画质 下 ， 移动端 的 秦川 草原 植被 密度 也 得到 了 提高 。 如今 纵马 驰骋 ， 映入眼帘 的 将 是 更加 茂密 ， 富有 生机 的 草原 风光 。 希望 这些 改变 能 让 游侠 探索 漫游 时 ， 拥有 更 赏心悦目 的 视觉 体验 。 移动端 实机 录制 此外 ， 我们 也 对 一批 时装 的 贴图 精度 与 显示 效果 进行 了 修复 与 提升 。 翩翩 衣袂 更 富 质感 ， 更 显 新 的 风华 。 移动端 实机 录制 赏心悦目 的 同时 ， 我们 也 希望 战斗 体验 更加 自如 。 游侠 是否 曾 有 大脑 放空 不 知 如何 出招 、 想 攻击 特定 目标 方向 却 被 锁定 镜头 “ 带 跑 ” 的 困扰 ？ 本 次 更新 我们 已 针对 这些 实战 痛点 做出 以下 细节 优化 ： • 辅助 更 智能 ： 我们 优化 了 全武学 的 辅助 战斗 逻辑 ， 无论 蓄力 衔接 、 卸势 还是 武学 循环 都 更加 合理 。 移动端 实机 录制 • 锁定 更 自由 ： 针对 boss战 ， 设置 中 支持 关闭 自动 锁定 。 镜头 完全 由 你 掌控 ， 指 哪 打 哪 ， 贯彻 你 的 意图 ； • 卸势 更 稳妥 ： 玩 燕云 什么 时候 最 紧张 ？ 莫过于 对决 看破 敌人 杀招 的 瞬间 。 此时 若是 因为 掉帧 意外 导致 卸势 失败 ， 实在 懊恼 至极 。 在 版本 中 ， 我们 对 掉帧 时 卸势 无法 成功 的 问题 进行 了 着重 优化 ， 各位 游侠 可以 更 自信 地 见招 拆招 ， 享受 战斗 的 快意 。 在 各位 少东家 的 勤劳 经营 下 ， 家业 也 在 不断 壮大 。 管理 一 份 庞大 的 家业 ， 有时 也是 一种 幸福 的 烦恼 。 我们 观察 到 ， 游侠 们 会 为了 查看 生产 进度 反复 登录 ， 还 为 收割 作物 定 过 闹钟 。 为了 提供 更 轻松 、 更 便捷 的 家业 经营 体验 ， 移动端 「 家业 状态 桌面 小组件 」 现 已 上线 ！ 将 其 添加 到 手机 桌面 ， 即可 随时 查看 ： • 贴心 提示 ： 食物 库存 、 生金 订单 与 少东家 的 一天 等 状态 随时 提醒 ； • 作物 情况 ： 田地 状态 、 收获 情况 一目了然 ； • 生产 情况 ： 各 作坊 产线 运转 进度 实时 掌握 ； • 今日 收益 ： 家业 营收 同步 更新 。 以上 内容 均 已 实装 ， 后续 还有 主 界面 自定义 功能 、 按键 方案 自动 切换 功能 等 一系列 专项 优化 正在 有序 开发 中 ， 我们 将 尽快 为 大家 带来 。 希望 这些 优化 能 让 各位 游侠 多 一 分 惬意 从容 ， 也 祝 各位 在 新篇章 旅途 愉快 ！ ' ],2025-09,移动端专项优化丨画质升级，战斗更顺心
['天地有律，显而为籁，籁化蹊跷，藏于万物之间。江湖各地皆有各地独特的蹊跷，它们是山川湖海的灵韵所聚，亦是游侠探索途中的奇妙伴侣。如今，随着不见山开启，一批别有特色的全新蹊跷露出了踪迹。它们取材自传统工艺材料中的“木、玉、金、陶”，正于水帘后、树林中，等待着和游侠来一场颇有些棘手的捉迷藏——「玉鸣蝉」隐身于林间，它振翅如环佩轻鸣，需听声辨位，方能寻得那乐声的余音。「竹文鳐」则最擅长潜于水下，用光影误导，且速度奇快，灵动非凡。想要抓住它？你得比光更快、比水更灵！步行山间，或能偶遇「当康陶」蹒跚踱步，它釉彩流光，步态憨拙，一不留神撞上树根竟喷出金灿灿的谷粒来，若趁此刻捕捉即是丰收时刻。与此同时，「玄金甲」正穿行于石脉裂隙间，勘探着地动之音；只需细听凿石声，找到它必经的洞口，即可一击即中，手到擒来。《考工记》中说：天有时，地有气，材有美，工有巧，合此四者，然后可以为良。不见山作为墨城所在之地，其天地之籁也受墨家之风所影响，灵性之外，还蕴藏机关玄妙。以墨山道现世为契机，我们有幸邀请到传统木工榫卯技艺非物质文化遗产代表性传承人——辛全生大师，与我们合作，以千年工艺打造了一尊墨家木鸢。以榫卯之精巧，领略匠人传承。于寸木之中，见天地，见匠心。非遗大师辛全生丨小木匠巧拜墨家师老师傅竟是新燕来83.5万观看91弹幕就在游侠探索不见山、与山中种种生灵初见之时，来时路上的某些老友也悄然发生了改变。在新版本中，我们为清河、开封的大部分狗狗增加了全新的互动方式。其中那些以往便很安静乖巧的，现在游侠可离他们更近一步，大胆抚摸。而那些恪尽职守、逢人便吠的家犬，在确认游侠没有恶意之后，也将有亲近的机会。也许一次以示友好的投喂，就能让它们放下戒备，安静一整天。随着你们关系的亲近，游侠将有机会得知狗狗们的名字与故事，也能从全新的视角，了解更多江湖里的风土人情。并且只要你们的关系够铁，它们或许还愿意跟你分享更多秘密，其中说不定藏着一些秘宝的线索。不过，认得宝藏的狗狗多少也见过世面。千汪万汪，总结成一句话：“你好，看看诚意！”天地万籁，皆藏于这有灵万物之中。随着游侠的探索，奏响出新的旋律。部分不见山篇章的游戏原声，现已在网易云音乐更新上架，欢迎游侠们前往网易云音乐搜索《燕云十六声》游戏原声音乐辑（不见山卷）查看。新的故事里，亦有老江湖的身影。在不见山中，我们特别邀请了知名演员金士杰老师，演绎角色「酒千岁」，以武会友，共叙此行。已经踏入不见山的游侠不妨多多留心，借此缘分，前往一聚！千杯千岁|金士杰不见山设宴，侠以武相会89.1万观看255弹幕']。 —— 不见山中见新籁，故地旧“友”有新声-,《 不见 山中 见 新 籁 ， 故地 旧 “ 友 ” 有 新 声 》 : [ ' 天地 有 律 ， 显 而 为 籁 ， 籁化 蹊跷 ， 藏 于 万物 之间 。 江湖 各地 皆 有 各地 独特 的 蹊跷 ， 它们 是 山川 湖海 的 灵韵 所 聚 ， 亦 是 游侠 探索 途中 的 奇妙 伴侣 。 如今 ， 随着 不见山 开启 ， 一批 别 有 特色 的 全新 蹊跷 露出 了 踪迹 。 它们 取材 自 传统 工艺 材料 中 的 “ 木 、 玉 、 金 、 陶 ” ， 正 于 水帘 后 、 树林 中 ， 等待 着 和 游侠 来 一 场 颇 有些 棘手 的 捉迷藏 ——「 玉鸣蝉 」 隐身 于 林 间 ， 它 振翅 如 环佩 轻鸣 ， 需 听声 辨位 ， 方 能 寻 得 那 乐声 的 余音 。 「 竹文鳐」 则 最 擅长 潜 于 水 下 ， 用 光影 误导 ， 且 速度 奇 快 ， 灵动 非凡 。 想 要 抓住 它 ？ 你 得 比 光 更 快 、 比 水 更 灵 ！ 步行 山间 ， 或 能 偶遇 「 当 康陶 」 蹒跚 踱步 ， 它 釉彩 流光 ， 步态 憨拙 ， 一不留神 撞 上 树根 竟 喷 出 金灿灿 的 谷粒 来 ， 若 趁 此刻 捕捉 即 是 丰收 时刻 。 与此同时 ， 「 玄金甲 」 正 穿行 于 石脉 裂隙 间 ， 勘探 着 地动 之 音 ； 只需 细 听 凿石声 ， 找到 它 必 经 的 洞口 ， 即可 一 击 即 中 ， 手到擒来 。 《 考工记 》 中 说 ： 天 有 时 ， 地 有 气 ， 材 有 美 ， 工 有 巧 ， 合 此 四 者 ， 然后 可以 为 良 。 不见山 作为 墨城 所在 之 地 ， 其 天地 之 籁 也 受 墨家 之 风 所 影响 ， 灵性 之外 ， 还 蕴藏 机关 玄妙 。 以 墨山道 现世 为 契机 ， 我们 有幸 邀请 到 传统 木工 榫卯 技艺 非物质文化遗产 代表性 传承人 —— 辛全生 大师 ， 与 我们 合作 ， 以 千年 工艺 打造 了 一 尊 墨家 木鸢 。 以 榫卯 之 精巧 ， 领略 匠人 传承 。 于 寸木 之中 ， 见 天地 ， 见 匠心 。 非遗 大师 辛全生 丨 小 木匠 巧 拜 墨家师 老师傅 竟是 新燕 来 83.5万 观看 91 弹幕 就 在 游侠 探索 不见山 、 与 山中 种种 生灵 初见 之 时 ， 来 时 路上 的 某些 老友 也 悄然 发生 了 改变 。 在 新版本 中 ， 我们 为 清河 、 开封 的 大部分 狗狗 增加 了 全新 的 互动 方式 。 其中 那些 以往 便 很 安静 乖巧 的 ， 现在 游侠 可 离 他们 更 近 一 步 ， 大胆 抚摸 。 而 那些 恪尽职守 、 逢 人 便 吠 的 家犬 ， 在 确认 游侠 没有 恶意 之后 ， 也 将 有 亲近 的 机会 。 也许 一次 以示 友好 的 投喂 ， 就 能 让 它们 放下 戒备 ， 安静 一整天 。 随着 你们 关系 的 亲近 ， 游侠 将 有 机会 得知 狗狗 们 的 名字 与 故事 ， 也 能 从 全新 的 视角 ， 了解 更 多 江湖 里 的 风土人情 。 并且 只要 你们 的 关系 够 铁 ， 它们 或许 还 愿意 跟 你 分享 更 多 秘密 ， 其中 说不定 藏 着 一些 秘宝 的 线索 。 不过 ， 认得 宝藏 的 狗狗 多少 也 见 过 世面 。 千汪 万汪 ， 总结 成 一 句 话 ： “ 你好 ， 看看 诚意 ！ ” 天地 万籁 ， 皆 藏 于 这 有 灵 万物 之中 。 随着 游侠 的 探索 ， 奏响 出 新 的 旋律 。 部分 不见山 篇章 的 游戏 原声 ， 现 已 在 网易云 音乐 更新 上架 ， 欢迎 游侠 们 前往 网易云 音乐 搜索 《 燕云十六声 》 游戏 原声 音乐辑 （ 不见山 卷 ） 查看 。 新 的 故事 里 ， 亦 有 老江湖 的 身影 。 在 不见山 中 ， 我们 特别 邀请 了 知名 演员 金士杰 老师 ， 演绎 角色 「 酒千岁 」 ， 以 武 会友 ， 共 叙 此行 。 已经 踏 入 不见山 的 游侠 不妨 多多 留心 ， 借 此 缘分 ， 前往 一 聚 ！ 千 杯 千岁 | 金士杰 不见山 设宴 ， 侠 以 武 相会 89.1万 观看 255 弹幕 ' ],2025-09,不见山中见新籁，故地旧“友”有新声
"['山不见我，我自见山。感谢各位游侠相伴，新版本「我行山川异」已正式开放。迷雾深处的桃源，是新故事发生的舞台。新章开启，欢迎各位游侠入山一会！自古以来，“山”便寄托着无数哲思与想象。它能养育生灵，能暗藏玄机，每更上一步，都是新的风景。在「不见山」开启之际，我们和《科学追光者》展开特别联动，携手地质学家刘嘉麒院士，通过一个关于“山”的故事和追问，领略地质学的魅力。此行问山丨和刘嘉麒老师一起领略“山”的魅力78.2万观看57弹幕不过在江湖里，美好往往与危险相伴而行。前路除了美景，还有不少劲敌——镇守首领·张万师没用之人，自沉深江墨门虽隐，但弟子门人仍会以匠人之身行走天下，为苍生赴义。张万师，便是其中之一。他曾是难得一见的墨门天才，游历归来后，却将自己关入墨心湖底，沉溺于水转百戏和酒水饮宴中。少时轻狂称得意，老来轻狂笑疯癫。不知何人能窥破水底玄机，闯过百傀奇阵，为他一解执念，揭开背后的往事与秘辛。深水之下仍非死寂，黑暗之中亦有暗流激涌。别看他声色犬马，放浪形骸，他摆布下的机关傀儡可绝不容小觑。武勇之外，更需智斗。也许游侠真能让这位天才看看，何为山外有山。野外首领·玼兮瑳兮惊才绝艳，玼兮瑳兮墨山道工匠无数，各有所长，所造之物无不奇巧。游侠沿墨城外的湖瀑寻觅，或许可以找到那间""不存在的密室""，无数被遗忘的作品正沉睡在此。其中一对舞傀，棘轮作心，机簧为舌，铜骨绡面，悬丝起舞。双傀凌空，刀锋交错，一招一式间，俱是古典剑舞之韵。玼兮玼兮，其之翟也。瑳兮瑳兮，其之展也。如此惊才绝艳，怎得也被沉在此？唯盼游侠能有这缘分，观它们再舞一曲，并且，成功地活下去。野外首领·铁心蜈毒刃暗藏，杀机四起昔日墨家弟子，称“五奇”者，仿《耕柱》之鼎做五自行之鼎。鼎中藏机关虫，其上另藏墨门某脉之精微机关术。故人如尘烟，机巧藏旧事。如今“五奇”之名已不闻，而余机括，铁心蜈乃其一。铁心蜈头部机关藏有毒囊，可向远处喷射，亦可涂于前肢利刃，做淬毒之用。机关精密联动下，铁心蜈比活物更为狰狞，也更为致命。对此无痛无畏的机关之物，只可以巧破千钧。纵使墨门机关巧夺天工，机簧关节也必有薄弱之处。只看游侠有没有这险中求胜的胆量，置死地而后生，一招以制敌。强敌环伺，但相信游侠定能找到破敌之法。这不见山中的更多奇险与奇遇，且待游侠前往亲历。目前新套装【醉蓬莱】正在优化裁造效果，裁造款将在全部优化完成后开放。还有一些已知问题，我们也在紧急修复中，欢迎各位继续反馈与鞭策。为表示对游侠们的感谢，我们已通过邮件为游侠奉上十个【袅袅之音·绑】，还请前往邮件处查收。盼以此薄礼，与各位新篇相见！']。 —— 侠路又相逢，身在此山中！-","《 侠 路 又 相逢 ， 身 在 此 山中 ！ 》 : [ ' 山 不见 我 ， 我 自 见 山 。 感谢 各位 游侠 相伴 ， 新版本 「 我 行 山川 异 」 已 正式 开放 。 迷雾 深处 的 桃源 ， 是 新 故事 发生 的 舞台 。 新章 开启 ， 欢迎 各位 游侠 入 山 一 会 ！ 自古以来 ， “ 山 ” 便 寄托 着 无数 哲思 与 想象 。 它 能 养育 生灵 ， 能 暗藏玄机 ， 每 更 上 一 步 ， 都是 新 的 风景 。 在 「 不见山 」 开启 之际 ， 我们 和 《 科学 追光者 》 展开 特别 联动 ， 携手 地质学家 刘嘉麒 院士 ， 通过 一个 关于 “ 山 ” 的 故事 和 追问 ， 领略 地质学 的 魅力 。 此行 问 山 丨 和 刘嘉麒 老师 一起 领略 “ 山 ” 的 魅力 78.2万 观看 57 弹幕 不过 在 江湖 里 ， 美好 往往 与 危险 相伴 而 行 。 前路 除了 美景 ， 还有 不少 劲敌 —— 镇守 首领 · 张万师 没用 之 人 ， 自 沉 深江 墨门 虽 隐 ， 但 弟子 门人 仍 会 以 匠人 之 身 行走 天下 ， 为 苍生 赴义 。 张万师 ， 便是 其中 之一 。 他 曾 是 难得一见 的 墨门 天才 ， 游历 归来 后 ， 却 将 自己 关 入 墨心湖底 ， 沉溺 于 水 转 百戏 和 酒水 饮宴 中 。 少时 轻狂 称 得意 ， 老来 轻狂 笑 疯癫 。 不 知 何人 能 窥破 水底 玄机 ， 闯 过 百 傀 奇阵 ， 为 他 一 解 执念 ， 揭开 背后 的 往事 与 秘辛 。 深水 之下 仍 非 死寂 ， 黑暗 之中 亦 有 暗流 激 涌 。 别看 他 声色犬马 ， 放浪形骸 ， 他 摆布 下 的 机关 傀儡 可 绝 不容小觑 。 武勇 之外 ， 更 需 智斗 。 也许 游侠 真 能 让 这 位 天才 看看 ， 何 为 山 外 有 山 。 野外 首领 · 玼 兮 瑳兮 惊才绝艳 ， 玼 兮瑳 兮 墨山道 工匠 无数 ， 各有所长 ， 所 造 之 物 无不 奇巧 。 游侠 沿 墨城 外 的 湖瀑 寻觅 ， 或许 可以 找到 那 间 "" 不 存在 的 密室 "" ， 无数 被 遗忘 的 作品 正 沉睡 在此 。 其中 一对 舞傀 ， 棘轮 作 心 ， 机簧 为 舌 ， 铜 骨 绡面 ， 悬丝 起舞 。 双傀 凌空 ， 刀锋交错 ， 一 招 一 式 间 ， 俱 是 古典 剑 舞 之 韵 。 玼 兮玼兮 ， 其 之 翟 也 。 瑳兮瑳兮 ， 其 之 展 也 。 如此 惊才绝艳 ， 怎 得 也 被 沉 在此 ？ 唯 盼 游侠 能 有 这 缘分 ， 观 它们 再 舞 一 曲 ， 并且 ， 成功 地 活 下去 。 野外 首领 · 铁心蜈 毒刃 暗藏 ， 杀机 四起 昔日 墨家 弟子 ， 称 “ 五 奇 ” 者 ， 仿 《 耕柱 》 之 鼎 做 五自行 之 鼎 。 鼎 中 藏 机关虫 ， 其 上 另 藏 墨门 某脉 之 精微 机关术 。 故人 如 尘烟 ， 机巧 藏 旧事 。 如今 “ 五 奇 ” 之 名 已 不 闻 ， 而 余 机括 ， 铁心蜈 乃 其一 。 铁心蜈 头部 机关 藏 有 毒囊 ， 可 向 远处 喷射 ， 亦 可 涂 于 前肢 利刃 ， 做 淬毒 之 用 。 机关 精密 联动 下 ， 铁心蜈 比 活物 更为 狰狞 ， 也 更为 致命 。 对 此 无 痛 无畏 的 机关 之 物 ， 只 可以 巧破千钧 。 纵使 墨门 机关 巧夺天工 ， 机簧 关节 也 必 有 薄弱 之 处 。 只 看 游侠 有没有 这 险 中 求 胜 的 胆量 ， 置 死地 而 后 生 ， 一 招 以 制敌 。 强敌 环伺 ， 但 相信 游侠 定 能 找到 破敌 之 法 。 这 不见山 中 的 更 多 奇险 与 奇遇 ， 且 待 游侠 前往 亲历 。 目前 新 套装 【 醉蓬莱 】 正在 优化 裁造 效果 ， 裁造款 将 在 全部 优化 完成 后 开放 。 还有 一些 已知 问题 ， 我们 也 在 紧急 修复 中 ， 欢迎 各位 继续 反馈 与 鞭策 。 为 表示 对 游侠 们 的 感谢 ， 我们 已 通过 邮件 为 游侠 奉 上 十个 【 袅袅之音 · 绑 】 ， 还 请 前往 邮件处 查收 。 盼 以 此 薄礼 ， 与 各位 新篇 相见 ！ ' ]",2025-09,侠路又相逢，身在此山中！
"['周五不停服维护更新之后，遗世独立千年的不见山，终将在这秋分之后展露真容。此前燕叽与天涯客为游侠们带来了版本内容前瞻。而我们还将派出一位策划，前往「不见山」的创作灵感所在——河北白石山，带大家直观感受这奇山之美。周五下午13点，这位策划将徒步而上，一路向白石山最高处进发。直播过程中每16分钟都将掉落实物福袋，送出红魔10pro联名手机礼盒、微星rtx5060魔龙显卡在内的海量好礼。登山将直到更新完成，不见山开。欢迎游侠们前来共赏山景，聊聊天，抽抽奖！当然，游侠亦可趁闲暇之时，亲身前往探索这大好山川。这么近，那么美，界碑到河北。起，《燕云十六声》将与河北白石山景区开启限时联动合作。活动期间，游侠可前往白石山风景区与燕云界碑合影，领取明信片等周边好礼，还可收集限定联名印章！更多活动详情，欢迎前往@白石山风景区官方社媒查看！（基于天气等不可控客观因素影响，活动实际地点、开放时间请以景区安排为准。）值此新程将启之际，一系列全新外观也将随行而至，伴各位游侠焕新而行，奔赴这场奇遇。新版本更新后，将有全新套装【醉蓬莱】、套装【纵横】、套装【句芒】、战令套装【云中锦书】、唐横刀武器外观【藏音·羲和敲日】等同步上线——发色为染色效果，可在游戏内通过染色实现全新套装【醉蓬莱】一念花开，一念蓬莱*预研中画面，请以游戏内实际效果为准玉碎山前，冰凝水际，几许风月。蓬莱信杳，难赴杯盏，梦影须臾，且向今宵醉。年少时光虽短暂，却弥足珍贵。套装取此深意，将韶华织于广袖，须臾缀成珠玉，更将昙花盛放的最美一瞬定格在发际与衣间。纵知流光易逝如朝露见日，年华短暂似昙花一现，少年人偏要以最澄澈的真心，将每一个当下都过得如同永恒。套装上架的同时将开启「裁造」功能，可将默认款服装改变为【梦昙霄】款式。岁岁年年，今朝启宴，欢荣良久。*预研中画面，请以游戏内实际效果为准全新发型【倾芳樽】松风清瑶瑟，溪月湛芳樽。安居偶佳赏，丹心期此论。*预研中画面，请以游戏内实际效果为准版本更新后，游侠们可在全新限时活动【昙霄清梦】中，使用【瑶昙心】进行溯梦，并有机会获得外观套装【醉蓬莱】、发型【倾芳樽】等珍贵奖励。首次进行溯梦不消耗【瑶昙心】，此外可以使用【长鸣玉】和【长鸣珠】来兑换【瑶昙心】，其中【长鸣玉】最多可兑换18个【瑶昙心】。活动分为4个奖池【清】、【荧】、【霄】和【皎】。集齐【醉蓬莱】外观套件后，游侠可获赠结算演出【醉蓬莱】、面妆【挽冰魄】、面妆瞳孔【挽冰魄】、主角头像【醉蓬莱】；获得发型【倾芳樽】后，游侠可获赠主角头像【倾芳樽】；【瑶昙心】在活动结束后将进行回收，无法继续使用。敬请注意，该活动将于日结束，活动详情规则敬请游侠关注游戏内公告。全新套装【纵横】合纵连横扫六合，虎视何雄哉！四海同心九州平，诸侯尽西来。*预研中画面，请以游戏内实际效果为准烽烟虽已散入青史，壮阔豪气犹存天地。然真正的纵横之志，正是以战止战，以谋息谋，让兵戈化玉帛，使万民归心。此身衣袍既有横扫六合的魄力，更怀河清海晏的胸襟。衣袍参考了马王堆帛画的绘画手法与神韵，整体以万世如意纹的朱红、土红为主色调。袍绣凤鸟逐云、鸿雁掠影，“归”字腰牌悬于腰间，寓意四海归一，共此月明。群雄逐鹿，折冲樽俎，终汇向江山一统，天下升平。全新发型【重明】四海归麾下，一统定乾坤。*预研中画面，请以游戏内实际效果为准「和鸣·玉振扬音」将开启「南吕传响」赛季，使用【长鸣玉】兑换的【绕梁之音】进行和鸣，有概率获得外观套装【纵横】、发型【玄鸟】和绝世奖励发型【重明】，还有限定库存的【羽衣残缕图】、【梦染匣】和【袅袅之音·绑】。本期外观套装【纵横】已同步开启「染色」功能。全新套装【句芒】兼爱非攻，尚贤尚同。*预研中画面，请以游戏内实际效果为准相传有神句芒，鸟身素服，面状正方，见郑穆公明德，锡其寿十年有九，使国家蕃昌。今有侠者承此宏愿，愿以匠心济苍生。衣袍之上，青铜为饰，取法上古，其设计着重参考三星堆出土文物。肩有灵禽顶冠而立，正是商代青铜鸟之姿；另一侧的鸟形肩饰尾羽分展，取形自商铜神树枝头花蕾及立鸟；背有古拙雕龙铜饰齿轮，则是取自龙形佩之韵。着此衣者虽无神明通天之能，却怀利民之愿。肩头机关运转不息，星火飞溅，如济世之心不止，似仁德之念长明。不见山版本纪念套装【句芒】将于本周更新后限时上架，届时游侠可前往【商店】以2580「长鸣珠」购得。套装内包含以下内容：主角头像、披挂、耳饰、腰挂、肩饰。敬请注意，外观套装【句芒】将于日下架。全新发型【天志明鬼】*预研中画面，请以游戏内实际效果为准轮人有规，匠人有矩，以此知方圆之别。上顺圣王，内顺民人，以此明神鬼赏罚。全新发型【天志明鬼】即将上架，游侠可前往【和鸣商店】以1颗「八音窍」购得，并附赠动态主角头像。全新套装【云中锦书】素笺裁作裳，霜缟染墨香。*预研中画面，请以游戏内实际效果为准风拂满襟文墨漾，云传锦书载古长。世间侠客多佩刀剑，此身却以笔墨为刃——素白底似宣纸铺陈，任由清风执笔，在衣间写就诗文行书，晕染远山淡云。这位侠士似乎尤喜银杏的高洁，肩背腰间随处可见，似有秋风遣来信笺，别入书卷之间。世人皆向往以武服人的快意，却不知有另一种侠骨，藏于锋芒内敛的从容。全新战令套装【云中锦书】即将上架并同步开放「染色」。后，游侠可通过购买战令并达到指定等级解锁。同时，还可解锁主角头像、动作【挑衅】、题跋【桃夭】、置景【青铜瑞羽云纹壶】、置景【流霞盏】等诸多外观和【袅袅之音】、【绕梁之音】、【长鸣玉】等诸多奖励。同时，购买典藏战令可额外获得题跋、置景、待机动作等丰富奖励。唐横刀武器外观【藏音·羲和敲日】*预研中画面，请以游戏内实际效果为准秦王骑虎游八极，剑光照空天白碧。羲和敲日玻璃声，劫灰飞尽古今平。全新「唐横刀」武器外观【藏音·羲和敲日】即将上架，，游侠可前往【和鸣商店】以1颗「八音窍」购得。【藏音·羲和敲日】可消耗【太一玄石】进行武器重铸，包括露青【套装·烛烟】、紫绶【套装·海清】和【套装·劫烬】、砺金【套装·霜月】和【套装·焚羲】共五种套装样式。另有若干定制色,可通过「工坊-武器重铸」打造独一无二的多形态武器外观搭配。来自清河的游侠即将入山，同样来自清河的大鹅也不愿落后！喂鹅美食，助鹅登顶不见山，还可获得袅袅之音•绑、纪念侠名等好礼！']。 —— 全新外观|方外山门开，华服启新程-","《 全新 外观 | 方外 山门 开 ， 华服 启新 程 》 : [ ' 周五 不 停服 维护 更新 之后 ， 遗世 独立 千年 的 不见山 ， 终将 在 这 秋分 之后 展露 真容 。 此前 燕叽 与 天涯客 为 游侠 们 带来 了 版本 内容 前瞻 。 而 我们 还 将 派出 一 位 策划 ， 前往 「 不见山 」 的 创作 灵感 所在 —— 河北 白石山 ， 带 大家 直观 感受 这 奇山 之 美 。 周五 下午13点 ， 这 位 策划 将 徒步 而 上 ， 一路 向 白石山 最高处 进发 。 直播 过程 中 每 16分钟 都 将 掉落 实物 福袋 ， 送 出 红魔 10pro 联名 手机 礼盒 、 微星 rtx5060 魔龙 显卡 在内 的 海量 好礼 。 登山 将 直到 更新 完成 ， 不见山 开 。 欢迎 游侠 们 前来 共 赏 山景 ， 聊聊天 ， 抽抽奖 ！ 当然 ， 游侠 亦 可 趁 闲暇 之 时 ， 亲身 前往 探索 这 大好 山川 。 这么 近 ， 那么 美 ， 界碑 到 河北 。 起 ， 《 燕云十六声 》 将 与 河北 白石山 景区 开启 限时 联动 合作 。 活动 期间 ， 游侠 可 前往 白石山风景区 与 燕云 界碑 合影 ， 领取 明信片 等 周边 好礼 ， 还 可 收集 限定 联名 印章 ！ 更 多 活动 详情 ， 欢迎 前往 @ 白石山风景区 官方 社媒 查看 ！ （ 基于 天气 等 不可控 客观 因素 影响 ， 活动 实际 地点 、 开放 时间 请 以 景区 安排 为 准 。 ） 值此 新程 将 启 之际 ， 一系列 全新 外观 也 将 随行而 至 ， 伴 各位 游侠 焕新 而 行 ， 奔赴 这 场 奇遇 。 新版本 更新 后 ， 将 有 全新 套装 【 醉 蓬莱 】 、 套装 【 纵横 】 、 套装 【 句芒 】 、 战令 套装 【 云中锦书 】 、 唐横刀 武器 外观 【 藏音 · 羲和 敲日 】 等 同步 上线 —— 发色 为 染色 效果 ， 可 在 游戏 内 通过 染色 实现 全新 套装 【 醉 蓬莱 】 一 念 花 开 ， 一 念 蓬莱 * 预研 中 画面 ， 请 以 游戏 内 实际 效果 为 准 玉 碎 山 前 ， 冰凝 水际 ， 几许 风月 。 蓬莱 信杳 ， 难 赴 杯盏 ， 梦影 须臾 ， 且 向 今宵 醉 。 年少 时光 虽 短暂 ， 却 弥足 珍贵 。 套装 取 此 深意 ， 将 韶华 织 于 广袖 ， 须臾 缀 成 珠玉 ， 更 将 昙花 盛放 的 最 美 一瞬 定格 在 发际 与 衣 间 。 纵 知 流光 易 逝 如 朝 露 见 日 ， 年华 短暂 似 昙花一现 ， 少年人 偏 要 以 最 澄澈 的 真心 ， 将 每 一个 当下 都 过 得 如同 永恒 。 套装 上架 的 同时 将 开启 「 裁造 」 功能 ， 可 将 默认款服装 改变 为 【 梦昙霄 】 款式 。 岁岁 年年 ， 今朝 启宴 ， 欢荣 良久 。 * 预研 中 画面 ， 请 以 游戏 内 实际 效果 为准 全新 发型 【 倾芳樽 】 松风 清瑶瑟 ， 溪 月 湛芳樽 。 安居 偶 佳 赏 ， 丹心期 此 论 。 * 预研 中 画面 ， 请 以 游戏 内 实际 效果 为 准 版本 更新 后 ， 游侠 们 可 在 全新 限时 活动 【 昙霄清梦 】 中 ， 使用 【 瑶昙心 】 进行 溯 梦 ， 并 有 机会 获得 外观 套装 【 醉蓬莱 】 、 发型 【 倾芳樽 】 等 珍贵 奖励 。 首次 进行 溯 梦 不 消耗 【 瑶昙心 】 ， 此外 可以 使用 【 长鸣玉 】 和 【 长鸣珠 】 来 兑换 【 瑶昙心 】 ， 其中 【 长鸣玉 】 最多 可 兑换 18个 【 瑶昙心 】 。 活动 分为 4个 奖池 【 清 】 、 【 荧 】 、 【 霄 】 和 【 皎 】 。 集 齐 【 醉蓬莱 】 外观 套件 后 ， 游侠 可 获赠 结算 演出 【 醉蓬莱 】 、 面妆 【 挽冰魄 】 、 面妆 瞳孔 【 挽冰魄 】 、 主角 头像 【 醉蓬莱 】 ； 获得 发型 【 倾芳樽 】 后 ， 游侠 可 获赠 主角 头像 【 倾芳樽 】 ； 【 瑶昙心 】 在 活动 结束 后 将 进行 回收 ， 无法 继续 使用 。 敬请 注意 ， 该 活动 将 于 日 结束 ， 活动 详情 规则 敬请 游侠 关注 游戏 内 公告 。 全新 套装 【 纵横 】 合 纵连 横扫 六合 ， 虎视 何 雄 哉 ！ 四海 同心 九州平 ， 诸侯 尽 西 来 。 * 预研中 画面 ， 请 以 游戏 内 实际 效果 为 准 烽烟 虽 已 散 入 青史 ， 壮阔 豪气 犹 存 天地 。 然 真正 的 纵横 之 志 ， 正是 以 战 止 战 ， 以 谋 息 谋 ， 让 兵 戈 化 玉帛 ， 使 万民 归心 。 此身 衣袍 既有 横扫 六合 的 魄力 ， 更 怀 河 清 海晏 的 胸襟 。 衣袍 参考 了 马王堆 帛画 的 绘画 手法 与 神韵 ， 整体 以 万世 如意纹 的 朱红 、 土红 为主 色调 。 袍绣 凤鸟 逐 云 、 鸿雁 掠影 ， “ 归 ” 字 腰牌 悬 于 腰 间 ， 寓意 四海 归 一 ， 共 此 月 明 。 群雄 逐鹿 ， 折冲 樽俎 ， 终 汇 向 江山 一统 ， 天下 升平 。 全新 发型 【 重明 】 四海 归 麾下 ， 一统 定 乾坤 。 * 预研 中 画面 ， 请 以 游戏 内 实际 效果 为准 「 和鸣 · 玉振扬音 」 将 开启 「 南吕 传响 」 赛季 ， 使用 【 长鸣玉 】 兑换 的 【 绕梁之音 】 进行 和鸣 ， 有 概率 获得 外观 套装 【 纵横 】 、 发型 【 玄鸟 】 和 绝世 奖励 发型 【 重明 】 ， 还有 限定 库存 的 【 羽衣 残缕 图 】 、 【 梦染匣 】 和 【 袅袅之音 · 绑 】 。 本 期 外观 套装 【 纵横 】 已 同步 开启 「 染色 」 功能 。 全新 套装 【 句芒 】 兼爱 非 攻 ， 尚 贤 尚 同 。 * 预研 中 画面 ， 请 以 游戏 内 实际 效果 为准 相传 有神 句芒 ， 鸟身 素服 ， 面状 正方 ， 见 郑穆公 明德 ， 锡其寿 十年 有 九 ， 使 国家 蕃昌 。 今 有 侠者 承 此 宏愿 ， 愿 以 匠心 济 苍生 。 衣袍 之上 ， 青铜 为 饰 ， 取法 上古 ， 其 设计 着重 参考 三星堆 出土文物 。 肩 有 灵禽 顶冠 而 立 ， 正是 商代 青铜鸟 之 姿 ； 另 一侧 的 鸟形 肩饰 尾羽 分展 ， 取形 自 商铜 神树 枝头 花蕾 及 立 鸟 ； 背 有 古拙 雕龙 铜饰 齿轮 ， 则 是 取自 龙形佩 之 韵 。 着 此 衣者 虽 无 神明 通天 之 能 ， 却 怀 利民 之 愿 。 肩头 机关 运转 不息 ， 星火 飞溅 ， 如 济世 之 心 不止 ， 似 仁德 之 念 长明 。 不见山 版本 纪念 套装 【 句芒 】 将 于 本周 更新 后 限时 上架 ， 届时 游侠 可 前往 【 商店 】 以 2580 「 长鸣珠 」 购得 。 套装 内 包含 以下 内容 ： 主角 头像 、 披挂 、 耳饰 、 腰挂 、 肩饰 。 敬请 注意 ， 外观 套装 【 句芒 】 将 于 日 下架 。 全新 发型 【 天志 明鬼 】 * 预研 中 画面 ， 请 以 游戏 内 实际 效果 为 准 轮人 有 规 ， 匠人 有 矩 ， 以 此 知 方圆 之 别 。 上顺 圣王 ， 内顺 民人 ， 以 此 明 神鬼 赏罚 。 全新 发型 【 天志 明鬼 】 即将 上架 ， 游侠 可 前往 【 和鸣商店 】 以 1 颗 「 八音窍 」 购得 ， 并 附 赠 动态 主角 头像 。 全新 套装 【 云中锦书 】 素笺 裁 作 裳 ， 霜 缟 染 墨 香 。 * 预研 中 画面 ， 请 以 游戏 内 实际 效果 为 准 风拂 满襟 文墨漾 ， 云传 锦书 载 古 长 。 世间 侠客 多 佩 刀剑 ， 此身 却 以 笔墨 为 刃 —— 素白 底 似 宣纸 铺陈 ， 任 由 清风 执笔 ， 在 衣间 写 就 诗文 行书 ， 晕染 远山 淡 云 。 这 位 侠士 似乎 尤 喜 银杏 的 高洁 ， 肩背 腰 间 随处可见 ， 似 有 秋风 遣 来 信笺 ， 别 入 书卷 之间 。 世人 皆 向往 以 武 服人 的 快意 ， 却 不 知 有 另 一种 侠骨 ， 藏 于 锋芒 内敛 的 从容 。 全新 战令 套装 【 云中锦书 】 即将 上架 并 同步 开放 「 染色 」 。 后 ， 游侠 可 通过 购买 战令 并 达到 指定 等级 解锁 。 同时 ， 还 可 解锁 主角 头像 、 动作 【 挑衅 】 、 题跋 【 桃夭 】 、 置景 【 青铜 瑞羽 云纹壶 】 、 置景 【 流霞盏 】 等 诸多 外观 和 【 袅袅之音 】 、 【 绕梁之音 】 、 【 长鸣 玉 】 等 诸多 奖励 。 同时 ， 购买 典藏 战令 可 额外 获得 题跋 、 置景 、 待机 动作 等 丰富 奖励 。 唐横刀 武器 外观 【 藏音 · 羲和敲日 】 * 预研 中 画面 ， 请 以 游戏 内 实际 效果 为准 秦王 骑 虎 游 八极 ， 剑 光 照 空天 白 碧 。 羲和敲日 玻璃声 ， 劫 灰 飞 尽 古 今 平 。 全新 「 唐横刀 」 武器 外观 【 藏音 · 羲和敲日 】 即将 上架 ， ， 游侠 可 前往 【 和鸣商店 】 以 1 颗 「 八音窍 」 购得 。 【 藏音 · 羲和敲日 】 可 消耗 【 太一 玄石 】 进行 武器 重铸 ， 包括 露青 【 套装 · 烛烟 】 、 紫绶 【 套装 · 海清 】 和 【 套装 · 劫烬 】 、 砺金 【 套装 · 霜月 】 和 【 套装 · 焚羲 】 共 五种 套装 样式 。 另 有 若干 定制色 , 可 通过 「 工坊 武器 重铸 」 打造 独一无二 的 多 形态 武器 外观 搭配 。 来自 清河 的 游侠 即将 入 山 ， 同样 来自 清河 的 大 鹅 也 不愿 落后 ！ 喂 鹅 美食 ， 助 鹅 登顶 不见山 ， 还 可 获得 袅袅之音 • 绑 、 纪念 侠名 等 好礼 ！ ' ]",2025-09,全新外观 | 方外山门开，华服启新程
['距离入山之约还有三日，我们非常期待，与游侠在「不见山」中相会。此前我们曾为游侠描绘过不见山的场景概念，以及其中隐士们的理念与生活。今日，我们想要以更微观的角度，带各位一观这方外胜地。*预研中画面，请以游戏内实际效果为准相较于河西的写意，不见山更注重于写实。并且，与此前的区域不同，这是我们第一次尝试如此细致地展现“山峰”之美。为此，我们着重从风、光、石三大角度，对整个区域的整体氛围与场景细节进行了升级。首先，是山里无处不在的风。*预研中画面，请以游戏内实际效果为准况属高风晚，山山黄叶飞。在群山之地，风就是山的呼吸，传递着山的情绪。时而如岩缝间的一声轻叹，轻轻掠过石上苍苔；时而如峡壁间的燥怒野兽，不知疲倦地揉碎枫林。在不见山中，我们花了大量的笔墨，去还原这种“无处不在，又处处不同”的意境。欢迎刚从河西归来的游侠，去感受这与大漠之风、旷野之风不同的魅力。*预研中画面，请以游戏内实际效果为准其次，是光。与平野不同，山上的光照需要更为复杂，更为细腻。不仅仅是“阴阳割昏晓”的大片明暗，还有走出岩洞时的“豁然开朗，复见天地”，以及行走间阳光投射于身的婆娑树影，皆令此方天地呈现出更进一步的真实质感。*预研中画面，请以游戏内实际效果为准*预研中画面，请以游戏内实际效果为准最后，则是山的本体——石。哲人说，世界上找不到两片完全相同的叶子。虽然虚拟世界终究难以比上大自然的鬼斧神工，但我们也非常愿意去尝试展现不见山石头的“个性”。从河边的乱石到成片的山壁，我们对岩石的材质与纹理表现进行了全面的升级。风沙、流水与时间的痕迹，皆会表现得更为细致，更为清晰。*预研中画面，请以游戏内实际效果为准图文的篇幅与表现力终归有限，但好在这方外桃源已近在咫尺。花径不曾缘客扫，山中胜地，静候游侠大驾！不见山版本临近上线，又一方天地渐明。在外界山河焕新之际，另一片独属于游侠的方外之境也即将开放。记得我们曾与各位少东家提起，会为家业开放独立的位面，让不羡仙的记忆能妥善珍藏，也让新的经营有个从容的开始。如今，这一设想将随着「方外地」的开放，得以实现。这是一处独立于大世界的专属家业场景，内含全新产业「云间渡」。在这里，游侠可以更自由的摆放建筑、设施，增设住宅，打造真正属于自己的一方净土。身处方外之地，既可坐享清静隐逸之乐，亦可与友人互访同游。这里路隐人稀，邻里间多用荷灯寄语，游侠若有雅兴，也可到云间渡口处一试。与此同时，少东家的烟火日常也将增添新趣事，或伴酒香，或观山水，静待诸位亲自体验！*预研中画面，请以游戏内实际效果为准既觅得这片可以安心经营的天地，为助游侠在家业管理上更加得心应手，我们此次着重优化了日常经营的各项功能——•家业经营的核心信息现已汇总至同一界面，全局动态一目了然；•生产队列将实时展示生产原料消耗情况，资源调配更省心；•新增生产设施追踪功能，生产进度随时掌握；•新增庄客浮层，可便捷查看每位庄客的工作状态和技能信息，助游侠知人善任，调度有方。*预研中画面，请以游戏内实际效果为准此番优化后，望游侠既可静享筑庐之趣，亦能随心执掌家业全局。信步庭院时，也不妨留意脚边偶尔经过的“毛团们”——那些往日与你同居一片屋檐下、却总若即若离的“特别庄客”，如今若再靠近些，或许会给你一份柔软的回应。*预研中画面，请以游戏内实际效果为准山中妙处，不止于景。后续，我们也将为游侠带来新版本中新boss、新外观在内的更多信息，敬请关注！']。 —— 更新前瞻丨山风山景新色，别有天地人间-,《 更新 前瞻 丨 山风 山 景 新 色 ， 别 有 天地 人间 》 : [ ' 距离 入 山 之 约 还有 三日 ， 我们 非常 期待 ， 与 游侠 在 「 不见山 」 中 相会 。 此前 我们 曾 为 游侠 描绘 过 不见山 的 场景 概念 ， 以及 其中 隐士 们 的 理念 与 生活 。 今日 ， 我们 想 要 以 更 微观 的 角度 ， 带 各位 一 观 这 方外 胜地 。 * 预研 中 画面 ， 请 以 游戏 内 实际 效果 为 准 相较 于 河西 的 写意 ， 不见山 更 注重 于 写实 。 并且 ， 与 此前 的 区域 不同 ， 这是 我们 第一次 尝试 如此 细致 地 展现 “ 山峰 ” 之 美 。 为此 ， 我们 着重 从 风 、 光 、 石 三 大 角度 ， 对 整个 区域 的 整体 氛围 与 场景 细节 进行 了 升级 。 首先 ， 是 山里 无处 不在 的 风 。 * 预研 中 画面 ， 请 以 游戏 内 实际 效果 为 准况 属 高 风 晚 ， 山 山 黄 叶 飞 。 在 群山 之 地 ， 风 就 是 山 的 呼吸 ， 传递 着 山 的 情绪 。 时而 如 岩缝 间 的 一 声 轻叹 ， 轻轻 掠过 石 上 苍苔 ； 时而 如 峡壁 间 的 燥怒 野兽 ， 不 知 疲倦 地 揉 碎 枫林 。 在 不见山 中 ， 我们 花 了 大量 的 笔墨 ， 去 还原 这种 “ 无处不在 ， 又 处处 不同 ” 的 意境 。 欢迎 刚 从 河西 归来 的 游侠 ， 去 感受 这 与 大漠 之 风 、 旷野 之 风 不同 的 魅力 。 * 预研 中 画面 ， 请 以 游戏 内 实际 效果 为 准 其次 ， 是 光 。 与 平野 不同 ， 山上 的 光照 需要 更为 复杂 ， 更为 细腻 。 不仅仅是 “ 阴阳 割 昏 晓 ” 的 大片 明暗 ， 还有 走出 岩洞 时 的 “ 豁然开朗 ， 复 见 天地 ” ， 以及 行走 间 阳光 投射 于 身 的 婆娑 树影 ， 皆 令 此方 天地 呈现 出 更进一步 的 真实 质感 。 * 预研 中 画面 ， 请 以 游戏 内 实际 效果 为准 * 预研 中 画面 ， 请 以 游戏 内 实际 效果 为 准 最后 ， 则 是 山 的 本体 ——石 。 哲人 说 ， 世界 上 找 不 到 两片 完全 相同 的 叶子 。 虽然 虚拟 世界 终究 难以 比 上 大自然 的 鬼斧神工 ， 但 我们 也 非常 愿意 去 尝试 展现 不见山 石头 的 “ 个性 ” 。 从 河边 的 乱石 到 成片 的 山壁 ， 我们 对 岩石 的 材质 与 纹理 表现 进行 了 全面 的 升级 。 风沙 、 流水 与 时间 的 痕迹 ， 皆 会 表现 得 更为 细致 ， 更为 清晰 。 * 预研 中 画面 ， 请 以 游戏 内 实际 效果 为 准 图 文 的 篇幅 与 表现力 终归 有限 ， 但 好在 这 方外桃源 已 近在咫尺 。 花径 不曾 缘 客 扫 ， 山中 胜地 ， 静候 游侠 大驾 ！ 不见山 版本 临近 上线 ， 又 一方 天地 渐 明 。 在 外界 山河 焕新 之际 ， 另 一片 独 属于 游侠 的 方外之 境 也 即将 开放 。 记得 我们 曾 与 各位 少东家 提起 ， 会 为 家业 开放 独立 的 位面 ， 让 不羡仙 的 记忆 能 妥善 珍藏 ， 也 让 新 的 经营 有 个 从容 的 开始 。 如今 ， 这 一 设想 将 随着 「 方外地 」 的 开放 ， 得以 实现 。 这是 一 处 独立 于 大 世界 的 专属 家业 场景 ， 内含 全新 产业 「 云间渡 」 。 在 这里 ， 游侠 可以 更 自由 的 摆放 建筑 、 设施 ， 增设 住宅 ， 打造 真正 属于 自己 的 一方 净土 。 身 处 方 外 之 地 ， 既 可 坐 享 清静 隐逸 之 乐 ， 亦 可 与 友人 互访 同游 。 这里 路 隐 人 稀 ， 邻里 间 多 用 荷灯 寄语 ， 游侠 若 有 雅兴 ， 也 可 到 云间 渡口处 一 试 。 与此同时 ， 少东家 的 烟火 日常 也 将 增添 新 趣事 ， 或 伴 酒香 ， 或 观 山水 ， 静待 诸位 亲自 体验 ！ * 预研 中 画面 ， 请 以 游戏 内 实际 效果 为 准 既 觅 得 这 片 可以 安心 经营 的 天地 ， 为 助 游侠 在 家业 管理 上 更加 得心应手 ， 我们 此次 着重 优化 了 日常 经营 的 各项 功能 —— • 家业 经营 的 核心 信息 现 已 汇总 至 同一 界面 ， 全局 动态 一目了然 ； • 生产 队列 将 实时 展示 生产 原料 消耗 情况 ， 资源 调配 更 省心 ； • 新增 生产 设施 追踪 功能 ， 生产 进度 随时 掌握 ； • 新增 庄客 浮层 ， 可 便捷 查看 每 位 庄客 的 工作 状态 和 技能 信息 ， 助 游侠 知人善任 ， 调度 有方 。 * 预研 中 画面 ， 请 以 游戏 内 实际 效果 为 准 此 番 优化 后 ， 望 游侠 既 可 静享 筑庐 之 趣 ， 亦 能 随心 执掌 家业 全局 。 信步 庭院 时 ， 也 不妨 留意 脚边 偶尔 经过 的 “ 毛团 们 ” —— 那些 往日 与 你 同居 一片 屋檐 下 、 却 总 若即若离 的 “ 特别 庄客 ” ， 如今 若 再 靠近 些 ， 或许 会 给 你 一 份 柔软 的 回应 。 * 预研 中 画面 ， 请 以 游戏 内 实际 效果 为 准 山中 妙处 ， 不止 于 景 。 后续 ， 我们 也 将 为 游侠 带来 新版本 中 新 boss 、 新 外观 在内 的 更 多 信息 ， 敬请 关注 ！ ' ],2025-09,更新前瞻丨山风山景新色，别有天地人间
['本周五，「不见山」的新篇就将正式揭开序幕。隐岳之中自有天机，新的舞台和新的故事，正在等待着一道侠影。启幕在即，我们也为游侠带来了新篇章的预告短片——我行山川异|全新篇章「不见山」即将上线！154.1万观看835弹幕如果说河西是在致敬千古流传的诗情与画意，那不见山我们想致敬先贤们的穷理与求“真”。在新版本中，我们尝试给游侠们提供一些关于真的新感受。比如山中斑驳流转的光影，拂过树丛回响的风，经过时间辗转雕刻出的石径，这些是真。比如古人对智慧的求索，愿意付出一生来寻求的知识，无论结论对错，终究把我们引领到了正确的道路上，跨越了时间空间，最终飞天，也是真。千年之前的墨子用三年成可飞的“木鸢”，墨经之中亦有记载“足敝下光，故成景于上”的小孔成像光学原理。千年之后，以他为名的“墨子号”卫星乘风天外、俯瞰天地，何尝不是一种古今相照。燕云十六声与中国航天七院官方文化品牌“晧瀚星图”联手带来的“墨子号”卫星主题科普合作，也将在不见山的旅途中陆续开启！在今晚的直播中，天涯客与燕叽共同为大家带来了「我行山川异」的版本前瞻。这两位虽然努力，但终归有点不善言辞，我们也为游侠带来了本次直播主要内容的“一图流”版本，以便游侠快速了解。我们也将于明日，把完整直播录像上传至各大平台官方账号。想了解更多或重温细节的游侠，欢迎届时前往观看！']。 —— 「不见山」预告片发布，前瞻直播内容速览！-,《 「 不见山 」 预告片 发布 ， 前瞻 直播 内容 速览 ！ 》 : [ ' 本周五 ， 「 不见山 」 的 新篇 就 将 正式 揭开 序幕 。 隐岳 之中 自 有 天机 ， 新 的 舞台 和 新 的 故事 ， 正在 等待 着 一 道 侠影 。 启幕 在即 ， 我们 也 为 游侠 带来 了 新篇章 的 预告 短片 —— 我行 山川异 | 全新 篇章 「 不见山 」 即将 上线 ！ 154.1万 观看 835 弹幕 如果 说 河西 是 在 致敬 千古 流传 的 诗情 与 画意 ， 那 不见山 我们 想 致敬 先贤 们 的 穷理 与 求 “ 真 ” 。 在 新版本 中 ， 我们 尝试 给 游侠 们 提供 一些 关于 真 的 新 感受 。 比如 山中 斑驳 流转 的 光影 ， 拂 过 树丛 回响 的 风 ， 经过 时间 辗转 雕刻 出 的 石径 ， 这些 是 真 。 比如 古人 对 智慧 的 求索 ， 愿意 付出 一生 来 寻求 的 知识 ， 无论 结论 对错 ， 终究 把 我们 引领 到 了 正确 的 道路 上 ， 跨越 了 时间 空间 ， 最终 飞天 ， 也是 真 。 千年 之前 的 墨子 用 三年 成 可 飞 的 “ 木鸢 ” ， 墨经 之中 亦 有 记载 “ 足 敝 下 光 ， 故 成景 于 上 ” 的 小 孔 成像 光学 原理 。 千年 之后 ， 以 他 为名 的 “墨子号” 卫星 乘风 天外 、 俯瞰 天地 ， 何尝 不是 一种 古今 相照 。 燕云十六声 与 中国航天七院 官方 文化 品牌 “ 晧 瀚星图 ” 联手 带来 的 “墨子号 ” 卫星 主题 科普 合作 ， 也 将 在 不见山 的 旅途 中 陆续 开启 ！ 在 今晚 的 直播 中 ， 天涯客 与 燕叽 共同 为 大家 带来 了 「 我 行 山川 异 」 的 版本 前瞻 。 这 两位 虽然 努力 ， 但 终归 有点 不善 言辞 ， 我们 也 为 游侠 带来 了 本 次 直播 主要 内容 的 “ 一图流 ” 版本 ， 以便 游侠 快速 了解 。 我们 也 将 于 明日 ， 把 完整 直播 录像 上 传 至 各 大 平台 官方 账号 。 想 了解 更 多 或 重温 细节 的 游侠 ， 欢迎 届时 前往 观看 ！ ' ],2025-09,「不见山」预告片发布，前瞻直播内容速览！
['山在云中匿，城在山中隐。清河以北，悬门飞瀑后，险峻山隘间，乃墨门遗脉【墨山道】之所在。此处机轮转日月，流水奏清音。云雾之间，可见栈道环山蜿蜒，龙骨车辘辘转动、汲水灌田。门人承墨家精要，研致用利人之术，以善制机巧闻名于世。墨者之迹，也不限于山野之中。他们虽隐于雾霭，其志在兼济天下。墨家子弟，性如矩，心如规，避世而非忘世。世间疾苦之处，自有墨门踪影——他们躬身而行，以机关巧力暗助苍生，践行“兼爱”之道。正所谓——“探赜穷理，寻桃源飞天。执规持矩，量尘世方圆。”新门派「墨山道」将于正式现身，游侠若怀济世之心、明辨之智，不妨踏入不见山雾霭，循瀑声寻道——墨门重器，终待巧者执之。门规——格物致知，实践强宗墨山道弟子，每日需完成三件要事——研究，研究，还是研究。在墨门，再高深的武艺都不如一张精妙的蓝图，格物致知为其本，实践强宗立其道！墨经中说，巧传则求其故。墨者不尚空谈，科研成果需以实验数据为凭，写为【百工论文】发布。恪守「兼爱利他」之训，每篇论文还需列明出力之人：授业恩师领衔，同道按贡献列为二作、三作，众人共增学派影响力。文末须致谢师门教导、同道相辅——感谢诸位对科研事业的支持。*预研中画面，请以游戏内实际效果为准门人每周需完成论文，记录当周研凿进度，惟持续不辍，方得精进。然虽云“天道酬勤”，亦劝诸位：戌时过后，合卷熄灯，肝固重要，发亦堪怜。晋升——以实学论高下，以创造定品阶墨门晋升，是一条迥异他派的研学之路。自入门起，每位弟子需先择研究方向、拜认师门，此后一路进阶，脚踏实地，凭实学而上！墨山道弟子需定期填写【研究申报表】，详陈成果、附以数据，以申请门内研究资源、晋升高阶。不重资历，只看实学。*预研中画面，请以游戏内实际效果为准匠作之事，技高者胜。成名的墨者可于百工大议之时，参与竞选【墨门大士】。候选者不拼声名、不拉人脉，而需匿名上传建造数据，接受全门“盲审”——隐去姓名，只凭科研成果，公平客观，矩规无私！除【墨门大士】之首席称号外，门派另设【创意奖】【巧工奖】等专项荣誉，以彰不同才具之道友。*预研中画面，请以游戏内实际效果为准墨门之道，无刀光相搏，唯有智慧交锋；不竞逐虚名，唯以实学论高下。特长——万造无穷，天工极物墨山道弟子对工造之术颇有造诣。他们不仅博闻强记，能造寻常人不会造之物；还擅明辩巧思，能创寻常人不敢想之奇。工造之术，变化万千。唯有知材明辩，得一即无穷。自由建造中，墨门弟子的图纸设计将获得额外得组件上限，图纸的存储上限也将得到提升。百工构造皆可运于掌心，规天矩地，匠心无极。世人只知天工开物可附“水”、“火”、“毒”三种属性，但墨门弟子深谙元素相生相化之道，可融合生成“火毒”、“火水”、“毒水”三种复合属性。随墨山道全门研凿进度提升，墨门弟子将逐步解锁天工开物强化组件的制造与赠送功能，使用强化组件即可使天工开物的对应效果获得永久提升。当今的墨门之中，还有一奇特现象：门下弟子在外游历时，往往以其他门派身份示人。一则固然是因为墨家“务实不矜名”之千年遗风，二却是因为墨门天工巧技的名声实在太过响亮，以至于黑白两道都对此垂涎三尺。为了不让绝学被歹人所利用，整个墨山道仍坚持着“避世不出”，非攻却须先守己。*预研中画面，请以游戏内实际效果为准然而江湖险恶，怀璧其罪。身为墨山道弟子，游历时可要万分小心。若不幸被识别身份，闷棍绑走，会被送往偏远苦囚之地，无偿为他人打造天工开物组件，届时只得自求多福。当然，若是有可珍重信赖之人，也可主动帮助他人制造。但知人知面不知心，若识人不善，因此泄露了自己的墨家身份，到时候和情谊一起失去的，还有你宝贵的人身自由。人性的复杂，远在天下任何一种武功之上，墨家弟子，尤须切记！墨山道的门规，将伴随不见山的剧情发展而同步变化——其中玄机，还待不见山版本正式上线后，请各位游侠亲身体验。墨之道，凝聚在每一次测度、每一分巧思、每一愿利他之中。唯待同路之人共参机关玄妙，同织水利天网，以实证之精神，践兼爱之宏愿。天工开物，利泽天下。此间千机，静待同道之人执起。墨门之道，不仅在机关巧技、实证穷理，更在于将知识的火种传于天下。一叶离宫墙，千卷赴百校。《燕云十六声》携手扬帆计划，在故宫博物院百年之际赠书百校，将“故宫小书包”系列书籍赠予12省20个城市的乡村学校，让传统文化和历史通过书籍传承。燕影侠迹|故宫小书包公益项目，敬谢游侠！69.7万观看211弹幕']。 —— 门派前瞻丨摩顶放踵以利万民，规量方圆而正世道-,《 门派 前瞻 丨 摩顶 放 踵 以 利 万民 ， 规量 方圆 而 正 世道 》 : [ ' 山 在 云 中 匿 ， 城 在 山 中 隐 。 清河 以北 ， 悬门 飞瀑 后 ， 险峻 山隘 间 ， 乃 墨门 遗脉 【 墨山道 】 之 所在 。 此处 机轮 转 日月 ， 流水 奏 清音 。 云雾 之间 ， 可见 栈道 环山 蜿蜒 ， 龙骨车 辘辘 转动 、 汲水 灌田 。 门人 承 墨家 精要 ， 研致 用 利人 之 术 ， 以 善制 机巧 闻名于世 。 墨者 之 迹 ， 也 不 限于 山野 之中 。 他们 虽 隐 于 雾霭 ， 其 志 在 兼 济 天下 。 墨家 子弟 ， 性 如 矩 ， 心 如 规 ， 避世 而 非 忘 世 。 世间 疾苦 之 处 ， 自 有 墨门 踪影 —— 他们 躬身 而 行 ， 以 机关 巧力 暗 助 苍生 ， 践行 “ 兼爱 ” 之 道 。 正 所谓 —— “ 探 赜 穷理 ， 寻 桃源 飞天 。 执 规 持 矩 ， 量 尘世 方圆 。 ” 新 门派 「 墨山道 」 将 于 正式 现身 ， 游侠 若 怀 济世 之 心 、 明辨 之 智 ， 不妨 踏入 不见山 雾霭 ， 循 瀑声 寻 道 —— 墨门 重器 ， 终 待 巧者 执 之 。 门规 —— 格物 致知 ， 实践 强宗 墨山道 弟子 ， 每日 需 完成 三件 要事 —— 研究 ， 研究 ， 还是 研究 。 在 墨门 ， 再 高深 的 武艺 都 不如 一 张 精妙 的 蓝图 ， 格物致知 为 其 本 ， 实践 强宗 立 其 道 ！ 墨经 中 说 ， 巧 传 则 求 其 故 。 墨者 不 尚 空谈 ， 科研成果 需 以 实验 数据 为凭 ， 写 为 【 百工 论文 】 发布 。 恪守 「 兼爱 利他 」 之 训 ， 每 篇 论文 还 需 列明 出力 之 人 ： 授业 恩师 领衔 ， 同道 按 贡献 列为 二 作 、 三 作 ， 众人 共 增 学派 影响力 。 文 末 须 致谢 师门 教导 、 同道 相辅 —— 感谢 诸位 对 科研 事业 的 支持 。 * 预研 中 画面 ， 请 以 游戏 内 实际 效果 为 准 门人 每周 需 完成 论文 ， 记录 当周 研凿 进度 ， 惟 持续 不 辍 ， 方 得 精进 。 然 虽 云 “ 天道 酬勤 ” ， 亦 劝 诸位 ： 戌时 过后 ， 合卷 熄灯 ， 肝固 重要 ， 发 亦 堪 怜 。 晋升 —— 以 实学 论 高下 ， 以 创造 定品阶 墨门 晋升 ， 是 一 条 迥异 他 派 的 研学 之 路 。 自 入门 起 ， 每 位 弟子 需 先 择 研究 方向 、 拜认 师门 ， 此后 一路 进阶 ， 脚踏实地 ， 凭 实学 而 上 ！ 墨山道 弟子 需 定期 填写 【 研究 申报表 】 ， 详 陈 成果 、 附 以 数据 ， 以 申请 门 内 研究 资源 、 晋升 高阶 。 不 重 资历 ， 只 看 实学 。 * 预研 中 画面 ， 请 以 游戏 内 实际 效果 为 准匠作 之 事 ， 技 高 者 胜 。 成名 的 墨者 可 于 百工大议 之 时 ， 参与 竞选 【 墨门 大士 】 。 候选者 不 拼 声名 、 不 拉 人脉 ， 而 需 匿名 上传 建造 数据 ， 接受 全门 “ 盲审 ” —— 隐 去 姓名 ， 只 凭 科研成果 ， 公平 客观 ， 矩规 无私 ！ 除 【 墨门 大士 】 之 首席 称号 外 ， 门派 另 设 【 创意奖 】 【 巧工奖 】 等 专项 荣誉 ， 以 彰 不同 才具 之 道友 。 * 预研 中 画面 ， 请 以 游戏 内 实际 效果 为 准 墨门 之 道 ， 无 刀光 相 搏 ， 唯 有 智慧 交锋 ； 不 竞逐 虚名 ， 唯 以 实学 论 高下 。 特长 —— 万造 无穷 ， 天工 极物 墨山道 弟子 对 工造 之 术 颇有 造诣 。 他们 不仅 博闻强记 ， 能 造 寻常人 不会 造 之 物 ； 还 擅 明 辩 巧思 ， 能 创 寻常人 不敢 想 之 奇 。 工造 之 术 ， 变化万千 。 唯有 知 材 明辩 ， 得 一 即 无穷 。 自由 建造 中 ， 墨门 弟子 的 图纸 设计 将 获得 额外 得 组件 上限 ， 图纸 的 存储 上限 也 将 得到 提升 。 百工 构造 皆 可 运 于 掌心 ， 规天矩地 ， 匠心 无极 。 世人 只 知 天工开物 可 附 “ 水 ” 、 “ 火 ” 、 “ 毒 ” 三种 属性 ， 但 墨门 弟子 深 谙 元素 相生相化 之 道 ， 可 融合 生成 “ 火毒 ” 、 “ 火水 ” 、 “ 毒水 ” 三种 复合 属性 。 随 墨山道 全门 研凿 进度 提升 ， 墨门 弟子 将 逐步 解锁 天工开物 强化 组件 的 制造 与 赠送 功能 ， 使用 强化 组件 即可 使 天工开物 的 对应 效果 获得 永久 提升 。 当今 的 墨门 之中 ， 还有 一 奇特 现象 ： 门下 弟子 在外 游历 时 ， 往往 以 其他 门派 身份 示人 。 一则 固然 是 因为 墨家 “ 务实 不 矜名 ” 之 千年 遗风 ， 二 却 是 因为 墨门 天工 巧技 的 名声 实在 太过 响亮 ， 以至于 黑白 两 道 都 对 此 垂涎三尺 。 为了 不 让 绝学 被 歹人 所 利用 ， 整个 墨山道 仍 坚持 着 “ 避世 不 出 ” ， 非 攻 却 须 先守己 。 * 预研 中 画面 ， 请 以 游戏 内 实际 效果 为 准 然而 江湖 险恶 ， 怀 璧 其 罪 。 身 为 墨山道 弟子 ， 游历 时 可 要 万分 小心 。 若 不幸 被 识别 身份 ， 闷棍 绑 走 ， 会 被 送往 偏远 苦囚 之 地 ， 无偿 为 他人 打造 天工开物 组件 ， 届时 只得 自求多福 。 当然 ， 若是 有 可 珍重 信赖 之 人 ， 也 可 主动 帮助 他人 制造 。 但 知人 知面 不 知心 ， 若 识人 不善 ， 因此 泄露 了 自己 的 墨家 身份 ， 到时候 和 情谊 一起 失去 的 ， 还有 你 宝贵 的 人身 自由 。 人性 的 复杂 ， 远在 天下 任何 一种 武功 之上 ， 墨家 弟子 ， 尤 须 切记 ！ 墨山道 的 门规 ， 将 伴随 不见山 的 剧情 发展 而 同步 变化 —— 其中 玄机 ， 还 待 不见山 版本 正式 上线 后 ， 请 各位 游侠 亲身 体验 。 墨 之 道 ， 凝聚 在 每 一次 测度 、 每 一 分 巧思 、 每 一 愿 利他 之中 。 唯 待 同路 之 人 共 参 机关 玄妙 ， 同 织 水利 天网 ， 以 实证 之 精神 ， 践 兼爱 之 宏愿 。 天工开物 ， 利泽 天下 。 此间 千机 ， 静待 同道 之 人 执 起 。 墨门 之 道 ， 不仅 在 机关 巧技 、 实证 穷理 ， 更 在于 将 知识 的 火种 传 于 天下 。 一 叶 离 宫墙 ， 千卷 赴 百 校 。 《 燕云十六声 》 携手 扬帆 计划 ， 在 故宫博物院 百年 之际 赠书 百 校 ， 将 “ 故宫 小 书包 ” 系列 书籍 赠予 12 省 20个 城市 的 乡村 学校 ， 让 传统 文化 和 历史 通过 书籍 传承 。 燕影 侠迹 | 故宫 小 书包 公益 项目 ， 敬谢 游侠 ！ 69.7万 观看 211 弹幕 ' ],2025-09,门派前瞻丨摩顶放踵以利万民，规量方圆而正世道
['清河北部，浓雾深锁，历来不乏探寻之人。只可惜总在迷雾中失了方向，无功而返。有人说，是山有灵性自隐其形，也有人说，是人间玄妙客，将整座山隐藏于天地之外。之后，迷雾中的这方天地，终将迎来有缘之人。入山之前，游侠不妨一起共览这山中风光。文中图像素材，均为研发中效果杜甫有诗云：我行山川异，忽在天一方。不见山既以“不见”为名，入山之路也需要一些机缘奇遇。若有缘拨开云雾，便可得见那传说中“身在山中，不见此山。”的世外奇景。*预研中画面，请以游戏内实际效果为准这隐岳之地外围，第一眼所及，便是一巨船残骸斜倚水岸。没人知道，它是何年何月由何人停泊。只知它静卧于此，如一道岁月门廊。此地，人称“千年渡”。残破的木舟不能行水，却替流民遮住了雨，沥干了心。总有一日他们将再度启程另觅新乡，在那之前，他们暂且将此处，称为了“家”。*预研中画面，请以游戏内实际效果为准沿水而行，渐闻鸟鸣兽语，生机拂面。久不见生人的山野之灵，对你也没有敌意，只有好奇。*预研中画面，请以游戏内实际效果为准入了山门，行走山谷之间，只见卷羽鹈鹕展翅掠过水面，天光从山尖溢出，拂洒在成片的翠绿之上。山中非独静谧，更有碧水云涛。梯田层叠盘旋而上，就连风里吹来的，也是蓬勃的希望气息。*预研中画面，请以游戏内实际效果为准循风而上，栈道悬空，可见人影往来，闻机关响动。隐于山隘之间的墨城赫然立于眼前。整座城依附山势，浑然天成。只有那嵌在山壁里的巨大齿轮，藏着待解的谜题和故事。云来山更佳，云去山如画。铁木机巧与枫林花海共生，动静之间，自成一方天地奇景。*预研中画面，请以游戏内实际效果为准不见山中，峰峦林立。若游侠细查，或可在云雾翻滚之间寻得处处古老遗迹。栋折榱崩，苔痕斑驳，恍若时光叠影，诉说着千年墨者未尽之愿。*预研中画面，请以游戏内实际效果为准山中最为避世远尘之地，便在云深水尽处，其名栖鸟岩。此处得名于神鸟栖岩的传说。白云悠悠，神鸟早已不在，一群没有羽翼的飞鸟却在山间盘旋不息。不知此间，又藏着怎样的秘辛？*预研中画面，请以游戏内实际效果为准在新篇章中，还有全新的探索机制及有趣的奇术变化，也会与这灵秀山水联袂而至。关于新门派墨山道、新关卡、新强敌在内的更多信息，我们也会在后续前瞻中为大家介绍。并且，我们也将采取“双线更新”的模式。本次「不见山」更新之后，此前预告过的秦川区域新镇守、新boss等内容，也将在不久的将来与大家见面。侠行千里，共赴山川。还有很多新的故事，等待着与游侠一同写就。墨者以机巧之能，造利工之器具，救危民于水火。九转水磨，驱水灌溉；水则鱼碑，预洪防涝。新篇上线，恰逢全国科普月，我们携手上海消防，将于（下周六）在上海市徐汇区体育公园消防站，开展消防主题快闪活动，参与活动可得纪念票根、联动印章等周边好礼，期待与各位游侠见面！']。 —— 区域前瞻丨我行山川异，忽在天一方-,《 区域 前瞻 丨 我 行 山川 异 ， 忽 在 天 一方 》 : [ ' 清河 北部 ， 浓雾 深 锁 ， 历来 不乏 探寻 之 人 。 只 可惜 总 在 迷雾 中 失 了 方向 ， 无 功 而 返 。 有人 说 ， 是 山 有 灵性 自 隐 其 形 ， 也 有人 说 ， 是 人间 玄妙 客 ， 将 整 座 山 隐藏 于 天地 之外 。 之后 ， 迷雾 中 的 这 方 天地 ， 终将 迎来 有缘 之 人 。 入 山 之前 ， 游侠 不妨 一起 共 览 这 山中 风光 。 文 中 图像 素材 ， 均 为 研发 中 效果 杜甫 有 诗 云 ： 我 行 山川 异 ， 忽 在 天 一方 。 不见山 既 以 “ 不见 ” 为名 ， 入 山 之 路 也 需要 一些 机缘 奇遇 。 若 有缘 拨开 云雾 ， 便 可 得 见 那 传说 中 “ 身 在 山 中 ， 不见 此 山 。 ” 的 世外 奇景 。 * 预研 中 画面 ， 请 以 游戏 内 实际 效果 为 准 这 隐岳 之 地 外围 ， 第一眼 所 及 ， 便是 一 巨 船 残骸 斜 倚 水岸 。 没 人 知道 ， 它 是 何年 何 月 由 何人 停泊 。 只 知 它 静卧 于 此 ， 如 一 道 岁月 门廊 。 此地 ， 人 称 “ 千年 渡 ” 。 残破 的 木舟 不能 行 水 ， 却 替 流民 遮住 了 雨 ， 沥干 了 心 。 总 有一日 他们 将 再度 启程 另 觅 新乡 ， 在 那 之前 ， 他们 暂且 将 此处 ， 称为 了 “ 家 ” 。 * 预研 中 画面 ， 请 以 游戏 内 实际 效果 为 准 沿 水 而 行 ， 渐 闻 鸟鸣 兽语 ， 生机 拂面 。 久 不见 生人 的 山野 之 灵 ， 对 你 也 没有 敌意 ， 只有 好奇 。 * 预研 中 画面 ， 请 以 游戏 内 实际 效果 为 准 入 了 山门 ， 行走 山谷 之间 ， 只见 卷羽 鹈鹕 展翅 掠过 水面 ， 天光 从 山尖 溢出 ， 拂 洒 在 成片 的 翠绿 之上 。 山中 非独 静谧 ， 更 有 碧水 云涛 。 梯田 层叠 盘旋 而 上 ， 就 连 风 里 吹 来 的 ， 也是 蓬勃 的 希望 气息 。 * 预研 中 画面 ， 请 以 游戏 内 实际 效果 为准 循 风 而 上 ， 栈道 悬空 ， 可见 人影 往来 ， 闻 机关 响动 。 隐 于 山隘 之间 的 墨城 赫然 立于 眼前 。 整 座 城 依附 山势 ， 浑然 天成 。 只有 那 嵌 在 山壁 里 的 巨大 齿轮 ， 藏 着 待 解 的 谜题 和 故事 。 云来山 更 佳 ， 云 去 山 如 画 。 铁木机 巧 与 枫林 花海 共生 ， 动静 之间 ， 自 成 一方 天地 奇景 。 * 预研 中 画面 ， 请 以 游戏 内 实际 效果 为 准 不见山 中 ， 峰峦 林立 。 若 游侠 细 查 ， 或 可 在 云雾 翻滚 之间 寻 得 处处 古老 遗迹 。 栋 折 榱 崩 ， 苔痕 斑驳 ， 恍若 时光 叠 影 ， 诉说 着 千年 墨者 未 尽 之 愿 。 * 预研 中 画面 ， 请 以 游戏 内 实际 效果 为 准 山 中 最为 避世 远 尘 之 地 ， 便 在 云 深 水 尽 处 ， 其 名栖 鸟岩 。 此处 得名 于 神鸟 栖岩 的 传说 。 白云 悠悠 ， 神鸟 早已 不在 ， 一群 没有 羽翼 的 飞鸟 却 在 山间 盘旋 不息 。 不 知 此间 ， 又 藏 着 怎样 的 秘辛 ？ * 预研 中 画面 ， 请 以 游戏 内 实际 效果 为 准 在 新篇章 中 ， 还有 全新 的 探索 机制 及 有趣 的 奇术 变化 ， 也 会 与 这 灵秀 山水 联袂 而 至 。 关于 新 门派 墨山道 、 新 关卡 、 新 强敌 在内 的 更 多 信息 ， 我们 也 会 在 后续 前瞻 中 为 大家 介绍 。 并且 ， 我们 也 将 采取 “ 双 线 更新 ” 的 模式 。 本 次 「 不见山 」 更新 之后 ， 此前 预告 过 的 秦川 区域 新 镇守 、 新 boss 等 内容 ， 也 将 在 不久 的 将来 与 大家 见面 。 侠 行 千里 ， 共 赴 山川 。 还有 很多 新 的 故事 ， 等待 着 与 游侠 一同 写 就 。 墨者 以 机巧 之 能 ， 造 利工 之 器具 ， 救 危民 于 水火 。 九 转 水磨 ， 驱水 灌溉 ； 水 则 鱼 碑 ， 预洪 防涝 。 新篇 上线 ， 恰逢 全国 科普月 ， 我们 携手 上海 消防 ， 将 于 （ 下周六 ） 在 上海市 徐汇区体育公园消防站 ， 开展 消防 主题 快闪 活动 ， 参与 活动 可 得 纪念 票根 、 联动 印章 等 周边 好礼 ， 期待 与 各位 游侠 见面 ！ ' ],2025-09,区域前瞻丨我行山川异，忽在天一方
"['河西一场大梦，卷起了黄沙白雪之下的英雄侠迹。我们非常荣幸能在这段旅途中，和游侠们一起重温那些史册间洇染模糊的侠骨铮铮、义胆昭昭。大梦将醒，年轻侠客眼前，是隐逸奇景与追觅之路。《燕云十六声》全新篇章「不见山」即将开放。隐岳深处，自有天机——此前已为大家介绍，「不见山」的创作灵感，来自于河北地区的白石山。游侠曾化鱼飞驰于黄沙，化风穿梭于原野，可这举头红日近、回首白云低的绝景，也够新奇。奇雄险秀的峰林间，更有墨山道隐世千年积累下来的机关杰作。这些宏大精巧的装置，藏着待解之谜。神秘的墨山道门人，在游侠的江湖历练中会怎样现身？这乱世之中看似“最后的桃源”，又将如何自处？桃源何处寻，今朝始见山。新篇定档，我们也将在后续带来更多内容前瞻。其中，也包括全新的形式——「我行山川异」版本前瞻直播，将在下周进行。届时，我们将与各位游侠一起，探探这不见山的究竟。，期待与游侠们入山一会。呃，不过也要小心，这山中生灵，非常热衷于别样的欢迎。*预研中画面，请以游戏内实际效果为准入山之前，还有好礼！一日，误啄了几口离人泪的大鹅在清河北游泳，当时雾气很重，鹅不知怎的竟误打误撞来到了一个叫【千年渡】的地方。”这儿跟神仙渡比，可差远了！”然而随着鹅步深入,却见此地机关遍布、迷阵重重，还流传着墨山道的秘闻……大鹅的不见山之旅就此开启。投喂大鹅美食，可以听鹅讲述在不见山的见闻，还可解锁专属侠名、绕梁之音、长鸣玉等好礼。此外，现在点击下方小程序预约还有纪念题跋、绕梁之音相赠！']。 —— ，此去「不见山」！-","《 9月26日 ， 此 去 「 不见山 」 ！ 》 : [ ' 河西 一 场 大 梦 ， 卷 起 了 黄沙 白雪 之下 的 英雄 侠迹 。 我们 非常 荣幸 能 在 这 段 旅途 中 ， 和 游侠 们 一起 重温 那些 史册 间 洇 染模 糊 的 侠骨 铮铮 、 义胆昭昭 。 大 梦 将 醒 ， 年轻 侠客 眼前 ， 是 隐逸 奇景 与 追觅 之 路 。 《 燕云十六声 》 全新 篇章 「 不见山 」 即将 开放 。 隐岳 深处 ， 自 有 天机 —— 此前 已 为 大家 介绍 ， 「 不见山 」 的 创作 灵感 ， 来自 于 河北 地区 的 白石山 。 游侠 曾 化 鱼 飞驰 于 黄沙 ， 化 风 穿梭 于 原野 ， 可 这 举头 红 日 近 、 回首 白云 低 的 绝景 ， 也 够 新奇 。 奇雄险秀 的 峰林 间 ， 更 有 墨山道 隐世 千年 积累 下来 的 机关 杰作 。 这些 宏大 精巧 的 装置 ， 藏 着 待 解 之 谜 。 神秘 的 墨山 道门 人 ， 在 游侠 的 江湖 历练 中 会 怎样 现身 ？ 这 乱世 之中 看似 “ 最后 的 桃源 ” ， 又 将 如何 自处 ？ 桃源 何处 寻 ， 今朝 始 见 山 。 新篇 定档 ， 我们 也 将 在 后续 带来 更 多 内容 前瞻 。 其中 ， 也 包括 全新 的 形式 ——「 我行 山川 异 」 版本 前瞻 直播 ， 将 在 下周 进行 。 届时 ， 我们 将 与 各位 游侠 一起 ， 探探 这 不见山 的 究竟 。 ， 期待 与 游侠 们 入 山 一会 。 呃 ， 不过 也 要 小心 ， 这 山 中 生灵 ， 非常 热衷于 别样 的 欢迎 。 * 预研 中 画面 ， 请 以 游戏 内 实际 效果 为 准 入 山 之前 ， 还有 好 礼 ！ 一日 ， 误 啄 了 几口 离 人 泪 的 大 鹅 在 清 河北 游泳 ， 当时 雾气 很 重 ， 鹅 不知怎的 竟 误打误撞 来到 了 一个 叫 【 千年 渡 】 的 地方 。 ” 这儿 跟 神仙 渡 比 ， 可 差 远 了 ！ ” 然而 随着 鹅步 深入 , 却 见 此地 机关 遍布 、 迷阵 重重 ， 还 流传 着 墨山道 的 秘闻 …… 大 鹅 的 不见山 之 旅 就此 开启 。 投喂 大 鹅 美食 ， 可以 听 鹅 讲述 在 不见山 的 见闻 ， 还 可 解锁 专属 侠名 、 绕梁之 音 、 长鸣玉 等 好礼 。 此外 ， 现在 点击 下方 小 程序 预约 还有 纪念 题跋 、 绕梁之音 相 赠 ！ ' ]",2025-09,9月26日，此去「不见山」！
['孤影啸月，赤痕裂荒。眈眈相向，不退寸芒。荒原之上，没有什么比一匹桀骜的孤狼更为危险。勇猛、冷静、智慧，和只向天地垂首的不屈傲骨，让它成为了几乎完美的掠食者。本周，将有一批全新外观上线。其中，就有一套以“孤狼啸月”为主题的全新套装——全新套装【啸月】捏脸数据来自玩家：公子云锦、酒酿圆子粥、竹影惊鹊（二创）【啸月】取意自大自然的造物杰作。狼首轻铠傲踞肩头，狼骨面饰凛目怒张。红绳串着骨饰垂悬衣间，更有血色光雾萦绕手腕，一如将战利品与伤痕骄傲悬挂，向众生示威，向荒野亮爪。女款干练凌厉，无袖立领，臂悬金铃或圆或缺，似月食之变；发间玫瑰衔刺而开，如同血月灼目，美得锋利。男款襟袂猎猎，半侧襟袖以赤锦拼接，如同燃烧着一片原始火焰，颈部兽牙狰狞，威慑荒野。*预研中画面，请以游戏内实际效果为准捏脸数据来自玩家：公子云锦、酒酿圆子粥、竹影惊鹊（二创）生来不驯，荒野独行。全新套装【啸月】即将上架，后，游侠可前往【商店】以限时优惠价1280「长鸣珠」购得，并附赠主角头像。此优惠价将于日结束，届时将恢复原价2580「长鸣珠」。套装支持上下装拆分和染色，并包含以下可拆分配饰：披挂、帽子、发饰、腰饰。全新发型【赤霄】*预研中画面，请以游戏内实际效果为准捏脸数据来自玩家：公子云锦、酒酿圆子粥、竹影惊鹊（二创）杀气空蒙下赤霄，胡尘卷地翠华遥。舟胶楚泽谁来问，魂溺湘潭讵可招。全新发型【赤霄】即将上架，后，游侠可前往【和鸣商店】以1颗「八音窍」购得，并附赠动态主角头像。「韦陀正法」奇术特效【金刚慑孽】*预研中画面，请以游戏内实际效果为准叱咤金刚琉璃身，怒目力士绽莲痕。菩萨低眉，所以慈悲六道；金刚怒目，所以降伏四魔。全新「韦陀正法」奇术特效【金刚慑孽】即将上架，后，游侠可前往【和鸣商店】以限时优惠价2个【音玉】兑换获得。此优惠价将于日结束，届时将恢复原价3个【音玉】。唐横刀武器外观【试霜锋】*预研中画面，请以游戏内实际效果为准。武学·斩雪刀法战斗中效果蕈丝淬利刃，横刀试霜锋。昔怀凌云志，天下盼常平。斩霜断雪，我刃犹锋。全新唐横刀武器外观【试霜锋】即将上架，后，游侠可前往【商店】以680「长鸣珠」购得。']。 —— 生来不驯，荒野独行|新套装「啸月」即将上架-,《 生来 不 驯 ， 荒野 独行 | 新 套装 「 啸月 」 即将 上架 》 : [ ' 孤影 啸月 ， 赤痕 裂荒 。 眈眈相向 ， 不 退 寸芒 。 荒原 之上 ， 没有 什么 比 一 匹 桀骜 的 孤狼 更为 危险 。 勇猛 、 冷静 、 智慧 ， 和 只 向 天地 垂首 的 不屈 傲骨 ， 让 它 成为 了 几乎 完美 的 掠食者 。 本周 ， 将 有 一批 全新 外观 上线 。 其中 ， 就 有 一套 以 “ 孤狼 啸月 ” 为 主题 的 全新 套装 —— 全新 套装 【 啸月 】 捏脸 数据 来自 玩家 ： 公子 云锦 、 酒酿 圆子粥 、 竹影 惊鹊 （ 二创 ） 【 啸月 】 取意 自 大自然 的 造物 杰作 。 狼首 轻铠 傲踞 肩头 ， 狼骨 面饰 凛目 怒张 。 红绳 串 着 骨饰 垂悬 衣间 ， 更 有 血色 光雾 萦绕 手腕 ， 一如 将 战利品 与 伤痕 骄傲 悬挂 ， 向 众生 示威 ， 向 荒野 亮爪 。 女款 干练 凌厉 ， 无 袖 立领 ， 臂悬 金铃 或 圆 或 缺 ， 似 月食 之 变 ； 发间 玫瑰 衔刺 而 开 ， 如同 血月 灼目 ， 美 得 锋利 。 男款 襟袂 猎猎 ， 半侧 襟袖 以 赤锦 拼接 ， 如同 燃烧 着 一片 原始 火焰 ， 颈部 兽牙 狰狞 ， 威慑 荒野 。 * 预研 中 画面 ， 请 以 游戏 内 实际 效果 为 准 捏脸 数据 来自 玩家 ： 公子云锦 、 酒酿 圆子粥 、 竹影 惊鹊 （ 二创 ） 生来 不 驯 ， 荒野 独行 。 全新 套装 【 啸月 】 即将 上架 ， 后 ， 游侠 可 前往 【 商店 】 以 限时 优惠价 1280 「 长鸣珠 」 购得 ， 并 附赠 主角 头像 。 此 优惠价 将 于 日 结束 ， 届时 将 恢复 原价 2580 「 长鸣珠 」 。 套装 支持 上下装 拆分 和 染色 ， 并 包含 以下 可 拆分 配饰 ： 披挂 、 帽子 、 发饰 、 腰饰 。 全新 发型 【 赤霄 】 * 预研 中 画面 ， 请 以 游戏 内 实际 效果 为准 捏脸 数据 来自 玩家 ： 公子 云锦 、 酒酿 圆子粥 、 竹影 惊鹊 （ 二创 ） 杀气 空蒙 下 赤霄 ， 胡尘 卷 地 翠华遥 。 舟胶 楚泽 谁 来 问 ， 魂溺 湘潭 讵 可 招 。 全新 发型 【 赤霄 】 即将 上架 ， 后 ， 游侠 可 前往 【 和鸣商店 】 以 1 颗 「 八音窍 」 购得 ， 并 附赠 动态 主角 头像 。 「 韦陀 正法 」 奇术 特效 【 金刚 慑孽 】 * 预研 中 画面 ， 请 以 游戏 内 实际 效果 为 准 叱咤 金刚 琉璃身 ， 怒目 力士 绽 莲痕 。 菩萨 低眉 ， 所以 慈悲 六道 ； 金刚 怒目 ， 所以 降伏 四魔 。 全新 「 韦陀 正法 」 奇术 特效 【 金刚 慑孽 】 即将 上架 ， 后 ， 游侠 可 前往 【 和鸣商店 】 以 限时 优惠价 2个 【 音玉 】 兑换 获得 。 此 优惠价 将 于 日 结束 ， 届时 将 恢复 原价 3个 【 音玉 】 。 唐横刀 武器 外观 【 试霜锋 】 * 预研 中 画面 ， 请 以 游戏 内 实际 效果 为 准 。 武学 · 斩雪 刀法 战斗 中 效果 蕈丝 淬 利刃 ， 横刀 试 霜锋 。 昔怀 凌云志 ， 天下 盼 常平 。 斩霜 断雪 ， 我 刃 犹 锋 。 全新 唐横刀 武器 外观 【 试霜锋 】 即将 上架 ， 后 ， 游侠 可 前往 【 商店 】 以 680 「 长鸣珠 」 购得 。 ' ],2025-09,生来不驯，荒野独行 | 新套装「啸月」即将上架
['此前我们曾向游侠们预告新区域「不见山」，相关新内容的开发正在持续进行中。预计很快就能给大家带来最新的情报。与此同时，我们也在持续对现有体验进行打磨。近期，有关「觉障林」玩法、「拍照-合影」功能等多项体验优化即将与大家见面！林深险处又生新策觉障林新增采集物与战术优化林深见影，刃冷知秋。觉障林中的每一次呼吸皆牵动生死，一草一木、一器一物，皆可成为决胜之机。在近期的更新中，我们将于觉障林特定区域新增四种采集物——龙葵草、佛泪参、酒香玉与覆盆子。使用采集物或可回复精元，或能加速耐力恢复。险境之中，多这么一枚宝贵的消耗品，也许便是逆转胜负的关键。希望借此能为游侠们带来更丰富的战术选择，也让战局多一分意想不到的变数。此外，高资源区也将增加（并增添对应标识），战术部署、资源争夺更添谋略！还有拾取功能、标点功能等多项基础体验优化，让游侠能更专注于酣畅的战斗之上。*预研中画面，请以游戏内实际效果为准天涯共影一笑相逢「一拍即合」合影功能即将上线曾几何时，路遇烟霞胜景、山河奇观，多想与挚友同框共影，却苦于天涯相隔、时机难合。全新「一拍即合」合影功能即将登场，打破时空之限，纵使天各一方，亦能同框入画，共此明月清风。在「一拍即合」功能中，游侠与亲友无需同时在线即可进行合影，解放时间与空间的约束，亦可独自设计创作多人合影模板，通过创建假人占位，调整假人动作与画面构图完成合影模板，亲友在线后只需一键加入假人虚影模型，极简操作，无缝填充。*预研中画面，请以游戏内实际效果为准合影时主摄还可以调整他人动作和位置，拯救苦手亲友，轻松完成互动，留下美好瞬间。*预研中画面，请以游戏内实际效果为准多人模板套用效果也获得加强，新增虚影定位可供自由选择切换，精准还原原片构图。游侠亦可通过路牌功能加入陌生游侠的合拍，天涯共此时，定格每一段值得珍藏的江湖情谊！光影随心境由意造情境编辑新增灯光调整主页情境一直是游侠们以器物布景、借光影抒怀的方寸天地。以往虽可切换不同主题的环境光，却总似隔帘望月，难以尽兴描摹心中之境。为助游侠创作更随心，情境编辑即将新增自由打光功能。光线强度与角度、光晕溢出效果、主色调色彩定位等参数皆可由你掌控，更可自定义多光源布局。不论是勾勒轮廓的一缕清冷月光，还是满室烛辉映笑颜，皆能细致实现，让创作表达更细腻。*预研中画面，请以游戏内实际效果为准燕语清音笑伴福来燕语阁新增旁观模式与福袋互动燕语阁既是知己畅怀之所，亦是江湖消息往来之地。后续，燕语阁将新增旁观者模式与福袋互动功能。暂未达等级3级的游侠将以旁听者身份参与，在部分互动权限上受有限制，旨在为全部游侠营造更清朗有序的语音环境。房主可在燕语阁房间内发放福袋，设定参与资格，满足资格的玩家自动参与抽奖，福礼添趣，希望新老朋友都能舒适相聚，畅享闲趣。*预研中画面，请以游戏内实际效果为准不论是在觉障林中运筹决胜，与故交新友共绘合影；还是于燕语阁内长夜闲谈，抑或以光影构筑情境、抒写心怀，愿此番优化，能让诸位游侠更加尽兴酣然。随着秋意渐染，当前赛季步入尾声，江湖新篇即将展开，更多预告内容，敬请关注后续官方动态！']。 —— 优化前瞻|觉障林战术升级，天涯共影“一拍即合”-,《 优化 前瞻 | 觉障林 战术 升级 ， 天涯 共 影 “ 一拍即合 ” 》 : [ ' 此前 我们 曾 向 游侠 们 预告 新 区域 「 不见山 」 ， 相关 新 内容 的 开发 正在 持续 进行 中 。 预计 很快 就 能 给 大家 带来 最新 的 情报 。 与此同时 ， 我们 也 在 持续 对 现有 体验 进行 打磨 。 近期 ， 有关 「 觉障林 」 玩法 、 「 拍照 合影 」 功能 等 多 项 体验 优化 即将 与 大家 见面 ！ 林深险处 又 生 新策 觉障林 新增 采集物 与 战术 优化 林深 见影 ， 刃冷知秋 。 觉障林 中 的 每 一次 呼吸 皆 牵动 生死 ， 一 草 一 木 、 一 器 一 物 ， 皆 可 成为 决胜 之 机 。 在 近期 的 更新 中 ， 我们 将 于 觉障林 特定 区域 新增 四种 采集物 —— 龙葵草 、 佛泪参 、 酒香玉 与 覆盆子 。 使用 采集物 或 可 回复 精元 ， 或 能 加速 耐力 恢复 。 险境 之中 ， 多 这么 一 枚 宝贵 的 消耗品 ， 也许 便是 逆转 胜负 的 关键 。 希望 借 此 能 为 游侠 们 带来 更 丰富 的 战术 选择 ， 也 让 战局 多 一 分 意想不到 的 变数 。 此外 ， 高 资源区 也 将 增加 （ 并 增添 对应 标识 ） ， 战术 部署 、 资源 争夺 更 添 谋略 ！ 还有 拾取 功能 、 标点 功能 等 多 项 基础 体验 优化 ， 让 游侠 能 更 专注 于 酣畅 的 战斗 之上 。 * 预研 中 画面 ， 请 以 游戏 内 实际 效果 为 准 天涯 共影 一笑相逢 「 一 拍 即 合 」 合影 功能 即将 上线 曾几何时 ， 路遇 烟霞 胜景 、 山河 奇观 ， 多 想 与 挚友 同 框 共 影 ， 却 苦于 天涯 相隔 、 时机 难 合 。 全新 「 一 拍 即 合 」 合影 功能 即将 登场 ， 打破 时空 之 限 ， 纵使 天各一方 ， 亦 能 同框 入画 ， 共 此 明月 清风 。 在 「 一 拍 即 合 」 功能 中 ， 游侠 与 亲友 无需 同时 在线 即可 进行 合影 ， 解放 时间 与 空间 的 约束 ， 亦 可 独自 设计 创作 多 人 合影 模板 ， 通过 创建 假人 占位 ， 调整 假人 动作 与 画面 构图 完成 合影 模板 ， 亲友 在线 后 只需 一 键 加入 假人 虚影 模型 ， 极简 操作 ， 无 缝 填充 。 * 预研 中 画面 ， 请 以 游戏 内 实际 效果 为 准 合影 时 主摄 还 可以 调整 他人 动作 和 位置 ， 拯救 苦手 亲友 ， 轻松 完成 互动 ， 留下 美好 瞬间 。 * 预研 中 画面 ， 请 以 游戏 内 实际 效果 为 准 多 人 模板 套用 效果 也 获得 加强 ， 新增 虚影 定位 可 供 自由 选择 切换 ， 精准 还原 原片 构图 。 游侠 亦 可 通过 路牌 功能 加入 陌生 游侠 的 合拍 ， 天涯 共 此时 ， 定格 每 一段 值得 珍藏 的 江湖 情谊 ！ 光影 随 心境 由 意 造 情境 编辑 新增 灯光 调整 主页 情境 一直 是 游侠 们 以 器物 布景 、 借 光影 抒怀 的 方寸 天地 。 以往 虽 可 切换 不同 主题 的 环境 光 ， 却 总 似 隔 帘 望 月 ， 难以 尽兴 描摹 心中 之 境 。 为 助 游侠 创作 更 随心 ， 情境 编辑 即将 新增 自由 打光 功能 。 光线 强度 与 角度 、 光晕 溢出 效果 、 主色调 色彩 定位 等 参数 皆 可 由 你 掌控 ， 更 可 自定义 多 光源 布局 。 不论是 勾勒 轮廓 的 一 缕 清冷 月光 ， 还是 满室烛 辉映 笑颜 ， 皆 能 细致 实现 ， 让 创作 表达 更 细腻 。 * 预研 中 画面 ， 请 以 游戏 内 实际 效果 为 准 燕语 清音 笑伴 福来 燕语阁 新增 旁观 模式 与 福袋 互动 燕语阁 既是 知己 畅怀 之 所 ， 亦 是 江湖 消息 往来 之 地 。 后续 ， 燕语阁 将 新增 旁观者 模式 与 福袋 互动 功能 。 暂 未 达 等级 3级 的 游侠 将 以 旁听者 身份 参与 ， 在 部分 互动 权限 上 受 有 限制 ， 旨在 为 全部 游侠 营造 更 清朗 有序 的 语音 环境 。 房主 可 在 燕语阁 房间 内 发放 福袋 ， 设定 参与 资格 ， 满足 资格 的 玩家 自动 参与 抽奖 ， 福礼 添趣 ， 希望 新 老朋友 都 能 舒适 相聚 ， 畅享 闲趣 。 * 预研 中 画面 ， 请 以 游戏 内 实际 效果 为 准 不论是 在 觉障林 中 运筹 决胜 ， 与 故交 新友 共 绘 合影 ； 还是 于 燕语阁 内 长夜 闲谈 ， 抑或 以 光影 构筑 情境 、 抒写 心怀 ， 愿 此 番 优化 ， 能 让 诸位 游侠 更加 尽兴 酣然 。 随着 秋意 渐 染 ， 当前 赛季 步入 尾声 ， 江湖 新篇 即将 展开 ， 更 多 预告 内容 ， 敬请 关注 后续 官方 动态 ！ ' ],2025-09,优化前瞻 | 觉障林战术升级，天涯共影“一拍即合”
['九月天高气清，正是砺刃磨心、备战新程之时。新赛季的脚步渐近，「止戈练习」、「砺兵台·先琢」及多项移动端操作体验优化已于近期更新中上线。此次更新着重提升游侠武技修习与赛季备战体验，助力每一位游侠磨炼身手，从容迎接新挑战！止戈之道，勤修不辍「止戈练习」功能现已上线「止戈练习」功能现已推出，让每一位游侠皆可无压修习、精进武技。该功能设有自由练习、卸势、破防奇术、金光技能、解控与奇术配合六大修习项目，既可系统熟悉止戈的战斗规则，也能随心试招、磨练连技，无胜负之忧，惟见武道渐深！江湖争锋，胜负往往系于一招之间。无论是初涉战阵的新锐，还是历经风雨的老手，皆可于此磨炼技艺、参透攻守，从而在乱局中寻得从容，稳握先机。武道新境，待君共琢「砺兵台·先琢」开启招式流转，气劲生克。武道的精进，也要仰仗天下游侠的实战研讨。新赛季将至，诚邀游侠体验「砺兵台·先琢」功能，参与新赛季前的平衡性测试并反馈建议，共探武道平衡之道！各位游侠通过「同游-止戈-砺兵台」界面，可选择先琢版本创建房间，此版本房间内游侠可以查看【先琢版本公告】，抢先体验相关调整内容，并随时提交体验反馈。先琢版本支持1v1、2v2、3v3、5v5止戈和单人木桩练习模式，提供单人与多人的多种测试环境。助游侠更快了解各项可能的改动，并能在实战中进行快速测试和验证。各位体验与反馈，都将成为我们后续平衡的重要依据。最终改动以正式上线版本为准，感谢各位游侠的支持与建言！手感焕新，出招更顺移动端操作体验优化除了上述新功能以外，近期我们也针对移动端操作体验，做了多项优化。•新增「一键拾取」功能，目前只需双击屏幕右侧空白区域，即可轻松拾取周围掉落物，省却反复点选之烦；•优化了轻重攻击与蓄力技的衔接，游侠现可在攻击时随时流畅接续蓄力，无需收招再起，更顺滑自在。•同时我们还优化了全武学辅助战斗体验，使辅助状态下技能释放更加智能高效。此外，更多移动端优化也已在途——辅助战斗功能将迎来二期优化，助战体验再升级；大世界地表细节精度将显著提升，山水林石更具沉浸质感等等。更多细节，我们将在后续为各位带来。愿此番优化能让游侠以更从容之姿，迎接江湖新章。欢迎游侠多来练招，也期待「先琢」中的测试反馈。更多内容正在有序开发，期待与各位共研共进！']。 —— 优化动向丨「止戈练习」上线，武道平衡邀君共研-,《 优化 动向 丨 「 止戈 练习 」 上线 ， 武道 平衡 邀 君 共研 》 : [ ' 九月 天高气清 ， 正是 砺刃 磨心 、 备战 新程 之 时 。 新 赛季 的 脚步 渐 近 ， 「 止戈 练习 」 、 「 砺兵台 · 先琢 」 及 多 项 移动端 操作 体验 优化 已 于 近期 更新 中 上线 。 此次 更新 着重 提升 游侠 武技 修习 与 赛季 备战 体验 ， 助力 每 一 位 游侠 磨炼 身手 ， 从容 迎接 新 挑战 ！ 止戈 之 道 ， 勤 修 不 辍 「 止戈 练习 」 功能 现 已 上线 「 止戈 练习 」 功能 现 已 推出 ， 让 每 一 位 游侠 皆 可 无压 修习 、 精进 武技 。 该 功能 设有 自由 练习 、 卸势 、 破防 奇术 、 金光 技能 、 解控 与 奇术 配合 六 大 修习 项目 ， 既 可 系统 熟悉 止戈 的 战斗 规则 ， 也 能 随心 试招 、 磨练 连技 ， 无 胜负 之 忧 ， 惟 见 武道 渐 深 ！ 江湖 争锋 ， 胜负 往往 系 于 一 招 之间 。 无论是 初 涉 战阵 的 新锐 ， 还是 历经 风雨 的 老手 ， 皆 可 于 此 磨炼 技艺 、 参透 攻守 ， 从而 在 乱局 中 寻 得 从容 ， 稳握 先机 。 武道 新境 ， 待君 共琢 「 砺兵台 · 先琢 」 开启 招式 流转 ， 气劲 生克 。 武道 的 精进 ， 也 要 仰仗 天下 游侠 的 实战 研讨 。 新 赛季 将 至 ， 诚邀 游侠 体验 「 砺兵台 · 先琢 」 功能 ， 参与 新 赛季 前 的 平衡性 测试 并 反馈 建议 ， 共 探 武道 平衡 之 道 ！ 各位 游侠 通过 「 同游 止戈 砺兵台 」 界面 ， 可 选择 先琢 版本 创建 房间 ， 此 版本 房间 内 游侠 可以 查看 【 先琢 版本 公告 】 ， 抢先 体验 相关 调整 内容 ， 并 随时 提交 体验 反馈 。 先琢 版本 支持 1v1 、 2v2 、 3v3 、 5v5 止戈 和 单人 木桩 练习 模式 ， 提供 单人 与 多 人 的 多种 测试 环境 。助 游侠 更 快 了解 各项 可能 的 改动 ， 并 能 在 实战 中 进行 快速 测试 和 验证 。 各位 体验 与 反馈 ， 都 将 成为 我们 后续 平衡 的 重要 依据 。 最终 改动 以 正式 上线 版本 为准 ， 感谢 各位 游侠 的 支持 与 建言 ！ 手感 焕新 ， 出招 更 顺 移动端 操作 体验 优化 除了 上述 新 功能 以外 ， 近期 我们 也 针对 移动端 操作 体验 ， 做 了 多 项 优化 。 • 新增 「 一 键 拾取 」 功能 ， 目前 只需 双击 屏幕 右侧 空白 区域 ， 即可 轻松 拾取 周围 掉落物 ， 省却 反复 点选 之 烦 ； • 优化 了 轻重 攻击 与 蓄力技 的 衔接 ， 游侠 现 可 在 攻击 时 随时 流畅 接续 蓄力 ， 无需 收招 再 起 ， 更 顺滑 自在 。 • 同时 我们 还 优化 了 全 武学 辅助 战斗 体验 ， 使 辅助 状态 下 技能 释放 更加 智能 高效 。 此外 ， 更 多 移动端 优化 也 已 在途 —— 辅助 战斗 功能 将 迎来 二期 优化 ， 助战 体验 再 升级 ； 大 世界 地表 细节 精度 将 显著 提升 ， 山水 林石 更 具 沉浸 质感 等等 。 更 多 细节 ， 我们 将 在 后续 为 各位 带来 。 愿 此 番 优化 能 让 游侠 以 更 从容 之 姿 ， 迎接 江湖 新章 。 欢迎 游侠 多 来 练招 ， 也 期待 「 先琢 」 中 的 测试 反馈 。 更 多 内容 正在 有序 开发 ， 期待 与 各位 共 研 共 进 ！ ' ],2025-09,优化动向丨「止戈练习」上线，武道平衡邀君共研
['露从今夜白，月是故乡明。昔有望乡之人逆行而上，于月下高阁奏响归乡之音；今也有「望乡客」承此一念，将天涯归思织入游子的衣襟。本周，将有包括套装【望乡客】、武学特效【鱼龙焰舞】、双刀武器外观【鱼有绒焉】在内的全新外观上线——全新套装【望乡客】阁高风满袖，乡音弦上催。*预研中画面，实际效果请以游戏为准捏脸数据来自玩家：泠鹤枝、钟凝云此夜弦上闻乡音，何人不起故园情。套装灵感呼应河西的瑰丽异域风情。衣色上萃取当地独特的色彩谱系，将大漠的金、落日的红、葡萄的紫、胡杨的绿巧妙融合在一起，同时饰以葡萄纹等精美西域特色图案。色彩明艳的翻领外袍之下，是对比鲜明的素色内衬，宛若午夜梦回时的长安月色，挥之不去，萦绕于心。*预研中画面，实际效果请以游戏为准捏脸数据来自玩家：泠鹤枝、钟凝云全新套装【望乡客】将在本周内上架，届时游侠可前往【商店】以60「长鸣珠」购得。为了让游侠们日后搭配更为随心，套装将支持上下装拆分和染色。「粟子游尘」武学特效【鱼龙焰舞】回首百觅仍不见，忙随焰花逐香痕。*预研中画面，请以游戏内实际效果为准夜市千张灯，灿然接星河。词人笔下的元夕佳夜，总是如此绚烂夺目，新武学特效【鱼龙焰舞】正是取意于此。绳镖挥洒，流光聚散，化作灵动鱼龙跃波凌空。金鳞耀彩，尾展虹辉，似有焰花千树落星如雨。皆道人生不过弹指一挥，可有此灿烂一刻，已胜却人间无数。全新「粟子游尘」武学特效【鱼龙焰舞】将在本周内上架，届时游侠可前往【和鸣商店】以1颗「八音窍」购得。双刀武器外观【鱼有绒焉】能与游侠并肩作战鱼鱼我啊，也算是锦上添花，鱼有绒焉。*预研中画面，请以游戏内实际效果为准此物形制仿洪荒巨兽，配色张扬，一看就只有高手才能驾驭。“刀尖”之处，两对鱼眼更是栩栩如生，极为灵动，仿佛下一瞬就要突然暴起，择人而噬。实乃凶煞之器，凶煞之器啊！全新双刀武器外观【鱼有绒焉】将在本周内上架，届时游侠可前往【商店】以60「长鸣珠」购得。']。 —— 焰花夜放，星落如雨|「粟子游尘」武学特效登场-,《 焰 花 夜 放 ， 星 落 如 雨 | 「 粟子游尘 」 武学 特效 登场 》 : [ ' 露 从 今夜 白 ， 月 是 故乡 明 。 昔 有 望乡之 人 逆行 而 上 ， 于 月下 高阁 奏响 归乡之 音 ； 今 也 有 「 望乡客 」 承 此 一 念 ， 将 天涯 归思 织 入 游子 的 衣襟 。 本周 ， 将 有 包括 套装 【 望乡客 】 、 武学 特效 【 鱼龙焰舞 】 、 双刀 武器 外观 【 鱼有绒焉 】 在内 的 全新 外观 上线 —— 全新 套装 【 望乡客 】 阁 高风 满 袖 ， 乡音 弦 上 催 。 * 预研 中 画面 ， 实际 效果 请 以 游戏 为 准 捏脸 数据 来自 玩家 ： 泠鹤枝 、 钟凝云 此夜 弦 上 闻乡音 ， 何人 不 起 故园情 。 套装 灵感 呼应 河西 的 瑰丽 异域 风情 。 衣色 上 萃取 当地 独特 的 色彩 谱系 ， 将 大漠 的 金 、 落日 的 红 、 葡萄 的 紫 、 胡杨 的 绿 巧妙 融合 在 一起 ， 同时 饰 以 葡萄纹 等 精美 西域 特色 图案 。 色彩 明艳 的 翻领 外袍 之下 ， 是 对比 鲜明 的 素色 内衬 ， 宛若 午夜 梦 回 时 的 长安 月色 ， 挥 之 不 去 ， 萦绕 于 心 。 * 预研 中 画面 ， 实际 效果 请 以 游戏 为 准捏脸 数据 来自 玩家 ： 泠鹤枝 、 钟凝云 全新 套装 【 望乡客 】 将 在 本周 内 上架 ， 届时 游侠 可 前往 【 商店 】 以 60 「 长鸣珠 」 购得 。 为了 让 游侠 们 日后 搭配 更为 随心 ， 套装 将 支持 上下装 拆分 和 染色 。 「 粟子游尘 」 武学 特效 【 鱼龙焰舞 】 回首 百 觅 仍 不见 ， 忙 随 焰花 逐 香痕 。 * 预研 中 画面 ， 请 以 游戏 内 实际 效果 为 准 夜市 千张 灯 ， 灿然 接 星河 。 词人 笔下 的 元夕 佳夜 ， 总是 如此 绚烂夺目 ， 新 武学 特效 【 鱼龙焰舞 】 正是 取意 于 此 。 绳镖 挥洒 ， 流光 聚散 ， 化作 灵动 鱼龙 跃波 凌空 。 金 鳞 耀 彩 ， 尾展 虹辉 ， 似 有 焰花 千 树 落星 如 雨 。 皆 道 人生 不过 弹指 一 挥 ， 可 有 此 灿烂 一刻 ， 已 胜 却 人间 无数 。 全新 「 粟子游尘 」 武学 特效 【 鱼龙焰舞 】 将 在 本周 内 上架 ， 届时 游侠 可 前往 【 和鸣商店 】 以 1 颗 「 八音窍 」 购得 。 双刀 武器 外观 【 鱼有绒焉 】 能 与 游侠 并肩 作战 鱼 鱼 我 啊 ， 也 算是 锦上添花 ， 鱼有绒焉 。 * 预研 中 画面 ， 请 以 游戏 内 实际 效果 为准 此 物 形制 仿 洪荒 巨兽 ， 配色 张扬 ， 一 看 就 只有 高手 才 能 驾驭 。 “ 刀尖 ” 之 处 ， 两对 鱼眼 更 是 栩栩如生 ， 极为 灵动 ， 仿佛 下 一瞬 就要 突然 暴起 ， 择 人 而 噬 。 实 乃 凶煞 之 器 ， 凶煞 之 器 啊 ！ 全新 双 刀 武器 外观 【 鱼有绒焉 】 将 在 本周 内 上架 ， 届时 游侠 可 前往 【 商店 】 以 60 「 长鸣珠 」 购得 。 ' ],2025-09,焰花夜放，星落如雨 | 「粟子游尘」武学特效登场
['游侠们好！随着秦川新篇开启，诸多挑战与机缘等待游侠探索。与此同时，我们在时刻关注着游侠们的体验反馈与优化建议。在此也针对近期大家集中关注的问题，带来最新的反馈与优化动向，请游侠们查阅！q：每次切换玩法（比如论剑、觉障林），移动端的按键布局就要重新调一次，能不能像武学方案那样，支持保存不同的布局配置，方便一键切换？移动端自定义按键的多套方案保存与切换功能我们已在开发中，目前计划提供两项优化：1、将增加多套按键自定义方案，并可以保存在备战方案中，随时选用。2、论剑、觉障林等玩法也将支持自动切换备战方案，减少大家重复调整的操作。后续，我们也将持续进行各项易用性优化。q：现在背包页签简化后体验还不错，但是东西多的时候还是有点难找，后续会继续优化吗？先前为避免页签过多导致界面冗杂，我们做了部分简化。考虑到游侠所反馈的问题，后续我们将兼顾简洁与实用，从两个方向进行优化：1.进一步优化模糊搜索，支持基于道具功能进行搜索的方法；2.将新增收藏功能，使常用之物更方便调用。q：目前三更天的断罪发起比较突然，长老们容易猝不及防地被拖进不公平的战斗，导致不太敢去多人模式，这块会有优化吗？我们非常重视各门派的地位晋升体验，也了解到在当前版本中，部分七苦众游侠更倾向于停留在单人模式，导致见道修游侠很难发起挑战。在后续版本中，我们将重点优化双方挑战体验，包括：强化挑战发起提示、增加准备倒计时、加强对外挂防控等。我们希望藉此调整：一方面让七苦众游侠们更安心地接受公平挑战，能够以“卫冕”的心态享受战斗乐趣；另一方面也以此形成正向循环，让见道修游侠更顺利地在多人模式中发起断罪挑战。最终使“三更断罪”玩法回归其设计本质——门派高位，强者居之。q：看到别的玩家的配饰拉条效果非常有创意，可以出一个一键套用功能吗？我们关注到游侠们通过“方寸移形”创作出了很多新颖的配饰搭配，也希望大家在分享、交流时能更便捷。目前线上的搭配作品中，如果作者有配饰的“方寸移形”设置，支持参数可以一起套用并保存。后续我们也有计划单独开一个标签分区，并优化搜索，方便玩家查找自己想要的配饰“方寸移形”设置，并进行套用。q：在秦川用寻宝马寻藏遇到了一些问题，有时候会直接穿墙卡模。而且有些宝箱已经拿过了，但还是能被寻藏。抱歉影响了游侠的探索体验。目前游侠反馈的绝大部分问题已经修复，同时我们也在继续进行排查。若游侠在游戏过程中发现仍存在的类似问题，欢迎向我们反馈，我们会尽快处理。q：主页情境的穿着可以和大世界里分开吗？比如我就喜欢在打止戈的时候穿得更干练，但是情境里还是希望能保持另一种风格。我们也关注到，游侠们会使用特定的外观配件来搭建非常有创意的主页情境。个人主页固定外观的功能已在开发中，以便于大家能在不同场景自由穿搭，互不影响，更好地发挥搭配的创意。q：秦川四季变化的机制让人眼前一亮！为什么只有秦川有这一设定？后续还会有更多这种特殊设计吗？很高兴秦川的设计可以受到各位的喜爱。我们在秦川引入四季流转的初衷，除了带来更有记忆点的视觉体验之外，更重要的是匹配秦川“画卷”这一核心概念。四季、绢布与书虫、着墨奇术等等诸多设计，共同组成了“在画中世界冒险”的沉浸感。后续新地图的设计中，我们也会围绕主题感、沉浸感和趣味性，探索更多可能。游侠所言所问，皆是我们成长的契机。深深感谢每一位游侠的支持与宝贵意见，欢迎各位继续向我们发来反馈！']。 —— 热门答疑丨按键方案一键切换，多项体验问题优化！-,《 热门 答疑 丨 按键 方案 一 键 切换 ， 多 项 体验 问题 优化 ！ 》 : [ ' 游侠 们 好 ！ 随着 秦川 新篇 开启 ， 诸多 挑战 与 机缘 等待 游侠 探索 。 与此同时 ， 我们 在 时刻 关注 着 游侠 们 的 体验 反馈 与 优化 建议 。 在此 也 针对 近期 大家 集中 关注 的 问题 ， 带来 最新 的 反馈 与 优化 动向 ， 请 游侠 们 查阅 ！ q ： 每次 切换 玩法 （ 比如 论 剑 、 觉障林 ） ， 移动端 的 按键 布局 就要 重新 调 一次 ， 能不能 像 武学 方案 那样 ， 支持 保存 不同 的 布局 配置 ， 方便 一 键 切换 ？ 移动端 自定义 按键 的 多 套 方案 保存 与 切换 功能 我们 已 在 开发 中 ， 目前 计划 提供 两项 优化 ： 1 、 将 增加 多 套 按键 自定义 方案 ， 并 可以 保存 在 备战 方案 中 ， 随时 选用 。 2 、 论 剑 、 觉障林 等 玩法 也 将 支持 自动 切换 备战 方案 ， 减少 大家 重复 调整 的 操作 。 后续 ， 我们 也 将 持续 进行 各项 易用性 优化 。 q ： 现在 背包 页签 简化 后 体验 还 不错 ， 但是 东西 多 的 时候 还是 有点 难找 ， 后续 会 继续 优化 吗 ？ 先前 为 避免 页签 过多 导致 界面 冗杂 ， 我们 做 了 部分 简化 。 考虑 到 游侠 所 反馈 的 问题 ， 后续 我们 将 兼顾 简洁 与 实用 ， 从 两个 方向 进行 优化 ： 1 . 进一步 优化 模糊 搜索 ， 支持 基于 道具 功能 进行 搜索 的 方法 ； 2 . 将 新增 收藏 功能 ， 使 常用 之 物 更 方便 调用 。 q ： 目前 三更天 的 断罪 发起 比较 突然 ， 长老 们 容易 猝不及防 地 被 拖 进 不 公平 的 战斗 ， 导致 不 太 敢 去 多 人 模式 ， 这块 会 有 优化 吗 ？ 我们 非常 重视 各 门派 的 地位 晋升 体验 ， 也 了解 到 在 当前 版本 中 ， 部分 七 苦众 游侠 更 倾向 于 停留 在 单人 模式 ， 导致 见道修 游侠 很难 发起 挑战 。 在 后续 版本 中 ， 我们 将 重点 优化 双方 挑战 体验 ， 包括 ： 强化 挑战 发起 提示 、 增加 准备 倒计时 、 加强 对外 挂 防控 等 。 我们 希望 藉 此 调整 ： 一方面 让 七 苦众 游侠 们 更 安心 地 接受 公平 挑战 ， 能够 以 “ 卫冕 ” 的 心态 享受 战斗 乐趣 ； 另一方面 也 以此 形成 正向 循环 ， 让 见道修 游侠 更 顺利 地 在 多 人 模式 中 发起 断罪 挑战 。 最终 使 “ 三更 断罪 ” 玩法 回归 其 设计 本质 —— 门派 高位 ， 强者 居 之 。 q ： 看到 别的 玩家 的 配饰 拉条 效果 非常 有 创意 ， 可以 出 一个 一 键 套用 功能 吗 ？ 我们 关注 到 游侠 们 通过 “ 方寸 移形 ” 创作 出 了 很多 新颖 的 配饰 搭配 ， 也 希望 大家 在 分享 、 交流 时 能 更 便捷 。 目前 线上 的 搭配 作品 中 ， 如果 作者 有 配饰 的 “ 方寸 移形 ” 设置 ， 支持 参数 可以 一起 套用 并 保存 。 后续 我们 也 有 计划 单独 开 一个 标签 分区 ， 并 优化 搜索 ， 方便 玩家 查找 自己 想 要 的 配饰 “ 方寸 移形 ” 设置 ， 并 进行 套用 。 q ： 在 秦川 用 寻宝马 寻藏 遇到 了 一些 问题 ， 有时候 会 直接 穿 墙 卡模 。 而且 有些 宝箱 已经 拿 过 了 ， 但 还是 能 被 寻藏 。 抱歉 影响 了 游侠 的 探索 体验 。 目前 游侠 反馈 的 绝大部分 问题 已经 修复 ， 同时 我们 也 在 继续 进行 排查 。 若 游侠 在 游戏 过程 中 发现 仍 存在 的 类似 问题 ， 欢迎 向 我们 反馈 ， 我们 会 尽快 处理 。 q ： 主页 情境 的 穿着 可以 和 大 世界 里 分开 吗 ？ 比如 我 就 喜欢 在 打 止戈 的 时候 穿 得 更 干练 ， 但是 情境 里 还是 希望 能 保持 另 一种 风格 。 我们 也 关注 到 ， 游侠 们 会 使用 特定 的 外观 配件 来 搭建 非常 有 创意 的 主页 情境 。 个人 主页 固定 外观 的 功能 已 在 开发 中 ， 以便 于 大家 能 在 不同 场景 自由 穿搭 ， 互不 影响 ， 更 好 地 发挥 搭配 的 创意 。 q ： 秦川 四季 变化 的 机制 让 人 眼前 一 亮 ！ 为什么 只有 秦川 有 这 一 设定 ？ 后续 还 会 有 更 多 这种 特殊 设计 吗 ？ 很 高兴 秦川 的 设计 可以 受到 各位 的 喜爱 。 我们 在 秦川 引入 四季 流转 的 初衷 ， 除了 带来 更 有 记忆点 的 视觉 体验 之外 ， 更 重要 的 是 匹配 秦川 “ 画卷 ” 这 一 核心 概念 。 四季 、 绢布 与 书虫 、 着墨 奇术 等等 诸多 设计 ， 共同 组成 了 “ 在 画 中 世界 冒险 ” 的 沉浸感 。 后续 新 地图 的 设计 中 ， 我们 也 会 围绕 主题感 、 沉浸感 和 趣味性 ， 探索 更 多 可能 。 游侠 所 言 所 问 ， 皆 是 我们 成长 的 契机 。 深深 感谢 每 一 位 游侠 的 支持 与 宝贵 意见 ， 欢迎 各位 继续 向 我们 发 来 反馈 ！ ' ],2025-09,热门答疑丨按键方案一键切换，多项体验问题优化！
['秦川如墨铺展，游侠驻足画中，既见天地浩渺，也念一隅心安。同时，优化调整的脚步我们也未停歇。近期对「家业」系统进行的一系列优化调整已陆续实装，愿游侠更从容自在地经营家园、挥洒匠心。原址重建，精准落位在「万相集」得见绝妙的建造图纸，却苦于复现时方位难调？版本新增「家业-设计图」原址套用功能，无论是江南园林还是客栈雅间，获取图纸即可一键套用到原设计位置，还原布局经纬，让图纸套用更加便捷！文中家业展示用图已取得创作者授权。建材未齐，成竹在胸建造经营岂能尽如人意？暂缺三两建材本是常事。「一键填充」功能现已升级——即使部分建材尚未集齐，也可以落成虚影框架，将已有建材先行填充入内，剩余缺失组件待日后逐步集齐补全。「家业-建造」体验也已优化更新，如今在已有的产业中，也可摆放个人建造图纸按虚影落成，后续可单个填充或通过产业一键填充。文中家业展示用图已取得创作者授权。组件上限提升，豪装无碍与此同时，住宅可摆放的家具组件数量上限由300提升至1000，让建造自由度更上一层。文中家业展示用图已取得创作者授权。上述优化功能均已实装，欢迎游侠前来体验。还有更多体验优化和修复细节，也可前往游戏中公告了解详情。未来版本中，我们也将持续对家业玩法的各项体验进行打磨调优。静有宅院栖心，动亦有利器相随。本周，还将有全新武器外观和诸位见面！全新伞武器外观【红尘烬】*预研中画面，实际效果请以游戏为准捏脸数据来自玩家：风吟笙萧、池渺叙生亦苦，去亦苦。未若旧事焚尽，指捻尘烟散。墨染伞面似暗夜冥渊，冷意彻骨；血色花纹如忘川业火，妖冶夺目。锈色伞骨刺穿残破伞面，红线缠绕其上宛若执念难断。持握时，往昔悲喜俱涌，又如尘烟散入空中。全新伞武器外观【红尘烬】将在本周内上架，届时游侠可前往【商店】以680「长鸣珠」购得。同时，本周将有新签到活动【祟不可当】即将上线，游侠在活动期间登录即可获取全新配饰【红泣露】在内的诸多奖励。']。 —— 原址一键套用，组件上限提升！家业多项调优现已上线-,《 原址 一 键 套用 ， 组件 上限 提升 ！ 家业 多 项 调优 现 已 上线 》 : [ ' 秦川 如墨 铺展 ， 游侠 驻足 画 中 ， 既 见 天地 浩渺 ， 也 念 一隅 心安 。 同时 ， 优化 调整 的 脚步 我们 也 未 停歇 。 近期 对 「 家业 」 系统 进行 的 一系列 优化 调整 已 陆续 实装 ， 愿 游侠 更 从容 自在 地 经营 家园 、 挥洒 匠心 。 原址 重建 ， 精准 落位 在 「 万相集 」 得 见 绝妙 的 建造 图纸 ， 却 苦于 复现 时 方位 难 调 ？ 版本 新增 「 家业 设计图 」 原址 套用 功能 ， 无论是 江南 园林 还是 客栈 雅间 ， 获取 图纸 即可 一 键 套用 到 原 设计 位置 ， 还原 布局 经纬 ， 让 图纸 套用 更加 便捷 ！ 文 中 家业 展示 用图 已 取得 创作者 授权 。 建材 未 齐 ， 成竹在胸 建造 经营 岂能 尽如人意 ？ 暂 缺 三两 建材 本 是 常事 。 「 一键 填充 」 功能 现 已 升级 — — 即使 部分 建材 尚未 集 齐 ， 也 可以 落成 虚影 框架 ， 将 已 有 建材 先行 填充 入 内 ， 剩余 缺失 组件 待 日后 逐步 集齐 补 全 。 「 家业 建造 」 体验 也 已 优化 更新 ， 如今 在 已 有 的 产业 中 ， 也 可 摆放 个人 建造 图纸 按 虚影 落成 ， 后续 可 单个 填充 或 通过 产业 一 键 填充 。 文 中 家业 展示 用图 已 取得 创作者 授权 。 组件 上限 提升 ， 豪装 无碍 与此同时 ， 住宅 可 摆放 的 家具 组件 数量 上限 由 300 提升 至 1000 ， 让 建造 自由度 更上一层 。 文 中 家业 展示 用图 已 取得 创作者 授权 。 上述 优化 功能 均 已 实装 ， 欢迎 游侠 前来 体验 。 还有 更 多 体验 优化 和 修复 细节 ， 也 可 前往 游戏 中 公告 了解 详情 。 未来 版本 中 ， 我们 也 将 持续 对 家业 玩法 的 各项 体验 进行 打磨 调优 。 静 有 宅院 栖心 ， 动 亦 有 利器 相随 。 本周 ， 还 将 有 全新 武器 外观 和 诸位 见面 ！ 全新 伞 武器 外观 【 红尘烬 】 * 预研 中 画面 ， 实际 效果 请 以 游戏 为 准 捏脸 数据 来自 玩家 ： 风吟 笙 萧 、 池渺 叙 生 亦 苦 ， 去 亦 苦 。 未 若 旧事 焚 尽 ， 指 捻尘 烟散 。 墨染 伞面 似 暗夜 冥渊 ， 冷意 彻骨 ； 血色 花纹 如 忘川业火 ， 妖冶 夺目 。 锈色 伞骨 刺穿 残破 伞面 ， 红线 缠绕 其 上 宛若 执念 难 断 。 持握 时 ， 往昔 悲喜 俱 涌 ， 又 如 尘烟 散 入 空中 。 全新 伞 武器 外观 【 红尘烬 】 将 在 本周 内 上架 ， 届时 游侠 可 前往 【 商店 】 以 680 「 长鸣珠 」 购得 。 同时 ， 本周 将 有 新 签到 活动 【 祟不可当 】 即将 上线 ， 游侠 在 活动 期间 登录 即可 获取 全新 配饰 【 红泣露 】 在内 的 诸多 奖励 。 ' ],2025-09,原址一键套用，组件上限提升！家业多项调优现已上线
['傩声方去病，酒色已迎春。傩戏起于商周，衍于宋初，为我国最古老的祈福纳祥、驱鬼逐疫的舞蹈之一，被列入国家非物质文化遗产。本周，将有一套以傩戏为主题的全新外观即将上架，愿游侠无病无灾，诸事皆宜——全新外观【岁时安】*预研中画面，手持面具为表情动作自带实际效果请以游戏为准捏脸数据来自玩家：司清厌、游临君一唱神灵佑，二舞百病消，有灾送灾，有祟消祟。祭祀之人承接着世间美好心愿，自是人人尊敬。此衣承古傩之仪，取“以戏通灵”之意。衣色以墨蓝为基，内衬饰以精巧花纹，初见格外干练洒脱。而最引人瞩目之处，乃是周身有麻绳缠绕木制护甲，挂着刻印符牌、威严傩面，自有一身令人望而生敬的古朴庄严。腰间古书《灵台秘苑》，更是彰显其占卜吉凶、术数观星之能。走江湖的人，谁不想和这样一位能趋福避祸的异士同行？全新套装【岁时安】将在本周内上架，届时游侠可前往【商店】，即可以优惠价300【长鸣珠】购得原价680【长鸣珠】的全新套装【岁时安】。为了让游侠们日后搭配更为随心，套装【岁时安】将支持上下装拆分和染色。在此也借【岁时安】祈福纳祥之意，祝愿游侠时祺长眷。本周，另有伞武器外观【红尘烬】以及配饰【红泣露】上新，将在后续为游侠带来详细介绍！']。 —— 卜断吉凶，戏通鬼神|新套装「岁时安」即将上架-,《 卜 断 吉凶 ， 戏 通 鬼神 | 新 套装 「 岁时安 」 即将 上架 》 : [ ' 傩声 方 去病 ， 酒色 已 迎春 。 傩戏 起 于 商周 ， 衍 于 宋初 ， 为 我国 最 古老 的 祈福 纳祥 、 驱鬼 逐疫 的 舞蹈 之一 ， 被 列入 国家 非物质文化遗产 。 本周 ， 将 有 一套 以 傩戏 为 主题 的 全新 外观 即将 上架 ， 愿 游侠 无 病 无 灾 ， 诸事 皆 宜 —— 全新 外观 【 岁时安 】 * 预研 中 画面 ， 手 持 面具 为 表情 动作 自 带 实际 效果 请 以 游戏 为 准 捏 脸 数据 来自 玩家 ： 司清厌 、 游临君 一 唱 神灵佑 ， 二 舞 百 病 消 ， 有 灾 送 灾 ， 有 祟 消 祟 。 祭祀 之 人 承接 着 世间 美好 心愿 ， 自是 人人 尊敬 。 此 衣 承 古傩 之 仪 ， 取 “ 以 戏 通灵 ” 之 意 。 衣色 以 墨蓝 为 基 ， 内衬 饰 以 精巧 花纹 ， 初见 格外 干练 洒脱 。 而 最 引人瞩目 之 处 ， 乃是 周身 有 麻绳 缠绕 木制 护甲 ， 挂 着 刻印 符牌 、 威严 傩面 ， 自 有 一身 令人 望而生敬 的 古朴 庄严 。 腰间 古书 《 灵台 秘苑 》 ， 更 是 彰显 其 占卜 吉凶 、 术 数 观星 之 能 。 走江湖 的 人 ， 谁 不想 和 这样 一 位 能 趋福 避祸 的 异士 同行 ？ 全新 套装 【 岁时安 】 将 在 本周 内 上架 ， 届时 游侠 可 前往 【 商店 】 ， 即 可以 优惠价 300 【 长鸣珠 】 购得 原价 680 【 长鸣珠 】 的 全新 套装 【 岁时安 】 。 为了 让 游侠 们 日后 搭配 更为 随心 ， 套装 【 岁时安 】 将 支持 上下装 拆分 和 染色 。 在此 也 借 【 岁时安 】 祈福 纳祥 之 意 ， 祝愿 游侠 时祺 长眷 。 本周 ， 另 有 伞 武器 外观 【 红尘烬 】 以及 配饰 【 红泣露 】 上新 ， 将 在 后续 为 游侠 带来 详细 介绍 ！ ' ],2025-09,卜断吉凶，戏通鬼神 | 新套装「岁时安」即将上架
['昨日秦川绘卷首开，自玉门与凉州跋涉而来的游侠，已可在此策马驰骋，领略丹青笔墨勾勒出的四时之美。在昨日的特约小叙之中，我们也很高兴为大家呈现，后续版本区域「不见山」的掠影。山水奇景，墨门机括，「不见山」的原型，是河北省保定市涞源县的白石山景区。白石山为独特的大理岩峰林地貌，集怪石绝壁、云海森林为一体，兼具奇、雄、险、幻、秀等特征于一身。以此为蓝本的不见山，我们希望能呈现出更具视觉冲击与想象力的地图风貌。师承墨子的墨山道，千年前以山石为凭，建机关城于此。将其打造成了别具一格的隐世之地。墨子云：“所谓巧，利于人谓之巧。致用而利人，方为墨家。”不见山中，将随处可见诸如九转水磨、水运仪象台等“致用利人”的设施机巧。我们在设计这些机关时，也与专家们进行了交流学习，均取材于真实存在的中国古代水利设施。隐秘又壮阔的场景当中，注定也有很多故事和谜局。此间新的冒险故事，等待着与游侠一同写就。更多细节，游侠可以前往各视频平台官号观看直播回顾进行了解。身凭长风逐流水，江湖一芥自在游。八百里秦川盛景，已有不少游侠在此游风舞墨，留下翩翩侠影。若是喜欢，也欢迎各位在游戏内外进行分享。我们也将持续收集，在官方栏目中展现给更多游侠，共绘此江湖画卷。此外，在本次更新中，有包括训练场、武库减负优化、赛季追赶优化在内的诸多功能更新。家业玩法中，也有新增设计图原址套用功能、提升家具组件上限、完善一键填充体验等多项关键优化，欢迎各位游侠前来体验，也欢迎向我们发来更多建议与反馈！画意之外，声情也同样动人。部分秦川游戏原声，现已在网易云音乐更新上架，欢迎游侠们前往网易云音乐搜索《燕云十六声》游戏原声音乐辑（河西卷）查看。']。 —— 前路契阔，与侠相会丨后续版本「不见山」概念曝光-,《 前路 契阔 ， 与侠 相会 丨 后续 版本 「 不见山 」 概念 曝光 》 : [ ' 昨日 秦川 绘卷 首 开 ， 自 玉门 与 凉州 跋涉 而 来 的 游侠 ， 已 可 在此 策马 驰骋 ， 领略 丹青 笔墨 勾勒 出 的 四时 之 美 。 在 昨日 的 特约 小叙 之中 ， 我们 也 很 高兴 为 大家 呈现 ， 后续 版本 区域 「 不见山 」 的 掠影 。 山水 奇景 ， 墨门 机括 ， 「 不见山 」 的 原型 ， 是 河北省 保定市 涞源县 的 白石山景区 。 白石山 为 独特 的 大理岩 峰林 地貌 ， 集 怪石 绝壁 、 云海 森林 为 一体 ， 兼 具 奇 、 雄 、 险 、 幻 、 秀 等 特征 于 一身 。 以 此 为 蓝本 的 不见山 ， 我们 希望 能 呈现 出 更 具 视觉 冲击 与 想象力 的 地图 风貌 。 师承 墨子 的 墨山道 ， 千年 前 以 山石 为 凭 ， 建 机关城 于 此 。 将 其 打造 成 了 别具一格 的 隐 世 之 地 。 墨子 云 ： “ 所谓 巧 ， 利于 人 谓 之 巧 。 致用 而 利人 ， 方 为 墨家 。 ” 不见山 中 ， 将 随处可见 诸如 九转 水磨 、 水运 仪象台 等 “ 致用 利人 ” 的 设施 机巧 。 我们 在 设计 这些 机关 时 ， 也 与 专家 们 进行 了 交流 学习 ， 均 取材 于 真实 存在 的 中国 古代 水利 设施 。 隐秘 又 壮阔 的 场景 当中 ， 注定 也 有 很多 故事 和 谜局 。 此间 新 的 冒险 故事 ， 等待 着 与 游侠 一同 写 就 。 更 多 细节 ， 游侠 可以 前往 各 视频 平台 官号 观看 直播 回顾 进行 了解 。 身 凭 长风 逐 流水 ， 江湖 一 芥 自在 游 。 八百里 秦川 盛景 ， 已 有 不少 游侠 在此 游风 舞墨 ， 留下 翩翩 侠影 。 若是 喜欢 ， 也 欢迎 各位 在 游戏 内外 进行 分享 。 我们 也 将 持续 收集 ， 在 官方 栏目 中 展现 给 更 多 游侠 ， 共 绘 此 江湖 画卷 。 此外 ， 在 本 次 更新 中 ， 有 包括 训练场 、 武库 减负 优化 、 赛季 追赶 优化 在内 的 诸多 功能 更新 。 家业 玩法 中 ， 也 有 新增 设计图 原址 套用 功能 、 提升 家具 组件 上限 、 完善 一 键 填充 体验 等 多 项 关键 优化 ， 欢迎 各位 游侠 前来 体验 ， 也 欢迎 向 我们 发 来 更 多 建议 与 反馈 ！ 画意 之外 ， 声情 也 同样 动人 。 部分 秦川 游戏 原声 ， 现 已 在 网易云 音乐 更新 上架 ， 欢迎 游侠 们 前往 网易云 音乐 搜索 《 燕云十六声 》 游戏 原声 音乐辑 （ 河西卷 ） 查看 。 ' ],2025-08,前路契阔，与侠相会丨后续版本「不见山」概念曝光
['更新后，秦川画卷将正式向游侠们展开，诸多新景色、新故事等待各位探寻。欲入画中千里，应当轻装简行。本次更新，我们针对战斗训练、养成资源获取、武库减负三方面进行了优化调整，愿能助游侠们从容砺行，心无旁骛地探索江湖之美。实战演练精进武艺全新「训练场」即将上线征战江湖，游侠可曾因招式生疏而马失前蹄？或想精进技巧却苦于无处练习？全新「训练场」应势而来！更新后，游侠可以在「试剑」中进入「训练场」，召唤首领木桩进行对战练习。木桩沿用各大首领数值，且根据不同功能分为三种：计时木桩、固定血量木桩、自由木桩。游侠还可以自由添加各类增益道具，还原战场的真实情况。每次收招之后，关键数据都将清晰呈现——治疗几何、输出几成，一招一式尽在掌握，助游侠问鼎武道巅峰！赛季追赶无惧落后「赛季追赶商店」即将上线武道悠远，步步为营。无需担忧前路差距，成长之路自有助力——全新赛季追赶商店即将上线！更新后，游侠在获取么玉的同时会获得「溯玉」，或通过分解低等级培养道具（装备定音石、律准石等）获得「溯玉」。凭「溯玉」可在「不肝商店」的赛季追赶专区中，自由兑换「啸玉」、「振玉·溯」、「通宝」、低等级「乌金铁」、「武学心得自选宝箱」等实用养成资源，弥补武学、奇术、装备等多方面的成长差距。同时，对应旧赛季的装备叠音等级的消耗也有所调整：可在「振玉」和「振玉·溯」（可通过「赛季追赶商店」快速兑换）之间自选，不再消耗采集物类材料。角色等级也将开启经验追赶通道——等级落后的游侠将自动提升储存经验（角色等级达到版本上限时溢出的经验）的返还比例，并且不扣除储存经验。愿游侠在成长路上无畏差距，稳步前行！武库减负轻装上阵低等级武库减负优化武学浩瀚，唯精唯纯。为助游侠轻装上阵，战力更进一层，我们对武库系统进行了一轮减负优化。版本更新后，武库将按照开放时间分为当期武库和往期武库——往期武库中，进度条攒满即可获得全部属攻与气血属性，无需依赖溢出数值；当期武库则保持原有成长节奏，进度满时解锁全额属攻，溢出部分仍可转化为气血加成。若游侠已培养过往武库，此次优化亦备有专属回馈：新增武库总造诣奖励，将依据全部武库总进度，发放长鸣玉、枕中散、袅袅之音·绑及专属侠名「列刃听诏来」等奖励，后续更新中单个武库达到较高进度值时，还可升级为可计数的稀有侠名。成长之路虽无捷径，却可少些牵绊。希望本次优化能减轻游侠的成长负担，从容奔赴更高远的武道之境！']。 —— 优化动向丨训练场助力战技精进，低等级武库减负优化-,《 优化 动向 丨 训练场 助力 战技 精进 ， 低等级 武库 减负 优化 》 : [ ' 更新 后 ， 秦川 画卷 将 正式 向 游侠 们 展开 ， 诸多 新 景色 、 新 故事 等待 各位 探寻 。 欲 入 画 中 千里 ， 应当 轻装简行 。 本 次 更新 ， 我们 针对 战斗 训练 、 养成 资源 获取 、 武库 减负 三 方面 进行 了 优化 调整 ， 愿 能 助 游侠 们 从容 砺行 ， 心无旁骛 地 探索 江湖 之 美 。 实战 演练 精进 武艺 全新 「 训练场 」 即将 上线 征战 江湖 ， 游侠 可曾 因 招式 生疏 而 马失前蹄 ？ 或 想 精进 技巧 却 苦于 无处 练习 ？ 全新 「 训练场 」 应势而 来 ！ 更新 后 ， 游侠 可以 在 「 试剑 」 中 进入 「 训练场 」 ， 召唤 首领 木桩 进行 对战 练习 。 木桩 沿用 各 大 首领 数值 ， 且 根据 不同 功能 分为 三种 ： 计时 木桩 、 固定 血量 木桩 、 自由 木桩 。 游侠 还 可以 自由 添加 各类 增益 道具 ， 还原 战场 的 真实 情况 。 每次 收招 之后 ， 关键 数据 都 将 清晰 呈现 —— 治疗 几何 、 输出 几成 ， 一 招 一 式 尽 在 掌握 ， 助 游侠 问鼎 武道 巅峰 ！ 赛季 追赶 无惧 落后 「 赛季 追赶 商店 」 即将 上线 武道 悠远 ， 步步为营 。 无需 担忧 前路 差距 ， 成长 之 路 自 有 助力 —— 全新 赛季 追赶 商店 即将 上线 ！ 更新 后 ， 游侠 在 获取 么玉 的 同时 会 获得 「 溯玉 」 ， 或 通过 分解 低 等级 培养 道具 （ 装备 定音石 、 律准石 等 ） 获得 「 溯玉 」 。 凭 「 溯玉 」 可 在 「 不肝 商店 」 的 赛季 追赶 专区 中 ， 自由 兑换 「 啸玉 」 、 「 振玉 · 溯 」 、 「 通宝 」 、 低 等级 「 乌金铁 」 、 「 武学 心得 自选 宝箱 」 等 实用 养成 资源 ， 弥补 武学 、 奇术 、 装备 等 多方面 的 成长 差距 。 同时 ， 对应 旧 赛季 的 装备 叠音 等级 的 消耗 也 有所 调整 ： 可 在 「 振玉 」 和 「 振玉 · 溯 」 （ 可 通过 「 赛季 追赶 商店 」 快速 兑换 ） 之间 自选 ， 不再 消耗 采集 物类 材料 。 角色 等级 也 将 开启 经验 追赶 通道 —— 等级 落后 的 游侠 将 自动 提升 储存 经验 （ 角色 等级 达到 版本 上 限时 溢出 的 经验 ） 的 返还 比例 ， 并且 不 扣除 储存 经验 。 愿 游侠 在 成长 路上 无畏 差距 ， 稳步 前行 ！ 武库 减负 轻装上阵 低 等级 武库 减负 优化 武学 浩瀚 ， 唯精唯纯 。 为 助 游侠 轻装上阵 ， 战力 更 进 一 层 ， 我们 对 武库 系统 进行 了 一 轮 减负 优化 。 版本 更新 后 ， 武库 将 按照 开放 时间 分为 当期 武库 和 往期 武库 —— 往期 武库 中 ， 进度条 攒 满 即可 获得 全部 属攻 与 气血 属性 ， 无需 依赖 溢出 数值 ； 当期 武库 则 保持 原有 成长 节奏 ， 进度 满 时 解锁 全额 属攻 ， 溢出 部分 仍 可 转化 为 气血 加成 。 若 游侠 已 培养 过往 武库 ， 此次 优化 亦 备有 专属 回馈 ： 新增 武库 总 造诣 奖励 ， 将 依据 全部 武库 总 进度 ， 发放 长鸣玉 、 枕 中 散 、 袅袅之音 · 绑 及 专属 侠名 「 列刃 听 诏 来 」 等 奖励 ， 后续 更新 中 单个 武库 达到 较高 进度值 时 ， 还 可 升级 为 可 计数 的 稀有 侠名 。 成长 之 路 虽 无 捷径 ， 却 可 少 些 牵绊 。 希望 本 次 优化 能 减轻 游侠 的 成长 负担 ， 从容 奔赴 更 高远 的 武道 之 境 ！ ' ],2025-08,优化动向丨训练场助力战技精进，低等级武库减负优化
['风归朗月，锦时如歌，流水潺潺向秦川。新版本「流水向秦川」预计将于今日完成更新。游侠曾以指尖收拢四野的色彩，共绘这幅山河卷。而如今长卷终成，归途已在脚下，故乡似已可及。秦川静候，待君题名。今日恰逢七夕，双星良夜，佳期如梦。更新后，除此前介绍的新外观之外，也将有七夕限定时装【卿知吾心】以及异色发【鹊桥仙】上新——全新外观【卿知吾心】为报花时少惆怅，此生终不负卿卿。*预研中画面，实际效果请以游戏为准捏脸数据来自玩家：谢桥生、淡相此衣取意于初秋庭院深处，风物清嘉之境。残暑未消，叶隙间漏下冉冉秋光，蜻蜓犹在庭树间低回不去。雅客烹茶闲坐，清风盈袖，淡泊自适。衣色取晚熟葡萄之凝紫，缀以秋日暖阳之灿金。不见逢秋寂寥的悲色，只闻高歌樽酒的诗情。*预研中画面，请以游戏内实际效果为准捏脸数据来自玩家：谢桥生、淡相全新套装【卿知吾心】将限时上架，届时游侠可前往【商店】以2580「长鸣珠」购得。套装内包含以下内容：主角头像、妆容、发饰、耳饰、配饰。套装【卿知吾心】将于日下架。全新发型【鹊桥仙】*预研中画面，实际效果请以游戏为准捏脸数据来自玩家：谢桥生、淡相柔情似水，佳期如梦，忍顾鹊桥归路。两情若是久长时，又岂在朝朝暮暮。全新发型【鹊桥仙】将在本周内上架，届时游侠可前往【和鸣商店】以1颗「八音窍」购得，购得的同时附赠动态主角头像。星河鹊起，佳期将至，人间处处皆是言笑与温情。今日更新后，全新限时活动「鹊衔佳期」将正式开启。游侠可携挚友参与「云蔚绘影」，以星河为幕，鹊桥作景，定格专属留影；或体验新奇术「两心同」，考验彼此是否心有灵犀；还有新玩法「步步生花」，将繁花铺遍全场，赢得胜利；与此同时，江湖中有人心绪难言，欲邀你相会……参与活动可得专属七夕佳礼【念知音】、配饰【乐陶陶】、配饰【陶乐乐】，还有【绕梁之音】、【长鸣玉】等好礼等待游侠获取！同时，至期间，商店中还将限时上架全新配饰【初心佩】，可通过他人赠送的【七窍玲珑契】，裁造升级为一人一心系列或是风月无边系列。七窍玲珑心，乞巧结双契。无论是同心相锁还是广结良“缘”，皆望各位游侠都能被待以真心。赠万卷书，行万里路。稚子童蒙，青云可步。-，游戏内将开启【万卷行路】限时活动，游侠们可前往指定区域赠送学童所愿之书。完成活动可免费兑换活动【配饰·小书包】。后续我们也将把游侠们的这份善意延续到游戏外。在故宫博物院建院百年之际，燕云十六声将助力“故宫小书包”公益项目，携手中华思源工程基金会·扬帆计划，在向全国百所山区学校的孩子们送去课外读物，以书为媒见世界。鹅近日偶从孤云获得观天象卜卦之术，不仅能看透游侠的内在人格，还能测算【江湖出行指南】，助游侠寻有缘之人，避孽缘纷扰。感兴趣的游侠不妨点击下方链接，一看究竟。另有长鸣玉、桃花枝、【全面加固】专属侠名等好礼相赠！']。 —— 新区域「秦川」今日开启，启户入丹青！-,《 新 区域 「 秦川 」 今日 开启 ， 启户 入 丹青 ！ 》 : [ ' 风 归 朗月 ， 锦时 如 歌 ， 流水 潺潺 向 秦川 。 新版本 「 流水 向 秦川 」 预计 将 于 今日 完成 更新 。 游侠 曾 以 指尖 收拢 四野 的 色彩 ， 共 绘 这 幅 山河卷 。 而 如今 长卷 终 成 ， 归途 已 在 脚下 ， 故乡 似 已 可 及 。 秦川 静候 ， 待 君 题名 。 今日 恰逢 七夕 ， 双星 良夜 ， 佳期 如 梦 。 更新 后 ， 除 此前 介绍 的 新 外观 之外 ， 也 将 有 七夕 限定 时装 【 卿知吾心 】 以及 异色 发 【 鹊桥仙 】 上新 —— 全新 外观 【 卿知吾心 】 为 报花 时 少 惆怅 ， 此生 终 不 负 卿卿 。 * 预研 中 画面 ， 实际 效果 请 以 游戏 为 准捏脸 数据 来自 玩家 ： 谢桥生 、 淡相 此 衣 取意 于 初秋 庭院 深处 ， 风物 清嘉 之 境 。 残暑 未消 ， 叶隙 间 漏 下 冉冉 秋光 ， 蜻蜓 犹 在 庭树 间 低 回 不 去 。 雅客 烹茶 闲坐 ， 清风 盈袖 ， 淡泊 自适 。 衣色 取 晚熟 葡萄 之 凝紫 ， 缀 以 秋日 暖阳 之 灿金 。 不见 逢秋 寂寥 的 悲色 ， 只 闻 高歌 樽 酒 的 诗情 。 * 预研 中 画面 ， 请 以 游戏 内 实际 效果 为 准 捏脸 数据 来自 玩家 ： 谢桥生 、 淡相 全新 套装 【 卿知吾心 】 将 限时 上架 ， 届时 游侠 可 前往 【 商店 】 以 2580 「 长鸣珠 」 购得 。 套装 内 包含 以下 内容 ： 主角 头像 、 妆容 、 发饰 、 耳饰 、 配饰 。 套装 【 卿知吾心 】 将 于 日 下架 。 全新 发型 【 鹊桥仙 】 * 预研 中 画面 ， 实际 效果 请 以 游戏 为 准 捏脸 数据 来自 玩家 ： 谢桥生 、 淡相 柔情似水 ， 佳期 如 梦 ， 忍顾 鹊桥 归路 。 两 情 若是 久长 时 ， 又 岂在 朝朝暮暮 。 全新 发型 【 鹊桥仙 】 将 在 本周 内 上架 ， 届时 游侠 可 前往 【 和鸣商店 】 以 1 颗 「 八音窍 」 购得 ， 购得 的 同时 附赠 动态 主角 头像 。 星河 鹊起 ， 佳期 将 至 ， 人间 处处 皆 是 言笑 与 温情 。 今日 更新 后 ， 全新 限时 活动 「 鹊衔佳期 」 将 正式 开启 。 游侠 可 携 挚友 参与 「 云蔚绘影 」 ， 以 星河 为 幕 ， 鹊桥 作景 ， 定格 专属 留影 ； 或 体验 新 奇术 「 两心同 」 ， 考验 彼此 是否 心有灵犀 ； 还有 新 玩法 「 步步生花 」 ， 将 繁花 铺 遍 全场 ， 赢得 胜利 ； 与此同时 ， 江湖 中 有人 心绪 难言 ， 欲 邀 你 相会 …… 参与 活动 可 得 专属 七夕 佳礼 【 念 知音 】 、 配饰 【 乐陶陶 】 、 配饰 【 陶乐乐 】 ， 还有 【 绕梁之音 】 、 【 长鸣玉 】 等 好礼 等待 游侠 获取 ！ 同时 ， 至 期间 ， 商店 中 还 将 限时 上架 全新 配饰 【 初心佩 】 ， 可 通过 他人 赠送 的 【 七窍 玲珑契 】 ， 裁造 升级 为 一 人 一心 系列 或是 风月 无边 系列 。 七窍 玲珑心 ， 乞巧 结 双契 。 无论是 同心 相锁 还是 广 结 良 “ 缘 ” ， 皆 望 各位 游侠 都 能 被 待 以 真心 。 赠 万卷 书 ， 行 万里 路 。 稚子 童蒙 ， 青云 可 步 。 ， 游戏 内 将 开启 【 万卷 行路 】 限时 活动 ， 游侠 们 可 前往 指定 区域 赠送 学童 所 愿 之 书 。 完成 活动 可 免费 兑换 活动 【 配饰 · 小 书包 】 。 后续 我们 也 将 把 游侠 们 的 这 份 善意 延续 到 游戏 外 。 在 故宫博物院 建 院 百年 之际 ， 燕云十六声 将 助力 “ 故宫 小 书包 ” 公益 项目 ， 携手 中华思源工程基金会 · 扬帆 计划 ， 在 向 全国 百所 山区 学校 的 孩子 们 送 去 课外 读物 ， 以 书 为 媒 见 世界 。 鹅 近日 偶 从 孤云 获得 观 天象 卜卦 之 术 ， 不仅 能 看透 游侠 的 内在 人格 ， 还 能 测算 【 江湖 出行 指南 】 ， 助 游侠 寻 有缘 之 人 ， 避 孽缘 纷扰 。 感兴趣 的 游侠 不妨 点击 下方 链接 ， 一 看 究竟 。 另 有 长鸣玉 、 桃花枝 、 【 全面 加固 】 专属 侠名 等 好 礼 相赠 ！ ' ],2025-08,新区域「秦川」今日开启，启户入丹青！
['长卷即展，山河待览，河西的最后一个区域「秦川」将于周五正式向游侠们开放。草树云山如锦绣，风光入画秦川明。此入丹青，将有一番别样天地等待游侠亲自领略。此前曾向各位预告，本周将有套装【如碎霜天】、【风吟彼岸】、【卿知吾心】、【相思曲】、异色发【鹊桥仙】、坐骑【烬花舆】等全新外观上架。后续将带来七夕限定时装【卿知吾心】以及异色发【鹊桥仙】的展示，敬请游侠期待！全新外观【风吟彼岸】花落茅檐转寂寥，魂随暮雨此中销。生于污浊的红尘迷障，看尽世间对弱者的倾轧，令人“胆寒”的外表之下，藏有一腔滚烫的热血心肠。一身鲜红嫁衣，是其对抗世道不公时的战甲；衣袍不见鸾凤，却以金线绣以曼珠沙华。渡尽所能救的苦海之人，却唯独不渡己身。恶徒眼中，是彼岸归来、雷霆手段的人间修罗；弱小眼里，则是长夜独明、救苦救难的慈悲菩萨。捏脸数据来自玩家：风吟笙萧、池渺叙红尘障目，绣履生寒，独步无归路。叶落花开，朝暮几轮，迷津苦难渡。全新套装【风吟彼岸】将在本周内上架，届时游侠可前往【和鸣商店】以2颗「八音窍」购得。套装内包含以下内容：动态主角头像、结算演出、妆容、帽子、发饰、大型配饰、腰部配饰、手部配饰。*预研中效果，请以实际上线为准捏脸数据来自玩家：风吟笙萧、池渺叙此外，全新伞武器外观【红尘烬】，也即将于下周上架。更多详情请游侠留意后续官方动态。全新套装【相思曲】玲珑骰子安红豆，入骨相思知不知。*预研中效果，请以实际上线为准捏脸数据来自玩家：杨清俊、岑言休诗织罗衣，红豆寄情。全新套装【相思曲】将在本周内上架，届时游侠可前往【商店】以60「长鸣珠」购得。秦川此行，并不止盛景长卷与新相华服。得缘相见，是为砺剑，还是知音？全新野外首领「听梅点雪」踏雪寻梅，得遇知音。灞桥旧驿有一株枯梅，梅下有老者抚琴。琴声如多年未竟的一场约定，在寒风中一次次被拨响、又次次中断——那并非完整之曲，而是断章残谱。若游侠善通音律，便可踏入乐意所在之境，寻找这曲残章背后的过往。足尖点地间，寒香漫溢，满树红梅烈烈如火。两道身影踏音而至，白衣执琴，红衣横笛，眸前白绫随风而动。琴笛交鸣之际，风声骤止，万物生色。此番对决，不较生死，但求弦外知音。兄妹招式皆暗合乐律——笛鹧长笛作刃，剑气化梅；琴者广袖翻涌，音浪如刀。当二人合鸣之时，琴音骤急，声声激荡，层层重音夹杂刀影剑气破空袭来。若此刻不能破其律调，便会被万千音刃绞入风雪残谱之中。待最后一缕剑气消散于风雪，琴笛俱寂，余韵未绝——周五更新后，朔风再起时，游侠可赴灞桥旧梅下，循残谱之音，以刀剑相和，续当年知音共鸣。周五，也是七月初七乞巧节。佳节既至，各地民众邀朋引伴，祈愿慧心巧手，风月长眷。逢此良辰，诚邀各位游侠相伴共度！本周五晚18点，燕云十六声「乞巧节」特别节目将于抖音、b站、小红书、视频号、斗鱼、虎牙官方直播间开启直播。届时，我们也为游侠们准备了一个小惊喜，欢迎各位前来围观揭晓。']。 —— 千里秦川入画，新套装「风吟彼岸」即将上架-,《 千里 秦川 入画 ， 新 套装 「 风吟彼岸 」 即将 上架 》 : [ ' 长卷 即 展 ， 山河 待览 ， 河西 的 最后 一个 区域 「 秦川 」 将 于 周五 正式 向 游侠 们 开放 。 草树 云山 如 锦绣 ， 风光 入画 秦川 明 。 此 入 丹青 ， 将 有 一番 别样 天地 等待 游侠 亲自 领略 。 此前 曾 向 各位 预告 ， 本周 将 有 套装 【 如碎霜天 】 、 【 风吟彼岸 】 、 【 卿知吾心 】 、 【 相思曲 】 、 异色 发 【 鹊桥仙 】 、 坐骑 【 烬花舆 】 等 全新 外观 上架 。 后续 将 带来 七夕 限定 时装 【 卿知吾心 】 以及 异色 发 【 鹊桥仙 】 的 展示 ， 敬请 游侠 期待 ！ 全新 外观 【 风吟彼岸 】 花 落 茅 檐 转 寂寥 ， 魂 随 暮雨 此 中 销 。 生于 污浊 的 红尘 迷障 ， 看 尽 世间 对 弱者 的 倾轧 ， 令人 “ 胆寒 ” 的 外表 之下 ， 藏 有 一腔 滚烫 的 热血 心肠 。 一身 鲜红 嫁衣 ， 是 其 对抗 世道 不公 时 的 战甲 ； 衣袍 不见 鸾凤 ， 却 以 金 线 绣 以 曼珠 沙华 。 渡 尽 所 能 救 的 苦海 之 人 ， 却 唯独 不 渡 己身 。 恶徒 眼中 ， 是 彼岸 归来 、 雷霆 手段 的 人间 修罗 ； 弱小 眼里 ， 则 是 长夜 独 明 、 救苦救难 的 慈悲 菩萨 。 捏 脸 数据 来自 玩家 ： 风吟 笙萧 、 池渺 叙 红尘障目 ， 绣履 生寒 ， 独步 无 归路 。 叶 落 花 开 ， 朝暮 几轮 ， 迷津 苦难 渡 。 全新 套装 【 风吟 彼岸 】 将 在 本周 内 上架 ， 届时 游侠 可 前往 【 和鸣商店 】 以 2颗 「 八音窍 」 购得 。 套装 内 包含 以下 内容 ： 动态 主角 头像 、 结算 演出 、 妆容 、 帽子 、 发饰 、 大型 配饰 、 腰部 配饰 、 手部 配饰 。 * 预研 中 效果 ， 请 以 实际 上线 为 准 捏脸 数据 来自 玩家 ： 风吟 笙萧 、 池渺 叙 此外 ， 全新 伞 武器 外观 【 红尘烬 】 ， 也 即将 于 下周 上架 。 更 多 详情 请 游侠 留意 后续 官方 动态 。 全新 套装 【 相思曲 】 玲珑 骰子 安 红豆 ， 入骨 相思 知 不 知 。 * 预研 中 效果 ， 请 以 实际 上线 为 准 捏脸 数据 来自 玩家 ： 杨清俊 、 岑言休 诗织 罗衣 ， 红豆 寄情 。 全新 套装 【 相思曲 】 将 在 本周 内 上架 ， 届时 游侠 可 前往 【 商店 】 以 60 「 长鸣珠 」 购得 。 秦川 此行 ， 并 不止 盛景 长卷 与 新相 华服 。 得缘 相见 ， 是 为 砺剑 ， 还是 知音 ？ 全新 野外 首领 「 听梅点雪 」 踏雪 寻 梅 ， 得 遇 知音 。 灞桥 旧驿 有 一 株 枯梅 ， 梅 下 有 老者 抚琴 。 琴声 如 多年 未竟 的 一 场 约定 ， 在 寒风 中 一次次 被 拨 响 、 又 次次 中断 —— 那 并非 完整 之 曲 ， 而是 断章 残谱 。 若 游侠 善 通 音律 ， 便 可 踏入 乐意 所在 之 境 ， 寻找 这 曲 残章 背后 的 过往 。 足尖 点地间 ， 寒香 漫溢 ， 满 树 红梅 烈烈 如 火 。 两道 身影 踏音 而 至 ， 白衣 执琴 ， 红衣 横笛 ， 眸 前 白绫 随 风 而 动 。 琴笛 交鸣 之际 ， 风声 骤 止 ， 万物 生色 。 此 番 对决 ， 不 较 生死 ， 但 求 弦 外 知音 。 兄妹 招式 皆 暗合 乐律 —— 笛鹧 长笛 作 刃 ， 剑气 化 梅 ； 琴者 广袖 翻涌 ， 音浪 如 刀 。 当 二 人 合 鸣 之 时 ， 琴音 骤 急 ， 声声 激荡 ， 层层 重音 夹杂 刀影 剑气 破 空 袭 来 。 若 此刻 不能 破 其 律调 ， 便 会 被 万千 音刃 绞 入 风雪 残谱 之中 。 待 最后 一 缕 剑气 消散 于 风雪 ， 琴笛 俱 寂 ， 余韵 未 绝 —— 周五 更新 后 ， 朔风 再 起 时 ， 游侠 可 赴 灞桥 旧 梅 下 ， 循 残谱 之 音 ， 以 刀 剑 相和 ， 续 当年 知音 共鸣 。 周五 ， 也是 七月初七 乞巧节 。 佳节 既 至 ， 各地 民众 邀朋引伴 ， 祈愿 慧心 巧手 ， 风月 长眷 。 逢 此 良辰 ， 诚 邀 各位 游侠 相伴 共度 ！ 本周五 晚18点 ， 燕云十六声 「 乞巧节 」 特别 节目 将 于 抖音 、 b 站 、 小 红书 、 视频号 、 斗鱼 、 虎牙 官方 直播间 开启 直播 。 届时 ， 我们 也 为 游侠 们 准备 了 一个 小 惊喜 ， 欢迎 各位 前来 围观 揭晓 。 ' ],2025-08,千里秦川入画，新套装「风吟彼岸」即将上架
['长风起于大漠，悬于九霄，终归于朗朗明月。本周，游侠就将踏上河西之旅的最后一站「秦川」。归来明月满秦川，绘卷铺陈，静候出发。归来明月满秦川|河西新区域「秦川」即将上线！200.4万观看1255弹幕本周五更新后，也将有全新和鸣套装在内的一批全新外观上线——全新外观【如碎霜天】扑碎骊龙明月珠，敲出凤凰五色髓。*预研中效果，请以实际上线为准镜中虚妄，徒迷人眼。一宵痛碎，方得见真。此衣取意自破除虚妄涅槃而生的求真意志。通体广寒白与冰魄蓝辉映，披挂星河，隐有冰川断裂之威势。碎琼非陨，暗涌大千之势；霜寒淬炼，终成云海之观。全新套装【如碎霜天】将在本周内上架，届时游侠可通过【和鸣-大音希声】获取。套装内包含以下内容：动态主角头像、结算演出、妆容、披挂、面饰、发饰、耳饰。*预研中效果，发饰等效果后续或将有迭代，请以实际上线为准。捏脸数据来自玩家：小****、林兮燕此外，还有鬼公子主题套装【风吟彼岸】将于本周登陆【和鸣商店】，在此也先为游侠们带来概念前瞻。此衣生于红尘迷障，承契约之重，渡迷津之苦。更多细节，我们将在后续带来。*预研中效果，请以实际上线为准全新坐骑【烬花舆】*预研中效果，请以实际上线为准是岁孟春，此轿初现。天地骤晦，哀乐破空，观者咸疑魂轿出九泉。然凡尘别恨无穷已，红轿辗转过青冥，载尽浮生泪，只为觅一失魂客耳。全新坐骑【烬花舆】将在本周内上架，届时游侠可前往【商店】以680「长鸣珠」购得。坐骑【烬花舆】可通过道具【升阶帖·烬花舆】进行升级，升级后可邀请游侠协助抬轿。诶，但这游侠的神态，似乎有些怪怪的.....*预研中效果，请以实际上线为准此外，本周预计还有全新套装【卿知吾心】、【相思曲】、异色发【鹊桥仙】等外观即将上架，更多详情请游侠留意后续官方动态。河西此行，游侠走过时间的风沙和人间的聚散，无论身在何方，总有一宵明月长悬心上。尾声之际，归舟抵岸，也不妨回首一顾。为此，我们有幸与知名歌唱家谭晶合作，带来河西剧情概念曲《归舟》。歌曲与剧情群像mv将于明日正式上线，音频纯享版届时将同步上架网易云音乐，欢迎收听！']。 —— 踏碎琼星，破妄寻真丨全新和鸣套装即将上线-,《 踏碎 琼星 ， 破妄 寻真 丨 全新 和鸣 套装 即将 上线 》 : [ ' 长风 起 于 大漠 ， 悬 于 九霄 ， 终 归于 朗朗 明月 。 本周 ， 游侠 就 将 踏 上 河西 之 旅 的 最后 一 站 「 秦川 」 。 归来 明月 满 秦川 ， 绘卷 铺陈 ， 静候 出发 。 归来 明月 满 秦川 | 河西 新 区域 「 秦川 」 即将 上线 ！ 200.4万 观看 1255 弹幕 本周五 更新 后 ， 也 将 有 全新 和鸣 套装 在内 的 一批 全新 外观 上线 —— 全新 外观 【 如碎霜天 】 扑 碎 骊龙 明月珠 ， 敲 出 凤凰 五色 髓 。 * 预研 中 效果 ， 请 以 实际 上线 为 准 镜 中 虚妄 ， 徒 迷 人眼 。 一宵 痛 碎 ， 方 得 见 真 。 此 衣 取意 自 破除 虚妄 涅槃 而 生 的 求真 意志 。 通体 广 寒白 与 冰魄蓝 辉映 ， 披挂 星河 ， 隐 有 冰川 断裂 之 威势 。 碎琼 非 陨 ， 暗 涌 大千 之 势 ； 霜寒 淬炼 ， 终 成 云海 之 观 。 全新 套装 【 如碎霜天 】 将 在 本周 内 上架 ， 届时 游侠 可 通过 【 和鸣 大音希声 】 获取 。 套装 内 包含 以下 内容 ： 动态 主角 头像 、 结算 演出 、 妆容 、 披挂 、 面饰 、 发饰 、 耳饰 。 * 预研 中 效果 ， 发饰 等 效果 后续 或 将 有 迭代 ， 请 以 实际 上线 为 准 。 捏脸 数据 来自 玩家 ： 小 * *** 、 林兮燕 此外 ， 还有 鬼 公子 主题 套装 【 风吟 彼岸 】 将 于 本周 登陆 【 和鸣商店 】 ， 在此 也 先 为 游侠 们 带来 概念 前瞻 。 此 衣 生于 红尘 迷障 ， 承 契约 之 重 ， 渡 迷津 之 苦 。 更 多 细节 ， 我们 将 在 后续 带来 。 * 预研 中 效果 ， 请 以 实际 上线 为 准 全新 坐骑 【 烬花舆 】 * 预研 中 效果 ， 请 以 实际 上线 为准 是 岁孟春 ， 此 轿 初 现 。 天地 骤晦 ， 哀乐 破 空 ， 观者 咸疑 魂轿 出 九泉 。 然 凡尘 别 恨 无穷 已 ， 红轿 辗转 过 青冥 ， 载 尽 浮生泪 ， 只 为 觅 一 失魂 客耳 。 全新 坐骑 【 烬花舆 】 将 在 本周 内 上架 ， 届时 游侠 可 前往 【 商店 】 以 680 「 长鸣珠 」 购得 。 坐骑 【 烬花舆 】 可 通过 道具 【 升阶帖 · 烬花舆 】 进行 升级 ， 升级 后 可 邀请 游侠 协助 抬轿 。 诶 ， 但 这 游侠 的 神态 ， 似乎 有些 怪怪的 ..... * 预研 中 效果 ， 请 以 实际 上线 为准 此外 ， 本周 预计 还有 全新 套装 【 卿知吾心 】 、 【 相思曲 】 、 异色 发 【 鹊桥仙 】 等 外观 即将 上架 ， 更 多 详情 请 游侠 留意 后续 官方 动态 。 河西 此行 ， 游侠 走过 时间 的 风沙 和 人间 的 聚散 ， 无论 身 在 何方 ， 总 有 一 宵 明月 长 悬 心 上 。 尾声 之际 ， 归舟 抵 岸 ， 也 不妨 回首 一 顾 。 为此 ， 我们 有幸 与 知名 歌唱家 谭晶 合作 ， 带来 河西 剧情 概念曲 《 归舟 》 。 歌曲 与 剧情 群像 mv 将 于 明日 正式 上线 ， 音频 纯享版 届时 将 同步 上架 网易 云音乐 ， 欢迎 收听 ！ ' ],2025-08,踏碎琼星，破妄寻真丨全新和鸣套装即将上线
['酌醇醑，舞锦筵。罗帷翠幕掩灵泉。堤上淹留不觉昧，归来明月满秦川。遍历了玉门飞沙、凉州风雪，看过了人心翻覆、世事苍茫，游侠的河西行旅已近尾声。越过大散关天堑，即是河西的最后一个区域「秦川」。在本周五更新后，它就将正式向游侠们开放。归途漫漫，故乡似已不远。游侠不妨一起展开这幅梦幻般的画卷，共览前路的新风光——千里秦川，风月入画我们常用如诗如画来形容美景。如果说玉门与凉州取意于诗，而秦川的设计则是聚焦于“画”。实际上，整个「秦川」区域，就是一幅字面意义上的壮阔画卷。画卷中，是与玉门凉州截然不同的风景。穹庐之下，尽是连天芳草。旷野的风不知疲倦地吹拂，将无边的草色滚滚推向白云下的天际线。泾渭蜿蜒流动，如双色丝绦缀于无边草海。八百里秦川沃野，自此跃然眼前。此般山水风月，仅是这绘卷的表象呈现。倘若游侠有心挖掘，定能找出不少这画里画外的蛛丝马迹。此间奥妙，就待游侠自行入画探寻。四时四景，一卷万象宋代曾有绘画名家作《四景山水图》，描绘临安的春夏秋冬。同样一处地方，在不同季节可以呈现不同的风光。我们也希望秦川这一画卷，能够将四时之美绘于“纸”上。在秦川，四季将会随着时间流动而变化，整个秦川平原的地貌植被，也会跟随着季节改变。麦浪蒸云和霜色染塬，都可在同一片土地上见证。不过，秦川虽是画中世界，但季节的流转并非一笔涂抹，每个季节也会带来新的玩法与细节。秋日里各处可见奇怪的稻草人，不如试试加入它们一起守望；冬日里河流湖泊结上冰面，就将是天然的游乐之地……四时四景，各有生趣，各有玄机。*预研中效果，请以实际上线为准此去何往？太平归处河西一行，已从序章来到尾声。在整体的剧情脉络中，河西全部的三个主线故事已在凉州完结。而秦川的侠迹和后续的镇守将是最后的回响——更新中，全新侠迹「太平归处」将正式开放。或是机缘巧合，或是命中注定，游侠将前往一处【狮子坟】进行探寻。可是，此地既名狮子坟，坟在何处？葬于此地的“狮子”，又是何等的英雄人物？一段段往事揭开，到底何为太平归处？后续更新中，秦川区域还将有包括新镇守、新奇遇、新boss在内的新内容将陆续解锁。*预研中效果，请以实际上线为准闲风追月，着墨点睛画中与现实世界有诸多不同，想要在此中更好地探索，必定需要一些别有生面的手段。为此，将有两项新奇术于秦川登场。其一，为「闲风追月」。旷野之上，只有风真正自由。既然如此，那为何不化风而行？穿梭草浪，吸风引露，轻盈无待，自在逍遥。其二，为「着墨」。万物有灵，皆可入画。此前在残卷绘忆中，游侠曾亲手收集墨韵、修复绘卷。秦川之中，也可见诸多尚未上色之物，小至石块，大到熊罴。若能为它们着墨点睛，将有意想不到的效用和惊喜。*预研中效果，请以实际上线为准河西最后的秦川，仍是中式写意的载体。几个月间，有幸与游侠们一起寻一场梦，读几篇诗，再拾起一幅画。入画满秦川，归来再出发。']。 —— 全新区域丨尾声入画，画满秦川-,《 全新 区域 丨 尾声 入画 ， 画满 秦川 》 : [ ' 酌 醇醑 ， 舞 锦筵 。 罗帷 翠幕 掩 灵泉 。 堤 上 淹留 不觉 昧 ， 归来 明月 满 秦川 。 遍历 了 玉门 飞沙 、 凉州 风雪 ， 看 过 了 人心 翻覆 、 世事 苍茫 ， 游侠 的 河西 行旅 已 近 尾声 。 越过 大散关 天堑 ， 即 是 河西 的 最后 一个 区域 「 秦川 」 。 在 本周五 更新 后 ， 它 就 将 正式 向 游侠 们 开放 。 归途 漫漫 ， 故乡 似 已 不 远 。 游侠 不妨 一起 展开 这 幅 梦幻 般 的 画卷 ， 共 览 前路 的 新 风光 —— 千里 秦川 ， 风月 入 画 我们 常用 如 诗 如 画 来 形容 美景 。 如果 说 玉门 与 凉州 取意 于 诗 ， 而 秦川 的 设计 则 是 聚焦 于 “ 画 ” 。 实际上 ， 整个 「 秦川 」 区域 ， 就 是 一 幅 字面 意义 上 的 壮阔 画卷 。 画卷 中 ， 是 与 玉门 凉州 截然不同 的 风景 。 穹庐 之下 ， 尽是 连天 芳草 。 旷野 的 风 不 知 疲倦 地 吹拂 ， 将 无边 的 草色 滚滚 推向 白云 下 的 天际线 。 泾渭 蜿蜒 流动 ， 如 双色丝 绦缀 于 无边 草海 。 八百里 秦川 沃野 ， 自此 跃然 眼前 。 此般 山水 风月 ， 仅 是 这 绘卷 的 表象 呈现 。 倘若 游侠 有心 挖掘 ， 定 能 找出 不少 这 画 里 画 外 的 蛛丝马迹 。 此间 奥妙 ， 就 待 游侠 自行 入画 探寻 。 四时 四 景 ， 一 卷 万 象 宋代 曾 有 绘画 名家 作 《 四景 山水图 》 ， 描绘 临安 的 春夏秋冬 。 同样 一 处 地方 ， 在 不同 季节 可以 呈现 不同 的 风光 。 我们 也 希望 秦川 这 一 画卷 ， 能够 将 四时 之 美 绘 于 “ 纸 ” 上 。 在 秦川 ， 四季 将 会 随着 时间 流动 而 变化 ， 整个 秦川 平原 的 地貌 植被 ， 也 会 跟随 着 季节 改变 。 麦浪 蒸云 和 霜色 染 塬 ， 都 可 在 同 一片 土地 上 见证 。 不过 ， 秦川 虽 是 画 中 世界 ， 但 季节 的 流转 并非 一 笔 涂抹 ， 每个 季节 也 会 带来 新 的 玩法 与 细节 。 秋日 里 各处 可见 奇怪 的 稻草人 ， 不如 试试 加入 它们 一起 守望 ； 冬日 里 河流 湖泊 结 上 冰面 ， 就 将 是 天然 的 游乐 之 地 …… 四时 四 景 ， 各 有 生趣 ， 各 有 玄机 。 * 预研 中 效果 ， 请 以 实际 上线 为 准 此 去 何 往 ？ 太平归处 河西 一行 ， 已 从 序章 来到 尾声 。 在 整体 的 剧情 脉络 中 ， 河西 全部 的 三个 主线 故事 已 在 凉州 完结 。 而 秦川 的 侠迹 和 后续 的 镇守 将 是 最后 的 回响 —— 更新 中 ， 全新 侠迹 「 太平归处 」 将 正式 开放 。 或是 机缘 巧合 ， 或是 命中注定 ， 游侠 将 前往 一 处 【 狮子坟 】 进行 探寻 。 可是 ， 此地 既 名 狮子坟 ， 坟 在 何处 ？ 葬 于 此地 的 “ 狮子 ” ， 又是 何等 的 英雄 人物 ？ 一 段 段 往事 揭开 ， 到底 何 为 太平 归处 ？ 后续 更新 中 ， 秦川 区域 还 将 有 包括 新 镇守 、 新 奇遇 、 新 boss 在内 的 新 内容 将 陆续 解锁 。 * 预研 中 效果 ， 请 以 实际 上线 为准 闲风 追月 ， 着墨 点睛 画 中 与 现实 世界 有 诸多 不同 ， 想 要 在 此 中 更 好 地 探索 ， 必定 需要 一些 别有生面 的 手段 。 为此 ， 将 有 两项 新 奇术 于 秦川 登场 。 其一 ， 为 「 闲风 追月 」 。 旷野 之上 ， 只有 风 真正 自由 。 既然如此 ， 那 为何 不 化风 而 行 ？ 穿梭 草浪 ， 吸风 引露 ， 轻盈 无 待 ， 自在 逍遥 。 其二 ， 为 「 着墨 」 。 万物有灵 ， 皆 可 入画 。 此前 在 残卷 绘忆 中 ， 游侠 曾 亲手 收集 墨韵 、 修复 绘卷 。 秦川 之中 ， 也 可见 诸多 尚未 上色 之 物 ， 小 至 石块 ， 大 到 熊罴 。 若 能 为 它们 着墨 点睛 ， 将 有 意想不到 的 效用 和 惊喜 。 * 预研 中 效果 ， 请 以 实际 上线 为 准 河西 最后 的 秦川 ， 仍是 中式 写意 的 载体 。 几个月 间 ， 有幸 与 游侠 们 一起 寻 一 场 梦 ， 读 几篇 诗 ， 再 拾 起 一 幅 画 。 入画 满 秦川 ， 归来 再 出发 。 ' ],2025-08,全新区域丨尾声入画，画满秦川
['游侠们好！新的篇章即将到来，相关新内容正在有序开发筹备中，预计很快就能为大家正式揭晓。与此同时，大家的对于现有内容的反馈我们皆未轻放，基于大家的反馈与意见，多项优化正在推进中。我们也借此机会，针对近期大家比较关心的问题，带来了最新的反馈与优化动向，请游侠们查阅！q：目前移动端在版本更新后，容易出现帧率不稳定、烫手、加载时间变长等情况，后续针对移动端的性能适配会有哪些优化呢？很抱歉给游侠带来了不好的体验。我们观察到更新后，部分移动端机型出现了加载时间过长的问题，并已于线上紧急修复。并在后续建立更完善的底层机制测试流程，避免类似情况发生。此外，我们也正在持续优化移动端性能，包括：•降低游戏各模块内存占用，以兼容更多设备。•优化结构性的内存峰值问题，如场景跳转等，减少闪退。•优化头发、布料的运算逻辑，场景静态物和家园建造的加载逻辑，提升帧率。•优化着色器、水体、光照、植被、雾效、半透、远景模型等渲染管线，优化npc和其他角色的更新逻辑，降低电流，减少发热。q：看到未来家业里会出养殖相关的玩法，期待能养“中华田园套装”，请问有更多细节可以透露吗？游侠放心，育宠系统我们会延续经典武侠作品中，关于陪伴闯荡江湖的想象。宠物不仅是情感寄托，也将是少东家闯荡江湖中的伙伴，在探索世界的过程中起到各种各样的作用！至于宠物的种类，我们正在广泛调研中进行更加充分的验证，也欢迎少侠多多提议！q：目前建造和家业模块都没有撤销功能，手一滑就需要重新再建，会优化吗？已安排！“撤销还原”功能已列上开发日程。不过因为燕云的建造系统自由度较高，加上大世界和多人联机等机制的复杂性，开发测试要更加严谨仔细，需要更多一点点时间。q：家业玩法中手柄适配缺失，在进行部分建造和经营时很影响操作。不仅是手柄，家业系统的经营、建造等玩法的操作交互优化，我们已经在持续地推进中了。手柄的操作体验也会在此过程中逐步完善，争取让不同习惯的游侠都能更顺手！q：目前的拍照功能很有意思，但能否加一个手动前后微调时停动作的功能？感谢游侠的建议，目前时停在实现上无法做到往前微调动画，但后续版本中我们计划加入慢动作功能：在时停状态下，允许游侠切换进入慢动作，让游侠更好的时停下抓拍出满意的照片。除此之外，我们正拓展更多可拍照的动作，预计将接入武学动作、奇术动作等，让拍照更自由！q：多人镇守中野队的体验能否优化一下？比如在首次进行匹配时会对boss机制进行教学？反馈已收到！我们计划新增副本指引功能，游侠首次匹配副本时，会提醒前往【燕叽百科】熟悉机制。同时我们也在探讨研究，当造诣未达到推荐值时，如何提升该游侠及匹配队友的体验。相关方案明确了之后，会及时给大家带来介绍。q：目前每周门派号令上限下，换外观、名片等奖励的周期太长了，能不能提高点？感谢游侠的建议！门派号令上限提升方面，后续版本会进行优化，让大家兑换奖励更轻松。q：能不能增加多人同模功能，自由开关其他玩家的特效，人多的时候太花，还容易卡顿。此功能已提上日程！我们将在后续版本进行优化，支持玩家根据个人需求进行他人角色及外观特效屏蔽。q：我是海外的玩家，顶着时差与延迟非常头疼，请问燕云有登陆海外的计划吗？有的！燕云海外版本已正式定档，将于太平洋时间上线！幸得各位游侠的支持与肯定，我们得以有机会把燕云带给全球更多玩家。海外版本由专门的本地化与运营团队负责，预注册玩家数已达到100万里程碑。当下，我们也正受邀于科隆游戏展的邀请制展台参展，不过由于合作方限制，该展区未对玩家开放。对燕云海外版本感兴趣的游侠，可以关注后续的官方动态！江湖路虽远，心声必达之。感谢诸位游侠长久以来的建言与鞭策，也欢迎继续向我们发来反馈，我们定当竭力打磨，持续给大家带来更好的游戏体验！']。 —— 热门答疑丨移动端性能优化，多项易用性体验升级-,《 热门 答疑 丨 移动端 性能 优化 ， 多 项 易用性 体验 升级 》 : [ ' 游侠 们 好 ！ 新 的 篇章 即将 到来 ， 相关 新 内容 正在 有序 开发 筹备 中 ， 预计 很快 就 能 为 大家 正式 揭晓 。 与此同时 ， 大家 的 对于 现有 内容 的 反馈 我们 皆 未 轻放 ， 基于 大家 的 反馈 与 意见 ， 多 项 优化 正在 推进 中 。 我们 也 借 此 机会 ， 针对 近期 大家 比较 关心 的 问题 ， 带来 了 最新 的 反馈 与 优化 动向 ， 请 游侠 们 查阅 ！ q ： 目前 移动端 在 版本 更新 后 ， 容易 出现 帧率 不 稳定 、 烫手 、 加载 时间 变 长 等 情况 ， 后续 针对 移动端 的 性能 适配 会 有 哪些 优化 呢 ？ 很 抱歉 给 游侠 带来 了 不好 的 体验 。 我们 观察 到 更新 后 ， 部分 移动端 机型 出现 了 加载 时间 过 长 的 问题 ， 并 已 于 线上 紧急 修复 。 并 在 后续 建立 更 完善 的 底层 机制 测试 流程 ， 避免 类似 情况 发生 。 此外 ， 我们 也 正在 持续 优化 移动端 性能 ， 包括 ： • 降低 游戏 各 模块 内存 占用 ， 以 兼容 更 多 设备 。 • 优化 结构性 的 内存 峰值 问题 ， 如 场景 跳转 等 ， 减少 闪退 。 • 优化 头发 、 布料 的 运算 逻辑 ， 场景 静态物 和 家园 建造 的 加载 逻辑 ， 提升 帧率 。 • 优化 着色器 、 水体 、 光照 、 植被 、 雾效 、 半透 、 远景 模型 等 渲染 管线 ， 优化 npc 和 其他 角色 的 更新 逻辑 ， 降低 电流 ， 减少 发热 。 q ： 看到 未来 家业 里 会 出 养殖 相关 的 玩法 ， 期待 能 养 “ 中华 田园 套装 ” ， 请问 有 更 多 细节 可以 透露 吗 ？ 游侠 放心 ， 育宠 系统 我们 会 延续 经典 武侠 作品 中 ， 关于 陪伴 闯荡 江湖 的 想象 。 宠物 不仅 是 情感 寄托 ， 也 将 是 少东家 闯荡 江湖 中 的 伙伴 ， 在 探索 世界 的 过程 中 起 到 各种各样 的 作用 ！ 至于 宠物 的 种类 ， 我们 正在 广泛 调研 中 进行 更加 充分 的 验证 ， 也 欢迎 少侠 多多 提议 ！ q ： 目前 建造 和 家业 模块 都 没有 撤销 功能 ， 手 一 滑 就 需要 重新 再建 ， 会 优化 吗 ？ 已 安排 ！ “ 撤销 还原 ” 功能 已 列 上 开发 日程 。 不过 因为 燕云 的 建造 系统 自由度 较高 ， 加上 大世界 和 多 人 联机 等 机制 的 复杂性 ， 开发 测试 要 更加 严谨 仔细 ， 需要 更 多 一点点 时间 。 q ： 家业 玩法 中 手柄 适配 缺失 ， 在 进行 部分 建造 和 经营 时 很 影响 操作 。 不仅 是 手柄 ， 家业 系统 的 经营 、 建造 等 玩法 的 操作 交互 优化 ， 我们 已经 在 持续 地 推进 中 了 。 手柄 的 操作 体验 也 会 在 此 过程 中 逐步 完善 ， 争取 让 不同 习惯 的 游侠 都 能 更 顺手 ！ q ： 目前 的 拍照 功能 很 有意思 ， 但 能否 加 一个 手动 前后 微调 时停 动作 的 功能 ？ 感谢 游侠 的 建议 ， 目前 时停 在 实现 上 无法 做到 往前 微调 动画 ， 但 后续 版本 中 我们 计划 加入 慢动作 功能 ： 在 时停 状态 下 ， 允许 游侠 切换 进入 慢动作 ， 让 游侠 更 好 的 时停 下 抓拍 出 满意 的 照片 。 除此之外 ， 我们 正 拓展 更 多 可 拍照 的 动作 ， 预计 将 接入 武学 动作 、 奇术 动作 等 ， 让 拍照 更 自由 ！ q ： 多 人 镇守 中野队 的 体验 能否 优化 一下 ？ 比如 在 首次 进行 匹配 时 会 对 boss 机制 进行 教学 ？ 反馈 已 收到 ！ 我们 计划 新增 副本 指引 功能 ， 游侠 首次 匹配 副本 时 ， 会 提醒 前往 【 燕叽 百科 】 熟悉 机制 。 同时 我们 也 在 探讨 研究 ， 当 造诣 未 达到 推荐值 时 ， 如何 提升 该 游侠 及 匹配 队友 的 体验 。 相关 方案 明确 了 之后 ， 会 及时 给 大家 带来 介绍 。 q ： 目前 每周 门派 号令 上限 下 ， 换 外观 、 名片 等 奖励 的 周期 太 长 了 ， 能不能 提高 点 ？ 感谢 游侠 的 建议 ！ 门派 号令 上限 提升 方面 ， 后续 版本 会 进行 优化 ， 让 大家 兑换 奖励 更 轻松 。 q ： 能不能 增加 多 人 同模 功能 ， 自由 开关 其他 玩家 的 特效 ， 人 多 的 时候 太 花 ， 还 容易 卡顿 。 此 功能 已 提 上 日程 ！ 我们 将 在 后续 版本 进行 优化 ， 支持 玩家 根据 个人 需求 进行 他人 角色 及 外观 特效 屏蔽 。 q ： 我 是 海外 的 玩家 ， 顶 着 时差 与 延迟 非常 头疼 ， 请问 燕云 有 登陆 海外 的 计划 吗 ？ 有的 ！ 燕云 海外 版本 已 正式 定档 ， 将 于 太平洋 时间 上线 ！ 幸得 各位 游侠 的 支持 与 肯定 ， 我们 得以 有 机会 把 燕云 带 给 全球 更 多 玩家 。 海外 版本 由 专门 的 本地化 与 运营 团队 负责 ， 预注册 玩家 数 已 达到 100万 里程碑 。 当下 ， 我们 也 正 受 邀 于 科隆 游戏展 的 邀请制 展台 参展 ， 不过 由于 合作方 限制 ， 该 展区 未 对 玩家 开放 。 对 燕云 海外 版本 感兴趣 的 游侠 ， 可以 关注 后续 的 官方 动态 ！ 江湖路 虽 远 ， 心声 必 达 之 。 感谢 诸位 游侠 长久以来 的 建言 与 鞭策 ， 也 欢迎 继续 向 我们 发 来 反馈 ， 我们 定当 竭力 打磨 ， 持续 给 大家 带来 更 好 的 游戏 体验 ！ ' ],2025-08,热门答疑丨移动端性能优化，多项易用性体验升级
['风雨千秋，得遇同舟。无论是晨曦时的并肩启程，还是暮色中的携手同归，江湖一路，皆因相逢与相知而愈加动人。我们计划在近期的更新中带来多项功能新增，着重优化了联机探索、社交和百业组队等体验。希望可以让游侠间的连结更紧密，同游更轻松！举手行侠共探江湖联机协助探索积分系统即将上线山高水长，最安心的不过同行人的默默帮扶。探索路中，总有人在悄悄助你一臂之力，他们或许不慕虚名，但每一份温暖相助，都值得被看见、被铭记。联机协助探索积分系统即将上线，让每一次侠义之举皆有所证！*预研中效果，请以实际上线为准在联机中帮助其他游侠提升探索度，便可获得“帮帮值”，为铭记各位游侠间并肩前行的情义，首次获取联机协助探索积分后，即可获得专属侠名【燕云支柱侠】。此后，随着积攒“帮帮值”，侠名计数也将随之提升；“帮帮值”累计前200名热心游侠还将荣登【帮帮帮榜】，誉满江湖！*预研中效果，请以实际上线为准同时，我们将新增联机信誉分“江湖清誉”：联机过程中，若遇言语不当或恶劣行径，游侠可进行举报。查实后对方将受到禁止联机、扣除“江湖清誉”等处罚。游侠联机时如遇近期有违规记录的队友，系统也将发出提醒，助各位在同游时更加安心。江湖虽阔，侠义自有回声。将这份互助善意传递，江湖更美好！百业同心共赴征程百业活动组织平台即将上线号角声起，战意灼灼！百业活动组织平台即将上线，助各位游侠更快集结，畅快征战！功能上线后，每位百业成员都可以通过百业群聊或百业活动界面发起组队招募——挑战高难周本，探索全新试炼，或是自定义活动，仅需一键发布！招募信息将同步至百业群聊，接龙报名、到点提醒、快速组队，功能齐全便捷，让每一次出征都如臂使指。同时「百业活动」界面也将进行优化，常做的活动可顺手收藏，限时活动日程一目了然，活动开启时一键直达，精彩绝不缺席。愿各位游侠与百业同道披荆斩棘，共赴每一场热血征程！*预研中效果，请以实际上线为准飞笺传思朝夕与共「密友传书」桌面小组件即将上线独行之时，更易怀念与友共饮江湖酒、笑谈风云事的惬意。不过江湖虽远，心意可近。移动端「密友传书」桌面小组件即将温情上线，让牵挂跨越山海，常驻眼前。通过该功能，游侠可选择任意玩家进行互动，无论身处何地，只需轻轻一点，不论是日常倾诉还是风景瞬间，皆可即刻跃现于对方手机桌面。小组件还将为游侠实时记录结缘天数，珍藏相伴的每一刻美好；并设有生日提醒功能，让重要日子不再错过；还支持一键互动功能，牵挂不必等、惦念随时达。愿这份常伴左右的温暖，能使纵隔万里，犹若比肩，使平常朝暮，皆蕴清欢。*预研中效果，请以实际上线为准除此之外，还有一些大家呼声很高的新功能，如战斗训练场、培养进度追赶、低等级武库减负等等，正在紧锣密鼓地开发中。我们正全力优化体验，待准备完善后也会尽快给游侠们带来更多细节介绍。更多新内容信息，敬请继续关注后续官方动态！']。 —— 优化动向丨联机探索助人有奖，百业活动组织更便捷！-,《 优化 动向 丨 联机 探索 助人 有奖 ， 百业 活动 组织 更 便捷 ！ 》 : [ ' 风雨千秋 ， 得 遇 同舟 。 无论是 晨曦 时 的 并肩 启程 ， 还是 暮色 中 的 携手同归 ， 江湖 一路 ， 皆 因 相逢 与 相知 而 愈加 动人 。 我们 计划 在 近期 的 更新 中 带来 多 项 功能 新增 ， 着重 优化 了 联机 探索 、 社交 和 百业 组队 等 体验 。 希望 可以 让 游侠 间 的 连结 更 紧密 ， 同游 更 轻松 ！ 举手 行侠 共 探 江湖 联机 协助 探索 积分 系统 即将 上线 山 高 水 长 ， 最 安心 的 不过 同 行人 的 默默 帮扶 。 探索 路 中 ， 总 有人 在 悄悄 助 你 一臂之力 ， 他们 或许 不慕虚名 ， 但 每 一 份 温暖 相助 ， 都 值得 被 看见 、 被 铭记 。 联机 协助 探索 积分 系统 即将 上线 ， 让 每 一次 侠义 之 举 皆 有所 证 ！ * 预研 中 效果 ， 请 以 实际 上线 为准 在 联机 中 帮助 其他 游侠 提升 探索度 ， 便 可 获得 “ 帮帮值 ” ， 为 铭记 各位 游侠 间 并肩 前行 的 情义 ， 首次 获取 联机 协助 探索 积分 后 ， 即可 获得 专属 侠名 【 燕云 支柱侠 】 。 此后 ， 随着 积攒 “ 帮帮值 ” ， 侠名 计数 也 将 随 之 提升 ； “ 帮帮值 ” 累计 前 200名 热心 游侠 还 将 荣登 【 帮帮帮榜 】 ， 誉 满 江湖 ！ * 预研 中 效果 ， 请 以 实际 上线 为 准 同时 ， 我们 将 新增 联机 信誉 分 “ 江湖 清誉 ” ： 联机 过程 中 ， 若 遇 言语 不当 或 恶劣 行径 ， 游侠 可 进行 举报 。 查实 后 对方 将 受到 禁止 联机 、 扣除 “ 江湖 清誉 ” 等 处罚 。 游侠 联机 时 如 遇 近期 有 违规 记录 的 队友 ， 系统 也 将 发出 提醒 ， 助 各位 在 同游 时 更加 安心 。 江湖 虽 阔 ， 侠义 自 有 回声 。 将 这 份 互助 善意 传递 ， 江湖 更 美好 ！ 百业 同心共 赴 征程 百业 活动 组织 平台 即将 上线 号角 声 起 ， 战意 灼灼 ！ 百业 活动 组织 平台 即将 上线 ， 助 各位 游侠 更 快 集结 ， 畅快 征战 ！ 功能 上线 后 ， 每 位 百业 成员 都 可以 通过 百业 群聊 或 百业 活动 界面 发起 组队 招募 —— 挑战 高难 周本 ， 探索 全新 试炼 ， 或是 自定义 活动 ， 仅 需 一 键 发布 ！ 招募 信息 将 同步 至 百业 群聊 ， 接龙 报名 、 到点 提醒 、 快速 组队 ， 功能 齐全 便捷 ， 让 每 一次 出征 都 如 臂使指 。 同时 「 百业 活动 」 界面 也 将 进行 优化 ， 常 做 的 活动 可 顺手 收藏 ， 限时 活动 日程 一目了然 ， 活动 开启 时 一 键 直达 ， 精彩 绝不 缺席 。 愿 各位 游侠 与 百业 同道 披荆斩棘 ， 共 赴 每 一 场 热血 征程 ！ * 预研 中 效果 ， 请 以 实际 上线 为 准 飞笺 传思 朝夕 与共 「 密友传书 」 桌面 小组件 即将 上线 独行 之 时 ， 更 易 怀念 与友 共 饮 江湖 酒 、 笑谈 风云 事 的 惬意 。 不过 江湖 虽 远 ， 心意 可 近 。 移动端「密友传书」桌面 小组件 即将 温情 上线 ， 让 牵挂 跨越 山海 ， 常驻 眼前 。 通过 该 功能 ， 游侠 可 选择 任意 玩家 进行 互动 ， 无论 身处 何地 ， 只需 轻轻 一点 ， 不论是 日常 倾诉 还是 风景 瞬间 ， 皆 可 即刻 跃现 于 对方 手机 桌面 。 小组件 还 将 为 游侠 实时 记录 结缘 天数 ， 珍藏 相伴 的 每 一刻 美好 ； 并 设有 生日 提醒 功能 ， 让 重要 日子 不再 错过 ； 还 支持 一 键 互动 功能 ， 牵挂 不必 等 、 惦念 随时 达 。 愿 这 份 常伴 左右 的 温暖 ， 能 使 纵隔 万里 ， 犹 若 比肩 ， 使 平常 朝暮 ， 皆 蕴 清欢 。 * 预研 中 效果 ， 请 以 实际 上线 为准 除此之外 ， 还有 一些 大家 呼声 很 高 的 新 功能 ， 如 战斗 训练场 、 培养 进度 追赶 、 低 等级 武库 减负 等等 ， 正在 紧锣密鼓 地 开发 中 。 我们 正 全力 优化 体验 ， 待 准备 完善 后 也 会 尽快 给 游侠 们 带来 更 多 细节 介绍 。 更 多 新 内容 信息 ， 敬请 继续 关注 后续 官方 动态 ！ ' ],2025-08,优化动向丨联机探索助人有奖，百业活动组织更便捷！
['相传唐时有一禅师于杭结庵，时逢水源短缺，涧枯井竭。忽一夕，梦二虎移泉，翌日果见庵前有二虎以爪刨山，霎时清泉喷涌，甘冽异常。禅师以笔墨记此异象，故作梦虎图。今以【梦寻虎跑】为引，复现此间玄妙。本周，将有包括新套装【梦寻虎跑】、发型【浮云卷霭】在内的一批全新外观上线——全新套装【梦寻虎跑】故知此老如此泉，莫作人间去来想。*预研中画面，请以游戏内实际效果为准。捏脸数据来自玩家：新手来了、春日酿秋日雨“梦虎移泉”的古老传说，而今已化作怀抱幼猫、行走于烟火红尘间的剑客形影。上衣取鹅黄朱砂对撞，左肩纹绣猛虎伏卧。怀中猫与肩上虎悄然呼应，隐示着血脉里未醒的野性。襟前玉鱼轻垂，腰间妙妙钱币微响，猫爪轻拢游鱼作为腰间锁扣，更添几分生趣。佩挂陶埙亦为鱼形，吹响之时，清音如泉，潺潺流淌，四野猫影便可循声而来。经年飘零久，狸奴伴寂寥。浮生逆旅，幸得栖心之处。此身所系，幼兽嬉眠，共游人间，足慰平生。*预研中画面，游侠待机状态下小猫将有特殊动态变化，实际效果请以游戏为准。捏脸数据来自玩家：新手来了、春日酿秋日雨全新套装【梦寻虎跑】将在本周内上架，届时游侠可前往【商店】以2580「长鸣珠」购得。套装内包含以下内容：主角头像、姿态、配饰-鱼埙、配饰-佩剑、配饰-猫有包袱。在本次套装设计中，我们首次尝试了包含动物在内的配饰动态效果。待机状态下，小猫将有特殊的动态表现。时而浅眠静卧，时而嬉闹攀肩，为江湖旅程更添生趣。该配饰也可与其他服装自由搭配，相伴随心！全新发型【浮云卷霭】*预研中画面，请以游戏内实际效果为准。捏脸数据来自玩家：新手来了、春日酿秋日雨浮云卷霭，明月流光。荆南兮赵北，碣石兮潇湘。澄清规於万里，照离思于千行。全新发型【浮云卷霭】本周即将上架，游侠可前往【和鸣商店】以1颗「八音窍」购得，并附赠动态主角头像。*预研中画面，实际效果请以游戏为准唐横刀武器外观【无悔】*预研中效果，请以实际上线为准龙吟长链破风，冰刃淬寒斩月。金纹盘龙昭侠骨，青锋未出已铮鸣。无声无形，横刀无悔。「无声无形」武器外观系列更新唐横刀外观【无悔】，本周上架后，游侠可前往【商店】以680「长鸣珠」购得。新外观与系列内其他武器外观可享有多买折扣福利，折后最低价格仅需320「长鸣珠」。此外，套装【暗香】和套装【青阳】本周也将开放「染色」功能，届时游侠可前往【工坊】焕新故衣、自由染色。虎啸动山林，泉吟落月明。前路风物渐明，敬请游侠关注后续更多官方动态。']。 —— 虎踪泉韵，途有猫邻丨全新套装梦寻虎跑即将上线-,《 虎 踪 泉 韵 ， 途 有 猫 邻 丨 全新 套装 梦寻虎跑 即将 上线 》 : [ ' 相传 唐 时 有 一 禅师 于 杭结庵 ， 时 逢 水源 短缺 ， 涧 枯 井 竭 。 忽 一夕 ， 梦 二 虎 移 泉 ， 翌日 果 见 庵 前 有 二 虎 以 爪 刨 山 ， 霎时 清泉 喷涌 ， 甘冽 异常 。 禅师 以 笔墨 记 此 异象 ， 故作 梦虎图 。 今 以 【 梦寻虎跑 】 为 引 ， 复现 此间 玄妙 。 本周 ， 将 有 包括 新 套装 【 梦寻虎跑 】 、 发型 【 浮云 卷霭 】 在内 的 一批 全新 外观 上线 —— 全新 套装 【 梦寻虎跑 】 故 知 此 老 如此 泉 ， 莫 作 人间 去 来 想 。 * 预研 中 画面 ， 请 以 游戏 内 实际 效果 为 准 。 捏脸 数据 来自 玩家 ： 新手 来 了 、 春日 酿 秋日 雨 “ 梦虎 移 泉 ” 的 古老 传说 ， 而今 已 化作 怀抱 幼 猫 、 行走 于 烟火 红尘 间 的 剑客 形影 。 上衣 取 鹅黄 朱砂 对撞 ， 左肩 纹绣 猛虎 伏卧 。 怀中 猫 与 肩 上 虎 悄然 呼应 ， 隐示 着 血脉 里 未 醒 的 野性 。 襟 前 玉鱼 轻 垂 ， 腰 间 妙妙 钱币 微响 ， 猫爪 轻 拢 游鱼 作为 腰 间 锁扣 ， 更 添 几分 生趣 。 佩挂 陶埙 亦 为 鱼形 ， 吹 响 之 时 ， 清音 如 泉 ， 潺潺 流淌 ， 四 野 猫影 便 可 循声 而 来 。 经年 飘零 久 ， 狸奴伴 寂寥 。 浮生 逆旅 ， 幸 得 栖心 之 处 。 此身 所 系 ， 幼兽 嬉眠 ， 共 游 人间 ， 足 慰 平生 。 * 预研 中 画面 ， 游侠 待机 状态 下 小 猫 将 有 特殊 动态 变化 ， 实际 效果 请 以 游戏 为 准 。 捏脸 数据 来自 玩家 ： 新手 来 了 、 春日 酿 秋日雨 全新 套装 【 梦寻虎跑 】 将 在 本周 内 上架 ， 届时 游侠 可 前往 【 商店 】 以 2580 「 长鸣珠 」 购得 。 套装 内 包含 以下 内容 ： 主角 头像 、 姿态 、 配饰 鱼 埙 、 配饰 佩剑 、 配饰 猫 有 包袱 。 在 本 次 套装 设计 中 ， 我们 首次 尝试 了 包含 动物 在内 的 配饰 动态 效果 。 待机 状态 下 ， 小 猫 将 有 特殊 的 动态 表现 。 时而 浅眠 静卧 ， 时而 嬉闹 攀肩 ， 为 江湖 旅程 更 添 生趣 。 该 配饰 也 可 与 其他 服装 自由 搭配 ， 相伴 随心 ！ 全新 发型 【 浮云 卷霭 】 * 预研中 画面 ， 请 以 游戏 内 实际 效果 为 准 。 捏脸 数据 来自 玩家 ： 新手 来 了 、 春日 酿 秋日 雨 浮云 卷霭 ， 明月 流光 。 荆南 兮 赵北 ， 碣石 兮 潇湘 。 澄清 规 於 万里 ， 照 离思 于 千 行 。 全新 发型 【 浮云 卷霭 】 本周 即将 上架 ， 游侠 可 前往 【 和鸣商店 】 以 1 颗 「 八音窍 」 购得 ， 并 附赠 动态 主角 头像 。 * 预研 中 画面 ， 实际 效果 请 以 游戏 为准 唐横刀 武器 外观 【 无悔 】 * 预研 中 效果 ， 请 以 实际 上线 为准 龙吟 长链 破风 ， 冰刃 淬 寒 斩 月 。 金纹 盘龙 昭侠骨 ， 青锋 未 出 已 铮鸣 。 无声 无形 ， 横刀 无悔 。 「 无声 无形 」 武器 外观 系列 更新 唐横刀 外观 【 无悔 】 ， 本周 上架 后 ， 游侠 可 前往 【 商店 】 以 680 「 长鸣珠 」 购得 。 新 外观 与 系列 内 其他 武器 外观 可 享有 多 买 折扣 福利 ， 折后 最低 价格 仅 需 320 「 长鸣珠 」 。 此外 ， 套装 【 暗香 】 和 套装 【 青阳 】 本周 也 将 开放 「 染色 」 功能 ， 届时 游侠 可 前往 【 工坊 】 焕新 故衣 、 自由 染色 。 虎啸 动 山林 ， 泉吟 落 月 明 。 前路 风物 渐 明 ， 敬请 游侠 关注 后续 更 多 官方 动态 。 ' ],2025-08,虎踪泉韵，途有猫邻丨全新套装梦寻虎跑即将上线
['荷香销夏，竹露分凉。本周更新现已完成，除了此前向大家介绍的新外观、新侠境之外，还有诸多功能优化待游侠体验——百业争锋·运筹帷幄百业战报名功能上线胜负始于筹谋。百业战报名功能现已上线，从此备战、分组、开战一气呵成！有意参战的成员可提前报名，百业管理可通过查看报名名单提前安排阵容。开战后，预先报名的成员将自动组队并优先入场：倘有战位虚席，未入围的成员也可以自行补位，让每一份战意都不落空。对战结束后，也可在战绩中查看本场联赛的实际到场情况。弈趣横生·连珠争妙新增牌桌互动道具、同游玩法「五子棋」牌桌上不止有胜负，欢乐互动现在升级！同游玩法「斗财主」和「雀神争霸」中新增趣味道具「干杯！」「送花！」「扔臭蛋」「太水了」，让每局对弈都妙趣横生！遇到意气相投的牌友？「干杯！」以牌会友；看到精彩操作？「送花！」点赞打气；牌局离谱到令人扶额？「扔臭蛋」表示不满；操作平平无奇？扔个「太水了」小小吐槽。全部道具皆可免费使用，纯属娱乐，不影响牌局进程。除了牌桌互动新花样，本次更新还新增了同游玩法「五子棋」！黑白方寸间暗藏攻守玄机，共有两大模式待游侠体验——「常规对局」五子连珠即可获胜，「禁手对局」则增加了三手交换与禁手规则，让对局多一份变数与挑战。同时，本次更新除了开放家业同住功能外，也新增了部分「家业组件」的互动功能。游侠将可躺卧于香木卧榻，闻香于鎏金香炉，闲坐听雨，随心而躺……少东家的家，将能更加温馨惬意。此外，还有一些游侠们呼声很高的功能优化正在有序开发中，将陆续为大家带来。如聆音套装【天上白玉京】将在后续开放裁造款，届时游侠可前往「工坊-裁造」对套装进行剪裁变幻，以满足游侠多样的穿搭需求。*预研中画面，请以游戏内实际效果为准对战中尽显谋勇，对弈时收获欢愉，偌大江湖，总有一处让你意趣盎然。更多功能优化与修复详情，请查看下方长图公告——']。 —— 功能更新丨百业战预报名上线，棋牌对弈再添新趣-,《 功能 更新 丨 百业战 预 报名 上线 ， 棋牌 对弈 再 添 新趣 》 : [ ' 荷香 销 夏 ， 竹露 分凉 。 本周 更新 现 已 完成 ， 除了 此前 向 大家 介绍 的 新 外观 、 新 侠境 之外 ， 还有 诸多 功能 优化 待 游侠 体验 —— 百业 争锋 · 运筹帷幄 百业战 报名 功能 上线 胜负 始于 筹谋 。 百业战 报名 功能 现 已 上线 ， 从此 备战 、 分组 、 开战 一气呵成 ！ 有意 参战 的 成员 可 提前 报名 ， 百业 管理 可 通过 查看 报名 名单 提前 安排 阵容 。 开战 后 ， 预先 报名 的 成员 将 自动 组队 并 优先 入场 ： 倘 有 战位 虚席 ， 未 入围 的 成员 也 可以 自行 补位 ， 让 每 一 份 战意 都 不 落空 。 对战 结束 后 ， 也 可 在 战绩 中 查看 本 场 联赛 的 实际 到场 情况 。 弈趣横生 · 连珠 争妙 新增 牌桌 互动 道具 、 同游 玩法 「 五子棋 」 牌桌 上 不止 有 胜负 ， 欢乐 互动 现在 升级 ！ 同游 玩法 「 斗 财主 」 和 「 雀神 争霸 」 中 新增 趣味 道具 「 干杯 ！ 」「 送 花 ！ 」「 扔 臭蛋 」「 太 水 了 」 ， 让 每局 对弈 都 妙趣横生 ！ 遇到 意气相投 的 牌友 ？ 「 干杯 ！ 」 以 牌 会 友 ； 看到 精彩 操作 ？ 「 送 花 ！ 」 点赞 打气 ； 牌局 离谱 到 令人 扶额 ？ 「 扔 臭蛋 」 表示 不满 ； 操作 平平无奇 ？ 扔 个 「 太 水 了 」 小小 吐槽 。 全部 道具 皆 可 免费 使用 ， 纯属 娱乐 ， 不 影响 牌局 进程 。 除了 牌桌 互动 新 花样 ， 本 次 更新 还 新增 了 同游玩法 「 五子棋 」 ！ 黑白 方寸 间 暗藏 攻守 玄机 ， 共有 两 大 模式 待 游侠 体验 ——「 常规 对局 」 五 子 连珠 即可 获胜 ， 「 禁手 对局 」 则 增加 了 三手 交换 与 禁手 规则 ， 让 对局 多 一 份 变数 与 挑战 。 同时 ， 本 次 更新 除了 开放 家业 同 住 功能 外 ， 也 新增 了 部分 「 家业 组件 」 的 互动 功能 。 游侠 将 可 躺卧 于 香木 卧榻 ， 闻 香 于 鎏金 香炉 ， 闲坐 听 雨 ， 随心 而 躺 …… 少东家 的 家 ， 将 能 更加 温馨 惬意 。 此外 ， 还有 一些 游侠 们 呼声 很 高 的 功能 优化 正在 有序 开发 中 ， 将 陆续 为 大家 带来 。 如 聆音 套装 【 天上 白玉京 】 将 在 后续 开放 裁造款 ， 届时 游侠 可 前往 「 工坊 裁造 」 对 套装 进行 剪裁 变幻 ， 以 满足 游侠 多样 的 穿搭 需求 。 * 预研 中 画面 ， 请 以 游戏 内 实际 效果 为 准 对战 中 尽 显 谋勇 ， 对弈 时 收获 欢愉 ， 偌大 江湖 ， 总 有 一 处 让 你 意趣盎然 。 更 多 功能 优化 与 修复 详情 ， 请 查看 下方 长 图 公告 —— ' ],2025-08,功能更新丨百业战预报名上线，棋牌对弈再添新趣
['刀被称为百兵之胆，素来象征着勇气与决心，传承自沙场的陌刀与横刀更是如此。江湖中人，无不敬佩刀客们一往无前的壮然气魄。本周，将有陌刀藏音外观【万古悲尘】、斩雪刀法武学特效【龙战玄黄】即将上架，为持刀游侠再添一分胆色与威势——陌刀武器外观【万古悲尘】生者为过客，死者为归人。天地一逆旅，同悲万古尘。*「套装·宵梦」和「套装·西荒」预研中画面，实际效果和其他套装请在游戏内查看。捏脸数据来自玩家：小曉柒丶、苹果蛋黄酥无需挥舞，自能感受到它沉重如山峦的威势。当刃口卷过朔风时，仿佛能斩昨日之悔，断明日之惧。一人一刀，睥睨万古。全新「陌刀」武器外观【万古悲尘】将于本周上架，游侠可前往【和鸣商店】以1颗「八音窍」购得。【万古悲尘】共有霁青「套装·石火」、紫绶「套装·阆风」和「套装·酌酒」、砺金「套装·宵梦」和「套装·西荒」五种套装样式，另有若干定制色，游侠可通过「工坊-武器重铸」打造独一无二的多形态武器外观搭配。「斩雪刀法」武学特效【龙战玄黄】*预研中效果，请以实际上线为准刀藏潜龙之形，锋隐风雷之声。一朝随我而动，龙吟啸破长空。一刃可动玄黄，一斩可劈乾坤。出鞘刹那，金色游龙隐现，刀势如浓墨泼洒天地。全新「斩雪刀法」武学特效【龙战玄黄】即将上架，后，游侠可前往【和鸣商店】以1颗「八音窍」购得。江湖中人，狂歌也好，沉敛也罢，俱可见道。锋刃之外，还有一款风格相异的武学特效即将上架——「九重春色」武学特效【墨藏春】*预研中效果，请以实际上线为准世无黑白，心知对错。人间如狱，长夜难明，此番我执墨先行。全新「九重春色」武学特效【墨藏春】即将上架，后，游侠可前往【商店】以1280「长鸣珠」购得。同时，套装【蝉翼未来】即将开放「染色」功能，为游侠带来更多与众不同的穿搭体验。*预研中画面，请以游戏内实际效果为准。捏脸数据来自玩家：垂眉、苹果蛋黄酥火光映雪，刀影横贯，前路既有华光相迎，亦有试炼相待。更新后，全新侠境·十人镇守「风饕五残灾」也会同步开启，请君试刃！散关隘口，朔风如刀，啸声不绝。游侠们曾几次击破心魔，再临「镇关吼」所盘踞之处，竟有一至纯至阳的星核现于场中，恰似暗夜孤灯，映照着游侠心中不灭的明光！而心渊最深处的迷惘与挑战已蜕变为全新形态，待十位游侠同心叩关！此番作战，游侠要时刻警惕星陨与「镇关吼」之利爪尖牙，守护明光不灭！*预研中画面，请以游戏内实际效果为准而当「镇关吼」面临溃败，再次引动天象异变之时，各位用血与意志守护的明光，终得回响！如僧言：正见忽除三毒心，魔变成佛真无假。当心魔在毁灭的潮汐中消散，那至诚至勇的心灵伟力终于显化！*预研中画面，请以游戏内实际效果为准破妄证道，圣狮昂首。诸位请与心志并肩，焚尽迷惘。*预研中画面，请以游戏内实际效果为准映照着心魔的巨狮，低吼仍在深渊回响。然人心如渊，不止有踌躇与迷惘。庙堂之上，权佞弄柄；远望边关，黑羽蔽日；而宗祠之内，亦是尖刃暗藏......桩桩浸染倾颓之痛的业障，再次凝成滔天邪物——「五残」凶星，降临世间！五残体内，几股凶戾血气互相掣肘。即使游侠破障心切，仍需多锋并进同时压制，若一方独大，则凶威倍增，难以招架。五残虽凶，其力不过三方恶念脆弱聚合，然其本非一体，必然互有龃龉！朝廷威严化形「天听」，拂尘挥处，圣旨如山。近者身负千钧，步步杀机。*预研中画面，请以游戏内实际效果为准然煌煌天威，却惧外敌汹涌，鹰鹫环伺之「地祸」。凶鸟冲锋裂地，黑羽飞射，圣旨之势竟不复存。*预研中画面，请以游戏内实际效果为准而「地祸」虽凶，仍不如宗族怨毒阴诡具象，怨力丝线结成的雷网，亦可作凶鸟牢笼。*预研中画面，请以游戏内实际效果为准三灾环环相克，游侠慧眼，若能找出三方相互牵制之法，便可显露决胜良机，溃散其身！星狮镇关，叩问本心，孽星五残，为患一方。此业障双生之局，既是武道意志的淬炼，亦是对智谋心力的严峻考验。心魔有形，业障有质。全新侠境「风饕五残灾」，静候英雄破关！']。 —— 十人侠境再起风云，特效外观本周上新！-,《 十 人 侠境 再 起 风云 ， 特 效 外观 本周 上新 ！ 》 : [ ' 刀 被 称为 百 兵 之 胆 ， 素来 象征 着 勇气 与 决心 ， 传承 自 沙场 的 陌刀 与 横刀 更 是 如此 。 江湖 中 人 ， 无不 敬佩 刀客 们 一往无前 的 壮然 气魄 。 本周 ， 将 有 陌刀 藏音 外观 【 万古 悲尘 】 、 斩雪 刀法 武学 特效 【 龙 战 玄黄 】 即将 上架 ， 为 持 刀 游侠 再 添 一 分 胆色 与 威势 —— 陌刀 武器 外观 【 万古 悲尘 】 生者 为 过客 ， 死者 为 归人 。 天地 一 逆旅 ， 同 悲 万古尘 。 * 「 套装 · 宵梦 」 和 「 套装 · 西荒 」 预研 中 画面 ， 实际 效果 和 其他 套装 请 在 游戏 内 查看 。 捏脸 数据 来自 玩家 ： 小曉柒 丶 、 苹果 蛋黄酥 无需 挥舞 ， 自 能 感受 到 它 沉重 如 山峦 的 威势 。 当 刃口 卷 过 朔风 时 ， 仿佛 能 斩 昨日 之 悔 ， 断 明日 之 惧 。 一 人 一 刀 ， 睥睨 万古 。 全新 「 陌刀 」 武器 外观 【 万古 悲尘 】 将 于 本周 上架 ， 游侠 可 前往 【 和鸣商店 】 以 1 颗 「 八音窍 」 购得 。 【 万古 悲尘 】 共有 霁青 「 套装 · 石火 」 、 紫绶 「 套装 · 阆风 」 和 「 套装 · 酌酒 」 、 砺金 「 套装 · 宵梦 」 和 「 套装 · 西荒 」 五种 套装 样式 ， 另 有 若干 定制色 ， 游侠 可 通过 「 工坊 武器 重铸 」 打造 独一无二 的 多 形态 武器 外观 搭配 。 「 斩雪 刀法 」 武学 特效 【 龙战 玄黄 】 * 预研 中 效果 ， 请 以 实际 上线 为 准刀藏 潜龙 之 形 ， 锋隐 风雷 之 声 。 一朝 随 我 而 动 ， 龙吟啸 破 长空 。 一 刃 可 动 玄黄 ， 一 斩 可 劈 乾坤 。 出鞘 刹那 ， 金色 游龙 隐现 ， 刀势 如 浓墨 泼洒 天地 。 全新 「 斩雪 刀法 」 武学 特效 【 龙战 玄黄 】 即将 上架 ， 后 ， 游侠 可 前往 【 和鸣商店 】 以 1 颗 「 八音窍 」 购得 。 江湖 中人 ， 狂歌 也好 ， 沉敛 也罢 ， 俱 可 见道 。 锋刃 之外 ， 还有 一 款 风格 相异 的 武学 特效 即将 上架 —— 「 九重春色 」 武学 特效 【 墨藏春 】 * 预研 中 效果 ， 请 以 实际 上线 为 准 世 无 黑白 ， 心 知 对错 。 人间 如狱 ， 长夜 难 明 ， 此 番 我 执 墨 先行 。 全新 「 九重春色 」 武学 特效 【 墨藏春 】 即将 上架 ， 后 ， 游侠 可 前往 【 商店 】 以 1280 「 长鸣珠 」 购得 。 同时 ， 套装 【 蝉翼 未来 】 即将 开放 「 染色 」 功能 ， 为 游侠 带来 更 多 与众不同 的 穿搭 体验 。 * 预研 中 画面 ， 请 以 游戏 内 实际 效果 为 准 。 捏脸 数据 来自 玩家 ： 垂眉 、 苹果 蛋黄酥 火光 映 雪 ， 刀影 横贯 ， 前路 既有 华光 相迎 ， 亦 有 试炼 相 待 。 更新 后 ， 全新 侠境 · 十 人 镇守 「 风饕 五残灾 」 也 会 同步 开启 ， 请 君 试 刃 ！ 散关 隘口 ， 朔风 如 刀 ， 啸声 不绝 。 游侠 们 曾 几次 击破 心魔 ， 再 临 「 镇关吼 」 所 盘踞 之 处 ， 竟 有 一 至 纯 至阳 的 星核 现 于 场中 ， 恰似 暗夜 孤灯 ， 映照 着 游侠 心中 不 灭 的 明光 ！ 而 心渊 最 深处 的 迷惘 与 挑战 已 蜕变 为 全新 形态 ， 待 十位 游侠 同心 叩关 ！ 此 番 作战 ， 游侠 要 时刻 警惕 星陨 与 「 镇关吼 」 之 利爪 尖牙 ， 守护 明光 不 灭 ！ * 预研 中 画面 ， 请 以 游戏 内 实际 效果 为 准 而 当 「 镇关吼 」 面临 溃败 ， 再次 引动 天象 异变 之 时 ， 各位 用 血 与 意志 守护 的 明光 ， 终 得 回响 ！ 如 僧言 ： 正 见 忽 除 三 毒心 ， 魔 变成 佛 真 无 假 。 当 心魔 在 毁灭 的 潮汐 中 消散 ， 那 至诚 至勇 的 心灵 伟力 终于 显化 ！ * 预研中 画面 ， 请 以 游戏 内 实际 效果 为 准 破 妄 证道 ， 圣狮 昂首 。 诸位 请 与 心志 并肩 ， 焚 尽 迷惘 。 * 预研 中 画面 ， 请 以 游戏 内 实际 效果 为 准 映照 着 心魔 的 巨狮 ， 低吼 仍 在 深渊 回响 。 然 人心如渊 ， 不止 有 踌躇 与 迷惘 。 庙堂 之上 ， 权佞 弄 柄 ； 远望 边关 ， 黑羽 蔽日 ； 而 宗祠 之内 ， 亦 是 尖刃 暗藏 .. . . . . 桩桩 浸染 倾颓 之 痛 的 业障 ， 再次 凝成 滔天 邪物 ——「 五残 」 凶星 ， 降临 世间 ！ 五残 体内 ， 几股 凶戾 血气 互相 掣肘 。 即使 游侠 破障 心切 ， 仍 需 多 锋 并进 同时 压制 ， 若 一方 独 大 ， 则 凶威 倍增 ， 难以 招架 。 五残 虽 凶 ， 其 力 不过 三方 恶念 脆弱 聚合 ， 然 其 本 非 一体 ， 必然 互 有 龃龉 ！ 朝廷 威严 化 形 「 天听 」 ， 拂尘 挥 处 ， 圣旨 如 山 。 近者 身负 千钧 ， 步步 杀机 。 * 预研 中 画面 ， 请 以 游戏 内 实际 效果 为准 然 煌煌 天威 ， 却 惧 外敌 汹涌 ， 鹰鹫 环伺 之 「 地祸 」 。 凶鸟 冲锋 裂地 ， 黑羽 飞射 ， 圣旨 之 势 竟 不复存 。 * 预研 中 画面 ， 请 以 游戏 内 实际 效果 为 准 而 「 地祸 」 虽 凶 ， 仍 不如 宗族 怨毒 阴诡 具象 ， 怨力 丝线 结成 的 雷网 ， 亦 可 作 凶鸟 牢笼 。 * 预研 中 画面 ， 请 以 游戏 内 实际 效果 为 准 三灾 环环 相克 ， 游侠 慧眼 ， 若 能 找出 三方 相互 牵制 之 法 ， 便 可 显露 决胜 良机 ， 溃散 其 身 ！ 星狮镇关 ， 叩问 本心 ， 孽星 五 残 ， 为 患 一方 。 此 业障 双 生 之 局 ， 既是 武道 意志 的 淬炼 ， 亦 是 对 智谋 心力 的 严峻 考验 。 心魔 有形 ， 业障 有 质 。 全新 侠境 「 风饕 五 残灾 」 ， 静候 英雄 破关 ！ ' ],2025-08,十人侠境再起风云，特效外观本周上新！
['苗疆有客，衣不染尘。因缘际会，天地如银。本周将有一套温润雅致的全新套装上架——全新套装【月如银】*预研中画面，实际效果请以游戏为准捏脸数据来自玩家：小曉柒、、苹果蛋黄酥套装设计从苗疆服饰中汲取灵感。贵客不喜张扬惹眼，但素淡表相下，皆是雅致风华。衣袍以白黑为主色，外袍如月光倾泻，图腾纹饰点缀其间，更有墨色飞鸟振翅欲飞，栩栩如生。月光扫过，方见银漪般的典雅暗纹，倒似半卷未展的书画，只待有心人看破那一绢千工的玄机。匠心独运的飞鸟盘扣取代传统系带，腰封垂落的穗带随步轻摇。银饰装点于发颈，举手投足间微光如星芒流转，温润气度浑然天成。*预研中画面，实际效果请以游戏为准苗银如月，尽是时间淬炼的从容。全新套装【月如银】即将上架，后，游侠可前往【商店】以折扣价300「长鸣珠」购得，两周后将恢复原价680「长鸣珠」。套装中耳饰可作拆分。本周预计还将有陌刀藏音外观、【斩雪刀法】及【九重春色】武学特效在内的新外观同步上新，将在后续为各位揭晓。人能碎千金之璧，而不能无失声于破釜。看过了湘江月明，我们更加确信，要将玩家的共鸣与信任当作悬于头顶的利刃，尽数劈向自己，而非可驱使的兵器。追求长期主义的胜利是一件困难、甚至会有些不好意思说出口的事。但所幸，我们会找到，相信这份胜利的彼此。']。 —— 苗疆有客，衣不染尘丨全新套装【月如银】即将上线-,《 苗疆 有 客 ， 衣 不 染尘 丨 全新 套装 【 月如 银 】 即将 上线 》 : [ ' 苗疆 有客 ， 衣 不 染 尘 。 因缘际会 ， 天地 如 银 。 本周 将 有 一套 温润 雅致 的 全新 套装 上架 —— 全新 套装 【 月如银 】 * 预研 中 画面 ， 实际 效果 请 以 游戏 为 准 捏脸 数据 来自 玩家 ： 小曉柒 、 、 苹果 蛋黄酥 套装 设计 从 苗疆 服饰 中 汲取 灵感 。 贵客 不 喜 张扬 惹眼 ， 但 素淡 表相 下 ， 皆 是 雅致 风华 。 衣袍 以 白黑 为 主色 ， 外袍 如 月光 倾泻 ， 图腾 纹饰 点缀 其间 ， 更 有 墨色 飞鸟 振翅 欲 飞 ， 栩栩如生 。 月光 扫 过 ， 方 见 银漪 般 的 典雅 暗纹 ， 倒 似 半 卷 未 展 的 书画 ， 只待 有心人 看破 那 一 绢千工 的 玄机 。 匠心独运 的 飞鸟 盘扣 取代 传统 系带 ， 腰封 垂落 的 穗带 随 步 轻摇 。 银饰 装点 于 发颈 ， 举手投足 间 微光 如 星芒 流转 ， 温润 气度 浑然 天成 。 * 预研 中 画面 ， 实际 效果 请 以 游戏 为准 苗银 如 月 ， 尽是 时间 淬炼 的 从容 。 全新 套装 【 月如银 】 即将 上架 ， 后 ， 游侠 可 前往 【 商店 】 以 折扣价 300 「 长鸣珠 」 购得 ， 两周 后 将 恢复 原价 680 「 长鸣珠 」 。 套装 中耳饰 可 作 拆分 。 本周 预计 还 将 有 陌刀 藏音 外观 、 【 斩雪 刀法 】 及 【 九重春色 】 武学 特效 在内 的 新 外观 同步 上新 ， 将 在 后续 为 各位 揭晓 。 人 能 碎 千金 之 璧 ， 而 不能 无 失声 于 破釜 。 看 过 了 湘江 月 明 ， 我们 更加 确信 ， 要 将 玩家 的 共鸣 与 信任 当作 悬 于 头顶 的 利刃 ， 尽数 劈 向 自己 ， 而 非 可 驱使 的 兵器 。 追求 长期 主义 的 胜利 是 一件 困难 、 甚至 会 有些 不好意思 说 出口 的 事 。 但 所幸 ， 我们 会 找到 ， 相信 这 份 胜利 的 彼此 。 ' ],2025-08,苗疆有客，衣不染尘丨全新套装【月如银】即将上线
['各位游侠好！在上周，我们上线了全新功能「戏乐模式」，旨在让游侠们能更方便地记录自己的侠姿百态，与人同乐。我们本不愿被拖入到底吃了几碗粉的争吵，专注于好好做游戏。它自狠恶，但明月照江。时间与精力，应该花费在更有意义也更迫切的事情上。但我们发现，不实传言误导了不明真相的人，对无辜游侠进行无差别攻击，甚至谣言还在持续复制。对此，我们深感痛心愤怒。也为自己不愿卷入泥沼的骄矜自持感到羞愧与抱歉。在此，我们要郑重澄清——「戏乐」玩法中，采用了网易互娱AI Lab的AIxPose和AIxFace视频动捕技术。底层训练数据来自互娱AI Lab通过内部扫描棚和动捕棚自采，经过大量调优形成ai智能算法模型。相关技术2018年开始立项研发，23年开始用于ugc玩法场景。除上述技术之外，AI Lab从燕云开服开始，提供了一系列趣味玩法的算法支持，如音色捏脸、江湖故人、话术论道、红尘知音、射覆、风沙酒肆-夜宿迷影、万物太极、时装智能染色等。AI Lab是我们的深度合作伙伴，相关技术方案均是基于燕云需求进行原创性定制开发。接下来，我们会继续把精力放在与玩家好好交流、好好做游戏上。新一期的游侠研讨将会很快开启招募，我们的主创团队将前往新的城市，近距离倾听游侠们的声音。我们欢迎全部基于客观事实的批评。若之前没有体验过，也欢迎各位来玩燕云十六声，我们非常期待您的真实的反馈。作文不想写的太长。玩家来玩的是游戏，而不必加入任何，游戏员工play的一环。']。 —— 关于近期不实传言的声明-,《 关于 近期 不 实 传言 的 声明 》 : [ ' 各位 游侠 好 ！ 在 上周 ， 我们 上线 了 全新 功能 「 戏乐 模式 」 ， 旨在 让 游侠 们 能 更 方便 地 记录 自己 的 侠姿 百态 ， 与 人 同乐 。 我们 本 不愿 被 拖 入 到底 吃 了 几碗 粉 的 争吵 ， 专注 于 好好 做 游戏 。 它 自 狠恶 ， 但 明月 照 江 。 时间 与 精力 ， 应该 花费 在 更 有 意义 也 更 迫切 的 事情 上 。 但 我们 发现 ， 不 实 传言 误导 了 不明 真相 的 人 ， 对 无辜 游侠 进行 无 差别 攻击 ， 甚至 谣言 还 在 持续 复制 。 对 此 ， 我们 深感 痛心 愤怒 。 也 为 自己 不愿 卷入 泥沼 的 骄矜 自持 感到 羞愧 与 抱歉 。 在此 ， 我们 要 郑重 澄清 ——「 戏乐 」 玩法 中 ， 采用 了 网易 互娱 AI Lab 的 AIxPose 和 AIxFace 视频 动捕 技术 。 底层 训练 数据 来自 互娱 AI Lab 通过 内部 扫描棚 和 动捕棚 自采 ， 经过 大量 调优 形成 ai 智能 算法 模型 。 相关 技术 2018年 开始 立项 研发 ， 23年 开始 用于 ugc 玩法 场景 。 除 上述 技术 之外 ， AI Lab 从 燕云 开服 开始 ， 提供 了 一系列 趣味 玩法 的 算法 支持 ， 如 音色 捏脸 、 江湖 故人 、 话术 论道 、 红尘 知音 、 射覆 、 风沙 酒肆 夜宿 迷影 、 万物 太极 、 时装 智能 染色 等 。 AI Lab 是 我们 的 深度 合作 伙伴 ， 相关 技术 方案 均 是 基于 燕云 需求 进行 原创性 定制 开发 。 接下来 ， 我们 会 继续 把 精力 放 在 与 玩家 好好 交流 、 好好 做 游戏 上 。 新 一 期 的 游侠 研讨 将 会 很快 开启 招募 ， 我们 的 主创 团队 将 前往 新 的 城市 ， 近 距离 倾听 游侠 们 的 声音 。 我们 欢迎 全部 基于 客观 事实 的 批评 。 若 之前 没有 体验 过 ， 也 欢迎 各位 来 玩 燕云十六声 ， 我们 非常 期待 您 的 真实 的 反馈 。 作文 不想 写 的 太 长 。 玩家 来 玩 的 是 游戏 ， 而 不必 加入 任何 ， 游戏 员工 play 的 一 环 。 ' ],2025-08,关于近期不实传言的声明
['昨日我们有幸通过问卷招募的形式，邀请到了十余位游侠来到长沙，与主创团队进行了一场非常热烈的研讨座谈。从流派到家业，从武学的手感到剧情的发展，游侠们带来了大量真诚、切实的反馈。不少游侠更是提前收集了百业亲友们的意见，给现场的项目组成员来了一场面对面的“鞭策”。感动之余，我们也真切地感受到了“受益匪浅”。我们也整理了现场部分交流实录，第一时间与各位分享——关于家业优化：更沉浸、更合理，更好玩q：土木宗自己搭建时，经常受到地形的限制，很难建造出理想的建筑。大世界中的风光都比较固定了，开放独立的家业位面、地形编辑等功能已在规划中。独立位面不会受限于单人地形，后面还会提供更多样的地形风格，比如乡野，城市，大漠孤烟，雪景等等满足大家的建造需要。大家也无需担心目前的家业进度，现有家业不会回收，两边可以同时建造。如果外面不想建了，也可以直接迁移。q：现在的重建过程点击瞬间就完成了，感觉很仓促，缺乏文案中“一砖一瓦”的代入感。此前也跟游侠们交流过，我们将对重建不羡仙的过程和情感体验进行全面重做与优化。游侠将以“新东家”的身份回到不羡仙，与村民重新相识。随着重建的推进和与村民互动的深入，部分村民将慢慢意识到，这位“新东家”可能就是曾经的少东家……重建本身将是一个需要耐心与协作的过程，而非一蹴而就。少东家要亲身参与其中，通过提供资材、搬运等的方式，实实在在地与村民一起努力，推动家园的复兴，非简单的点击完成。希望可以通过强调过程体验的设计，带来更深的代入感。q：材料获取途径少，甚至要凌晨定闹钟收菜！社交难度太大，串门还需房主在线。目前交互、玩法也较少。后续我们会增加材料产出途径，也在考虑大世界产出材料和家园互通上限的合理数值。关于社交，将进行主人权限系统的优化，比如主人不在线时，同住上线依然可进行家业操作等。玩法方面，随家业等级提升，计划会陆续推出种植杂交、畜牧养殖等新玩法内容。另外，还有个机关建造的玩法在日程之上，如发挥想象做一个水车帮助灌溉等。进一步提升丰富度和可玩性。关于养成体验：放缓迭代节奏，提供稳定成长q：100个金箱子刷不出最大外功词条，词条随机性过大，毕业困难。针对这个痛点，我们已经优化了初始词条库、调律转律的词条库。后续还有传承装备稳定成长、提供更多的保底机制等各项优化，提供稳定提升的途径，减少随机性带来的负反馈。q：担心等级无上限提升，有装备淘汰焦虑。现已调整为以完整赛季为单位进行装备更迭。蕤宾同音·下赛季已经没有开放新等级和新装等，减轻培养压力。除已有的装备转律、装备变音、套装切换外，我们还将新增装备移律功能，可重置调歪的高质量胚子，进一步降低养成的负反馈。q：希望增加养成资源投放：心力回复提升、减少养成资源压力。在下半赛季我们略微加快了心力回复速率，相应的也同步增加了心力存储上限，同时在周末上线了活动「敲醒鹅滴心」，每周可领取额外心力，增加游侠可支配心力的数量。相信各位游侠也注意到了，下半赛季开始后，单件装备可以同时进行普通定音和止戈定音，随时切换，降低同时参与两类玩法时的养成门槛。同时，普通和止戈的变音材料也加以区分，支持游侠两个方向同时培养。q：回归的游侠、萌新跟不上节奏追赶困难在后续版本我们将上线低等级武库培养，降低除最新武库外的“毕业”难度。并开放低等级乌金铁和振玉、角色经验、么玉及通宝获取加速等追赶方式。并且将等级上限暂时定格为100级，培养上限随赛季更新逐步开放，缩小新老游侠差距。我们也一直鼓励「老带新」，游侠可以通过雏燕奖励、不咕奖励、召回活动-盼归燕、回流活动-燕归巢等活动，在帮助落后游侠追赶进度、适应游戏的同时获得不错的奖励。关于流派平衡：强化特色机制，手感持续优化q：pvp环境里流派平衡思路是什么？平衡的核心目标是各流派都有自己的优势玩法环境，发挥其特色机制。具体到单一玩法如论剑，每个流派都有上场一战之力。除了我们一直在观测的线上大数据、具体反馈以外，我们在后续也将引入多种测试评估手段。比如除了内部测试，还将在新赛季前引入灰度测试功能，邀请游侠线下测试，加强核心玩家的反馈收集力度。总而言之，我们希望后续全部调整都能有迹可循，且都是经过充分验证过的。q：pve环境中的平衡思路和pvp有什么不同？在大思路上是一致的，依然是突出各个流派的特色机制与定位。比如最近我们强化了牵丝·霖的团队辅助增伤等性能，同时提供心法专属的精元回复方式。同时，我们也在针对流派的短板，进行一些机制性能上的补强。比如补充了牵丝·玉的群怪输出手段，提升裂石·钧的输出强度；提升裂石·威的气竭爆发等等。关于大家非常关心的竞速榜，我们也有计划做出优化。比如推出新的竞速榜，通过新机制、强化承伤治疗等等，提供更多流派上场竞速的机会。q：霖霖增幅改成30秒后，由于挂伞是60s，现在必须要反复切伞挂伞丢伞。这样整段的流程太久了。循环和手感优化一直是我们进行流派调整时的重点。比如这次平衡中，我们就对裂石·威和鸣金·影的循环做了优化调整，简化循环的同时提升容错。这次我们也关注到了牵丝·霖这个问题，我们后面会考虑优化，例如在伞挂着的情况下能不能把q也放出来，我们会尽量优化大家的使用体验。在手感上，我们也在持续做调整。比如这次版本优化了蓄力技释放，轻重攻击释放等。网络同步在后续将会持续改进方案。关于门派玩法：梨园设计抢先爆料q：梨园呆了很久，但迟迟不更新转走了，所以什么时候会上梨园？门派的特色人设、玩法是燕云里代入感获得的非常重要一环。在此，也给大家带来一些我们后续门派的相关规划。比如大家非常关心的梨园。梨园是名伶荟萃之地。其弟子皆潜心研磨乐舞戏文，以求入境入情之极致，执守“江湖百事入戏文，不染风月不染尘”。在定位上，梨园弟子会更像“江湖明星”。游侠一开始将是无名素人，然后崭露头角，直到青云直上，成为时代名伶。对应也会有配套的玩法设计，还有其他跟名伶相关的有趣门规。后续，文津馆、墨山道的门派玩法也在设计中，敬请大家期待。此行相会，字字箴言。言不尽意，书不尽谢。还有诸多反馈的细节，我们均已认真记录，并将持续跟进。未来，我们还会前往更多城市，与游侠们做更多深入交流，也会持续通过问卷收集各位的宝贵建议。见面会结束后，团队返回住所的路上经过了湘江，湘江边风很大。想起了我们最开始做《燕云十六声》的日子，那时游戏需要起个英文名，我们围坐在一起，写下了“wherewindsmeet\u200c”。意为：风遇之处，皆江湖。人在江湖，风生水起，便有纷争。但禅语道——逆风扬尘，尘不至彼。而侠之道，当风起心定，不染尘埃。接下来，我们将继续专注于各项体验的提升，把精力放在好好做游戏上。行胜于言，来日方长。']。 —— 江湖虽远，字字必达！游侠研讨会速报！-,《 江湖 虽 远 ， 字字 必 达 ！ 游侠 研讨会 速报 ！ 》 : [ ' 昨日 我们 有幸 通过 问卷 招募 的 形式 ， 邀请 到 了 十余位 游侠 来到 长沙 ， 与 主创 团队 进行 了 一 场 非常 热烈 的 研讨 座谈 。 从 流派 到 家业 ， 从 武学 的 手感到 剧情 的 发展 ， 游侠 们 带来 了 大量 真诚 、 切实 的 反馈 。 不少 游侠 更 是 提前 收集 了 百业 亲友 们 的 意见 ， 给 现场 的 项目组 成员 来 了 一 场 面对面 的 “ 鞭策 ” 。 感动 之余 ， 我们 也 真切 地 感受 到 了 “ 受益匪浅 ” 。 我们 也 整理 了 现场 部分 交流 实录 ， 第一 时间 与 各位 分享 —— 关于 家业 优化 ： 更 沉浸 、 更 合理 ， 更 好玩 q ： 土木宗 自己 搭建 时 ， 经常 受到 地形 的 限制 ， 很难 建造 出 理想 的 建筑 。 大世界 中 的 风光 都 比较 固定 了 ， 开放 独立 的 家业 位面 、 地形 编辑 等 功能 已 在 规划 中 。 独立 位面 不会 受限 于 单人 地形 ， 后面 还 会 提供 更 多样 的 地形 风格 ， 比如 乡野 ， 城市 ， 大漠 孤烟 ， 雪景 等等 满足 大家 的 建造 需要 。 大家 也 无需 担心 目前 的 家业 进度 ， 现有 家业 不会 回收 ， 两边 可以 同时 建造 。 如果 外面 不想 建 了 ， 也 可以 直接 迁移 。 q ： 现在 的 重建 过程 点击 瞬间 就 完成 了 ， 感觉 很 仓促 ， 缺乏 文案 中 “ 一砖一瓦 ” 的 代入感 。 此前 也 跟 游侠 们 交流 过 ， 我们 将 对 重建 不羡仙 的 过程 和 情感 体验 进行 全面 重做 与 优化 。 游侠 将 以 “ 新东家 ” 的 身份 回到 不羡仙 ， 与 村民 重新 相识 。 随着 重建 的 推进 和 与 村民 互动 的 深入 ， 部分 村民 将 慢慢 意识到 ， 这 位 “ 新 东家 ” 可能 就 是 曾经 的 少东家 …… 重建 本身 将 是 一个 需要 耐心 与 协作 的 过程 ， 而 非 一蹴而就 。 少东家 要 亲身 参与 其中 ， 通过 提供 资材 、 搬运 等 的 方式 ， 实实在在 地 与 村民 一起 努力 ， 推动 家园 的 复兴 ， 非 简单 的 点击 完成 。 希望 可以 通过 强调 过程 体验 的 设计 ， 带来 更深 的 代入感 。 q ： 材料 获取 途径 少 ， 甚至 要 凌晨 定 闹钟 收 菜 ！ 社交 难度 太 大 ， 串门 还 需 房主 在线 。 目前 交互 、 玩法 也 较少 。 后续 我们 会 增加 材料 产出 途径 ， 也 在 考虑 大世界 产出 材料 和 家园 互通 上限 的 合理 数值 。 关于 社交 ， 将 进行 主人 权限 系统 的 优化 ， 比如 主人 不 在线 时 ， 同住 上线 依然 可 进行 家业 操作 等 。 玩法 方面 ， 随 家业 等级 提升 ， 计划 会 陆续 推出 种植 杂交 、 畜牧 养殖 等 新 玩法 内容 。 另外 ， 还有 个 机关 建造 的 玩法 在 日程 之上 ， 如 发挥 想象 做 一个 水车 帮助 灌溉 等 。 进一步 提升 丰富度 和 可玩性 。 关于 养成 体验 ： 放缓 迭代 节奏 ， 提供 稳定 成长 q ： 100个 金 箱子 刷 不 出 最大 外功 词条 ， 词条 随机性 过 大 ， 毕业 困难 。 针对 这个 痛点 ， 我们 已经 优化 了 初始 词条库 、 调律 转律 的 词条库 。 后续 还有 传承 装备 稳定 成长 、 提供 更 多 的 保底 机制 等 各项 优化 ， 提供 稳定 提升 的 途径 ， 减少 随机性 带来 的 负反馈 。 q ： 担心 等级 无 上限 提升 ， 有 装备 淘汰 焦虑 。 现 已 调整 为 以 完整 赛季 为 单位 进行 装备 更迭 。 蕤宾 同音 · 下 赛季 已经 没有 开放 新 等级 和 新装 等 ， 减轻 培养 压力 。 除 已 有 的 装备 转律 、 装备 变音 、 套装 切换 外 ， 我们 还 将 新增 装备 移律 功能 ， 可 重置 调歪 的 高质量 胚子 ， 进一步 降低 养成 的 负反馈 。 q ： 希望 增加 养成 资源 投放 ： 心力 回复 提升 、 减少 养成 资源 压力 。 在 下 半 赛季 我们 略微 加快 了 心力 回复 速率 ， 相应 的 也 同步 增加 了 心力 存储 上限 ， 同时 在 周末 上线 了 活动 「 敲 醒 鹅滴心 」 ， 每周 可 领取 额外 心力 ， 增加 游侠 可 支配 心力 的 数量 。 相信 各位 游侠 也 注意 到 了 ， 下 半 赛季 开始 后 ， 单件 装备 可以 同时 进行 普通 定音 和 止戈 定音 ， 随时 切换 ， 降低 同时 参与 两类 玩法 时 的 养成 门槛 。 同时 ， 普通 和 止戈 的 变音 材料 也 加以 区分 ， 支持 游侠 两个 方向 同时 培养 。 q ： 回归 的 游侠 、 萌新 跟 不 上 节奏 追赶 困难 在 后续 版本 我们 将 上线 低 等级 武库 培养 ， 降低 除 最新 武库 外 的 “ 毕业 ” 难度 。 并 开放 低等级 乌金铁 和 振玉 、 角色 经验 、 么玉 及 通宝 获取 加速 等 追赶 方式 。 并且 将 等级 上限 暂时 定格 为 100级 ， 培养 上限 随 赛季 更新 逐步 开放 ， 缩小 新 老 游侠 差距 。 我们 也 一直 鼓励 「 老 带 新 」 ， 游侠 可以 通过 雏燕 奖励 、 不咕 奖励 、 召回 活动 盼 归 燕 、 回流 活动 燕 归 巢 等 活动 ， 在 帮助 落后 游侠 追赶 进度 、 适应 游戏 的 同时 获得 不错 的 奖励 。 关于 流派 平衡 ： 强化 特色 机制 ， 手感 持续 优化 q ： pvp 环境 里 流派 平衡 思路 是 什么 ？ 平衡 的 核心 目标 是 各 流派 都 有 自己 的 优势 玩法 环境 ， 发挥 其 特色 机制 。 具体 到 单一 玩法 如 论 剑 ， 每个 流派 都 有 上场 一 战 之 力 。 除了 我们 一直 在 观测 的 线 上 大数据 、 具体 反馈 以外 ， 我们 在 后续 也 将 引入 多种 测试 评估 手段 。 比如 除了 内部 测试 ， 还 将 在 新 赛季 前 引入 灰度 测试 功能 ， 邀请 游侠 线下 测试 ， 加强 核心 玩家 的 反馈 收集 力度 。 总而言之 ， 我们 希望 后续 全部 调整 都 能 有 迹 可 循 ， 且 都是 经过 充分 验证 过 的 。 q ： pve 环境 中 的 平衡 思路 和 pvp 有 什么 不同 ？ 在 大 思路 上 是 一致 的 ， 依然 是 突出 各个 流派 的 特色 机制 与 定位 。 比如 最近 我们 强化 了 牵丝 ·霖 的 团队 辅助 增伤 等 性能 ， 同时 提供 心法 专属 的 精元 回复 方式 。 同时 ， 我们 也 在 针对 流派 的 短板 ， 进行 一些 机制 性能 上 的 补强 。 比如 补充 了 牵丝 ·玉 的 群怪 输出 手段 ， 提升 裂石 ·钧 的 输出 强度 ； 提升 裂石 ·威 的 气竭 爆发 等等 。 关于 大家 非常 关心 的 竞速榜 ， 我们 也 有 计划 做出 优化 。 比如 推出 新 的 竞速榜 ， 通过 新 机制 、 强化 承伤 治疗 等等 ， 提供 更 多 流派 上场 竞速 的 机会 。 q ： 霖霖 增幅 改 成 30秒 后 ， 由于 挂伞 是 60s ， 现在 必须 要 反复 切伞 挂 伞 丢 伞 。 这样 整 段 的 流程 太 久 了 。 循环 和 手感 优化 一直 是 我们 进行 流派 调整 时 的 重点 。 比如 这次 平衡 中 ， 我们 就 对 裂石 ·威 和鸣金 ·影 的 循环 做 了 优化 调整 ， 简化 循环 的 同时 提升 容错 。 这次 我们 也 关注 到 了 牵丝 ·霖 这个 问题 ， 我们 后面 会 考虑 优化 ， 例如 在 伞 挂 着 的 情况 下 能不能 把 q 也 放 出来 ， 我们 会 尽量 优化 大家 的 使用 体验 。 在 手感 上 ， 我们 也 在 持续 做 调整 。 比如 这次 版本 优化 了 蓄力技 释放 ， 轻重 攻击 释放 等 。 网络 同步 在 后续 将 会 持续 改进 方案 。 关于 门派 玩法 ： 梨园 设计 抢先 爆料 q ： 梨园 呆 了 很 久 ， 但 迟迟 不 更新 转 走 了 ， 所以 什么 时候 会 上 梨园 ？ 门派 的 特色 人 设 、 玩法 是 燕云 里 代入感 获得 的 非常 重要 一 环 。 在此 ， 也 给 大家 带来 一些 我们 后续 门派 的 相关 规划 。 比如 大家 非常 关心 的 梨园 。 梨园 是 名伶 荟萃 之 地 。 其 弟子 皆 潜心 研磨 乐舞 戏文 ， 以求 入境 入 情 之 极致 ， 执守 “ 江湖 百事 入 戏文 ， 不 染 风月 不 染 尘 ” 。 在 定位 上 ， 梨园 弟子 会 更 像 “ 江湖 明星 ” 。 游侠 一 开始 将 是 无名 素人 ， 然后 崭露头角 ， 直到 青云直上 ， 成为 时代 名伶 。 对应 也 会 有 配套 的 玩法 设计 ， 还有 其他 跟 名伶 相关 的 有趣 门规 。 后续 ， 文津馆 、 墨山道 的 门派 玩法 也 在 设计 中 ， 敬请 大家 期待 。 此行 相会 ， 字字 箴言 。 言不尽意 ， 书 不尽 谢 。 还有 诸多 反馈 的 细节 ， 我们 均 已 认真 记录 ， 并 将 持续 跟进 。 未来 ， 我们 还 会 前往 更 多 城市 ， 与 游侠 们 做 更 多 深入 交流 ， 也 会 持续 通过 问卷 收集 各位 的 宝贵 建议 。 见面会 结束 后 ， 团队 返回 住所 的 路上 经过 了 湘江 ， 湘江 边 风 很 大 。 想起 了 我们 最 开始 做 《 燕云十六声 》 的 日子 ， 那时 游戏 需要 起 个 英文 名 ， 我们 围坐 在 一起 ， 写 下 了 “ where winds meet \ u200c ” 。 意 为 ： 风 遇 之 处 ， 皆 江湖 。 人 在 江湖 ， 风生水起 ， 便 有 纷争 。 但 禅语 道 —— 逆风扬尘 ， 尘 不 至 彼 。 而 侠 之 道 ， 当 风 起 心 定 ， 不 染 尘埃 。 接下来 ， 我们 将 继续 专注 于 各项 体验 的 提升 ， 把 精力 放 在 好好 做 游戏 上 。 行 胜 于 言 ， 来日方长 。 ' ],2025-08,江湖虽远，字字必达！游侠研讨会速报！
"['江湖善举，敬谢游侠——在凉州天水集熙攘的市井中，各位或许曾与一位售卖秦椒的老人萍水相逢，正是游侠的援手，助他和老友们在升腾的热气里，支起了一张暖心的烫菜摊，也支起了江湖中最质朴的人间温情。而今天，你是否也收到了一封“特殊的来信”？燕叽携手中华社会救助基金会【银天使计划公益项目】，以全体游侠之名，为甘肃兰州、武威等地区的孤寡/特困老人提供了定向帮扶，共行善举。这份源自游戏的侠义精神，如今也在现实中收到回响。完成过「探游——有椒其馨，胡考其宁」的游侠们，不仅会收到游戏内的奖励，在近日登录游戏时，还将会收到一封来自现实的特别邮件——一封来自受助老人的手书感谢信！（图为部分信件）游戏里的“侠义”正在现实产生回响，侠为其声的故事再次具象化。燕叽也愿做这善意的放大镜，与诸位游侠继续携手同行，让这江湖化作传递善意的纽带。江湖中的故事，从未停歇——也许是像在天水集古道热肠，也许是挚友相逢的开怀时刻，又或是心底念念不忘的那抹天色。情义需长存，为了让游侠能更自由地挥洒故事，留住精彩，新版本中，除去往期预告过的内容，我们还新增了玩法「戏乐模式」、并更新优化了「自定义画面风格」及「多人入画」功能，助游侠定格属于你的侠义篇章！从光影流转到情谊长存，从色调渲染到意趣铺陈，愿游侠解锁万千表达，书写此间新篇！江湖万态，一键成片新玩法「戏乐模式」上线长街听风，马蹄作序，江湖岂止传闻话本？每位游侠皆是江湖故事的执笔人！「戏乐模式」已随新版本正式上线！只需上传心仪的图片或视频，即可生成为游侠量身打造的动态影像，还能随心调整角色的神态动作或运镜风格。无论是幽篁深处的剑光掠影，还是客栈灯下的煮酒对谈，轻点几下便能获得独属于你的燕云大片！还有新功能收录诸位游侠的江湖百态。在那里，游侠不仅能展示自己的得意之作，还能遇见志同道合的侠友，翻拍心仪片段，共演武侠传奇。万千世界，以色汇影「自定义画面风格」功能更新大漠的轮廓可以是金红交织的炽烈，亦能是灰蓝调的苍茫；清河映月可以是银辉粼粼的澄澈，亦能是墨色晕染的朦胧——江湖的色调，握在每一位游侠手中。「设置-画面」界面新增「自定义画面风格」功能，游侠可以自由调节滤镜、色彩、打光、风速、天气等参数，为江湖故事定制专属色调；也可以从万象集中一键套用各色意境模板——无论是武侠大片的胶片质感，还是落日余晖的暖橘光晕，皆能轻松呈现。江湖万象，从不是一成不变的风景。山河为卷，属于游侠的武林，由你亲笔点染。比孤峰绝影更珍贵的，莫过于并肩同游的笑语。「多人入画」功能也已全面升级，让每份相逢都能定格为永恒的画卷。群侠共影，情谊长存「多人入画」功能升级一直以来，五人同框的限制使不少挚友不能一同留影，徒增些许遗憾。我们深知每一份江湖情谊都难能可贵，因此，新版本将打破限制，让更多重要的人得以留存于江湖记忆中，令每份情义皆成丹青！若与挚友情义至「生死不渝」，可解锁「相伴入画」特权，彼此参与留影时将不再占用名额，游侠可邀请更多至交「相伴入画」。除此之外，各位的情谊与社交关系也可以显现在画面中；更添加了权限管理功能，让游侠们都能掌控入画权限。还有诸多新功能和权限，静待游侠探索~上述功能优化皆已上线，诚邀游侠开启全新的创作体验。形影随心，墨染江湖，群侠共影——江湖万态由你掌镜！此外，全新赛季「蕤宾同音·下」已正式开启，还有全新残章「千金散尽」上线。若各位游侠得空，且往「清河-丰禾村」悬赏榜—观——那位未央城的“无痕公子""终于露面，以「公子一诺」发下悬赏，捉拿盗圣“君不见”。游侠前往揭榜，不仅可以一睹盗圣风采，完成任务更可获得【绑定·袅袅之音】、【长鸣玉】等丰厚奖励！执剑济苍生，光影绘新篇。新赛季「蕤宾同音·下」，诚邀各位游侠，共赴这场有情有义的江湖之约！']。 —— 赛季更新丨执剑行侠迹，光影绘新篇-","《 赛季 更新 丨 执剑 行 侠迹 ， 光影 绘 新篇 》 : [ ' 江湖 善举 ， 敬谢 游侠 —— 在 凉州天水集 熙攘 的 市井 中 ， 各位 或许 曾 与 一 位 售卖 秦椒 的 老人 萍水相逢 ， 正是 游侠 的 援手 ， 助 他 和 老友 们 在 升腾 的 热气 里 ， 支 起 了 一 张 暖心 的 烫菜摊 ， 也 支 起 了 江湖 中 最 质朴 的 人间 温情 。 而 今天 ， 你 是否 也 收到 了 一 封 “ 特殊 的 来信 ” ？ 燕叽 携手 中华社会救助基金会 【 银 天使 计划 公益 项目 】 ， 以 全体 游侠 之 名 ， 为 甘肃 兰州 、 武威 等 地区 的 孤寡 / 特困 老人 提供 了 定向 帮扶 ， 共 行 善举 。 这 份 源自 游戏 的 侠义 精神 ， 如今 也 在 现实 中 收到 回响 。 完成 过 「 探游 — — 有 椒 其 馨 ， 胡 考 其 宁 」 的 游侠 们 ， 不仅 会 收到 游戏 内 的 奖励 ， 在 近日 登录 游戏 时 ， 还 将 会 收到 一 封 来自 现实 的 特别 邮件 —— 一 封 来自 受助 老人 的 手书 感谢信 ！ （ 图 为 部分 信件 ） 游戏 里 的 “ 侠义 ” 正在 现实 产生 回响 ， 侠 为 其 声 的 故事 再次 具象化 。 燕叽 也 愿 做 这 善意 的 放大镜 ， 与 诸位 游侠 继续 携手 同行 ， 让 这 江湖 化作 传递 善意 的 纽带 。 江湖 中 的 故事 ， 从未 停歇 —— 也许 是 像 在 天水集 古道 热肠 ， 也许 是 挚友 相逢 的 开怀 时刻 ， 又 或是 心底 念念不忘 的 那 抹 天色 。 情义 需 长存 ， 为了 让 游侠 能 更 自由 地 挥洒 故事 ， 留住 精彩 ， 新版本 中 ， 除去 往期 预告 过 的 内容 ， 我们 还 新增 了 玩法 「 戏乐 模式 」 、 并 更新 优化 了 「 自定义 画面 风格 」 及 「 多 人 入画 」 功能 ， 助 游侠 定格 属于 你 的 侠义 篇章 ！ 从 光影 流转 到 情谊 长存 ， 从 色调 渲染 到 意趣 铺陈 ， 愿 游侠 解锁 万千 表达 ， 书写 此间 新篇 ！ 江湖 万态 ， 一 键 成片 新 玩法 「 戏乐 模式 」 上线 长街 听风 ， 马蹄 作序 ， 江湖 岂止 传闻 话本 ？ 每 位 游侠 皆 是 江湖 故事 的 执笔人 ！ 「 戏乐 模式 」 已 随 新版本 正式 上线 ！ 只需 上传 心仪 的 图片 或 视频 ， 即可 生成 为 游侠 量身打造 的 动态 影像 ， 还 能 随心 调整 角色 的 神态 动作 或 运镜 风格 。 无论是 幽篁 深处 的 剑光 掠影 ， 还是 客栈灯 下 的 煮酒 对谈 ， 轻 点 几下 便 能 获得 独属于 你 的 燕云 大片 ！ 还有 新 功能 收录 诸位 游侠 的 江湖 百态 。 在 那里 ， 游侠 不仅 能 展示 自己 的 得意 之 作 ， 还 能 遇见 志同道合 的 侠友 ， 翻拍 心仪 片段 ， 共 演 武侠 传奇 。 万千 世界 ， 以 色 汇影 「 自定义 画面 风格 」 功能 更新 大漠 的 轮廓 可以 是 金红 交织 的 炽烈 ， 亦 能 是 灰蓝调 的 苍茫 ； 清河 映月 可以 是 银辉 粼粼 的 澄澈 ， 亦 能 是 墨色 晕染 的 朦胧 —— 江湖 的 色调 ， 握 在 每 一 位 游侠 手中 。 「 设置 画面 」 界面 新增 「 自定义 画面 风格 」 功能 ， 游侠 可以 自由 调节 滤镜 、 色彩 、 打光 、 风速 、 天气 等 参数 ， 为 江湖 故事 定制 专属 色调 ； 也 可以 从 万象 集中 一 键 套用 各色 意境 模板 —— 无论是 武侠 大片 的 胶片 质感 ， 还是 落日 余晖 的 暖橘 光晕 ， 皆 能 轻松 呈现 。 江湖 万象 ， 从不 是 一成不变 的 风景 。 山河 为卷 ， 属于 游侠 的 武林 ， 由 你 亲笔 点染 。 比 孤峰 绝影 更 珍贵 的 ， 莫过于 并肩 同游 的 笑语 。 「 多 人 入画 」 功能 也 已 全面 升级 ， 让 每 份 相逢 都 能 定格 为 永恒 的 画卷 。 群侠 共 影 ， 情谊 长存 「 多 人 入画 」 功能 升级 一直以来 ， 五 人 同框 的 限制 使 不少 挚友 不能 一同 留影 ， 徒增 些许 遗憾 。 我们 深知 每 一 份 江湖 情谊 都 难能可贵 ， 因此 ， 新版本 将 打破 限制 ， 让 更 多 重要 的 人 得以 留存 于 江湖 记忆 中 ， 令 每 份 情义 皆 成 丹青 ！ 若 与 挚友 情义 至 「 生死不渝 」 ， 可 解锁 「 相伴 入画 」 特权 ， 彼此 参与 留影 时 将 不再 占用 名额 ， 游侠 可 邀请 更 多 至交 「 相伴 入画 」 。 除此之外 ， 各位 的 情谊 与 社交关系 也 可以 显现 在 画面 中 ； 更 添加 了 权限 管理 功能 ， 让 游侠 们 都 能 掌控 入画 权限 。 还有 诸多 新 功能 和 权限 ， 静待 游侠 探索 ~ 上述 功能 优化 皆 已 上线 ， 诚邀 游侠 开启 全新 的 创作 体验 。 形影 随心 ， 墨染 江湖 ， 群侠 共影 —— 江湖 万态 由 你 掌镜 ！ 此外 ， 全新 赛季 「 蕤宾 同音 · 下 」 已 正式 开启 ， 还有 全新 残章 「 千金 散 尽 」 上线 。 若 各位 游侠 得空 ， 且 往 「 清河 丰禾村 」 悬赏榜 — 观 —— 那位 未央城 的 “ 无痕 公子 "" 终于 露面 ， 以 「 公子 一 诺 」 发 下 悬赏 ， 捉拿 盗圣 “ 君 不见 ” 。 游侠 前往 揭榜 ， 不仅 可以 一 睹 盗圣 风采 ， 完成 任务 更 可 获得 【 绑定 · 袅袅之音 】 、 【 长鸣玉 】 等 丰厚 奖励 ！ 执剑 济 苍生 ， 光影 绘 新篇 。 新 赛季 「 蕤宾 同音 · 下 」 ， 诚 邀 各位 游侠 ， 共 赴 这 场 有情 有 义 的 江湖 之 约 ！ ' ]",2025-08,赛季更新丨执剑行侠迹，光影绘新篇
['竹簟枕月，夏夜未央。新赛季「蕤宾同音·下」将于新版本更新后正式开启！届时将有新多人镇守、太平武墓挑战更新、全新玩法功能等新内容与诸位游侠见面。新赛季不会开放新的等级上限与新等阶装备，等级上限仍然保持为95级。为助各位游侠更进一步，单人模式可突破至「十五级·悉玄」，突破后将略微提升角色属性。同时还将开放51至55层的「装备叠音」培养，穿戴【91阶装备】即可解锁，原有装备亦可焕发更多威能。赛季「天赋」也将迎来更新，助游侠在新赛季乘风破浪，所向披靡。更新后，「太平武墓-流派试练」蕤宾同音赛季第二期即将开启，完成后可获得【91阶金装自选匣】等丰厚奖励。本期将新增「裂石·钧」流派试练，邀游侠一试锋芒！同时「流派试炼挑战」限时开启，游侠可前往「活动-太平武墓-限时活动」界面参加挑战。完成限时挑战任务累积熟练度，即可领取【绕梁之音】、【心法心得·散本】、【长鸣玉】等众多好礼！「止戈」下半赛季也将随本次更新开启，「论剑」、「争锋」、「演武」、「觉障林」将根据游侠在上半赛季的积分进行分段重置。在「止戈-论剑」玩法中，达到「无我」段位的游侠将不再降级，并获得1000初始「无我积分」。原「论剑积分」失效，后续胜负只影响「无我积分」。达到「无我」段位的游侠，参与匹配时将优先匹配积分相近的对手，更有机会获得全新徽章奖励——【论剑·登峰】。在每期论剑重置时，「无我」段位的游侠将根据当前「无我积分」获得额外的【侠名】奖励，该奖励通过邮件发放。武道之路无止境，愿游侠在新程中各展所长，书写新的江湖传奇！更多内容详情，欢迎后续前往游戏内查看正式公告。革新之际，怎少得试剑新锋？昔日遁地奇袭的煞地神凶威暴涨，更引动无名将军战魂苏醒，合璧组成全新试剑·5人镇守——「煞地惊雷」。此战，诸位游侠可敢再聚首，合力制敌？失心地起煞黄土障目中，煞地神曾以遁地出其不意、迅捷无处可逃而令无数游侠头疼不已。而今再逢，其招数愈发莫测，非智巧难以化解。战幕初启，三尊巨石轰然镇场，正是煞地神压阵之基，亦是破局之钥。沙尘漫天，视野迷蒙，碎石间隐有奔雷之音滚荡，势若惊涛，直袭游侠！若能巧用身法，引其撞击巨岩，或许能使其眩晕受挫，暂缓攻势。*预研中效果，请以实际上线为准战局愈酣，煞地神还会操引地脉之力，频引「地震」。大地剧烈震颤，黄沙翻涌不休，唯有立于巨岩之上方有一线生机。*预研中效果，请以实际上线为准当战至终章，黄沙蔽顶，碎石尽裂之时，整座战场隐没于尘土之中，在此千钧一发之际，游侠更需洞悉玄机，绝境逢生。*预研中效果，请以实际上线为准此战不可角力，而在借势，场上巨石可当生门，亦是死门。能否借岩克敌，于崩裂之间寻觅破局之道，待诸位游侠一战定夺。尘沙落地，试剑之地深处，沉沉战鼓再度擂响。无名处惊雷四面战鼓齐震，如千声奔雷齐至，声声撼人心魄。金甲将影破开沙雾缓缓而出，长戟垂地，步履如磐。无名将军犹存初见之悍勇，以长戟姿态奔袭冲锋，直取阵眼。稍有不慎，必遭雷霆重击，退路尽绝！*预研中效果，请以实际上线为准此战中，无名将军将持续积蓄「战意」，随着「战意」的不断提升，其招式也将更加凌厉，步步紧逼，势不可挡，直至燃尽依然不休。*预研中效果，请以实际上线为准随着战局推进，无名将军飞身掠至场心，长戟一分为二，以新姿向场上游侠发起「决斗」之邀。可有人敢孤身入阵，独面无名惊雷，迎战这如潮战势？*预研中效果，请以实际上线为准倘若能在战中斩空战意，无名将军则会气竭势颓，为胜局奠下基础。*预研中效果，请以实际上线为准武者决斗之中，其余游侠皆不得近身支援，唯有击鼓助威，为阵中豪杰灌注破敌之意，搏得一线转机。胜负只在一瞬之间，谁能，独当一将？*预研中效果，请以实际上线为准金戈百战，再征云烟。成功击败「煞地惊雷」首领的游侠，更有机会获得配饰【破阵戟】、置景【消灾祈穰】等奖励。*预研中效果，请以实际上线为准本次更新中，除却战戟嗡鸣，亦有山水清韵——全新「青山执笔」武学特效【清荷卷梦】即将同步上架。「青山执笔」武学特效【清荷卷梦】*预研中效果，请以实际上线为准啼雀呼晴，云外脉脉语。绿漪田田山解雨，荷影清圆，描风千万缕。全新「青山执笔」武学特效【清荷卷梦】即将上架，后，游侠可前往【和鸣商店】以1颗「八音窍」购得。']。 —— 再启征程，「蕤宾同音·下」赛季即将开启-,《 再 启 征程 ， 「 蕤宾 同音 · 下 」 赛季 即将 开启 》 : [ ' 竹 簟 枕月 ， 夏夜 未 央 。 新 赛季 「 蕤宾 同音 · 下 」 将 于 新版本 更新 后 正式 开启 ！ 届时 将 有 新 多 人 镇守 、 太平武墓 挑战 更新 、 全新 玩法 功能 等 新 内容 与 诸位 游侠 见面 。 新 赛季 不会 开放 新 的 等级 上限 与 新 等阶 装备 ， 等级 上限 仍然 保持 为 95级 。 为 助 各位 游侠 更进一步 ， 单人 模式 可 突破 至 「 十五级 · 悉玄 」 ， 突破 后 将 略微 提升 角色 属性 。 同时 还 将 开放 51至55层 的 「 装备 叠音 」 培养 ， 穿戴 【 91阶 装备 】 即可 解锁 ， 原有 装备 亦 可 焕发 更 多 威能 。 赛季 「 天赋 」 也 将 迎来 更新 ， 助 游侠 在 新 赛季 乘风破浪 ， 所向披靡 。 更新 后 ， 「 太平武墓 流派 试练 」 蕤宾 同音 赛季 第二期 即将 开启 ， 完成 后 可 获得 【 91阶 金装 自选匣 】 等 丰厚 奖励 。 本期 将 新增 「 裂石 · 钧 」 流派 试练 ， 邀 游侠 一 试 锋芒 ！ 同时 「 流派 试炼 挑战 」 限时 开启 ， 游侠 可 前往 「 活动 太平武墓 限时 活动 」 界面 参加 挑战 。 完成 限时 挑战 任务 累积 熟练度 ， 即可 领取 【 绕梁之音 】 、 【 心法 心得 · 散本 】 、 【 长鸣玉 】 等 众多 好礼 ！ 「 止戈 」 下 半 赛季 也 将 随 本 次 更新 开启 ， 「 论 剑 」 、 「 争锋 」 、 「 演武 」 、 「 觉障林 」 将 根据 游侠 在 上 半 赛季 的 积分 进行 分段 重置 。 在 「 止戈 论 剑 」 玩法 中 ， 达到 「 无我 」 段位 的 游侠 将 不再 降级 ， 并 获得 1000 初始 「 无我 积分 」 。 原 「 论 剑 积分 」 失效 ， 后续 胜负 只 影响 「 无 我 积分 」 。 达到 「 无我 」 段位 的 游侠 ， 参与 匹配 时 将 优先 匹配 积分 相近 的 对手 ， 更 有 机会 获得 全新 徽章 奖励 —— 【 论 剑 · 登峰 】 。 在 每 期 论 剑 重置 时 ， 「 无我 」 段位 的 游侠 将 根据 当前 「 无 我 积分 」 获得 额外 的 【 侠名 】 奖励 ， 该 奖励 通过 邮件 发放 。 武道 之 路 无止境 ， 愿 游侠 在 新程 中 各 展 所长 ， 书写 新 的 江湖 传奇 ！ 更 多 内容 详情 ， 欢迎 后续 前往 游戏 内 查看 正式 公告 。 革新 之际 ， 怎 少 得 试剑 新锋 ？ 昔日 遁地 奇袭 的 煞地神 凶威 暴涨 ， 更 引动 无名 将军 战魂 苏醒 ， 合璧 组成 全新 试剑 · 5 人 镇守 ——「 煞地惊雷 」 。 此战 ， 诸位 游侠 可 敢 再 聚首 ， 合力 制敌 ？ 失心地 起 煞 黄土 障目 中 ， 煞地神 曾 以 遁地 出其不意 、 迅捷 无处 可 逃 而 令 无数 游侠 头疼 不已 。 而今 再 逢 ， 其 招数 愈发 莫测 ， 非 智巧 难以 化解 。 战幕 初 启 ， 三尊 巨石 轰然 镇场 ， 正是 煞地神 压阵 之 基 ， 亦 是 破局 之 钥 。 沙尘 漫天 ， 视野 迷蒙 ， 碎石 间 隐 有 奔雷 之 音 滚荡 ， 势 若 惊涛 ， 直 袭 游侠 ！ 若 能 巧用 身法 ， 引 其 撞击 巨岩 ， 或许 能 使 其 眩晕 受挫 ， 暂缓 攻势 。 * 预研 中 效果 ， 请 以 实际 上线 为 准 战局 愈 酣 ， 煞地神 还 会 操引 地脉 之 力 ， 频 引 「 地震 」 。 大地 剧烈 震颤 ， 黄沙 翻涌 不休 ， 唯 有 立于 巨岩 之上 方 有 一线生机 。 * 预研 中 效果 ， 请 以 实际 上线 为 准 当 战 至 终章 ， 黄沙 蔽顶 ， 碎石 尽 裂 之 时 ， 整 座 战场 隐没 于 尘土 之中 ， 在 此 千钧一发 之际 ， 游侠 更 需 洞悉 玄机 ， 绝境逢生 。 * 预研 中 效果 ， 请 以 实际 上线 为准 此 战 不可 角力 ， 而 在 借势 ， 场上 巨石 可 当 生门 ， 亦 是 死门 。 能否 借 岩 克敌 ， 于 崩裂 之间 寻觅 破局 之 道 ， 待 诸位 游侠 一 战 定夺 。 尘沙 落地 ， 试剑 之 地 深处 ， 沉沉 战鼓 再度 擂响 。 无名处 惊雷 四面 战鼓 齐震 ， 如 千声 奔雷 齐 至 ， 声声 撼人心魄 。 金甲 将影 破 开 沙雾 缓缓 而 出 ， 长戟 垂 地 ， 步履如磐 。 无名 将军 犹 存 初见 之 悍勇 ， 以 长戟 姿态 奔袭 冲锋 ， 直 取 阵眼 。 稍有 不慎 ， 必 遭 雷霆 重击 ， 退路 尽 绝 ！ * 预研 中 效果 ， 请 以 实际 上线 为 准 此战 中 ， 无名 将军 将 持续 积蓄 「 战意 」 ， 随着 「 战意 」 的 不断 提升 ， 其 招式 也 将 更加 凌厉 ， 步步 紧逼 ， 势 不可挡 ， 直至 燃 尽 依然 不休 。 * 预研 中 效果 ， 请 以 实际 上线 为 准 随着 战局 推进 ， 无名 将军 飞身 掠 至 场心 ， 长戟 一分为二 ， 以 新姿 向 场上 游侠 发起 「 决斗 」 之 邀 。 可 有人 敢 孤身 入阵 ， 独面 无名 惊雷 ， 迎战 这 如 潮 战势 ？ * 预研 中 效果 ， 请 以 实际 上线 为 准 倘若 能 在 战 中 斩空 战意 ， 无名 将军 则 会 气 竭 势 颓 ， 为 胜局 奠下 基础 。 * 预研 中 效果 ， 请 以 实际 上线 为 准 武者 决斗 之中 ， 其余 游侠 皆 不得 近身 支援 ， 唯有 击鼓 助威 ， 为 阵中 豪杰 灌注 破敌 之 意 ， 搏 得 一线转机 。 胜负 只 在 一瞬 之间 ， 谁 能 ， 独当一将 ？ * 预研 中 效果 ， 请 以 实际 上线 为准 金戈 百 战 ， 再 征 云烟 。 成功 击败 「 煞地惊雷 」 首领 的 游侠 ， 更 有 机会 获得 配饰 【 破阵戟 】 、 置景 【 消灾 祈 穰 】 等 奖励 。 * 预研 中 效果 ， 请 以 实际 上线 为准 本 次 更新 中 ， 除却 战戟 嗡鸣 ， 亦 有 山水 清韵 —— 全新 「 青山 执笔 」 武学 特效 【 清荷卷梦 】 即将 同步 上架 。 「 青山 执笔 」 武学 特效 【 清荷卷梦 】 * 预研 中 效果 ， 请 以 实际 上线 为准 啼雀呼晴 ， 云外 脉脉语 。 绿漪 田 田山 解雨 ， 荷影 清圆 ， 描风 千万 缕 。 全新 「 青山 执笔 」 武学 特效 【 清荷 卷梦 】 即将 上架 ， 后 ， 游侠 可 前往 【 和鸣商店 】 以 1 颗 「 八音窍 」 购得 。 ' ],2025-08,再启征程，「 蕤宾 同音·下」赛季即将开启
['传闻，北疆有山，山中有异兽，常于苍茫夜色中凌风驰行。（本周五），将有包括新战令套装在内的一批全新外观上线——全新套装【驰走西风】西风起，谁与我？捏脸数据来自玩家：妄上、百里星落套装以荒原异兽为灵感而设计。玄墨衣袍似猛兽夜行时的深邃身影，绒毛披挂轻拢肩臂迎风拂动，金属饰件的光泽如同冷冽月色下隐现的利齿锋芒，刚柔相济之下，浑然一派荒野之主暗夜独行的孤傲气度。下摆纹样则取自猛兽斑纹，以抽象笔触在织物上形成流动的墨韵，又显古典高雅，一如古代书画笔法——于精微处勾勒猛兽之威，在留白处传递万物之灵。*预研中画面，实际效果请以游戏为准，捏脸数据来自玩家：妄上、百里星落全新战令套装【驰走西风】即将上架并同步开放「染色」。后，游侠可通过购买战令并达到指定等级解锁，套装所含可拆分配件包括耳饰、披挂。同时，还可解锁主角头像、配饰【剔银灯】、题跋【爱莲说】、置景【碧蔓生】、环境【晴雪】等诸多外观和【袅袅之音】、【绕梁之音】、【长鸣玉】等诸多奖励。同时，购买典藏战令可额外获得精美奖励：聊天气泡【虎啸风云】和置景【绢纱宫灯】。游侠们可以自由组合配饰、置景与环境氛围道具，搭建独属于你的武侠意境！*置景【绢纱宫灯】*聊天气泡【虎啸风云】「无相金身」奇术特效【重山九叠】*预研中效果，请以实际上线为准胸次能藏大千界，登高笑看小重山。有叠嶂如屏，云岫似锦，烟霞千里色，江山四方春。此间风光好，尘俗不可扰。以山为屏，可摈退外物侵袭，得一心安宁。全新「无相金身」奇术特效【重山九叠】即将上架，后，游侠可前往【商店】以980「长鸣珠」购得。本周还将有全新「青山执笔」武学特效【清荷卷梦】即将上架，我们将在后续官方动态中为游侠们带来相关介绍。此外，为进一步优化和鸣外观品质，更好地打磨细节和表现效果，本期【和鸣-大音希声】将延长开放时间至，【和鸣商店】中套装【月中天阙】的可兑换时间将延长至。我们在此深表歉意，也会马不停蹄地持续优化，希望可以给诸位游侠带来更优质、更富有乐趣的个性化外观体验。具体详情请各位游侠留意后续官方公告~仲夏时分，也将迎来旧缘重拾之机。除了以上全新外观外，游侠们曾经错过的部分往期活跃外观将有机会再次获取啦！本周五起，游侠可以前往【商店-福利-兑换商店-不错小店】通过【不错鸟羽】进行兑换。其中，【不错鸟羽】可通过提升战令等级和战令商店限量兑换获得。同时，-在【活动-不错小店】登录，还可额外领取【不错鸟羽*5】。，【不错小店】即将上架首批返场外观，包括时装、配饰、头像、情景姿态。其中套装【小富为安】为限时返场，返场时间为-，感兴趣的游侠们不容错过~']。 —— 西风起，谁与我？全新战令套装即将上线-,《 西风 起 ， 谁 与 我 ？ 全新 战令 套装 即将 上线 》 : [ ' 传闻 ， 北疆 有 山 ， 山 中 有 异兽 ， 常 于 苍茫 夜色 中 凌风 驰行 。 （ 本周五 ） ， 将 有 包括 新 战令 套装 在内 的 一批 全新 外观 上线 —— 全新 套装 【 驰走西风 】 西风 起 ， 谁 与 我 ？ 捏脸 数据 来自 玩家 ： 妄 上 、 百里 星落 套装 以 荒原 异兽 为 灵感 而 设计 。 玄墨 衣袍 似 猛兽 夜行 时 的 深邃 身影 ， 绒毛 披挂 轻 拢 肩臂 迎风 拂动 ， 金属 饰件 的 光泽 如同 冷冽 月色 下 隐现 的 利齿 锋芒 ， 刚柔相济 之下 ， 浑然 一派 荒野 之 主 暗夜 独行 的 孤傲 气度 。 下摆 纹样 则 取自 猛兽 斑纹 ， 以 抽象 笔触 在 织物 上 形成 流动 的 墨韵 ， 又 显 古典 高雅 ， 一如 古代 书画 笔法 —— 于 精微处 勾勒 猛兽 之 威 ， 在 留白处 传递 万物之灵 。 * 预研 中 画面 ， 实际 效果 请 以 游戏 为准 ， 捏脸 数据 来自 玩家 ： 妄 上 、 百里 星落 全新 战令 套装 【 驰走西风 】 即将 上架 并 同步 开放 「 染色 」 。 后 ， 游侠 可 通过 购买 战令 并 达到 指定 等级 解锁 ， 套装 所 含 可 拆分 配件 包括 耳饰 、 披挂 。 同时 ， 还 可 解锁 主角 头像 、 配饰 【 剔银灯 】 、 题跋 【 爱莲 说 】 、 置景 【 碧蔓生 】 、 环境 【 晴雪 】 等 诸多 外观 和 【 袅袅之音 】 、 【 绕梁之音 】 、 【 长鸣玉 】 等 诸多 奖励 。 同时 ， 购买 典藏 战令 可 额外 获得 精美 奖励 ： 聊天 气泡 【 虎啸风云 】 和 置景 【 绢纱 宫灯 】 。 游侠 们 可以 自由 组合 配饰 、 置景 与 环境 氛围 道具 ， 搭建 独 属于 你 的 武侠 意境 ！ * 置景 【 绢纱 宫灯 】 * 聊天 气泡 【 虎啸风云 】 「 无相金身 」 奇术 特效 【 重山九叠 】 * 预研 中 效果 ， 请 以 实际 上线 为 准 胸次 能 藏 大千界 ， 登高 笑 看 小 重山 。 有 叠嶂 如 屏 ， 云岫 似锦 ， 烟霞 千里 色 ， 江山 四方 春 。 此间 风光 好 ， 尘俗 不可 扰 。 以 山 为 屏 ， 可 摈退 外物 侵袭 ， 得 一心 安宁 。 全新 「 无相金身 」 奇术 特效 【 重山九叠 】 即将 上架 ， 后 ， 游侠 可 前往 【 商店 】 以 980 「 长鸣珠 」 购得 。 本周 还 将 有 全新 「 青山 执笔 」 武学 特效 【 清荷卷梦 】 即将 上架 ， 我们 将 在 后续 官方 动态 中 为 游侠 们 带来 相关 介绍 。 此外 ， 为 进一步 优化 和鸣 外观 品质 ， 更 好 地 打磨 细节 和 表现 效果 ， 本 期 【 和鸣 大音希声 】 将 延长 开放 时间 至 ， 【 和鸣商店 】 中 套装 【 月中天阙 】 的 可 兑换 时间 将 延长 至 。 我们 在此 深表 歉意 ， 也 会 马不停蹄 地 持续 优化 ， 希望 可以 给 诸位 游侠 带来 更 优质 、 更 富有 乐趣 的 个性化 外观 体验 。 具体 详情 请 各位 游侠 留意 后续 官方 公告 ~ 仲夏 时分 ， 也 将 迎来 旧缘 重拾 之 机 。 除了 以上 全新 外观 外 ， 游侠 们 曾经 错过 的 部分 往期 活跃 外观 将 有 机会 再次 获取 啦 ！ 本周五 起 ， 游侠 可以 前往 【 商店 福利 兑换 商店 不错 小店 】 通过 【 不错 鸟羽 】 进行 兑换 。 其中 ， 【 不错 鸟羽 】 可 通过 提升 战令 等级 和 战令 商店 限量 兑换 获得 。 同时 ， 在 【 活动 不错 小店 】 登录 ， 还 可 额外 领取 【 不错 鸟羽 * 5 】 。 ， 【 不错 小店 】 即将 上架 首批 返场 外观 ， 包括 时装 、 配饰 、 头像 、 情景 姿态 。 其中 套装 【 小富为安 】 为 限时 返场 ， 返场 时间 为 ， 感兴趣 的 游侠 们 不容 错过 ~ ' ],2025-08,西风起，谁与我？全新战令套装即将上线
['暑气正盛，江湖更兴！新版本中诸多新内容登场，江湖气象在蝉鸣中推新迭变。游侠们或分享攻略，或记录奇遇，光影交织而成新一期「侠影众声集」。今日且随侠迹，共探江湖新声！来源：赫小良武道求索，心魔难破。在全新上线的pve玩法「武道心宫」中，游侠需直面层层挑战，携手同道共闯迷障。环境诡谲多变，强敌环伺而出。幸有侠者先行探路，带回一份开荒避坑指南——来源：键盘啊键盘，辛苦自行前往查看。玩家投稿内容不代表任何官方立场观点才离「武道心宫」之磨砺，又逢全新镇守布下试炼之局，静待游侠一较高下。在试炼模式中，「鬼神愁」难度稍有差池便功亏一篑。不过，江湖无绝路，死局之上也有游侠巧思，觅得破局之法：来源：藏枫（燕云手机无伤版），辛苦自行前往查看。玩家投稿内容不代表任何官方立场观点愿此攻略助诸位游侠皆能披荆斩棘！欲克强敌，怎能少得了一把神兵傍身？承载盛唐气象的新武器「唐横刀」现世，其独门武学「斩雪刀法」与陌刀新武学「十方破阵」登场，组成全新流派「裂石·钧」。如此惊鸿，立刻引得各路游侠争相试刃！已有精通刀术的游侠整理出武学心得，助各位参悟！横刀陌刀从入门到精通保姆级教学！心法/输出/手法全解析【燕云十六声】7.9万观看161弹幕玩家投稿内容不代表任何官方立场观点刀法既悟，英姿怎甘寂寥？且看游侠试刀时的飒爽英姿——惊鸿映雪，逆风抽刃，千秋意气，尽凝刀尖锋芒！来源：月影挂梢头来源：枕雨yu来源：路遥(沉迷燕云版)当刀光渐隐，行走江湖的“门面”正悄然生变！个人主页「跃然模式」开放，游侠生平跃然屏上。不少游侠巧思迭出，已经打造出了风格迥异的亮眼名片，且来随我一观！来源：月凝卿来源：西西弗的美丽心心传说来源：好离谱鸭不止主页风彩夺目，还有全新功能「多人合影」上线，待群侠共影！不少游侠已经召集起亲友，定格下笑语欢颜和桃源盛景。来源：袅袅不是枭枭来源：逐云野（燕云📸版）庭院之中落英缤纷，全新功能已见巧思。若说此是江湖中的“静”，那与之相映成辉的便是游侠们的华服竞艳，锦衣染韵！此前更新中，【将星入命】【天上白玉京】【南风熏】【鲤传尺素】、全新发型【芙蓉泣露】、【我自擎天】、全新弓箭外观【凤凰于飞】等众多外观、套装惊艳上线。一身装束，正是游侠行走江湖的另一张名片。伴随着染色功能的同步开启，不少游侠大展身手染就万千风华，让我们一睹ta们的绝妙风姿！来源：miss柒（燕瘾中）来源：姜半夏（燕云十六声）来源：愿为云和雨、游星衍共创来源：小栗子（燕云十六声版）来源：祁霖（燕云十六声）来源：办办来源：方衾寒💫来源：九九真没睡醒诸位游侠的寸寸光影，笔笔巧思，终汇成这盛夏的枝繁叶茂。后续，我们将持续关注收集大家在游戏内外、各个平台的分享，并在「侠影众声集」的官方栏目中呈现给更多游侠。何其有幸，与诸位共赏四海侠影！以上作品征用及署名皆已征得玩家同意。']。 —— 侠影众声集|江湖新风，与诸位游侠共赏-,《 侠影 众 声 集 | 江湖 新风 ， 与 诸位 游侠 共 赏 》 : [ ' 暑气 正 盛 ， 江湖 更 兴 ！ 新版本 中 诸多 新 内容 登场 ， 江湖 气象 在 蝉鸣 中 推 新 迭 变 。 游侠 们 或 分享 攻略 ， 或 记录 奇遇 ， 光影 交织 而 成 新 一 期 「 侠影众声集 」 。 今日 且 随 侠迹 ， 共 探 江湖 新声 ！ 来源 ： 赫小良 武道 求索 ， 心魔 难 破 。 在 全新 上线 的 pve 玩法 「 武道心宫 」 中 ， 游侠 需 直面 层层 挑战 ， 携手 同道 共 闯 迷障 。 环境 诡谲 多变 ， 强敌 环伺 而 出 。 幸 有 侠者 先行 探路 ， 带 回 一 份 开荒 避 坑 指南 —— 来源 ： 键盘 啊 键盘 ， 辛苦 自行 前往 查看 。 玩家 投稿 内容 不 代表 任何 官方 立场 观点 才 离 「 武道心宫 」 之 磨砺 ， 又 逢 全新 镇守 布 下 试炼 之 局 ， 静待 游侠 一较高下 。 在 试炼 模式 中 ， 「 鬼神愁 」 难度 稍有 差池 便 功亏一篑 。 不过 ， 江湖 无 绝路 ， 死局 之上 也 有 游侠 巧思 ， 觅得 破局 之 法 ： 来源 ： 藏枫 （ 燕云 手机 无伤版 ） ， 辛苦 自行 前往 查看 。 玩家 投稿 内容 不 代表 任何 官方 立场 观点 愿 此 攻略 助 诸位 游侠 皆 能 披荆斩棘 ！ 欲 克 强敌 ， 怎 能 少 得 了 一 把 神兵 傍身 ？ 承载 盛唐 气象 的 新 武器 「 唐横刀 」 现世 ， 其 独门 武学 「 斩雪 刀法 」 与 陌刀 新 武学 「 十方破阵 」 登场 ， 组成 全新 流派 「 裂石 · 钧 」 。 如此 惊鸿 ， 立刻 引得 各 路 游侠 争相 试刃 ！ 已 有 精通 刀术 的 游侠 整理 出 武学 心得 ， 助 各位 参悟 ！ 横刀 陌刀 从 入门 到 精通 保姆级 教学 ！ 心法 / 输出 / 手法 全 解析 【 燕云十六声 】 7.9万 观看 161 弹幕 玩家 投稿 内容 不 代表 任何 官方 立场 观点 刀法 既 悟 ， 英姿 怎 甘 寂寥 ？ 且 看 游侠 试 刀 时 的 飒爽 英姿 —— 惊鸿 映 雪 ， 逆风 抽刃 ， 千秋 意气 ， 尽 凝 刀尖 锋芒 ！ 来源 ： 月影 挂 梢头 来源 ： 枕 雨 yu 来源 ： 路遥 ( 沉迷 燕云 版 ) 当 刀光 渐 隐 ， 行走 江湖 的 “ 门面 ” 正 悄然 生变 ！ 个人 主页 「 跃然 模式 」 开放 ， 游侠 生平 跃然 屏 上 。 不少 游侠 巧思 迭出 ， 已经 打造 出 了 风格 迥异 的 亮眼 名片 ， 且 来 随 我 一 观 ！ 来源 ： 月凝卿 来源 ： 西西弗 的 美丽 心心 传说 来源 ： 好 离谱 鸭 不止 主页 风彩夺目 ， 还有 全新 功能 「 多 人 合影 」 上线 ， 待 群侠 共 影 ！ 不少 游侠 已经 召集 起 亲友 ， 定格 下 笑语 欢颜 和 桃源 盛景 。 来源 ： 袅袅 不是 枭枭 来源 ： 逐云野 （ 燕 云 📸 版 ） 庭院 之中 落英 缤纷 ， 全新 功能 已 见 巧思 。 若 说 此 是 江湖 中 的 “ 静 ” ， 那 与 之 相映成辉 的 便是 游侠 们 的 华服 竞艳 ， 锦衣 染韵 ！ 此前 更新 中 ， 【 将星入命 】 【 天上 白玉京 】 【 南风熏 】 【 鲤传尺素 】 、 全新 发型 【 芙蓉泣露 】 、 【 我自擎天 】 、 全新 弓箭 外观 【 凤凰于飞 】 等 众多 外观 、 套装 惊艳 上线 。 一身 装束 ， 正是 游侠 行走 江湖 的 另 一 张 名片 。 伴随 着 染色 功能 的 同步 开启 ， 不少 游侠 大 展 身手 染 就 万千 风华 ， 让 我们 一 睹 ta 们 的 绝妙 风姿 ！ 来源 ： miss 柒 （ 燕瘾 中 ） 来源 ： 姜半夏 （ 燕云十六声 ） 来源 ： 愿 为 云 和 雨 、 游星衍 共 创 来源 ： 小 栗子 （ 燕云十六声 版 ） 来源 ： 祁霖 （ 燕云十六声 ） 来源 ： 办办 来源 ： 方衾 寒💫 来源 ： 九九 真 没 睡醒 诸位 游侠 的 寸寸 光影 ， 笔笔 巧思 ， 终 汇 成 这 盛夏 的 枝繁叶茂 。 后续 ， 我们 将 持续 关注 收集 大家 在 游戏 内外 、 各个 平台 的 分享 ， 并 在 「 侠影众声集 」 的 官方 栏目 中 呈现 给 更 多 游侠 。 何其 有幸 ， 与 诸位 共 赏 四海 侠影 ！ 以上 作品 征用 及 署名 皆 已 征得 玩家 同意 。 ' ],2025-08,侠影众声集 | 江湖新风，与诸位游侠共赏
['少东家们好，我是家业系统相关的策划负责人。家业玩法上线的这一周以来，出现了不少体验和优化上的问题。在大家的关注、期待和讨论中，家业没能成为“别人家的孩子”，却成了这个家里让大家最操心的“熊孩子”，我们抱歉又惭愧。这些天里，除了抓紧推进各种修复和优化，我们也在密切地整理和吸收着大家在各个平台的建议。关于家业，除了玩法设计和交互体验，也关于寄托和情感。在大家字字热切的反馈中，我们看到了“家”该有的模样，也明确了“熊孩子”接下来该如何成长。回到清河和不羡仙，回到“家业”的起点，抛却没用的经验，此刻我们更加笃定：关于燕云的家，这场真正的“重建”，一定是和少东家们一起！接下来，我们将对家业的体验和设计进行“全面重建”，包括但不限于：·对重建不羡仙的过程和情感体验进行全面重做与优化。相关剧情表现如重建动机、少东家的身份处理等会进行重新梳理，使其更为合理；重建家园也不再是一朝一夕立刻完成，而是与故土乡亲共同努力下的旅程。重建过程中不羡仙的场景、村民的表现及与少东家的关系将会随着少东家的努力逐渐变化，以塑造更合理的感受和更沉浸的体验。新内容实装后，已经体验旧家业重建任务的少东家可在不影响当前家业等级和全部权益的基础上重新体验新的家业重建过程；未体验旧家业的少东家则可以直接体验新内容。在新内容实装前，我们也将为少东家提供便捷选项，可以随时切换到重建前的不羡仙场景，甚至将不羡仙彻底回退至开启家业玩法前的状态，以满足部分少东家不愿打扰当前不羡仙生活的愿望。·新增独立位面场景，便于少东家在不打扰当下不羡仙生活的同时，进行不受影响的自由建造。并且场景会在未来提供不同的风格，如清河自然风光、开封市井小巷等。同时，我们也将每天每周，持续对当前家业玩法中的基础体验问题进行优化改善：·全面提升建造体验，修复建造过程中无法对准、视角体验不佳、组件吸附、套用图纸难以使用等问题；·优化现有经营生产过程中交互困难、信息不足、引导缺失的问题，并在未来拓展更丰富种类的经营玩法；·完善家园内庄客的行为表现，解决如动作与人设不匹配、行为表现不完整等问题。后续拓展更多样的庄客行为，例如引入庄客之间对话、庄客小剧场故事等等；·优化农耕种植过程中的玩法体验。解决种植奇术使用过程中的卡点问题，并优化不同平台少东家使用种植奇术的体验。未来会增加更多作物，以及配套的作物玩法。截至，有以下优化内容已经完成，正在陆续进行实装——1、扩大了种植过程中奇术的生效范围。2、优化了进入农田时精元不足的问题，现在进入农田会回复精元方便少东家使用奇术。3、优化了种植的相关引导，并优化了部分奇术的功能表现。4、修复部分植物模型大小等显示问题，以及和正常进度条重叠的问题。5、修复了移动端播种/施肥模式下，界面重叠问题，以及移动端有时种植奇术面板显示异常问题。6、修复了在删掉农田产业后，放新的农田产业会提示无法放置的问题。1、修复了主界面上，篇章目标、产业、庄客等界面有概率红点显示异常问题。2、修复了烹饪、备席界面，未能在道具浮窗上提前看到菜品所需材料的问题；优化了烹饪、备席等列表中，选择对应道具的规则；优化了生产队列显示单位异常的问题。3、修复了家业升级界面，预览家业升级后效果的数据显示异常的问题。4、优化了部分土特产要求的采集等级偏高的问题。5、修复了有概率今日热卖不显示角标的问题。6、修复了生产队列，在离线后生产异常的问题。1、修复了游戏重新登录后有概率放置的组件会消失的问题。2、修复了产业升级后有概率套用图纸失败的问题。3、修复了壁挂灯提供的繁荣度错误的问题。4、修复了在建设家业后，导致剧情动画回溯中，场景显示异常的问题。1、修复了部分npc追踪后无法找到npc或npc消失的问题；修复了部分npc无法成功招募进入家园的问题。2、优化庄客管理界面显示异常的问题；修复在住宅、松鹤居的派遣异常问题。3、修复了npc在培养界面的展示、模型异常问题；修复了npc在场景中的展示异常问题。4、修复了npc的技能经验增长异常问题；庄客招募侧页新增初始技能显示。1、修复了引导任务流程中，放置组件后，在重新登录后组件有概率不显示的问题。2、修复了部分村民、物件在重建后的位置错误的问题。还有很多细节优化未能在此一一列举，更详细的内容会在下次维护公告中列出，欢迎各位少东家持续反馈与监督！家业的初衷之一，是让少东家们“当家作主”，也想和少东家一起，看到彼此身影，听到更多声音。为此，我们计划在（下周日）于长沙举办游侠研讨会，邀请一批游侠来到线下，主创团队将和大家进行坦率、真诚的交流。无论是对当前游戏体验的建议，还是对后续内容的期望，都可以畅所欲言。若不方便到场，也欢迎通过游戏内问卷向我们多多建言，我们会认真阅读每一条反馈。本次研讨会的招募将通过下方二维码问卷进行，有兴趣的游侠可以前往留下报名信息与联系方式。若确认入选邀请名单，我们预计将在（下周五）之前与您确认信息。未来我们还会前往更多的城市，更深入地倾听更多游侠的声音！家，永远是头等大事。有很多事情，要继续立刻马上去做。也期待下次交流，能为少东家们带来关于家业的好消息。']。 —— 策划来信丨真正的“重建”，是和少东家们一起-,《 策划 来信 丨 真正 的 “ 重建 ” ， 是 和 少东家们 一起 》 : [ ' 少东家 们 好 ， 我 是 家业 系统 相关 的 策划 负责人 。 家业 玩法 上线 的 这 一周 以来 ， 出现 了 不少 体验 和 优化 上 的 问题 。 在 大家 的 关注 、 期待 和 讨论 中 ， 家业 没 能 成为 “ 别人 家 的 孩子 ” ， 却 成 了 这个 家里 让 大家 最 操心 的 “ 熊孩子 ” ， 我们 抱歉 又 惭愧 。 这些 天 里 ， 除了 抓紧 推进 各种 修复 和 优化 ， 我们 也 在 密切 地 整理 和 吸收 着 大家 在 各个 平台 的 建议 。 关于 家业 ， 除了 玩法 设计 和 交互 体验 ， 也 关于 寄托 和 情感 。 在 大家 字字 热切 的 反馈 中 ， 我们 看到 了 “ 家 ” 该 有 的 模样 ， 也 明确 了 “ 熊孩子 ” 接下来 该 如何 成长 。 回到 清河 和 不羡仙 ， 回到 “ 家业 ” 的 起点 ， 抛却 没用 的 经验 ， 此刻 我们 更加 笃定 ： 关于 燕云 的 家 ， 这 场 真正 的 “ 重建 ” ， 一定 是 和 少东家 们 一起 ！ 接下来 ， 我们 将 对 家业 的 体验 和 设计 进行 “ 全面 重建 ” ， 包括 但 不 限于 ： · 对 重建 不羡仙 的 过程 和 情感 体验 进行 全面 重做 与 优化 。 相关 剧情 表现 如 重建 动机 、 少东家 的 身份 处理 等 会 进行 重新 梳理 ， 使 其 更为 合理 ； 重建 家园 也 不再 是 一朝一夕 立刻 完成 ， 而是 与 故土 乡亲 共同 努力 下 的 旅程 。 重建 过程 中 不羡仙 的 场景 、 村民 的 表现 及 与 少东家 的 关系 将 会 随着 少东家 的 努力 逐渐 变化 ， 以 塑造 更 合理 的 感受 和 更 沉浸 的 体验 。 新 内容 实装 后 ， 已经 体验 旧 家业 重建 任务 的 少东家 可 在 不 影响 当前 家业 等级 和 全部 权益 的 基础 上 重新 体验 新 的 家业 重建 过程 ； 未 体验 旧 家业 的 少东家 则 可以 直接 体验 新 内容 。 在 新 内容 实装 前 ， 我们 也 将 为 少东家 提供 便捷 选项 ， 可以 随时 切换 到 重建 前 的 不羡仙 场景 ， 甚至 将 不羡仙 彻底 回退 至 开启 家业 玩法 前 的 状态 ， 以 满足 部分 少东家 不愿 打扰 当前 不羡仙 生活 的 愿望 。 · 新增 独立 位面 场景 ， 便于 少东家 在 不 打扰 当下 不羡仙 生活 的 同时 ， 进行 不 受 影响 的 自由 建造 。 并且 场景 会 在 未来 提供 不同 的 风格 ， 如 清河 自然 风光 、 开封 市井小巷 等 。 同时 ， 我们 也 将 每天 每周 ， 持续 对 当前 家业 玩法 中 的 基础 体验 问题 进行 优化 改善 ： · 全面 提升 建造 体验 ， 修复 建造 过程 中 无法 对准 、 视角 体验 不佳 、 组件 吸附 、 套用 图纸 难以 使用 等 问题 ； · 优化 现有 经营 生产 过程 中 交互 困难 、 信息 不足 、 引导 缺失 的 问题 ， 并 在 未来 拓展 更 丰富 种类 的 经营 玩法 ； · 完善 家园 内 庄客 的 行为 表现 ， 解决 如 动作 与 人 设 不 匹配 、 行为 表现 不 完整 等 问题 。 后续 拓展 更 多样 的 庄客 行为 ， 例如 引入 庄客 之间 对话 、 庄客 小 剧场 故事 等等 ； · 优化 农耕 种植 过程 中 的 玩法 体验 。 解决 种植 奇术 使用 过程 中 的 卡点 问题 ， 并 优化 不同 平台 少东家 使用 种植 奇术 的 体验 。 未来 会 增加 更 多 作物 ， 以及 配套 的 作物 玩法 。 截至 ， 有 以下 优化 内容 已经 完成 ， 正在 陆续 进行 实装 —— 1 、 扩大 了 种植 过程 中 奇术 的 生效 范围 。 2 、 优化 了 进入 农田 时 精元 不足 的 问题 ， 现在 进入 农田 会 回复 精元 方便 少东家 使用 奇术 。 3 、 优化 了 种植 的 相关 引导 ， 并 优化 了 部分 奇术 的 功能 表现 。 4 、 修复 部分 植物 模型 大小 等 显示 问题 ， 以及 和 正常 进度 条 重叠 的 问题 。 5 、 修复 了 移动端 播种 / 施肥 模式 下 ， 界面 重叠 问题 ， 以及 移动端 有时 种植 奇术 面板 显示 异常 问题 。 6 、 修复 了 在 删掉 农田 产业 后 ， 放 新 的 农田 产业 会 提示 无法 放置 的 问题 。 1 、 修复 了 主 界面 上 ， 篇章 目标 、 产业 、 庄客 等 界面 有 概率 红点 显示 异常 问题 。 2 、 修复 了 烹饪 、 备席 界面 ， 未能 在 道具 浮窗 上 提前 看到 菜品 所 需 材料 的 问题 ； 优化 了 烹饪 、 备席 等 列表 中 ， 选择 对应 道具 的 规则 ； 优化 了 生产 队列 显示 单位 异常 的 问题 。 3 、 修复 了 家业 升级 界面 ， 预览 家业 升级 后 效果 的 数据 显示 异常 的 问题 。 4 、 优化 了 部分 土特产 要求 的 采集 等级 偏 高 的 问题 。 5 、 修复 了 有 概率 今日 热卖 不 显示 角标 的 问题 。 6 、 修复 了 生产 队列 ， 在 离线 后 生产 异常 的 问题 。 1 、 修复 了 游戏 重新 登录 后 有 概率 放置 的 组件 会 消失 的 问题 。 2 、 修复 了 产业 升级 后 有 概率 套用 图纸 失败 的 问题 。 3 、 修复 了 壁挂灯 提供 的 繁荣度 错误 的 问题 。 4 、 修复 了 在 建设 家业 后 ， 导致 剧情 动画 回溯 中 ， 场景 显示 异常 的 问题 。 1 、 修复 了 部分 npc 追踪 后 无法 找到 npc 或 npc 消失 的 问题 ； 修复 了 部分 npc 无法 成功 招募 进入 家园 的 问题 。 2 、 优化 庄客 管理 界面 显示 异常 的 问题 ； 修复 在 住宅 、 松鹤居 的 派遣 异常 问题 。 3 、 修复 了 npc 在 培养 界面 的 展示 、 模型 异常 问题 ； 修复 了 npc 在 场景 中 的 展示 异常 问题 。 4 、 修复 了 npc 的 技能 经验 增长 异常 问题 ； 庄客 招募 侧页 新增 初始 技能 显示 。 1 、 修复 了 引导 任务 流程 中 ， 放置 组件 后 ， 在 重新 登录 后 组件 有 概率 不 显示 的 问题 。 2 、 修复 了 部分 村民 、 物件 在 重建 后 的 位置 错误 的 问题 。 还有 很多 细节 优化 未能 在此 一一 列举 ， 更 详细 的 内容 会 在 下次 维护 公告 中 列出 ， 欢迎 各位 少东家 持续 反馈 与 监督 ！ 家业 的 初衷 之一 ， 是 让 少东家 们 “ 当家作主 ” ， 也 想 和 少东家 一起 ， 看到 彼此 身影 ， 听到 更 多 声音 。 为此 ， 我们 计划 在 （ 下周日 ） 于 长沙 举办 游侠 研讨会 ， 邀请 一批 游侠 来到 线下 ， 主创 团队 将 和 大家 进行 坦率 、 真诚 的 交流 。 无论是 对 当前 游戏 体验 的 建议 ， 还是 对 后续 内容 的 期望 ， 都 可以 畅所欲言 。 若 不 方便 到场 ， 也 欢迎 通过 游戏 内 问卷 向 我们 多多 建言 ， 我们 会 认真 阅读 每 一 条 反馈 。 本 次 研讨会 的 招募 将 通过 下方 二维码 问卷 进行 ， 有 兴趣 的 游侠 可以 前往 留下 报名 信息 与 联系 方式 。 若 确认 入选 邀请 名单 ， 我们 预计 将 在 （ 下周五 ） 之前 与 您 确认 信息 。 未来 我们 还 会 前往 更 多 的 城市 ， 更 深入 地 倾听 更 多 游侠 的 声音 ！ 家 ， 永远 是 头等 大事 。 有 很多 事情 ， 要 继续 立刻 马上 去 做 。 也 期待 下次 交流 ， 能 为 少东家 们 带来 关于 家业 的 好消息 。 ' ],2025-08,策划来信丨真正的“重建”，是和少东家们一起
['闻风而动者，何也？是环首刀在凛冽朔风中铮铮作啸，是安西孤军不屈的战吼在旷野回响，是千锤百锻的金铁铮鸣，至今仍在刀脊低吟。新武器唐横刀现已登场，其形制参考剑南道出土的环首刀实物。劈、斩、撩、刺如雷霆乍现，点、扎、扫、盖、挑似疾风骤雨。手持唐横刀，锐意铁血自千年前的沙场穿梭而来。侠气出鞘快若惊鸿，破甲摧锋锐不可当！这铁血荣光的化身，携「裂石·钧」之威，破空而至！此刃锋芒内敛，招式干练凌厉，见招拆招，将卸势反击与洪潮般倾泻的攻势融于一体。我们也有幸与知名演员、影后惠英红老师携手合作，带来唐横刀短片《鸣刀问心》。她将作为燕云武学宗师，为大家呈现唐横刀武学的独特魅力，并将这把英雄之刃交付游侠之手。伴随寒光绽放、刀鸣回响，她的身影也与一段关于传承和守护的江湖故事重叠。锋刃出鞘，见证各位游侠的武者之心！鸣刀问心丨惠英红手持唐横刀，锋刃出鞘与游侠江湖相会！113.6万观看477弹幕心念通达，也需技法傍身。今日奉上唐横刀及「裂石·钧」流派操演要诀，助各位游侠执此寒锋，破阵江湖！昔日沙场，卸势一式常被视作无奈的格挡，而如今握起唐横刀，这一步转为了破局的主动进攻！刀身轻巧，单双手随心切换，动作流畅如行云流水。唐横刀的锋芒在于以巧破力：以卸势反击为基础，招式派生，连招循环，让每一次与敌手的交锋都充满快意与博弈。重击派生-拨雪寻春游侠们需看准首领的招式节奏，在千钧一发之际卸势（顺刀格挡），随即可承接不同的攻击方式，打出不同效果：·卸势后轻击反打，暗蓄“刀势”，为下一击蓄势。·卸势后重击缠头斩，短时可断敌人招数，扭转局势。·使用特殊技，消耗刀势，寒光连闪，多段伤害，残血之际一剑封喉。特殊技-飞鸿踏雪更有「特殊技-飞鸿踏雪」对首领施加独特的“胆寒”状态，创造足够的输出窗口。找准时机，攻防转换，畅快连招，决胜战局。既晓其魂，当明其用！武学搭配：一曰「斩雪刀法」，刀寒如雪，贴身连斩；二曰「十方破阵」，可唤安西铁军助阵。二者配合，相得益彰。·若逢镇守挑战，可卸势积能，爆发制胜连招推荐：以「十方破阵」的特殊技「唤千军」起手，获得「铁衣戎魂」效果。使用「斩雪刀法」的特殊技「飞鸿踏雪」提供「热血难凉」效果，然后依次使用「斩雪刀法」的武学技「白刃杀将」和「十方破阵」的蓄力技「焚此心」。在「热血难凉」效果结束后，使用易武技切换至「斩雪刀法」，并交替使用重击派生技「拨雪寻春」与轻击蓄力技「冢上霜」进行持续输出。首领挑战连招·若逢止戈竞技，可近身强攻，灵活制敌连招推荐：以「十方破阵」的特殊技「唤千军」起手，获得「铁衣戎魂」效果，使用武学技「燃此魂」快速近身并释放「荡八荒·极」，接着使用易武技切换至「斩雪刀法」，随后交替使用重击派生技「拨雪寻春」与轻击蓄力技「冢上霜」，最后使用特殊技「飞鸿踏雪」与武学技「白刃杀将」结束连招。止戈竞技连招欲将唐横刀和「裂石·钧」流派之威发挥到位，需搭配合适的心法、奇术及装备。今取江湖密笺，助各位游侠铸就真正的“裂石”之力。·心法选择推荐：横刀挥动，其韵自成，在心法选择上，游侠们可以优先考虑以下心法——○「易水歌」：提供外功穿透和增伤，突破后提升外功攻击和直接会心率，结合唐横刀迅猛攻势保持高叠层战斗。○「霜天白夜」：可主动触发核心技「拨雪寻春」快速斩击，主动进攻手段不再局限于卸势反击，衍生各式行云流水连招，并附带强韧之效。○「穿喉决」：轻重击派生，层层递进叠加穿喉效果，无视敌方部分外功抗性且提升会心伤害。同时，在止戈竞技场景中，可考虑携带「怒斩马」「婆娑影」等心法，强化竞技较量的战斗灵活性。在首领挑战场景中，以唐横刀、陌刀双武学输出的游侠的游侠还建议携带心法「孤忠不辞」，而以唐横刀为主输出则可考虑携带「断石之构」「极乐泣血」「征人归」「明晦同尘」等心法，进一步提升伤害上限。而在百业战、武道心宫、多人止戈等多人战斗场景中，则可考虑携带心法「燎原踏」。身负强韧之时，攻势如野火燎原，亦可提供减伤和恢复，在战场中越战越勇！·奇术选择推荐：在止戈竞技中，诸位游侠可考虑携带以下奇术——○“火拳组合”：结合奇术「神龙吐火」和「太白醉月」，用以打出相对可观的真气和气血伤害，并保持自身强韧状态。○「骑龙回马」：机动性与输出并重，精元消耗低，适合衔接各种连招手法。○「自在无碍」：用以穿插连招，第一击击飞目标后，可以稳定进入横刀高伤害的蓄力连段，于止戈竞技中丰富连招手段。在首领挑战中，诸位游侠则可考虑携带以下奇术——「萧吟千浪」：入战前和战斗中皆可释放，于四周形成声漪进行音律攻击，持续增伤并造成伤害。○「骑龙回马」/「神龙吐火」：两种奇术皆可考虑，在唐横刀轻重击连招循环穿插释放，有效补充伤害。·套装选择推荐：○「断岳」套装：断岳之器，专为轻重派生技而铸。卸势一现，套装共鸣即起，与派生技节奏丝丝相扣，自然融入新流派战斗连招。○「玄甲」套装：玄甲之铠，借「裂石·钧」之强韧而生辉。强韧覆体之时，甲胄加护，敌刃难透，可配合陌刀武学技在多人战场中陷阵冲锋。○装备调律词条建议：优先选择敏、劲、会心率、精准率、最大外功攻击、最小外功攻击、最大裂石攻击、最小裂石攻击。磨砺霜刃，愈战愈勇，每一次刀锋交错的啼鸣，皆为来自更远江湖的回声。自唐横刀及「裂石·钧」流派上线以来，我们一直在密切关注各位游侠的反馈和建议。针对大家在使用中反馈较多的体验不佳之处，如输出强度、操作循环、技能打断优先级等内容，我们都在快马加鞭地研讨和调整中，并在即将到来的新版本中上线各流派的体验优化内容。同时，针对游侠们希望优化流派培养和切换的建议，我们也将于同步开放以下功能优化——除了先前策划答疑预告过的普通定音与止戈定音切换、同品质不同类型心法互转功能，还将新增历史定音储存和切换功能，单件装备更新后被替换的定音会储存，花费少量长鸣玉即可切换生效。希望可以帮助各位游侠更好地体验不同武学流派的魅力。在即将到来的「蕤宾同音·下」赛季中，「太平武墓」也将迎来全新的裂石·钧流派试炼，各位游侠尽可大展身手！也再次感激每一位游侠一直以来的支持与反馈，我们会持续收集大家的建议，努力做好优化，和诸位一同走向更远更广阔的江湖。']。 —— 影后惠英红手持唐横刀，锋刃出鞘与游侠江湖相会！-,《 影后 惠英红 手持 唐横刀 ， 锋刃 出鞘 与 游侠 江湖 相会 ！ 》 : [ ' 闻风而动者 ， 何 也 ？ 是 环首刀 在 凛冽 朔风 中 铮铮 作啸 ， 是 安西 孤军不屈 的 战吼 在 旷野 回响 ， 是 千 锤 百 锻 的 金铁 铮鸣 ， 至今 仍 在 刀脊 低吟 。 新 武器 唐横刀 现 已 登场 ， 其 形制 参考 剑南道 出土 的 环首刀 实物 。 劈 、 斩 、 撩 、 刺 如 雷霆 乍现 ， 点 、 扎 、 扫 、 盖 、 挑 似 疾风骤雨 。 手 持 唐横刀 ， 锐意 铁血 自 千年 前 的 沙场 穿梭 而 来 。 侠气 出 鞘 快 若 惊鸿 ， 破甲摧锋 锐不可当 ！ 这 铁血 荣光 的 化身 ， 携 「 裂石 · 钧 」 之 威 ， 破 空 而 至 ！ 此 刃 锋芒 内敛 ， 招式 干练 凌厉 ， 见招 拆招 ， 将 卸势 反击 与 洪潮 般 倾泻 的 攻势 融 于 一体 。 我们 也 有幸 与 知名 演员 、 影后 惠英红 老师 携手 合作 ， 带来 唐横刀 短片 《 鸣刀问心 》 。 她 将 作为 燕云 武学 宗师 ， 为 大家 呈现 唐横刀 武学 的 独特 魅力 ， 并 将 这 把 英雄 之 刃 交付 游侠 之 手 。 伴随 寒光 绽放 、 刀鸣 回响 ， 她 的 身影 也 与 一段 关于 传承 和 守护 的 江湖 故事 重叠 。 锋刃 出 鞘 ， 见证 各位 游侠 的 武者 之 心 ！ 鸣刀问心 丨 惠英红 手持 唐横刀 ， 锋刃 出鞘 与 游侠 江湖 相会 ！ 113.6万 观看 477 弹幕 心念 通达 ， 也 需 技法 傍身 。 今日 奉 上 唐横刀 及 「 裂石 · 钧 」 流派 操演 要诀 ， 助 各位 游侠 执 此 寒锋 ， 破阵 江湖 ！ 昔日 沙场 ， 卸势 一 式 常 被 视作 无奈 的 格挡 ， 而 如今 握 起 唐横刀 ， 这 一 步 转为 了 破局 的 主动 进攻 ！ 刀身 轻巧 ， 单 双手 随心 切换 ， 动作 流畅 如 行云流水 。 唐横刀 的 锋芒 在于 以 巧破力 ： 以 卸势 反击 为 基础 ， 招式 派生 ， 连招 循环 ， 让 每 一次 与 敌手 的 交锋 都 充满 快意 与 博弈 。 重击 派生 拨 雪 寻春 游侠 们 需 看 准 首领 的 招式 节奏 ， 在 千钧一发 之际 卸势 （ 顺刀 格挡 ） ， 随即 可 承接 不同 的 攻击 方式 ， 打出 不同 效果 ： · 卸势 后 轻击 反打 ， 暗 蓄 “ 刀势 ” ， 为 下 一 击 蓄势 。 · 卸势 后 重击 缠 头 斩 ， 短时 可 断 敌人 招数 ， 扭转 局势 。 · 使用 特殊技 ， 消耗 刀势 ， 寒光 连闪 ， 多 段 伤害 ， 残血 之际 一 剑 封喉 。 特殊技 飞鸿踏雪 更 有 「 特殊技 飞鸿踏雪 」 对 首领 施加 独特 的 “ 胆寒 ” 状态 ， 创造 足够 的 输出 窗口 。 找 准 时机 ， 攻防 转换 ， 畅快 连招 ， 决胜 战局 。 既 晓 其 魂 ， 当 明 其 用 ！ 武学 搭配 ： 一 曰 「 斩雪 刀法 」 ， 刀寒 如 雪 ， 贴身 连 斩 ； 二 曰 「 十方破阵 」 ， 可 唤 安西 铁军 助阵 。 二者 配合 ， 相得益彰 。 · 若 逢 镇守 挑战 ， 可 卸势 积能 ， 爆发 制胜 连招 推荐 ： 以 「 十方破阵 」 的 特殊技 「 唤千军 」 起手 ， 获得 「 铁衣戎魂 」 效果 。 使用 「 斩雪 刀法 」 的 特殊技 「 飞鸿踏雪 」 提供 「 热血 难 凉 」 效果 ， 然后 依次 使用 「 斩雪 刀法 」 的 武学技 「 白刃杀将 」 和 「 十方破阵 」 的 蓄力技 「 焚 此 心 」 。 在 「 热血 难 凉 」 效果 结束 后 ， 使用 易武技 切换 至 「 斩雪 刀法 」 ， 并 交替 使用 重击 派生技 「 拨雪寻春 」 与 轻击 蓄力技 「 冢上霜 」 进行 持续 输出 。 首领 挑战 连招 · 若 逢 止戈 竞技 ， 可 近身 强攻 ， 灵活 制敌 连招 推荐 ： 以 「 十方破阵 」 的 特殊技 「 唤千军 」 起手 ， 获得 「 铁衣戎魂 」 效果 ， 使用 武学技 「 燃 此魂 」 快速 近身 并 释放 「 荡八荒 ·极 」 ， 接着 使用 易武技 切换 至 「 斩雪 刀法 」 ， 随后 交替 使用 重击 派生技 「 拨雪寻春 」 与 轻击 蓄力技 「 冢上霜 」 ， 最后 使用 特殊技 「 飞鸿踏雪 」 与 武学技 「 白刃杀将 」 结束 连招 。 止戈 竞技 连招 欲 将 唐横刀 和 「 裂石 · 钧 」 流派 之 威 发挥 到位 ， 需 搭配 合适 的 心法 、 奇术 及 装备 。 今 取 江湖 密笺 ， 助 各位 游侠 铸就 真正 的 “ 裂石 ” 之 力 。 · 心法 选择 推荐 ： 横刀 挥动 ， 其 韵 自成 ， 在 心法 选择 上 ， 游侠 们 可以 优先 考虑 以下 心法 —— ○ 「 易水歌 」 ： 提供 外功 穿透 和 增伤 ， 突破 后 提升 外功 攻击 和 直接 会心率 ， 结合 唐横刀 迅猛 攻势 保持 高叠层 战斗 。 ○ 「 霜天 白夜 」 ： 可 主动 触发 核心技 「 拨雪寻春 」 快速 斩击 ， 主动 进攻 手段 不再 局限 于 卸势 反击 ， 衍生 各 式 行云 流水 连招 ， 并 附带 强韧 之 效 。 ○ 「 穿喉决 」 ： 轻 重击 派生 ， 层层 递进 叠加 穿喉 效果 ， 无视 敌方 部分 外功 抗性 且 提升 会心 伤害 。 同时 ， 在 止戈 竞技 场景 中 ， 可 考虑 携带 「 怒斩马 」 「 婆娑影 」 等 心法 ， 强化 竞技 较量 的 战斗 灵活性 。 在 首领 挑战 场景 中 ， 以 唐横刀 、 陌刀 双武学 输出 的 游侠 的 游侠 还 建议 携带 心法 「 孤忠不辞 」 ， 而 以 唐横刀 为主 输出 则 可 考虑 携带 「 断石之构 」「 极乐泣血 」 「 征人归 」 「 明晦同尘 」 等 心法 ， 进一步 提升 伤害 上限 。 而 在 百业战 、 武道 心宫 、 多 人 止戈 等 多 人 战斗 场景 中 ， 则 可 考虑 携带 心法 「 燎原踏 」 。 身负 强韧 之 时 ， 攻势 如 野火 燎原 ， 亦 可 提供 减伤 和 恢复 ， 在 战场 中 越 战 越 勇 ！ · 奇术 选择 推荐 ： 在 止戈 竞技 中 ， 诸位 游侠 可 考虑 携带 以下 奇术 —— ○ “ 火拳 组合 ” ： 结合 奇术 「 神龙吐火 」 和 「 太白醉月 」 ， 用以 打 出 相对 可观 的 真气 和 气血 伤害 ， 并 保持 自身 强韧 状态 。 ○ 「 骑龙回马 」 ： 机动性 与 输出 并重 ， 精元 消耗 低 ， 适合 衔接 各种 连招 手法 。 ○ 「 自在无碍 」 ： 用以 穿插 连招 ， 第一 击击飞 目标 后 ， 可以 稳定 进入 横刀 高 伤害 的 蓄力 连段 ， 于 止戈 竞技 中 丰富 连招 手段 。 在 首领 挑战 中 ， 诸位 游侠 则 可 考虑 携带 以下 奇术 ——「 萧吟千浪 」 ： 入战 前 和 战斗 中 皆 可 释放 ， 于 四周 形成 声漪 进行 音律 攻击 ， 持续 增伤 并 造成 伤害 。 ○ 「 骑龙回马 」 / 「 神龙吐火 」 ： 两种 奇术 皆 可 考虑 ， 在 唐横刀 轻重击 连招 循环 穿插 释放 ， 有效 补充 伤害 。 · 套装 选择 推荐 ： ○ 「 断岳 」 套装 ： 断 岳 之 器 ， 专 为 轻重派 生技 而 铸 。 卸势 一 现 ， 套装 共鸣 即 起 ， 与 派生技 节奏 丝丝相扣 ， 自然 融入 新 流派 战斗 连招 。 ○ 「 玄 甲 」 套装 ： 玄甲 之 铠 ， 借 「 裂石 · 钧 」 之 强韧 而 生辉 。 强韧 覆体 之 时 ， 甲胄 加护 ， 敌刃 难 透 ， 可 配合 陌刀武 学技 在 多 人 战场 中 陷阵 冲锋 。 ○ 装备 调律 词条 建议 ： 优先 选择 敏 、 劲 、 会心率 、 精准率 、 最大 外功 攻击 、 最小 外功 攻击 、 最大 裂石 攻击 、 最小 裂石 攻击 。 磨砺 霜刃 ， 愈 战 愈 勇 ， 每 一次 刀锋 交错 的 啼鸣 ， 皆 为 来自 更 远 江湖 的 回声 。 自 唐横刀 及 「 裂石 · 钧 」 流派 上线 以来 ， 我们 一直 在 密切 关注 各位 游侠 的 反馈 和 建议 。 针对 大家 在 使用 中 反馈 较多 的 体验 不佳 之 处 ， 如 输出 强度 、 操作 循环 、 技能 打断 优先级 等 内容 ， 我们 都 在 快马加鞭 地 研讨 和 调整 中 ， 并 在 即将 到来 的 新版本 中 上线 各 流派 的 体验 优化 内容 。 同时 ， 针对 游侠 们 希望 优化 流派 培养 和 切换 的 建议 ， 我们 也 将 于 同步 开放 以下 功能 优化 —— 除了 先前 策划 答疑 预告 过 的 普通 定音 与 止戈 定音 切换 、 同 品质 不同 类型 心法 互转 功能 ， 还 将 新增 历史 定音 储存 和 切换 功能 ， 单件 装备 更新 后 被 替换 的 定音会 储存 ， 花费 少量 长鸣玉 即可 切换 生效 。 希望 可以 帮助 各位 游侠 更 好 地 体验 不同 武学 流派 的 魅力 。 在 即将 到来 的 「 蕤宾 同音 · 下 」 赛季 中 ， 「 太平武墓 」 也 将 迎来 全新 的 裂石 ·钧 流派 试炼 ， 各位 游侠 尽 可 大展身手 ！ 也 再次 感激 每 一 位 游侠 一直 以来 的 支持 与 反馈 ， 我们 会 持续 收集 大家 的 建议 ， 努力 做好 优化 ， 和 诸位 一同 走向 更 远 更 广阔 的 江湖 。 ' ],2025-07,影后惠英红手持唐横刀，锋刃出鞘与游侠江湖相会！
['从玉门烽燧行至凉州苍茫，阅遍寸寸土地上的无数执念，河西的旅途也待继续向前展开。但凉州一夜巨变，人心与山河皆破碎。那座雄伟险峻的大散关，已是不可跨越的天险。但没有什么能阻挡一颗坚定的侠心，尽管前路茫茫，总有人偏往难关而行。，全新活动「群星绘梦」即将上线。游侠将得以历战心劫、探寻秘辛，并有机会青史留名！出发之前，当先「明心」，克服迷茫与畏惧，才能让将行之路更加明晰。月轮西坠，心关再临。那头由万千心障凝成的雄关镇兽，是游侠必须直面的心劫考验。游侠将在此限时活动中与全面强化过的「镇关吼」交战，获得全新的战斗体验。此番，游侠可在两种「镇关吼」挑战模式中多途并进，试剑砺锋！随着更多首领词条与活动专属养成内容的加入，战斗将有持续的新鲜感与挑战性。试锋破障：主动选择内心的桎梏，直面更强的「镇关吼」。游侠可以自行选择词条对首领进行强化，并且获得额外的活动积分，解锁大量奖励。无尽争辉：踏入心渊，超越极限之境。此间「镇关吼」生命力浩瀚无垠，犹如你我求索之心。游侠需要在限时内尽可能存活，并极可能地造成伤害，结束时将以选择的词条和游侠或队伍的总输出进行结算。无尽模式中单人至五人队伍、百业均有独立的榜单，结算时可获得不同的奖励。*预研中效果，请以实际上线为准当心魔巨兽在星屑中消散，天光刺破迷障，关键道具【明心】以及丰厚道具奖励便是你叩问心关的凭证！与此同时，一幅落在关前的残旧绘卷也等待着由你修复——相传作画之人，成功翻过了大散关的天险。万物有灵，皆可入画。在残卷绘忆中，循着作画之人的来时路，体悟其所见所思，领会【墨韵】，一步步修复绘卷全貌，或许便能知晓越过险关之法。*预研中效果，请以实际上线为准当【明心】【墨韵】在手，即可在浩瀚星图中择一方专属，铭刻留名。无数星点汇聚成金色的河流，星汉中的每一个光点都跃动着一位游侠的名字——那并非冰冷的字符，而是与千万同道共织山河印记的证明。众力聚山，群心铸岳，画卷里的山峦则将由活动中崭露头角的百业托举而成。若百业成员戮力同心，全部成员参与“雄关镇兽”无尽排行模式获得的结算分总和率先达标的前100名卓越百业，可由百业管理挑选并点亮星峦，永载天幕，刻百业威名！*预研中效果，请以实际上线为准山河映辉，群侠共举。全服共同推进山河映辉进度达成阶段目标，即可共享袅袅之音·绑、绕梁之音和精美配饰等丰富奖励。游侠也可在星绘旧忆中留影并制作纪念册，留作专属回忆的同时，解锁更多奖励。我们也将奉上永久侠名——【星辉载忆】，希望河西的记忆垂缀在游侠的剑穗之上。此外，还有袅袅之音·绑、绕梁之音和精美配饰等丰富奖励等待游侠获取！期待与游侠并肩执笔，共同开启新的旅途！']。 —— 活动前瞻丨群星绘梦，以游侠之名点亮山河-,《 活动 前瞻 丨 群星绘梦 ， 以 游侠 之 名 点亮 山河 》 : [ ' 从 玉门 烽燧 行 至 凉州 苍茫 ， 阅 遍 寸寸 土地 上 的 无数 执念 ， 河西 的 旅途 也 待 继续 向前 展开 。 但 凉州 一夜 巨变 ， 人心 与 山河 皆 破碎 。 那 座 雄伟 险峻 的 大散关 ， 已 是 不可 跨越 的 天险 。 但 没有 什么 能 阻挡 一 颗 坚定 的 侠心 ， 尽管 前路 茫茫 ， 总 有人 偏 往 难关 而 行 。 ， 全新 活动 「 群星绘梦 」 即将 上线 。 游侠 将 得以 历战 心劫 、 探寻 秘辛 ， 并 有 机会 青史 留名 ！ 出发 之前 ， 当先 「 明心 」 ， 克服 迷茫 与 畏惧 ， 才 能 让 将 行 之 路 更加 明晰 。 月轮 西 坠 ， 心关 再 临 。 那 头 由 万千 心障 凝成 的 雄关 镇兽 ， 是 游侠 必须 直面 的 心劫 考验 。 游侠 将 在 此 限时 活动 中 与 全面 强化 过 的 「 镇关吼 」 交战 ， 获得 全新 的 战斗 体验 。 此 番 ， 游侠 可 在 两种 「 镇关吼 」 挑战 模式 中 多途 并进 ， 试 剑 砺锋 ！ 随着 更 多 首领 词条 与 活动 专属 养成 内容 的 加入 ， 战斗 将 有 持续 的 新鲜感 与 挑战性 。 试锋 破障 ： 主动 选择 内心 的 桎梏 ， 直面 更 强 的 「 镇关吼 」 。 游侠 可以 自行 选择 词条 对 首领 进行 强化 ， 并且 获得 额外 的 活动 积分 ， 解锁 大量 奖励 。 无尽 争辉 ： 踏 入 心渊 ， 超越 极限 之 境 。 此间 「 镇关吼 」 生命力 浩瀚 无垠 ， 犹如 你 我 求索 之 心 。 游侠 需要 在 限时 内 尽可能 存活 ， 并 极 可能 地 造成 伤害 ， 结束 时 将 以 选择 的 词条 和 游侠 或 队伍 的 总 输出 进行 结算 。 无尽 模式 中 单人 至 五 人 队伍 、 百业 均 有 独立 的 榜单 ， 结算 时 可 获得 不同 的 奖励 。 * 预研 中 效果 ， 请 以 实际 上线 为 准 当 心魔 巨兽 在 星屑 中 消散 ， 天光 刺破 迷障 ， 关键 道具 【 明心 】 以及 丰厚 道具 奖励 便是 你 叩问 心关 的 凭证 ！ 与此同时 ， 一 幅 落 在 关 前 的 残旧 绘卷 也 等待 着 由 你 修复 —— 相传 作画 之 人 ， 成功 翻 过 了 大散关 的 天险 。 万物 有 灵 ， 皆 可 入画 。 在 残卷 绘忆 中 ， 循 着 作画 之 人 的 来 时 路 ， 体悟 其 所 见 所 思 ， 领会 【 墨韵 】 ， 一 步 步 修复 绘卷 全貌 ， 或许 便 能 知晓 越过 险关 之 法 。 * 预研 中 效果 ， 请 以 实际 上线 为 准 当 【 明心 】 【 墨韵 】 在 手 ， 即可 在 浩瀚 星图 中 择 一方 专属 ， 铭刻 留名 。 无数 星点 汇聚 成 金色 的 河流 ， 星汉 中 的 每 一个 光点 都 跃动 着 一 位 游侠 的 名字 —— 那 并非 冰冷 的 字符 ， 而是 与 千万 同道 共 织 山河 印记 的 证明 。 众力 聚 山 ， 群心 铸 岳 ， 画卷 里 的 山峦 则 将 由 活动 中 崭露头角 的 百业 托举 而 成 。 若 百业 成员 戮力同心 ， 全部 成员 参与 “ 雄关 镇兽 ” 无尽 排行 模式 获得 的 结算 分 总 和 率先 达标 的 前100名 卓越 百业 ， 可 由 百业 管理 挑选 并 点亮 星峦 ， 永 载 天幕 ， 刻 百业 威名 ！ * 预研 中 效果 ， 请 以 实际 上线 为 准 山河 映辉 ， 群侠 共 举 。 全服 共同 推进 山河 映辉 进度 达成 阶段 目标 ， 即可 共享 袅袅之音 · 绑 、 绕梁之音 和 精美 配饰 等 丰富 奖励 。 游侠 也 可 在 星绘 旧忆 中 留影 并 制作 纪念册 ， 留 作 专属 回忆 的 同时 ， 解锁 更 多 奖励 。 我们 也 将 奉 上 永久 侠名 —— 【 星辉 载忆 】 ， 希望 河西 的 记忆 垂缀 在 游侠 的 剑穗 之上 。 此外 ， 还有 袅袅之音 · 绑 、 绕梁之音 和 精美 配饰 等 丰富 奖励 等待 游侠 获取 ！ 期待 与 游侠 并肩 执笔 ， 共同 开启 新 的 旅途 ！ ' ],2025-07,活动前瞻丨群星绘梦，以游侠之名点亮山河
"['心怀倒挽天河之念，终成乱世狂澜。异族铁骑踏破边陲城垣，安西军尽殁，百姓尽为奴虏。唯余一群戴枷死囚，受郭昕将军所托，披残甲，敛忠骨，扶柩东行。敌寇追兵如狼，众人以血肉开道，唯求抵达长安，以待王师。历时数月，数十囚徒仅余九人。身披血甲的九人抬着安西忠魂的棺椁，却见长安朱门深锁，庙堂无声。彼时朝廷正欲议和，安西军已成弃子。九人失望至极，折枪立誓：""此后我为王师，无有大唐之西域，唯有中国之西域。""重返西域途中，江湖义士纷纷来投。虽被称作""乱世逆旅""，却以忠义为志。自此，大漠烽烟处，总见残甲巡边——他们以蚍蜉之躯，终成庇佑西域的狂澜。入门——天下共醉，入我狂澜！醉卧青峰梦，酒旗卷风云。近日江湖传言纷纷，说是在神仙渡开坛宴上全员酩酊大醉的狂澜醒了——而今山门重启，青峰之上，酒旗猎猎，英雄帖化作酒香飘遍九州，专钓天下豪饮客。既开了山门，必有入门之道，据说共有三径可循：巍巍雪岭之巅，狂澜首任大帅郭怀烈独坐寒冰之上，须发皆凝霜雪却寂然不动。自爱徒张淮深蒙冤陨落，他深陷悲愤之中，为寻其尸骨，不惜行走阴招魂扶乩问灵之法，若有游侠寻得淮深遗物，将其送回郭怀烈手中，助他完成小张将军的遗愿，使英魂安息，即可获得入门邀请。或前往北盟遗址以酒酹祭昔贤，并饮尽九种名酒，也可拜入门派。或无门无派时痛饮至人事不省，亦有机会得入门机缘；然需谨记：饮酒时务必要辨明真伪，可别酒醒梦回——发现自己拜入的是九流门。入门后，可通过门派商店获取狂澜专属头像与服饰。门派套装以赤红为主色调，一袭赤锦战袍如烈焰般夺目，搭配玄铁打造的臂甲与鎏金护腕。当然，还有狂澜必不可少的酒葫芦，悬于腰间，随时畅饮。武学——安西铁骑，绝学再现除却服装，狂澜更有其门派绝学——「九曲惊神枪」、「八方风雷枪」、「十方破阵」。「九曲惊神枪」：枪出如龙，势若惊雷，长枪抡转如风车，枪影重重似惊涛；原地凝势，蓄力既成，则如蛟龙出海，连珠快刺。「八方风雷枪」：一枪出，风雷动！枪杆震地，气浪翻涌；蓄力则向前翻转，枪锋连点；亦可撑枪飞身，凌空回旋后怒砸而下。「十方破阵」：使用武器陌刀，本自大唐安西铁骑，张淮深将军承安西遗烈，取沙场搏杀之意，化军阵刀法为江湖绝学。而今狂澜门下弟子所习「十方破阵」刀法，正是脱胎于此。每招每式，犹带当年安西铁骑冲锋陷阵之威，刀锋所指，依稀可见大唐边关的风烟。陌刀重势，十方破阵。蓄力时力贯刀锋，一段可震地裂土，二段则具开山之势；以燃魂之势托刀疾行，向前冲锋，伺机横扫，以安西军军魂助阵，摧城破甲，所向披靡。门规——军骨铸魂，苍颅作盏狂澜一脉，根植军旅，铁血战意早已融入门派魂魄。同生共死的铮铮誓言，化作立派根基——「军骨铸魂」：剑折犹立，锋摧尚鸣。宁可战死绝不苟活，不弃袍泽、誓死不退。违反门规者轻则扣除狂意，重则革除门籍；贪生怕死之徒，莫戴狂澜的酒葫芦。若有弟子屡屡犯戒，战意值扣除至60点以下，狂澜门内亦有其独特的惩戒之法「连趾锢行」，江湖内或有另一简称——三人四足！犯戒者需勾肩搭背，捆足而行，行路时须以三息为节，同时按键方可向前行走，若配合不当将失去平衡摔作一团；看似荒唐，实则暗合狂澜之义——吾辈同心，纵使步履蹒跚，亦要并肩前行。狂澜门内，等级分明如军中行伍，自下而上分为五阶：军士-火长-队正-旅帅-都统。欲由军士晋身火长，有一关必过——劫牢！解救同门，两肋插刀，义不容辞。纵使千军阻路，亦敢孤身闯阵。须得暗潜府牢，巧避巡卫，斩锁破门，携友脱困。剑照肝胆酬知己，醉踏山河共月明。这般豪情，正是狂澜门立派之本。说到豪情，就不得不提狂澜弟子以酒为命的传统，入门后自当与众同门纵情豪饮不醉不休。酒至酣处，便狂态毕现，如猛虎出闸，似怒龙掀浪。未饮时，尚能自持，端坐如松，自称断关骁将、镇疆都统；醉后却狂笑震天，拍案长啸，敢称摧城拔寨猛将军、弑神伐庙狂都统！这般饮酒之风，在门内重大场合尤甚。每逢竞选十大都统，众弟子以酒为票，共酿「百狂缸」。此酒可邀请门内全部弟子共同享用，众人畅饮，酒香弥漫，好不快哉！醉态升级——再来一杯，不醉不归！狂澜子弟，与天地同醉！""醉酒状态""的表现也随之全面升级。美酒入喉，重重递进，全部游侠都能体验到五重各有特色的醉酒状态——第一层：醉眼迷离，凡入此境者，纵有千里良驹亦不得乘，酒驾危险！第二层：酒至半酣，该状态下可发起或加入动作「即醉即舞」，与其他游侠共同踉跄起舞，动作时而舒展如飞鸟，时而刚猛如虎跃。第三层：饮酒过度，在此期间，有概率化作黄犬模样，随乐摆尾。第四层：烂醉如泥，到此醉酒程度手脚已无舞动力气，只得瘫坐原地，期间若有游侠路过，还可将其一把背起。第五层：昏倒，早已酩酊烂醉，出现幻觉，传送至醉酒场景，可见扭曲的建筑、虚幻的珍宝或仙影绰约之景。但现实之中，却是醉酒之人不省人事，横卧躺地。若有心地仁善者见此情景，也可悬壶治疗醉酒之人；青溪弟子出手相救，还将自动获得点赞。如若医治狂澜一脉，狂澜必当""滴水之恩，涌泉相报""，以珍藏的「满江红」相赠。然江湖险恶，自是并非只能治疗，面对早已烂醉地不知天地为何物之人，还可——趁火打劫，可以使用奇术对醉酒玩家进行窃取，并假装好意送他回家，实则偷拿一百通宝。同时门派商城全面上新，主角头像「不尽狂澜」、专属名片「门派·狂澜」、表情动作「踏旗」、表情动作「尽饮」、置景「酒瓮」、题跋「门派·狂澜」等特色商品已上架，支持使用「江湖声望」兑换。温馨提示，其他「门派商店」均有新商品上架哦。江湖虽大，知音难觅。若君亦是性情中人，嗜酒如命，狂放不羁，何不入我狂澜？众人同心，当浮一大白！山门已开，好酒已备，只待游侠凭帖入门。醉里挑灯看剑，醒时纵马江湖，快意恩仇，方不负此生！']。 —— 狂澜详解丨醉里挑灯看剑，醒时横扫千军-","《 狂澜详解 丨 醉 里 挑灯 看 剑 ， 醒 时 横扫 千军 》 : [ ' 心怀 倒 挽 天河 之 念 ， 终 成 乱世 狂澜 。 异族 铁骑 踏 破 边陲 城垣 ， 安西军 尽 殁 ， 百姓 尽 为 奴虏 。 唯 余 一群 戴 枷 死囚 ， 受 郭昕 将军 所 托 ， 披 残甲 ， 敛 忠骨 ， 扶柩 东 行 。 敌寇 追兵 如 狼 ， 众人 以 血肉 开道 ， 唯 求 抵达 长安 ， 以待 王师 。 历时 数月 ， 数十 囚徒 仅 余 九 人 。 身 披 血甲 的 九 人 抬 着 安西 忠魂 的 棺椁 ， 却 见 长安 朱门 深 锁 ， 庙堂 无声 。 彼时 朝廷 正 欲 议和 ， 安西军 已 成 弃 子 。 九 人 失望 至极 ， 折枪 立誓 ： "" 此后 我 为 王师 ， 无 有 大唐 之 西域 ， 唯 有 中国 之 西域 。 "" 重返 西域 途中 ， 江湖 义士 纷纷 来 投 。 虽 被 称作 "" 乱世 逆旅 "" ， 却 以 忠义 为 志 。 自 此 ， 大漠 烽烟 处 ， 总 见 残 甲 巡 边 —— 他们 以 蚍蜉 之 躯 ， 终 成 庇佑 西域 的 狂澜 。 入门 —— 天下 共 醉 ， 入 我 狂澜 ！ 醉 卧 青峰 梦 ， 酒旗 卷 风云 。 近日 江湖 传言 纷纷 ， 说是 在 神仙渡 开 坛宴 上 全员 酩酊大醉 的 狂澜 醒 了 —— 而今 山门 重启 ， 青峰 之上 ， 酒旗 猎猎 ， 英雄帖 化作 酒香 飘 遍 九州 ， 专 钓 天下 豪饮客 。 既 开 了 山门 ， 必 有 入门 之 道 ， 据说 共有 三 径 可 循 ： 巍巍 雪岭 之 巅 ， 狂澜 首任 大帅 郭怀烈 独 坐 寒冰 之上 ， 须发 皆 凝 霜雪 却 寂然 不 动 。 自爱徒 张淮深 蒙冤 陨落 ， 他 深陷 悲愤 之中 ， 为 寻 其 尸骨 ， 不惜 行走 阴 招魂 扶乩 问灵 之 法 ， 若 有 游侠 寻 得 淮深 遗物 ， 将 其 送 回 郭怀烈 手中 ， 助 他 完成 小张 将军 的 遗愿 ， 使 英魂 安息 ， 即可 获得 入门 邀请 。 或 前往 北盟 遗址 以 酒酹 祭 昔贤 ， 并 饮 尽 九种 名酒 ， 也 可 拜 入 门派 。 或 无 门 无 派 时 痛饮 至 人事 不省 ， 亦 有 机会 得 入门 机缘 ； 然 需 谨记 ： 饮酒 时 务必 要 辨明 真伪 ， 可 别 酒 醒 梦 回 —— 发现 自己 拜入 的 是 九流门 。 入门 后 ， 可 通过 门派 商店 获取 狂澜 专属 头像 与 服饰 。 门派 套装 以 赤红 为主 色调 ， 一 袭 赤锦 战袍 如 烈焰 般 夺目 ， 搭配 玄铁 打造 的 臂甲 与 鎏金 护腕 。 当然 ， 还有 狂澜 必不可少 的 酒葫芦 ， 悬 于 腰 间 ， 随时 畅饮 。 武学 —— 安西 铁骑 ， 绝学 再现 除却 服装 ， 狂澜 更 有 其 门派 绝学 ——「 九曲 惊神枪 」 、 「 八方 风雷枪 」 、 「 十方破阵 」 。 「 九曲 惊神枪 」 ： 枪 出 如 龙 ， 势 若 惊雷 ， 长枪 抡 转 如 风车 ， 枪影 重重 似 惊涛 ； 原地 凝势 ， 蓄力 既 成 ， 则 如 蛟龙 出海 ， 连珠 快 刺 。 「 八方 风雷枪 」 ： 一 枪 出 ， 风雷 动 ！ 枪杆 震地 ， 气浪 翻涌 ； 蓄力 则 向前 翻转 ， 枪锋 连 点 ； 亦 可 撑 枪 飞身 ， 凌空 回旋 后 怒 砸 而 下 。 「 十方破阵 」 ： 使用 武器 陌刀 ， 本 自 大唐 安西 铁骑 ， 张淮深 将军 承 安西 遗烈 ， 取 沙场 搏杀 之 意 ， 化 军阵 刀法 为 江湖 绝学 。 而今 狂澜门下 弟子 所 习 「 十方破阵 」 刀法 ， 正是 脱胎 于 此 。 每 招 每 式 ， 犹 带 当年 安西 铁骑 冲锋陷阵 之 威 ， 刀锋 所 指 ， 依稀 可见 大唐 边关 的 风烟 。 陌刀 重势 ， 十方破阵 。 蓄力 时 力 贯 刀锋 ， 一段 可 震地 裂 土 ， 二段 则 具 开山 之 势 ； 以 燃魂 之 势 托 刀 疾行 ， 向前 冲锋 ， 伺机 横扫 ， 以 安西军 军魂 助阵 ， 摧 城 破甲 ， 所向披靡 。 门规 —— 军骨 铸魂 ， 苍颅 作 盏 狂澜 一 脉 ， 根植 军旅 ， 铁血 战意 早已 融入 门派 魂魄 。 同生共死 的 铮铮 誓言 ， 化作 立派 根基 ——「 军骨 铸魂 」 ： 剑折 犹 立 ， 锋 摧 尚 鸣 。 宁可 战死 绝不 苟活 ， 不 弃 袍泽 、 誓死 不 退 。 违反 门规 者 轻 则 扣除 狂意 ， 重 则 革除 门籍 ； 贪生怕死 之 徒 ， 莫 戴 狂澜 的 酒葫芦 。 若 有 弟子 屡屡 犯戒 ， 战意值 扣除 至 60点 以下 ， 狂澜门 内 亦 有 其 独特 的 惩戒 之 法 「 连 趾 锢 行 」 ， 江湖 内 或 有 另 一 简称 —— 三 人 四足 ！ 犯戒者 需 勾 肩 搭 背 ， 捆 足 而 行 ， 行路 时 须 以 三息 为 节 ， 同时 按键 方 可 向前 行走 ， 若 配合 不当 将 失去 平衡 摔 作 一 团 ； 看似 荒唐 ， 实则 暗合 狂澜 之 义 —— 吾辈 同心 ， 纵使 步履 蹒跚 ， 亦 要 并肩 前行 。 狂澜门 内 ， 等级 分明 如 军中 行伍 ， 自下而上 分为 五阶 ： 军士 火 长 队正 旅帅 都统 。 欲 由 军士 晋身 火 长 ， 有 一 关 必 过 —— 劫 牢 ！ 解救 同门 ， 两肋插刀 ， 义不容辞 。 纵使 千军 阻路 ， 亦 敢 孤身 闯阵 。 须 得 暗潜 府牢 ， 巧避 巡卫 ， 斩 锁 破门 ， 携 友 脱困 。 剑 照 肝胆 酬 知己 ， 醉踏 山河 共 月 明 。 这般 豪情 ， 正是 狂澜门 立派 之 本 。 说 到 豪情 ， 就 不得不 提 狂澜 弟子 以 酒 为 命 的 传统 ， 入门 后 自 当 与众 同门 纵情 豪饮 不 醉 不休 。 酒 至 酣 处 ， 便 狂态 毕 现 ， 如 猛虎 出 闸 ， 似 怒龙 掀 浪 。 未 饮 时 ， 尚 能 自持 ， 端坐 如 松 ， 自称 断关 骁将 、 镇疆 都统 ； 醉 后 却 狂笑 震天 ， 拍案 长啸 ， 敢 称 摧 城 拔 寨 猛 将军 、 弑 神 伐 庙 狂 都统 ！ 这般 饮酒 之 风 ， 在 门 内 重大 场合 尤甚 。 每逢 竞选 十大 都统 ， 众 弟子 以 酒 为 票 ， 共 酿 「 百狂缸 」 。 此 酒 可 邀请 门 内 全部 弟子 共同 享用 ， 众人 畅饮 ， 酒香 弥漫 ， 好 不 快 哉 ！ 醉态 升级 —— 再 来 一 杯 ， 不 醉 不 归 ！ 狂澜 子弟 ， 与 天地 同 醉 ！ "" 醉酒 状态 "" 的 表现 也 随 之 全面 升级 。 美酒 入 喉 ， 重重 递进 ， 全部 游侠 都 能 体验 到 五 重 各 有 特色 的 醉酒 状态 —— 第一层 ： 醉眼 迷离 ， 凡 入 此境 者 ， 纵 有 千里 良驹 亦 不得 乘 ， 酒驾 危险 ！ 第二层 ： 酒 至 半酣 ， 该 状态 下 可 发起 或 加入 动作 「 即 醉 即 舞 」 ， 与 其他 游侠 共同 踉跄 起舞 ， 动作 时而 舒展 如 飞鸟 ， 时而 刚猛 如 虎 跃 。 第三层 ： 饮酒 过度 ， 在 此 期间 ， 有 概率 化作 黄犬 模样 ， 随 乐 摆 尾 。 第四层 ： 烂醉 如 泥 ， 到 此 醉酒 程度 手脚 已 无 舞动 力气 ， 只得 瘫坐 原地 ， 期间 若 有 游侠 路过 ， 还 可 将 其 一 把 背 起 。 第五层 ： 昏倒 ， 早已 酩酊烂醉 ， 出现 幻觉 ， 传送 至 醉酒 场景 ， 可见 扭曲 的 建筑 、 虚幻 的 珍宝 或 仙影 绰约 之 景 。 但 现实 之中 ， 却 是 醉酒 之 人 不省人事 ， 横卧 躺 地 。 若 有 心地 仁善者 见 此 情景 ， 也 可 悬 壶 治疗 醉酒 之 人 ； 青溪 弟子 出手 相 救 ， 还 将 自动 获得 点赞 。 如若 医治 狂澜 一 脉 ， 狂澜必当 "" 滴水之恩 ， 涌泉 相 报 "" ， 以 珍藏 的 「 满江红 」 相 赠 。 然 江湖 险恶 ， 自是 并非 只能 治疗 ， 面对 早已 烂醉 地 不 知 天地 为 何物 之 人 ， 还 可 —— 趁火打劫 ， 可以 使用 奇术 对 醉酒 玩家 进行 窃取 ， 并 假装 好意 送 他 回家 ， 实则 偷拿 一百 通宝 。 同时 门派 商城 全面 上新 ， 主角 头像 「 不尽 狂澜 」 、 专 属 名片 「 门派 · 狂澜 」 、 表情 动作 「 踏旗 」 、 表情 动作 「 尽 饮 」 、 置景 「 酒瓮 」 、 题跋 「 门派 · 狂澜 」 等 特色 商品 已 上架 ， 支持 使用 「 江湖 声望 」 兑换 。 温馨 提示 ， 其他 「 门派 商店 」 均 有 新 商品 上架 哦 。 江湖 虽 大 ， 知音 难 觅 。 若 君 亦 是 性情中人 ， 嗜酒 如命 ， 狂放 不羁 ， 何不 入 我 狂澜 ？ 众人 同心 ， 当 浮 一 大白 ！ 山门 已 开 ， 好 酒 已 备 ， 只待 游侠 凭帖 入门 。 醉 里 挑灯 看 剑 ， 醒 时 纵马 江湖 ， 快意 恩仇 ， 方 不 负 此生 ！ ' ]",2025-07,狂澜详解丨醉里挑灯看剑，醒时横扫千军
['游侠们好！燕云首个「暑期版本」已经启程。自更新以来，我们收到了游侠们大量讨论与反馈。我们也在持续跟进线上情况，关注并收集大家的建议，快速讨论商定下一步的优化方向。本期策划问答，主要和大家交流近期反馈比较集中的疑问，并给各位带来我们最新的优化动向，请游侠们查收！1、目前家业系统指引不够清晰，建筑/造景放置视角不便，仓库难找，重建过程过于仓促，希望优化功能，提升家业体验。我们深知家业系统是许多游侠心中的“一方天地”，大家的反馈与建议我们都在持续关注，也万分感谢大家愿与我们分享这份情感的信任与热情！我们充分理解不羡仙作为少东家江湖之路的起点所承载的特殊意义，也一定会持续深入优化和构建家业相关体验。结合近期各位少东家的反馈，为打造一个更温馨、更自由、更有趣的家园，我们将从三个角度优化家业玩法的体验。【情感共鸣】首先，我们正着手深度优化重建不羡仙的整体体验，力求更细腻地呈现不羡仙逐渐变化的过程与其中人们的情感状态，也让重建不羡仙的动机、过程和结果都更为合理，满足大家对这一过程的情感期待。伴随灾后建筑逐步修复，不羡仙的生活变化也将是一个肉眼可见逐渐丰富的过程。在这个过程中，不羡仙的人们也会与少侠有更多的互动，共同努力完成重建，相关角色的行为将会优化得更为合理，并体现出逐渐变化的过程，让少东家们能获得更强的代入感与沉浸感，慢慢感受这段寻回身份的故乡之旅。对于想要保留灾后不羡仙那份独特记忆的游侠，未来我们也将开放途径，让大家可以随时回到那个承载着特殊情感的故地。此外，我们也正在规划可选择在其他地图中安置家业的选项，以满足部分少东家不愿再打扰当下不羡仙生活的心愿。我们也关注到了部分异常bug如部分居民的生活状态和相关互动设置错误、剧情回溯时异常调用了重建后的场景、区域功能弹条被错误调用等相关问题，将于近期尽快修复。【优化体验】家业操作便利性会持续优化。目前包括建筑摆放难以对齐等问题，部分优化已陆续完成。接下来，我们会升级引导，让新老游侠都能更轻松上手。革新建造，优化建造模式基础操作体验，增加俯视角镜头，降低建筑摆放门槛。并计划开放独立的家业位面、地形编辑等功能，为大家提供更自由的创造空间以及更流畅连贯的玩法体验。对于移动端的部分操作体验不佳，如建造摆放操作、奇术面板响应、播种界面交互等问题，我们也在抓紧优化中。【丰富玩法】新的玩法方面，我们收到了很多关于经营、种植等家业玩法的愿景。我们都记下了也正在积极筹划！在现有基础上，增加新的家业玩法，满足大家对家业玩法的期待。同时，少东家的一天、招贤纳士等生活化内容也将持续丰富，通过玩法和内容相结合的形式，让每一位游侠的“家”有故事、有温度、有更多可能。如有建议，也欢迎向我们多多建言，一同补葺这份弥足珍贵的记忆。我们也将于在长沙开展新一期的玩家座谈会，届时可以更详细地和游侠们交流优化的内容。未来我们还会前往更多的城市，更深入地倾听更多玩家的声音。2、担心侠缘系统的复活功能压缩了治疗流派的生存空间，想要了解相关设计背后的思路。设计师徒、侠缘等社交系统的初衷，是希望在特定环境下，为长久互相陪伴、同游的游侠们增添一份羁绊的乐趣，与互助的温情。基于这样的设计理念，在“同去同归”的设计时，我们设定了严格限制，如达到7级侠缘、仅在有限的环境下生效、不具备回血能力、12h/次、单次侠境或试剑挑战中全队使用上限次数为1等，旨在不影响现有的游戏体验。关于大家所关心的君臣药六重的问题，我们已经在持续收集数据。除了牵丝·霖以外，我们也在紧密观察各流派实战数据与体验反馈。预计会在的流派平衡调整中，对明显会影响平衡和体验的问题进行针对性改进优化。力求让各流派都能更挥洒自如，各展所长。3、感觉觉障林玩法还有很多扩展的潜力，后续有新地图的计划吗？是否会加入更多机制，提升玩法深度？以及对目前一些体验不好的操作设置进行优化？很高兴觉障林的独特魅力受到各位游侠的喜爱，目前我们已启动探索新区域地图适配觉障林玩法的可玩性，并构思新地图环境下的独有玩法机制。玩法深度上，未来将持续拓展觉障林的武器武学，以及奇术效果。为战斗带来更多变化。同时，调整金甲和金心法的投放节奏。另外，会优化单局段位分奖励分布，解决上分相对困难的问题，优化单局体验。操作体验优化是持续进行的工作。针对反馈，我们会提升细节体验，例如进战状态下切武器优先级大于切换拾取物品等。关于单独天赋页等具体需求，已纳入考量范围，将进行综合评估。4、目前可联机的任务/玩法种类和数量相对有限，非常期待后续会开放更多协作内容。是否有可能开放主线剧情、天工地窟等玩法联机合作？关于单人关卡支持联机的需求，我们非常重视。由于燕云的关卡流程差异大，制作方式等原因，实现联机支持需要对每个关卡定制化处理，以确保联机下的体验流畅和流程切换稳定。目前我们已经启动了开封关卡的联机支持开发，将在充分测试后逐步开放。其中，开封侠迹杀神出庙的联机功能有机会在首先开放。此外，我们也在尝试做一些更具乐趣的联机关卡设计，争取尽快与大家见面！5、目前联机会出现被恶意拉到毒水/蛇洞等情况。建议增加传送目的地提示；提供安全缓冲期。友善、合作的联机环境是我们的共同目标。对于利用联机机制进行的恶意行为，我们已在游戏内增加相关举报入口，被多次举报的角色，将限制其联机功能。我们会和游侠一起，共同维护良好的多人社交环境。另一方面，我们正着手优化联机传送机制，如调整落地位置，避免落地重伤等负面体验。6、不同模式需频繁手动切换奇术搭配，希望增设预设组，方便快速切换搭配。频繁切换奇术的繁琐，我们收到了许多反馈，为此，我们于上个赛季简化了奇术界面的层级，并新增了主界面到奇术的快速跳转。考虑到后续奇术的数量还会不断扩展，我们正进一步优化不同情境下的奇术修改方案。如止戈/侠境等不同系统玩法切换。我们已经上线了流派方案的自动切换设置，未来将提供只针对奇术部分的自动切换，并会扩展适用场景。而大世界探索/活动，这类低频、偏一次性的需求，我们会考虑增设一个快捷键，能让大家快速选择并直接释放，省去装配-释放-卸下的整个过程。关于增设专属于奇术搭配的预设组的建议。我们已经收到。考虑到和流派预设的冲突以及理解成本，还需结合更多反馈谨慎评估，以求最优解，望游侠理解。7、最近云游戏经常排队，对此将如何解决？为改善排队问题，我们将动态增加更多的云端机器，在高峰期特别是周末，直接缓解排队压力。同时，我们也在推进技术升级和主机升级，应用双开等增效技术增加容量，为游侠们提供更流畅的体验。长风万里，幸得诸君，深深感谢每一位游侠的支持与宝贵意见。除了上面提到的反馈之外，还有一些未能一一回应的bug问题，给游侠们带来不好的体验，我们感到非常抱歉。我们已经启动专项组，在近期内加速优化修复，在未来版本中会更加注重质检，也诚盼诸位游侠继续仗剑直言！']。 —— 热门答疑丨家业多项优化，联机玩法持续升级-,《 热门 答疑 丨 家业 多 项 优化 ， 联机 玩法 持续 升级 》 : [ ' 游侠 们 好 ！ 燕云 首个 「 暑期 版本 」 已经 启程 。 自 更新 以来 ， 我们 收到 了 游侠 们 大量 讨论 与 反馈 。 我们 也 在 持续 跟进 线上 情况 ， 关注 并 收集 大家 的 建议 ， 快速 讨论 商定 下一步 的 优化 方向 。 本 期 策划 问答 ， 主要 和 大家 交流 近期 反馈 比较 集中 的 疑问 ， 并 给 各位 带来 我们 最新 的 优化 动向 ， 请 游侠 们 查收 ！ 1 、 目前 家业 系统 指引 不够 清晰 ， 建筑 / 造景 放置 视角 不便 ， 仓库 难 找 ， 重建 过程 过于 仓促 ， 希望 优化 功能 ， 提升 家业 体验 。 我们 深知 家业 系统 是 许多 游侠 心中 的 “ 一方 天地 ” ， 大家 的 反馈 与 建议 我们 都 在 持续 关注 ， 也 万分 感谢 大家 愿 与 我们 分享 这 份 情感 的 信任 与 热情 ！ 我们 充分 理解 不羡仙 作为 少东家 江湖 之 路 的 起点 所 承载 的 特殊 意义 ， 也 一定 会 持续 深入 优化 和 构建 家业 相关 体验 。 结合 近期 各位 少东家 的 反馈 ， 为 打造 一个 更 温馨 、 更 自由 、 更 有趣 的 家园 ， 我们 将 从 三个 角度 优化 家业 玩法 的 体验 。 【 情感 共鸣 】 首先 ， 我们 正 着手 深度 优化 重建 不羡仙 的 整体 体验 ， 力求 更 细腻 地 呈现 不羡仙 逐渐 变化 的 过程 与 其中 人们 的 情感 状态 ， 也 让 重建 不羡仙 的 动机 、 过程 和 结果 都 更为 合理 ， 满足 大家 对 这 一 过程 的 情感 期待 。 伴随 灾后 建筑 逐步 修复 ， 不羡仙 的 生活 变化 也 将 是 一个 肉眼 可见 逐渐 丰富 的 过程 。 在 这个 过程 中 ， 不羡仙 的 人们 也 会 与 少侠 有 更 多 的 互动 ， 共同 努力 完成 重建 ， 相关 角色 的 行为 将 会 优化 得 更为 合理 ， 并 体现 出 逐渐 变化 的 过程 ， 让 少东家 们 能 获得 更 强 的 代入感 与 沉浸感 ， 慢慢 感受 这 段 寻 回 身份 的 故乡 之 旅 。 对于 想 要 保留 灾后 不羡仙 那 份 独特 记忆 的 游侠 ， 未来 我们 也 将 开放 途径 ， 让 大家 可以 随时 回到 那个 承载 着 特殊 情感 的 故地 。 此外 ， 我们 也 正在 规划 可 选择 在 其他 地图 中 安置 家业 的 选项 ， 以 满足 部分 少东家 不愿 再 打扰 当下 不羡仙 生活 的 心愿 。 我们 也 关注 到 了 部分 异常 bug 如 部分 居民 的 生活 状态 和 相关 互动 设置 错误 、 剧情 回溯 时 异常 调用 了 重建 后 的 场景 、 区域 功能 弹条 被 错误 调用 等 相关 问题 ， 将 于 近期 尽快 修复 。 【 优化 体验 】 家业 操作 便利性 会 持续 优化 。 目前 包括 建筑 摆放 难以 对齐 等 问题 ， 部分 优化 已 陆续 完成 。 接下来 ， 我们 会 升级 引导 ， 让 新 老 游侠 都 能 更 轻松 上手 。 革新 建造 ， 优化 建造 模式 基础 操作 体验 ， 增加 俯视角 镜头 ， 降低 建筑 摆放 门槛 。 并 计划 开放 独立 的 家业 位面 、 地形 编辑 等 功能 ， 为 大家 提供 更 自由 的 创造 空间 以及 更 流畅 连贯 的 玩法 体验 。 对于 移动端 的 部分 操作 体验 不佳 ， 如 建造 摆放 操作 、 奇术 面板 响应 、 播种 界面 交互 等 问题 ， 我们 也 在 抓紧 优化 中 。 【 丰富 玩法 】 新 的 玩法 方面 ， 我们 收到 了 很多 关于 经营 、 种植 等 家业 玩法 的 愿景 。 我们 都 记 下 了 也 正在 积极 筹划 ！ 在 现有 基础 上 ， 增加 新 的 家业 玩法 ， 满足 大家 对 家业 玩法 的 期待 。 同时 ， 少东家 的 一天 、 招贤纳士 等 生活化 内容 也 将 持续 丰富 ， 通过 玩法 和 内容 相 结合 的 形式 ， 让 每 一 位 游侠 的 “ 家 ” 有 故事 、 有 温度 、 有 更 多 可能 。 如 有 建议 ， 也 欢迎 向 我们 多多 建言 ， 一同 补葺 这 份 弥足 珍贵 的 记忆 。 我们 也 将 于 在 长沙 开展 新 一 期 的 玩家 座谈会 ， 届时 可以 更 详细 地 和 游侠 们 交流 优化 的 内容 。 未来 我们 还 会 前往 更 多 的 城市 ， 更 深入 地 倾听 更 多 玩家 的 声音 。 2 、 担心 侠缘 系统 的 复活 功能 压缩 了 治疗 流派 的 生存 空间 ， 想 要 了解 相关 设计 背后 的 思路 。 设计 师徒 、 侠缘 等 社交 系统 的 初衷 ， 是 希望 在 特定 环境 下 ， 为 长久 互相 陪伴 、 同游 的 游侠 们 增添 一 份 羁绊 的 乐趣 ， 与 互助 的 温情 。 基于 这样 的 设计 理念 ， 在 “ 同去同归 ” 的 设计 时 ， 我们 设定 了 严格 限制 ， 如 达到 7级 侠缘 、 仅 在 有限 的 环境 下 生效 、 不 具备 回血 能力 、 12h/次 、 单次 侠境 或 试剑 挑战 中 全队 使用 上限 次数 为 1等 ， 旨在 不 影响 现有 的 游戏 体验 。 关于 大家 所 关心 的 君臣 药 六 重 的 问题 ， 我们 已经 在 持续 收集 数据 。 除了 牵丝 ·霖 以外 ， 我们 也 在 紧密 观察 各 流派 实战 数据 与 体验 反馈 。 预计 会 在 的 流派 平衡 调整 中 ， 对 明显 会 影响 平衡 和 体验 的 问题 进行 针对性 改进 优化 。 力求 让 各 流派 都 能 更 挥洒自如 ， 各 展 所长 。 3 、 感觉 觉障林 玩法 还有 很多 扩展 的 潜力 ， 后续 有 新 地图 的 计划 吗 ？ 是否 会 加入 更 多 机制 ， 提升 玩法 深度 ？ 以及 对 目前 一些 体验 不好 的 操作 设置 进行 优化 ？ 很 高兴 觉障林 的 独特 魅力 受到 各位 游侠 的 喜爱 ， 目前 我们 已 启动 探索 新 区域 地图 适配 觉障林 玩法 的 可玩性 ， 并 构思 新 地图 环境 下 的 独有 玩法 机制 。 玩法 深度 上 ， 未来 将 持续 拓展 觉障林 的 武器 武学 ， 以及 奇术 效果 。 为 战斗 带来 更 多 变化 。 同时 ， 调整 金甲 和 金心法 的 投放 节奏 。 另外 ， 会 优化 单局 段位 分 奖励 分布 ， 解决 上分 相对 困难 的 问题 ， 优化 单局 体验 。 操作 体验 优化 是 持续 进行 的 工作 。 针对 反馈 ， 我们 会 提升 细节 体验 ， 例如 进战 状态 下 切 武器 优先级 大于 切换 拾取 物品 等 。 关于 单独 天赋 页 等 具体 需求 ， 已 纳入 考量 范围 ， 将 进行 综合 评估 。 4 、 目前 可 联机 的 任务 / 玩法 种类 和 数量 相对 有限 ， 非常 期待 后续 会 开放 更 多 协作 内容 。 是否 有 可能 开放 主线 剧情 、 天工地窟 等 玩法 联机 合作 ？ 关于 单人 关卡 支持 联机 的 需求 ， 我们 非常 重视 。 由于 燕云 的 关卡 流程 差异 大 ， 制作 方式 等 原因 ， 实现 联机 支持 需要 对 每个 关卡 定制化 处理 ， 以 确保 联机 下 的 体验 流畅 和 流程 切换 稳定 。 目前 我们 已经 启动 了 开封 关卡 的 联机 支持 开发 ， 将 在 充分 测试 后 逐步 开放 。 其中 ， 开封 侠迹 杀神 出 庙 的 联机 功能 有 机会 在 首先 开放 。 此外 ， 我们 也 在 尝试 做 一些 更 具 乐趣 的 联机 关卡 设计 ， 争取 尽快 与 大家 见面 ！ 5 、 目前 联机 会 出现 被 恶意 拉 到 毒水 / 蛇洞 等 情况 。 建议 增加 传送 目的地 提示 ； 提供 安全 缓冲期 。 友善 、 合作 的 联机 环境 是 我们 的 共同 目标 。 对于 利用 联机 机制 进行 的 恶意 行为 ， 我们 已 在 游戏 内 增加 相关 举报 入口 ， 被 多次 举报 的 角色 ， 将 限制 其 联机 功能 。 我们 会 和 游侠 一起 ， 共同 维护 良好 的 多 人 社交 环境 。 另一方面 ， 我们 正 着手 优化 联机 传送 机制 ， 如 调整 落地 位置 ， 避免 落地 重伤 等 负面 体验 。 6 、 不同 模式 需 频繁 手动 切换 奇术 搭配 ， 希望 增设 预设组 ， 方便 快速 切换 搭配 。 频繁 切换 奇术 的 繁琐 ， 我们 收到 了 许多 反馈 ， 为此 ， 我们 于 上 个 赛季 简化 了 奇术 界面 的 层级 ， 并 新增 了 主 界面 到 奇术 的 快速 跳转 。 考虑 到 后续 奇术 的 数量 还 会 不断 扩展 ， 我们 正 进一步 优化 不同 情境 下 的 奇术 修改 方案 。 如 止戈 / 侠境 等 不同 系统 玩法 切换 。 我们 已经 上线 了 流派 方案 的 自动 切换 设置 ， 未来 将 提供 只 针对 奇术 部分 的 自动 切换 ， 并 会 扩展 适用 场景 。 而 大世界 探索 / 活动 ， 这 类 低频 、 偏 一次性 的 需求 ， 我们 会 考虑 增设 一个 快捷键 ， 能 让 大家 快速 选择 并 直接 释放 ， 省去 装配 释放 卸下 的 整个 过程 。 关于 增设 专属于 奇术 搭配 的 预设组 的 建议 。 我们 已经 收到 。 考虑 到 和 流派 预设 的 冲突 以及 理解 成本 ， 还 需 结合 更 多 反馈 谨慎 评估 ， 以求 最优解 ， 望 游侠 理解 。 7 、 最近 云 游戏 经常 排队 ， 对 此 将 如何 解决 ？ 为 改善 排队 问题 ， 我们 将 动态 增加 更 多 的 云端 机器 ， 在 高峰期 特别是 周末 ， 直接 缓解 排队 压力 。 同时 ， 我们 也 在 推进 技术 升级 和 主机 升级 ， 应用 双开 等 增效 技术 增加 容量 ， 为 游侠 们 提供 更 流畅 的 体验 。 长风 万里 ， 幸 得 诸君 ， 深深 感谢 每 一 位 游侠 的 支持 与 宝贵 意见 。 除了 上面 提到 的 反馈 之外 ， 还有 一些 未能 一一 回应 的 bug 问题 ， 给 游侠 们 带来 不好 的 体验 ， 我们 感到 非常 抱歉 。 我们 已经 启动 专项组 ， 在 近期 内 加速 优化 修复 ， 在 未来 版本 中 会 更加 注重 质检 ， 也 诚盼 诸位 游侠 继续 仗剑直言 ！ ' ],2025-07,热门答疑丨家业多项优化，联机玩法持续升级
"['盛夏之约，终得相遇！在四千万游侠的一路支持下，燕云首个「暑期版本」现已上线。游侠回到了魂牵梦萦的故土，武道攀登者手执新刃踏入心宫。开封的新镇守与侠迹，也在等待着各位的赴约。我们还联合故宫文化，以“折叠时空的古画”——绘于五代时期的《重屏会棋图》为灵感，将画卷呈现在游戏中。并邀请来自书画/武术/舞蹈/农业的四位老师跨界合作，共绘不同时空中李煜的人生可能性，探寻隐藏其中的“公子”踪迹。希望通过本次合作，让这卷展现了时空精妙转换的古画，再次突破时空限制，透过屏幕，以更鲜活的方式被大家“看见”。《重屏会棋图》｜千年古画折叠时空寻访公子踪迹104.1万观看270弹幕今日，一年两次的限时聆音活动将正式开启。除了昨天为大家介绍的【将星入命】外，还有一套珍贵夺目的全新外观即将上线——全新套装【天上白玉京】泛槎捉月，梦笔生花。词人曰：“不知天上宫阙，今夕是何年。”【天上白玉京】正是取意此间梦幻瑰丽的仙气意境。世间纷扰，如何比得上泛槎捉月，梦笔生花？此衣以皎皎月光织成，自成清冷气度。举手投足之间薄纱舒卷，自有流光暗涌，如将一湾天上玉池披于身。又取星辰熔成华美金线勾边，有金沙锦鲤游弋，秀美仙荷轻摇，如仙人自天上宫阙而来，不染尘埃。环绕其身的也并非寻常光晕，而是一泓凝滞又流动的月色湖水。如同时间本身在身侧化作的柔波，无声地吞吐着迷离清辉。在这片不属于尘世的流动月华中，又有两尾锦鲤悠然游动，如同天地间最温柔的守护，将凡尘的喧嚣隔绝在外。脸型数据来自：白诃、燕*逢君听弦歌，肃穆坐华堂。百里独太古，陶然卧羲皇。全新套装【天上白玉京】即将上架并同步开放「染色」，更新后，游侠可前往「聆音」限时活动中通过聆音获取，或前往【聆音商店】以4500个「风摇夏」兑换获得，获得的同时附赠动态主角头像、结算演出和妆容。套装所含可拆分配件包括：发饰、肩饰、耳饰、腰饰、特效饰品。*预研中效果，请以实际上线为准除聆音外观外，还有全新套装【鲤传尺素】和发型【芙蓉泣露】即将于上架【商店】——全新套装【鲤传尺素】鱼传尺素，驿寄梅花。*预研中效果，请以实际上线为准。脸型数据来自：望*君、、赵吟烟套装将鱼类的生物特征、神话象征与古风华服融合，旨在打造兼具神秘感与尊贵气质的侠客形象。色彩上，以渊海蓝暗合主题“自深渊觉醒，向光明溯游”的故事；又以熔金沙鱼骨装饰与纹样勾边，模拟深海矿物辉光，诠释""深渊珍宝""的尊贵之意。此外，外层薄纱披风模拟水母飘游的透明效果，呈现出“水生生物”的灵动特质。在细节上，则对鱼骨、鳞片、流体线条等元素进行了解构。在东方神话中，《山海经》的横公鱼可通幽冥、化蛟龙。肩颈立体锻造的金色鱼骨构筑护甲，骨节分明，蜿蜒如蛟龙脊骨。借鱼骨之“寂灭”与金纹之“辉生”，共同诠释“神秘”的设计主题。远道难思，宿昔梦之。思君在旁，忽觉他乡。鲤寄尺素，唯长相忆。全新套装【鲤传尺素】即将上架，后，游侠可前往【商店】以1280「长鸣珠」购得，并附赠主角头像。套装所含可拆分配件包括：耳饰、披挂。*预研中效果，请以实际上线为准全新发型【芙蓉泣露】*预研中效果，请以实际上线为准。脸型数据来自：望*君、、赵吟烟昆山玉碎凤凰叫，芙蓉泣露香兰笑。十二门前融冷光，二十三丝动紫皇。全新发型【芙蓉泣露】即将上架，后，游侠可前往【和鸣商店】以1颗「八音窍」购得，并附赠动态主角头像。盛夏有约，与侠共赴。新版本中亦有多重福利上新，登陆活跃、呼唤旧友，可获得袅袅之音·绑、长鸣玉在内的丰厚奖励。后续还有更多新内容正在蓄势待发，也有诸多游侠们关心的体验优化正在加速打磨，敬请关注我们后续官方动态！']。 —— 泛槎捉月，梦笔生花丨全新聆音套装即将上线-","《 泛 槎 捉 月 ， 梦笔 生花 丨 全新 聆音 套装 即将 上线 》 : [ ' 盛夏 之 约 ， 终 得 相遇 ！ 在 四千万 游侠 的 一路 支持 下 ， 燕云 首个 「 暑期 版本 」 现 已 上线 。 游侠 回到 了 魂牵梦萦 的 故土 ， 武道 攀登者 手 执 新 刃 踏入 心宫 。 开封 的 新 镇守 与 侠迹 ， 也 在 等待 着 各位 的 赴约 。 我们 还 联合 故宫 文化 ， 以 “ 折叠 时空 的 古 画 ” —— 绘 于 五代 时期 的 《 重屏 会棋图 》 为 灵感 ， 将 画卷 呈现 在 游戏 中 。 并 邀请 来自 书画 / 武术 / 舞蹈 / 农业 的 四位 老师 跨界 合作 ， 共 绘 不同 时空 中 李煜 的 人生 可能性 ， 探寻 隐藏 其中 的 “ 公子 ” 踪迹 。 希望 通过 本 次 合作 ， 让 这 卷 展现 了 时空 精妙 转换 的 古画 ， 再次 突破 时空 限制 ， 透过 屏幕 ， 以 更 鲜活 的 方式 被 大家 “ 看见 ” 。 《 重屏 会棋图 》 ｜ 千年 古画 折叠 时空 寻访 公子 踪迹 104.1万 观看 270 弹幕 今日 ， 一年两次 的 限时 聆音 活动 将 正式 开启 。 除了 昨天 为 大家 介绍 的 【 将星入命 】 外 ， 还有 一套 珍贵 夺目 的 全新 外观 即将 上线 —— 全新 套装 【 天上 白玉京 】 泛 槎 捉 月 ， 梦笔生花 。 词人 曰 ： “ 不 知 天上 宫阙 ， 今夕 是 何年 。 ” 【 天上 白玉京 】 正是 取意 此间 梦幻 瑰丽 的 仙气 意境 。 世间 纷扰 ， 如何 比 得 上 泛 槎 捉 月 ， 梦笔 生花 ？ 此 衣 以 皎皎 月光 织成 ， 自 成 清冷 气度 。 举手投足 之间 薄纱 舒卷 ， 自 有 流光 暗涌 ， 如 将 一 湾 天上 玉池 披 于 身 。 又 取 星辰 熔 成 华美 金线 勾 边 ， 有 金沙 锦鲤 游弋 ， 秀美 仙荷 轻摇 ， 如 仙人 自 天上 宫阙 而 来 ， 不 染 尘埃 。 环绕 其身 的 也 并非 寻常 光晕 ， 而是 一 泓 凝滞 又 流动 的 月色 湖水 。 如同 时间 本身 在 身侧 化作 的 柔波 ， 无声 地 吞吐 着 迷离 清辉 。 在 这 片 不 属于 尘世 的 流动 月华 中 ， 又 有 两 尾 锦鲤 悠然 游动 ， 如同 天地 间 最 温柔 的 守护 ， 将 凡尘 的 喧嚣 隔绝 在外 。 脸型 数据 来自 ： 白诃 、 燕* 逢 君 听弦歌 ， 肃穆 坐 华堂 。 百里 独太古 ， 陶然 卧羲皇 。 全新 套装 【 天上 白玉京 】 即将 上架 并 同步 开放 「 染色 」 ， 更新 后 ， 游侠 可 前往 「 聆音 」 限时 活动 中 通过 聆音 获取 ， 或 前往 【 聆音商店 】 以 4500个 「 风摇夏 」 兑换 获得 ， 获得 的 同时 附 赠 动态 主角 头像 、 结算 演出 和 妆容 。 套装 所 含 可 拆分 配件 包括 ： 发饰 、 肩饰 、 耳饰 、 腰饰 、 特效 饰品 。 * 预研 中效果 ， 请 以 实际 上线 为准 除 聆音 外观 外 ， 还有 全新 套装 【 鲤传尺素 】 和 发型 【 芙蓉泣露 】 即将 于 上架 【 商店 】 —— 全新 套装 【 鲤传尺素 】 鱼传 尺素 ， 驿寄 梅花 。 * 预研 中 效果 ， 请 以 实际 上线 为准 。 脸型 数据 来自 ： 望*君 、 、 赵吟烟 套装 将 鱼类 的 生物 特征 、 神话 象征 与 古 风华服 融合 ， 旨在 打造 兼具 神秘感 与 尊贵 气质 的 侠客 形象 。 色彩 上 ， 以 渊海 蓝 暗合 主题 “ 自 深渊 觉醒 ， 向 光明 溯游 ” 的 故事 ； 又 以 熔 金沙 鱼骨 装饰 与 纹样 勾 边 ， 模拟 深海 矿物 辉光 ， 诠释 "" 深渊 珍宝 "" 的 尊贵 之 意 。 此外 ， 外层 薄纱 披风 模拟 水母 飘游 的 透明 效果 ， 呈现 出 “ 水生 生物 ” 的 灵动 特质 。 在 细节 上 ， 则 对 鱼骨 、 鳞片 、 流体 线条 等 元素 进行 了 解构 。 在 东方 神话 中 ， 《 山海经 》 的 横公鱼 可 通 幽冥 、 化 蛟龙 。 肩颈 立体 锻造 的 金色 鱼骨 构筑 护甲 ， 骨节 分明 ， 蜿蜒 如 蛟龙 脊骨 。 借 鱼骨 之 “ 寂灭 ” 与 金纹 之 “ 辉生 ” ， 共同 诠释 “ 神秘 ” 的 设计 主题 。 远道 难 思 ， 宿昔 梦 之 。 思君 在 旁 ， 忽 觉 他乡 。 鲤 寄 尺素 ， 唯 长相 忆 。 全新 套装 【 鲤传尺素 】 即将 上架 ， 后 ， 游侠 可 前往 【 商店 】 以 1280 「 长鸣珠 」 购得 ， 并 附赠 主角 头像 。 套装 所 含 可 拆分 配件 包括 ： 耳饰 、 披挂 。 * 预研 中 效果 ， 请 以 实际 上线 为 准 全新 发型 【 芙蓉泣露 】 * 预研 中 效果 ， 请 以 实际 上线 为 准 。 脸型 数据 来自 ： 望 *君 、 、 赵吟 烟昆山玉 碎 凤凰 叫 ， 芙蓉泣露 香兰 笑 。 十二 门前 融 冷光 ， 二十三 丝 动 紫皇 。 全新 发型 【 芙蓉泣露 】 即将 上架 ， 后 ， 游侠 可 前往 【 和鸣商店 】 以 1 颗 「 八音窍 」 购得 ， 并 附赠 动态 主角 头像 。 盛夏 有 约 ， 与 侠 共 赴 。 新版本 中 亦 有 多重 福利 上新 ， 登陆 活跃 、 呼唤 旧友 ， 可 获得 袅袅之音 · 绑 、 长鸣玉 在内 的 丰厚 奖励 。 后续 还有 更 多 新 内容 正在 蓄势待发 ， 也 有 诸多 游侠 们 关心 的 体验 优化 正在 加速 打磨 ， 敬请 关注 我们 后续 官方 动态 ！ ' ]",2025-07,泛槎捉月，梦笔生花丨全新聆音套装即将上线
['君自故乡来，静候少东家——今日15点不停服维护完成后，燕云首个暑期版本就将正式上线。届时，「家业」玩法、新武器唐横刀、开封新镇守等诸多全新内容将正式登场。江湖新程又起，很快就将开启属于游侠们的盛夏。暑期版本｜重建不羡仙，由侠当家作主113.5万观看469弹幕与盛夏同至，我们也正式迎来了4000万游侠。从声之微末，到四海之内皆游侠，敬谢各位的一路支持。前路契阔，我们也将继续一步一个脚印，不负真心朋聚，不负游侠赤诚。今日，当少东家重回不羡仙，江湖路远，此刻近乡。共启“家业”，此番重见亦是重建，脚下热土也种下希望。而当少东家们躬耕清河，播下生生不息的桃源愿景。这份耕耘之喜也将跨越虚拟沃土，扎根现实山川——我们与中国乡村发展基金会产业帮扶项目——富平县促发柿子种植农民专业合作社达成合作。通过合作社在“中国柿乡”陕西省富平县，为游侠承包认领了5亩166棵柿子果树。它们今年的产出将以当地特有的非遗工艺制作成柿饼，在后续活动中以定制礼盒的形式发放给游侠。礼盒载福，愿这一口传承千年的软糯香甜，伴你柿柿如意！值此盛夏之约，一年两次的限时聆音活动将于正式开启。新篇侠影，不妨再添几笔风华。游侠可以使用【倚翠之音】在「聆音」限时活动中进行聆音，将有概率获得珍贵奖励，届时将有包括聆音套装【天上白玉京】、【将星入命】在内的一批全新外观上架。两套外观一“文”一“武”，文雅者如谪仙临尘，圣洁贵气；勇武者如将星出世，睥睨四海。今日，我们为大家带来了其中一套的前瞻预览——全新套装【将星入命】将星高照，四海可御。玄甲映日，赤帜凌霄。【将星入命】套装灵感来自驻守边关的英武将领形象，在明光铠元素基础上结合演义小说的浪漫想象进行改良设计。胸板甲如龙鳞曜日，对肩吞兽头盘踞，披膊如翼蔽空，胫甲覆履环护腿部，步步踏破边关霜雪。沙场百战的将军肩系赤色披风，如同尚未冷却的热血，于硝烟烈火中猎猎翻飞。色调整体以肃杀黑红为主，黑色如冷铁肃穆，红色似烽火灼灼。其间覆以金色甲饰，巧妙分色，层次顿生，兼具军武甲胄的华丽想象与真实质感。天将军十二星，在娄北，主武兵。中央大星，天之大将也。时河戍动荡，四方兵起，观大将星摇，可御天下。全新套装【将星入命】即将上架并同步开放「染色」，聆音活动开启后，游侠可前往【聆音商店】以1018个「风摇夏」兑换获得，套装部件集齐后可获得主角头像和结算演出。套装所含可拆分配件包括：帽子、面饰、披挂、耳饰、配饰。在本期活动中累计进行聆音30次后，即可获得【妆容·将星入命】，支持缩放与位移。*预研中效果，请以实际上线为准，【将星入命】捏脸提供：千重岚、辉胧全新发型【我自擎天】摩挲老剑雄心在，对酒细评今古。君此去。几万里东南，只手擎天柱。全新发型【我自擎天】即将上架并同步开放「染色」，聆音活动开启后，游侠可前往【聆音商店】以2400个「风摇夏」兑换获得，获得的同时附赠动态主角头像。*预研中效果，请以实际上线为准此外，本次更新之后，风华值也将迎来迭代优化。各位游侠的风华值将全面提升，外观、坐骑、特效、染色等分值计算都将更加合理。在外观染色中，除了消耗染料可获取固定上限的风华值外，每套外观都会计算最多三套染色方案，获得额外的风华值！游侠们对于染色风华值的疑问，后续可以通过游戏内【燕叽百科】-问答进行自助查询！同时，我们将新增更多风华等级档位奖励，便于各位游侠更好地展现属于自己的个性风华！风华焕新，恰值归家之际，更有多套锦衣、海量珍奇好礼相候，为少东家的归家事业锦上添花！在外兜转了千里的伶俐飞燕，早早也回来了神仙渡，在檐下等候你归来。或是等得久了，小燕竟先戴起小草帽，背上小背篓，自顾自地啄枝衔泥，重建起它的小小家业来。若人招手，小燕便似是认得一般，轻巧跃至人们头上稍驻，惹人满心欢喜。「家业商店」将于版本更新后同步开业！少东家游玩家业玩法可获得的【金谷粒】，凭此即可前往「家业商店」兑换获得全新头饰【渡燕归】，伴小燕共建家园。另有一套清雅华服——外观套装【棠棣映夏】等君来取。锦衣玉带，气宇轩昂，正衬少东家化身家主执掌家业从容气度。「家业商店」中还有多样配饰、置景、题跋，情境姿态等丰富奖励，种种皆可凭【金谷粒】免费兑换。*预研中效果，请以实际上线为准「个人主页」亦有重磅更新。新增「跃然风格」，游侠可前往「情境」界面「个人主页」任意切换「平面风格」和「跃然风格」。只需轻触即可令侠影生平跃屏而出！*预研中效果，请以实际上线为准今日归园，忙于建造开荒之时，少东家也不要忘记前往活动中开启冰鉴消消暑气！其中可以开出倚翠之音、凝神引和随机数量长鸣玉，不要错过！此外，随狂澜入世，门派商城也迎来了全面上新。大量头像、专属名片、表情动作、置景、题跋等特色商品将更新上架，并支持使用【江湖声望】兑换。重兴家业，亦盼燕归。在新版本参与盼归燕活动——呼唤旧友回归即可获得发饰【戳戳有鱼】、【长鸣玉】等奖励！久未归家的少东家亦可试用多种武学流派、心法，快速重拾状态。大好江湖，还有诸多精彩内容待与游侠相遇！暑期之约已至。待游侠归故地，起新家，执霜刃，战强敌。当家作主，共赴盛夏！']。 —— 由侠当家作主，暑期版本今日开启！-,《 由 侠 当家作主 ， 暑期 版本 今日 开启 ！ 》 : [ ' 君 自 故乡 来 ， 静候 少东家 —— 今日 15点 不 停服 维护 完成 后 ， 燕云 首个 暑期 版本 就 将 正式 上线 。 届时 ， 「 家业 」 玩法 、 新 武器 唐横刀 、 开封 新 镇守 等 诸多 全新 内容 将 正式 登场 。 江湖 新程 又 起 ， 很快 就 将 开启 属于 游侠 们 的 盛夏 。 暑期 版本 ｜ 重建 不羡仙 ， 由 侠 当家作主 113.5万 观看 469 弹幕 与 盛夏 同 至 ， 我们 也 正式 迎来 了 4000万 游侠 。 从 声 之 微末 ， 到 四海 之内 皆 游侠 ， 敬谢 各位 的 一路 支持 。 前路 契阔 ， 我们 也 将 继续 一步一个脚印 ， 不 负 真心 朋聚 ， 不 负 游侠 赤诚 。 今日 ， 当 少东家 重 回 不羡仙 ， 江湖 路 远 ， 此刻 近 乡 。 共 启 “ 家业 ” ， 此 番 重 见 亦 是 重建 ， 脚下 热土 也 种 下 希望 。 而 当 少东家 们 躬耕 清河 ， 播 下 生生不息 的 桃源 愿景 。 这 份 耕耘 之 喜 也 将 跨越 虚拟 沃土 ， 扎根 现实 山川 —— 我们 与 中国乡村发展基金会 产业 帮扶 项目 —— 富平县促发柿子种植农民专业合作社 达成 合作 。 通过 合作社 在 “ 中国 柿乡 ” 陕西省 富平县 ， 为 游侠 承包 认领 了 5亩 166棵 柿子 果树 。 它们 今年 的 产出 将 以 当地 特有 的 非遗 工艺 制作 成 柿饼 ， 在 后续 活动 中 以 定制 礼盒 的 形式 发放 给 游侠 。 礼盒 载福 ， 愿 这 一 口 传承 千年 的 软糯 香甜 ， 伴 你 柿柿 如意 ！ 值 此 盛夏 之 约 ， 一年 两次 的 限时 聆音 活动 将 于 正式 开启 。 新篇 侠影 ， 不妨 再 添 几笔 风华 。 游侠 可以 使用 【 倚 翠 之 音 】 在 「 聆音 」 限时 活动 中 进行 聆音 ， 将 有 概率 获得 珍贵 奖励 ， 届时 将 有 包括 聆音 套装 【 天上 白玉京 】 、 【 将星入命 】 在内 的 一批 全新 外观 上架 。 两套 外观 一 “ 文 ” 一 “ 武 ” ， 文雅者 如 谪仙 临尘 ， 圣洁 贵气 ； 勇武者 如 将 星 出世 ， 睥睨 四海 。 今日 ， 我们 为 大家 带来 了 其中 一套 的 前瞻 预览 —— 全新 套装 【 将星入命 】 将 星 高照 ， 四海 可 御 。 玄甲 映 日 ， 赤帜 凌霄 。 【 将星入命 】 套装 灵感 来自 驻守 边关 的 英武 将领 形象 ， 在 明光铠 元素 基础 上 结合 演义 小说 的 浪漫 想象 进行 改良 设计 。 胸板甲 如 龙鳞 曜日 ， 对 肩 吞 兽头 盘踞 ， 披膊 如 翼 蔽 空 ， 胫甲 覆履 环护 腿部 ， 步步 踏 破 边关 霜雪 。 沙场百战 的 将军 肩 系 赤色 披风 ， 如同 尚未 冷却 的 热血 ， 于 硝烟 烈火 中 猎猎 翻飞 。 色调 整体 以 肃杀 黑红 为主 ， 黑色 如 冷铁 肃穆 ， 红色 似 烽火 灼灼 。 其间 覆 以 金色 甲饰 ， 巧妙 分色 ， 层次 顿生 ， 兼具 军武 甲胄 的 华丽 想象 与 真实 质感 。 天将军 十二星 ， 在 娄北 ， 主武兵 。 中央 大星 ， 天 之 大将 也 。 时河戍 动荡 ， 四方 兵 起 ， 观 大将 星摇 ， 可 御 天下 。 全新 套装 【 将星入命 】 即将 上架 并 同步 开放 「 染色 」 ， 聆音 活动 开启 后 ， 游侠 可 前往 【 聆音商店 】 以 1018个 「 风摇夏 」 兑换 获得 ， 套装 部件 集 齐 后 可 获得 主角 头像 和 结算 演出 。 套装 所 含 可 拆分 配件 包括 ： 帽子 、 面饰 、 披挂 、 耳饰 、 配饰 。 在 本 期 活动 中 累计 进行 聆音 30次 后 ， 即可 获得 【 妆容 · 将星入命 】 ， 支持 缩放 与 位移 。 * 预研 中 效果 ， 请 以 实际 上线 为 准 ， 【 将星入命 】 捏脸 提供 ： 千重岚 、 辉胧 全新 发型 【 我自擎天 】 摩挲 老剑 雄心 在 ， 对 酒 细评 今 古 。 君 此 去 。 几万里 东南 ， 只 手 擎 天柱 。 全新 发型 【 我自擎天 】 即将 上架 并 同步 开放 「 染色 」 ， 聆音 活动 开启 后 ， 游侠 可 前往 【 聆音商店 】 以 2400个 「 风摇夏 」 兑换 获得 ， 获得 的 同时 附 赠 动态 主角 头像 。 * 预研 中 效果 ， 请 以 实际 上线 为 准 此外 ， 本 次 更新 之后 ， 风华值 也 将 迎来 迭代 优化 。 各位 游侠 的 风华值 将 全面 提升 ， 外观 、 坐骑 、 特效 、 染色 等 分值 计算 都 将 更加 合理 。 在 外观 染色 中 ， 除了 消耗 染料 可 获取 固定 上限 的 风华值 外 ， 每 套 外观 都 会 计算 最多 三套 染色 方案 ， 获得 额外 的 风华值 ！ 游侠 们 对于 染色 风华值 的 疑问 ， 后续 可以 通过 游戏 内 【 燕叽 百科 】 问答 进行 自助 查询 ！ 同时 ， 我们 将 新增 更 多 风华 等级 档位 奖励 ， 便于 各位 游侠 更 好 地 展现 属于 自己 的 个性 风华 ！ 风华 焕新 ， 恰值 归家 之际 ， 更 有 多 套 锦衣 、 海量 珍奇 好 礼 相候 ， 为 少东家 的 归家 事业 锦上添花 ！ 在外 兜 转 了 千里 的 伶俐 飞燕 ， 早早 也 回来 了 神仙渡 ， 在 檐 下 等候 你 归来 。 或是 等 得 久 了 ， 小燕 竟 先 戴 起 小 草帽 ， 背 上 小 背篓 ， 自顾自 地 啄 枝 衔 泥 ， 重建 起 它 的 小小 家业 来 。 若 人 招手 ， 小燕 便 似 是 认得 一般 ， 轻巧 跃 至 人们 头 上 稍 驻 ， 惹人 满心 欢喜 。 「 家业 商店 」 将 于 版本 更新 后 同步 开业 ！ 少东家 游玩 家业 玩法 可 获得 的 【 金 谷粒 】 ， 凭 此 即可 前往 「 家业 商店 」 兑换 获得 全新 头饰 【 渡燕归 】 ， 伴 小燕 共建 家园 。 另 有 一套 清雅 华服 —— 外观 套装 【 棠棣 映夏 】 等 君 来 取 。 锦衣 玉带 ， 气宇轩昂 ， 正 衬 少东家 化身 家主 执掌 家业 从容 气度 。 「 家业 商店 」 中 还有 多样 配饰 、 置景 、 题跋 ， 情境 姿态 等 丰富 奖励 ， 种种 皆 可 凭 【 金 谷粒 】 免费 兑换 。 * 预研 中 效果 ， 请 以 实际 上线 为 准 「 个人 主页 」 亦 有 重磅 更新 。 新增 「 跃然 风格 」 ， 游侠 可 前往 「 情境 」 界面 「 个人 主页 」 任意 切换 「 平面 风格 」 和 「 跃然 风格 」 。 只需 轻触 即可 令 侠影 生平 跃屏 而 出 ！ * 预研 中效果 ， 请 以 实际 上线 为 准 今日 归园 ， 忙于 建造 开荒 之 时 ， 少东家 也 不要 忘记 前往 活动 中 开启 冰鉴 消消 暑气 ！ 其中 可以 开 出 倚翠 之 音 、 凝神引 和 随机 数量 长鸣玉 ， 不要 错过 ！ 此外 ， 随 狂澜 入世 ， 门派 商城 也 迎来 了 全面 上新 。 大量 头像 、 专属 名片 、 表情 动作 、 置景 、 题跋 等 特色 商品 将 更新 上架 ， 并 支持 使用 【 江湖 声望 】 兑换 。 重兴 家业 ， 亦 盼 燕归 。 在 新版本 参与 盼 归燕 活动 —— 呼唤 旧友 回归 即可 获得 发饰 【 戳 戳 有 鱼 】 、 【 长鸣玉 】 等 奖励 ！ 久 未 归家 的 少东家 亦 可 试用 多种 武学 流派 、 心法 ， 快速 重拾 状态 。 大好 江湖 ， 还有 诸多 精彩 内容 待 与 游侠 相遇 ！ 暑期 之 约 已 至 。 待 游侠 归 故地 ， 起 新 家 ， 执 霜 刃 ， 战 强敌 。 当家作主 ， 共 赴 盛夏 ！ ' ],2025-07,由侠当家作主，暑期版本今日开启！
['夏日侠踪聚，江湖多盛事。除却知己同行、重建家业之喜，亦有增添风华、焕颜生色之乐。（本周五）暑期版本即将开启，届时将有一批全新外观上线——全新套装【南风熏】岭南有佳荔，丹红映翠枝。*预研中效果，请以实际上线为准*图中捏脸数据来自玩家：江峥莲、林惊**瞥“罗浮山下四时春，卢橘杨梅次第新。日啖荔枝三百颗，不辞长作岭南人。”套装以荔枝为灵感，其中点睛之笔破口荔枝的形象则来自宋徽宗的《写生翎毛图》。女款以清新的粉白配色为主，红荔作缀，款式设计上结合了头巾、襻膊等古代女子劳作时的装束元素并进行改良，荔枝发饰装点的单侧编发蕴藏着灵动朝气，尽显邻家少女的俏皮姿态；男款则以青绿色为主调，短款上衣印有粉色荔枝的纹样，臂腕和腰间均以皮饰利落收束，穿着者如同夏日荔枝树下的活泼少年，迸发出无尽蓬勃的生命力。传闻公子喜食荔枝，钦慕之人纷纷啖红荔，衣其纹，以示所好，可谓“代餐”。全新套装【南风薰】即将上架，更新后，游侠可前往【商店】以60「长鸣珠」购得。「弓」武器外观【凤凰于飞】*【套装·清仪】【套装·腾光】预研中画面，实际效果和其他套装请在游戏内查看有一威凤，憩翮朝阳。晨游紫雾，夕饮玄霜。资长风以举翰，戾天衢而远翔。全新「弓」武器外观【凤凰于飞】即将上架，更新后，游侠可前往【和鸣商店】以1颗「八音窍」购得。【凤凰于飞】共有霁青【套装·逸羽】、紫绶【套装·宵影】【套装·晨晖】、砺金【套装·清仪】【套装·腾光】五种套装样式变化，另有若干定制色，游侠可通过「工坊-武器重铸」打造独一无二的多形态武器外观搭配。在【律格-明光】全明后，还将进化出【律格-握弦】的每个套装词条独有的引弓明光。「骑龙回马」奇术特效【黄龙断戟】*预研中效果，请以实际上线为准兵者凶器，战者危事。黄龙乘雷，疾啸长空，踏刀兵，断剑戟，千里转战回首处，止戈曜武，一定乾坤。全新「骑龙回马」奇术特效【黄龙断戟】即将上架，原价3「音玉」；更新后，游侠可前往【闻音商店】以限时折扣价2「音玉」购得。「狗嘴夺食」奇术特效【御帚飞鸡】*预研中效果，请以实际上线为准一鸡不扫，何以扫天下？一蛋不破，何以破千军？长星作帚，以清羽林。所过之处，鸡飞蛋打。所锤之地，寸草不拔。御帚飞鸡，仅此一家！世间岂有肆无忌惮者耶？不如毁去四五鸡蛋，而后自然手刀禽来。全新「狗嘴夺食」奇术特效【御帚飞鸡】即将上架，原价300「长鸣珠」；更新后，游侠可前往【商店】以限时折扣价60「长鸣珠」购得。此间盛夏，焕颜生色。除了以上外观外，全新聆音套装也将于本周同步上架，更多详情还请游侠留意后续官方动态！']。 —— 此间盛夏，焕颜生色|套装南风薰即将上架-,《 此间 盛夏 ， 焕颜生色 | 套装 南风 薰 即将 上架 》 : [ ' 夏日 侠踪聚 ， 江湖 多 盛事 。 除却 知己 同行 、 重建 家业 之 喜 ， 亦 有 增添 风华 、 焕颜 生色 之 乐 。 （ 本周五 ） 暑期 版本 即将 开启 ， 届时 将 有 一批 全新 外观 上线 —— 全新 套装 【 南风熏 】 岭南 有 佳荔 ， 丹红 映 翠枝 。 * 预研 中 效果 ， 请 以 实际 上线 为 准 * 图 中 捏 脸 数据 来自 玩家 ： 江峥莲 、 林惊 * * 瞥 “ 罗浮山 下 四时春 ， 卢橘 杨梅 次第 新 。 日 啖 荔枝 三百颗 ， 不辞长作 岭南 人 。 ” 套装 以 荔枝 为 灵感 ， 其中 点睛 之 笔 破口 荔枝 的 形象 则 来自 宋徽宗 的 《 写生 翎毛图 》 。 女款 以 清新 的 粉白 配色 为主 ， 红荔 作缀 ， 款式 设计 上 结合 了 头巾 、 襻膊 等 古代 女子 劳作 时 的 装束 元素 并 进行 改良 ， 荔枝 发饰 装点 的 单侧 编发 蕴藏 着 灵动 朝气 ， 尽 显 邻家 少女 的 俏皮 姿态 ； 男款 则 以 青绿色 为 主调 ， 短款 上衣 印 有 粉色 荔枝 的 纹样 ， 臂腕 和 腰间 均 以 皮饰 利落 收束 ， 穿着者 如同 夏日 荔枝 树 下 的 活泼 少年 ， 迸发 出 无尽 蓬勃 的 生命力 。 传闻 公子 喜 食 荔枝 ， 钦慕 之 人 纷纷 啖 红荔 ， 衣 其 纹 ， 以示 所 好 ， 可谓 “ 代餐 ” 。 全新 套装 【 南风薰 】 即将 上架 ， 更新 后 ， 游侠 可 前往 【 商店 】 以 60 「 长鸣珠 」 购得 。 「 弓 」 武器 外观 【 凤凰于飞 】 * 【 套装 · 清仪 】 【 套装 · 腾光 】 预研 中 画面 ， 实际 效果 和 其他 套装 请 在 游戏 内 查看 有 一 威凤 ， 憩 翮 朝阳 。 晨游 紫雾 ， 夕 饮 玄霜 。 资长风 以 举翰 ， 戾 天衢 而 远 翔 。 全新 「弓 」 武器 外观 【 凤凰 于飞 】 即将 上架 ， 更新 后 ， 游侠 可 前往 【 和鸣商店 】 以 1 颗 「 八音窍 」 购得 。 【 凤凰 于飞 】 共有 霁青 【 套装 · 逸羽 】 、 紫绶 【 套装 · 宵影 】 【 套装 · 晨晖 】 、 砺金 【 套装 · 清仪 】 【 套装 · 腾光 】 五种 套装 样式 变化 ， 另 有 若干 定制色 ， 游侠 可 通过 「 工坊 武器 重铸 」 打造 独一无二 的 多 形态 武器 外观 搭配 。 在 【 律格 明光 】 全明 后 ， 还 将 进化 出 【 律格 握弦 】 的 每个 套装 词条 独有 的 引弓 明光 。 「 骑龙回马 」 奇术 特效 【 黄龙 断 戟 】 * 预研 中 效果 ， 请 以 实际 上线 为 准兵者 凶器 ， 战者 危事 。 黄龙 乘 雷 ， 疾啸 长空 ， 踏 刀兵 ， 断剑戟 ， 千里 转战 回首 处 ， 止戈 曜武 ， 一定 乾坤 。 全新 「 骑龙回马 」 奇术 特效 【 黄龙 断 戟 】 即将 上架 ， 原价 3 「 音玉 」 ； 更新 后 ， 游侠 可 前往 【 闻音商店 】 以 限时 折扣价 2 「 音玉 」 购得 。 「 狗嘴 夺食 」 奇术 特效 【 御帚 飞鸡 】 * 预研 中 效果 ， 请 以 实际 上线 为准 一 鸡 不 扫 ， 何以 扫 天下 ？ 一 蛋 不 破 ， 何以 破 千军 ？ 长星 作帚 ， 以 清 羽林 。 所 过 之 处 ， 鸡 飞 蛋 打 。 所 锤 之 地 ， 寸草不 拔 。 御帚 飞鸡 ， 仅 此 一家 ！ 世间 岂 有 肆无忌惮 者 耶 ？ 不如 毁 去 四 五 鸡蛋 ， 而后 自然 手刀 禽 来 。 全新 「 狗嘴 夺食 」 奇术 特效 【 御帚 飞鸡 】 即将 上架 ， 原价 300「 长鸣珠 」 ； 更新 后 ， 游侠 可 前往 【 商店 】 以 限时 折扣价 60 「 长鸣珠 」 购得 。 此间 盛夏 ， 焕颜生色 。 除了 以上 外观 外 ， 全新 聆音 套装 也 将 于 本周 同步 上架 ， 更 多 详情 还 请 游侠 留意 后续 官方 动态 ！ ' ],2025-07,此间盛夏，焕颜生色 | 套装南风薰即将上架
['江湖路远，幸有知己同行，归家兴业，更喜高朋满座！「暑期版本」的「家业」天地，也并非少东家一人的舞台。在以往的内容前瞻中，我们带大家领略了重回不羡仙后的百般生活，少东家可以种田建设，体验沉浸式扮演和招募经营玩法。然而真正的家园，其热闹生机可不仅这点。今日便为诸位揭晓，这方热土上最动人的风景——庄客伙伴，以及那充满烟火气的温馨日常！百业待兴，重建家园岂能凭一己之力？广袤清河，处处都是人才，处处都是机遇。行走江湖结下的善缘，此刻正是回报之时！曾与你并肩作战的知己、因你善举重燃希望的流离村民，还有奇遇中对你心生敬佩的江湖奇人，现在都有可能被你请回不羡仙，变成你的庄客！不过，他们每个也都带着旧故事和新脾气，招募他们也不是个简单的事情。*预研中效果，请以实际上线为准每一位庄客都是独一无二的存在，他们都有自己擅长的工作和生活轨迹。若少东家真给这些闲云野鹤带回不羡仙，他们便能各展所长，为不羡仙添砖加瓦。无需特意安排，不羡仙的日常便能风生水起。*预研中效果，请以实际上线为准家的意义，更在柴米油盐的日常，和不期而遇的温暖。这里也总会有鲜活的小剧场上演，或许天蒙蒙亮你便能见到锅铲翻飞的炒菜壮士，在夜深人静还会偶遇噼啪砍柴的夜班女侠。江湖儿女不拘小节，相聚于同一个屋檐下，人人都是自己的欢乐英雄。吃饭拌嘴，休憩玩闹，鸡飞狗跳间，不羡仙也热气腾腾地活起来了。无论是曾经的江湖豪客，还是在这里的留守村民，都因您这位少东家而齐聚。之后少东家也可以化身“教头”，将一身江湖奇术倾囊相授。看庄客们习得奇术务农劳作能玩出什么新花样！看到当年叱咤江湖的狠角色，如今在河里转着圈炸鱼；平平无奇的大哥在树林砍着树突然练起狮吼功，那树还真被震断几棵。小小的不羡仙，到处都是卧虎藏龙。不羡仙的再次繁荣，不止于产业，更在于人气。本次家业玩法，各位少东家亦能携挚友亲朋共住，共谱佳话！在清河这片广阔天地，少东家可以向志同道合的江湖好友发出邀请，成为同住好友，从此炊烟相望，鸡犬相闻。当前支持最多5人同住，可以共享资源合力建造，共同经营产业，成就感和欢笑倍增！同住以后，将以一个游侠的家业作为主要经营家业。但不必担心，其他游侠自身的家业经营进度将被保留，在解除同住后恢复如初。同时也不必担心同住期间的努力白费。解除同住后，同住期间获取的资源，招募的庄客，建筑的布局，都可以以一定的规则带回到自己的家业中。独居与同乐，皆可由游侠自由选择。*预研中效果，请以实际上线为准笑语绕梁，比邻情深。，诚邀少东家呼朋引伴回到不羡仙，广纳能人，共绘这副家业画卷！相信不羡仙有如此多故人相助，还有“自律”“高能量”的少东家带领，定能让离人泪酒香再度飘扬！为了庆祝不羡仙的重新繁荣，我们将在、26日，于杭州「西子廊桥」合作带来快闪活动。每场演出，将有4位知名民乐演奏家为大家现场演奏多首燕云经典曲目。配合西子廊桥的特色巨屏，将为各位少东家呈现别样的视听体验。夏日炎炎，各位亲临现场的少东家还请注意防暑防热！快闪时间：（周五）~；（周六）~。地点：杭州市西湖区平海路与东坡路交叉口（部分演出内容为与游侠名字君montage共创）重回家园，怎么能没有锦衣相称？暑期版本开启之际，我们将奉上好礼，助少东家衣锦还乡，骏业宏开！参与家业玩法，将有机会获得全新套装，更有配饰、置景、侠名、立体方案等诸多外观奖励，等君来取。恰巧老金的凉心小铺现已进货上新，少东家完成指定任务，可免费兑换全新外观套装金不换。之后还有暑期福利加码，累计登录即可轻松领取袅袅之音·绑。老金的凉心小铺更有全新趣味帽子、心法心得以及大量养成资源上新！少东家不妨前来看上一看。除此之外，全新外观折上折、聆音抽奖券轻松获取、门派商店更新等更多内容正在陆续上线中，勤勉的少东家千万别错过。还有包含长鸣玉、全新头饰在内的盼归燕活动好礼已经备下，邀旧友新知，呼唤亲友，一起归家，共襄盛举！在马上到来的暑期版本中，诸多重磅内容将悉数登场。我们也为游侠准备了一图速览，为游侠抢先呈现。，盛夏之约，与侠共赴！']。 —— 家业前瞻丨旧相识，新家人，人间团圆不羡仙-,《 家业 前瞻 丨 旧 相识 ， 新 家人 ， 人间 团圆 不羡仙 》 : [ ' 江湖 路 远 ， 幸 有 知己 同行 ， 归家 兴业 ， 更 喜 高朋满座 ！ 「 暑期 版本 」 的 「 家业 」 天地 ， 也 并非 少东家 一 人 的 舞台 。 在 以往 的 内容 前瞻 中 ， 我们 带 大家 领略 了 重 回 不羡仙 后 的 百般 生活 ， 少东家 可以 种田 建设 ， 体验 沉浸式 扮演 和 招募 经营 玩法 。 然而 真正 的 家园 ， 其 热闹 生机 可 不仅 这点 。 今日 便 为 诸位 揭晓 ， 这 方 热土 上 最 动人 的 风景 —— 庄客 伙伴 ， 以及 那 充满 烟火气 的 温馨 日常 ！ 百业 待兴 ， 重建 家园 岂能 凭 一 己 之 力 ？ 广袤 清河 ， 处处 都是 人才 ， 处处 都是 机遇 。 行走 江湖 结 下 的 善缘 ， 此刻 正是 回报 之 时 ！ 曾 与 你 并肩作战 的 知己 、 因 你 善举 重 燃 希望 的 流离 村民 ， 还有 奇遇 中 对 你 心 生 敬佩 的 江湖 奇人 ， 现在 都 有 可能 被 你 请 回 不羡仙 ， 变成 你 的 庄客 ！ 不过 ， 他们 每个 也 都 带 着 旧 故事 和 新 脾气 ， 招募 他们 也 不是 个 简单 的 事情 。 * 预研 中 效果 ， 请 以 实际 上线 为准 每 一 位 庄客 都是 独一无二 的 存在 ， 他们 都 有 自己 擅长 的 工作 和 生活 轨迹 。 若 少东家 真 给 这些 闲云野鹤 带 回 不羡仙 ， 他们 便 能 各 展 所长 ， 为 不羡仙 添 砖 加 瓦 。 无需 特意 安排 ， 不羡仙 的 日常 便 能 风生水起 。 * 预研 中 效果 ， 请 以 实际 上线 为 准家 的 意义 ， 更 在 柴米油盐 的 日常 ， 和 不期而遇 的 温暖 。 这里 也 总 会 有 鲜活 的 小 剧场 上演 ， 或许 天 蒙蒙亮 你 便 能 见到 锅铲 翻飞 的 炒菜 壮士 ， 在 夜深人静 还 会 偶遇 噼啪 砍柴 的 夜班 女侠 。 江湖 儿女 不拘小节 ， 相聚 于 同 一个 屋檐 下 ， 人人 都是 自己 的 欢乐 英雄 。 吃饭 拌嘴 ， 休憩 玩闹 ， 鸡 飞 狗 跳 间 ， 不羡仙 也 热气腾腾 地 活 起来 了 。 无论是 曾经 的 江湖 豪客 ， 还是 在 这里 的 留守 村民 ， 都 因 您 这 位 少东家 而 齐聚 。 之后 少东家 也 可以 化身 “ 教头 ” ， 将 一身 江湖 奇术 倾囊相授 。 看 庄客 们 习得 奇术 务农 劳作 能 玩 出 什么 新花样 ！ 看到 当年 叱咤 江湖 的 狠 角色 ， 如今 在 河 里 转 着 圈 炸 鱼 ； 平平无奇 的 大哥 在 树林 砍 着 树 突然 练 起 狮吼功 ， 那 树 还 真 被 震 断 几棵 。 小小 的 不羡仙 ， 到处 都是 卧虎藏龙 。 不羡仙 的 再次 繁荣 ， 不止 于 产业 ， 更 在于 人气 。 本 次 家业 玩法 ， 各位 少东家 亦 能 携 挚友 亲朋 共 住 ， 共 谱 佳话 ！ 在 清河 这 片 广阔 天地 ， 少东家 可以 向 志同道合 的 江湖 好友 发出 邀请 ， 成为 同 住 好友 ， 从此 炊烟 相望 ， 鸡犬相闻 。 当前 支持 最多 5 人 同 住 ， 可以 共享 资源 合力 建造 ， 共同 经营 产业 ， 成就感 和 欢笑 倍增 ！ 同 住 以后 ， 将 以 一个 游侠 的 家业 作为 主要 经营 家业 。 但 不必 担心 ， 其他 游侠 自身 的 家业 经营 进度 将 被 保留 ， 在 解除 同住 后 恢复 如初 。 同时 也 不必 担心 同住 期间 的 努力 白费 。 解除 同 住 后 ， 同 住 期间 获取 的 资源 ， 招募 的 庄客 ， 建筑 的 布局 ， 都 可以 以 一定 的 规则 带 回到 自己 的 家业 中 。 独居 与 同乐 ， 皆 可 由 游侠 自由 选择 。 * 预研 中 效果 ， 请 以 实际 上线 为准 笑语 绕梁 ， 比邻 情 深 。 ， 诚 邀 少东家 呼朋引伴 回到 不羡仙 ， 广 纳 能人 ， 共 绘 这 副 家业 画卷 ！ 相信 不羡仙 有 如此 多 故人 相助 ， 还有 “ 自律 ” “ 高 能量 ” 的 少东家 带领 ， 定 能 让 离 人 泪 酒 香 再度 飘扬 ！ 为了 庆祝 不羡仙 的 重新 繁荣 ， 我们 将 在 、 26日 ， 于 杭州 「 西子廊桥 」 合作 带来 快闪 活动 。 每场 演出 ， 将 有 4位 知名 民乐 演奏家 为 大家 现场 演奏 多 首 燕云 经典 曲目 。 配合 西子廊桥 的 特色 巨屏 ， 将 为 各位 少东家 呈现 别样 的 视听 体验 。 夏日 炎炎 ， 各位 亲临 现场 的 少东家 还 请 注意 防暑 防热 ！ 快闪 时间 ： （ 周五 ） ~ ； （ 周六 ） ~ 。 地点 ： 杭州市 西湖区 平海路 与 东坡路 交叉口 （ 部分 演出 内容 为 与 游侠 名字 君 montage 共 创 ） 重 回 家园 ， 怎么 能 没有 锦衣 相称 ？ 暑期 版本 开启 之际 ， 我们 将 奉 上 好礼 ， 助 少东家 衣锦还乡 ， 骏业 宏开 ！ 参与 家业 玩法 ， 将 有 机会 获得 全新 套装 ， 更 有 配饰 、 置景 、 侠名 、 立体 方案 等 诸多 外观 奖励 ， 等 君 来 取 。 恰巧 老金 的 凉心 小铺 现 已 进货 上新 ， 少东家 完成 指定 任务 ， 可 免费 兑换 全新 外观 套装 金不换 。 之后 还有 暑期 福利 加码 ， 累计 登录 即可 轻松 领取 袅袅之音 · 绑 。 老金 的 凉心小铺 更 有 全新 趣味 帽子 、 心法 心得 以及 大量 养成 资源 上新 ！ 少东家 不妨 前来 看 上 一 看 。 除此之外 ， 全新 外观 折 上折 、 聆音 抽奖券 轻松 获取 、 门派 商店 更新 等 更 多 内容 正在 陆续 上线 中 ， 勤勉 的 少东家 千万 别 错过 。 还有 包含 长鸣玉 、 全新 头饰 在内 的 盼归燕 活动 好礼 已经 备 下 ， 邀 旧友 新知 ， 呼唤 亲友 ， 一起 归家 ， 共襄盛举 ！ 在 马上 到来 的 暑期 版本 中 ， 诸多 重磅 内容 将 悉数 登场 。 我们 也 为 游侠 准备 了 一 图 速览 ， 为 游侠 抢先 呈现 。 ， 盛夏 之 约 ， 与 侠 共赴 ！ ' ],2025-07,家业前瞻丨旧相识，新家人，人间团圆不羡仙
['不知从何时起，不羡仙的边上，多了一座别致的小屋坐落于此。屋子不大，但家具齐全，应有尽有。屋边还有几处开垦好的田地等待着播种，诸多细节皆展示出此处主人的勤劳与有序。相传，这是那位神仙渡的少东家归来后的居所。其人与几位好友一同盖起了这座房屋，聚集周围乡里，想要把繁华与美好带回不羡仙。于是有人受到鼓舞，在某一日的清晨前去拜访，不料却看到了令人震惊的一幕。只见那位少东家气运丹田，双手画圆，小半袋种子随掌风流转，均匀洒落至田地每一处。嘴里还念念有词：“嗯，功夫练得好，种地就是快！”*预研中效果，请以实际上线为准开荒南野际，守拙归园田。春耕秋收似乎已经是刻在我们骨子里的最高浪漫。在暑期版本开放的「家业」系统中，种植玩法也将是非常重要的一环。各位游侠可以在房屋旁开垦田地，从粮食、蔬菜、调味、水果、经济作物五大类合计二十余种作物中进行选择耕种。作物各个阶段的生长变化也将直观体现，可以看着它们成长、成熟。少东家行走江湖时习得的奇术绝技，在清河沃土之上，也有崭新用武之地。别开生面的武侠田园，当是清河务农一大奇观——翻土裂地，且看狗嘴夺食！竹棒轻点，内力激荡之处，不仅土地松软，还免得费力挥锄头！*预研中效果，请以实际上线为准增速灌溉，箫吟千浪催新芽！要想作物长得好，音乐和水分都少不了。悠扬箫音笼罩良田，眼见抽枝展叶勃勃生机。*预研中效果，请以实际上线为准丰收在望，狮吼正声震落满仓！浑厚狮吼，声波过处成熟作物应声而落，效率远超镰刀！*预研中效果，请以实际上线为准狮吼正声催开田浪，箫吟千浪抚过枝芽。归家耕耘，并非从江湖退却，而是另一种生活豪迈。一稻一粟含武蕴，一砖一瓦由心搭。辛勤所得皆为珍宝，收获的资源亦是产业运转的根基，物尽其用。与钓鱼、狩猎等产出一样，种植所得皆可通过客栈、酒厂等产业经营转化为滚滚财源，购置更多道具与奖励，支撑家业不断扩张。不羡仙的繁荣，就在这麦浪酒香中破土而出。截至今日，我们已为大家介绍，在「家业」系统中的人、事、物分别如何运作。当它们结合在一起时，便是关于家、关于“重建不羡仙”的真实愿景。在亲手搭建的小屋下休憩，与三五知交同檐同住，与前来的故友言欢叙旧；以少东家的视角，去探索不羡仙每一天的精彩，去发掘藏在故土里的美好回忆；招募人手、建设产业、计算规划、亲手耕耘，当个真正的东家，手创自己的家业……关于「家业」，还有更多内容细节，我们也会持续为大家分享。，盛夏之约，与侠共赴！']。 —— 家业前瞻丨像个武林高手一样种地-,《 家业 前瞻 丨 像 个 武林 高手 一样 种地 》 : [ ' 不 知 从 何时 起 ， 不羡仙 的 边上 ， 多 了 一 座 别致 的 小屋 坐落 于 此 。 屋子 不大 ， 但 家具 齐全 ， 应有尽有 。 屋边 还有 几处 开垦 好 的 田地 等待 着 播种 ， 诸多 细节 皆 展示 出 此处 主人 的 勤劳 与 有序 。 相传 ， 这是 那位 神仙渡 的 少东家 归来 后 的 居所 。 其 人 与 几位 好友 一同 盖 起 了 这 座 房屋 ， 聚集 周围 乡里 ， 想 要 把 繁华 与 美好 带 回 不羡仙 。 于是 有人 受到 鼓舞 ， 在 某 一 日 的 清晨 前去 拜访 ， 不料 却 看到 了 令人 震惊 的 一 幕 。 只见 那位 少东家 气运 丹田 ， 双手 画 圆 ， 小半袋 种子 随 掌风 流转 ， 均匀 洒落 至 田地 每 一 处 。 嘴 里 还 念念有词 ： “ 嗯 ， 功夫 练 得 好 ， 种地 就 是 快 ！ ” * 预研 中 效果 ， 请 以 实际 上线 为 准 开荒 南 野际 ， 守拙 归 园田 。 春耕 秋收 似乎 已经 是 刻 在 我们 骨子 里 的 最高 浪漫 。 在 暑期 版本 开放 的 「 家业 」 系统 中 ， 种植 玩法 也 将 是 非常 重要 的 一 环 。 各位 游侠 可以 在 房屋 旁 开垦 田地 ， 从 粮食 、 蔬菜 、 调味 、 水果 、 经济作物 五 大 类 合计 二十余种 作物 中 进行 选择 耕种 。 作物 各个 阶段 的 生长 变化 也 将 直观 体现 ， 可以 看 着 它们 成长 、 成熟 。 少东家 行走 江湖 时 习 得 的 奇术 绝技 ， 在 清河 沃土 之上 ， 也 有 崭新 用武之地 。 别开生面 的 武侠 田园 ， 当 是 清河 务农 一 大 奇观 —— 翻 土 裂 地 ， 且 看 狗 嘴 夺食 ！ 竹棒 轻 点 ， 内力 激荡 之 处 ， 不仅 土地 松软 ， 还 免得 费力 挥 锄头 ！ * 预研 中 效果 ， 请 以 实际 上线 为 准 增速 灌溉 ， 箫吟 千 浪 催 新芽 ！ 要 想 作物 长 得 好 ， 音乐 和 水分 都 少不了 。 悠扬 箫音 笼罩 良田 ， 眼见 抽枝展叶 勃勃生机 。 * 预研 中 效果 ， 请 以 实际 上线 为准 丰收 在望 ， 狮吼正声 震落 满 仓 ！ 浑厚 狮吼 ， 声波 过处 成熟 作物 应声 而 落 ， 效率 远 超 镰刀 ！ * 预研 中 效果 ， 请 以 实际 上线 为 准 狮吼正声 催 开 田浪 ， 箫吟 千 浪 抚 过 枝芽 。 归家 耕耘 ， 并非 从 江湖 退却 ， 而是 另 一种 生活 豪迈 。 一 稻 一 粟 含 武蕴 ， 一砖一瓦 由 心 搭 。 辛勤 所得 皆 为 珍宝 ， 收获 的 资源 亦 是 产业 运转 的 根基 ， 物尽其用 。 与 钓鱼 、 狩猎 等 产出 一样 ， 种植 所得 皆 可 通过 客栈 、 酒厂 等 产业 经营 转化 为 滚滚 财源 ， 购置 更 多 道具 与 奖励 ， 支撑 家业 不断 扩张 。 不羡仙 的 繁荣 ， 就 在 这 麦浪 酒香 中 破土而出 。 截至 今日 ， 我们 已 为 大家 介绍 ， 在 「 家业 」 系统 中 的 人 、 事 、 物 分别 如何 运作 。 当 它们 结合 在 一起 时 ， 便是 关于 家 、 关于 “ 重建 不羡仙 ” 的 真实 愿景 。 在 亲手 搭建 的 小屋 下 休憩 ， 与 三 五 知交 同檐 同 住 ， 与 前来 的 故友 言欢叙旧 ； 以 少东家 的 视角 ， 去 探索 不羡仙 每 一天 的 精彩 ， 去 发掘 藏 在 故土 里 的 美好 回忆 ； 招募 人手 、 建设 产业 、 计算 规划 、 亲手 耕耘 ， 当 个 真正 的 东家 ， 手 创 自己 的 家业 …… 关于 「 家业 」 ， 还有 更 多 内容 细节 ， 我们 也 会 持续 为 大家 分享 。 ， 盛夏 之 约 ， 与 侠 共 赴 ！ ' ],2025-07,家业前瞻丨像个武林高手一样种地
['热浪漫卷间，距我们暑期之约仅剩六天。，暑期版本「君自故乡来」将如约而至。此前，我们曾为各位游侠介绍，新武器唐横刀及陌刀新武学将组成全新流派「裂石·钧」。这两门赫赫威名的武学，一者如游龙惊鸿，飘逸灵动；一者似惊涛拍岸，又能不动如渊。它们在实战中表现如何，今日便为大家揭晓更多细节！横刀武学「斩雪刀法」一出落雪无声，二出漫天风雪年轻时，时任天泉把头的沈寒英凭这独门刀法，于天下论武中连战三十二位高手不败。细观刀法其式，不过基本——劈、刺、撩、扫、削……然变起于无形，势成于瞬息。王清曾敬叹其刀势：一出落雪无声，二出漫天风雪。「斩雪刀法」拥有“卸势反击”的全新机制，但这完全不意味着只能被动反击。守则刚毅坚韧，攻则凌厉精准，机动性与主动性兼备于身。横刀出鞘，寒光乍现。疾步间，刀势如雪崩迭起，四道寒芒连绵不绝。*预研中效果，请以实际上线为准飞鸿踏雪是「斩雪刀法」里最具威势的一招，起势沉凝，蓄力完成瞬间，身形骤然瞬身突刺，穿透敌群！刀光未散，已如惊鸿回返，带出数道凌厉轨迹。而真正的杀招待收刀入鞘才会爆发，先前所处之处大量刀光绽放，破敌强韧，中者胆寒。*预研中效果，请以实际上线为准回手还有白刃杀将，刀随身走，眨眼欺身，横斩之后刀意未绝，还可释放追加攻击。滑铲突进间，敌人难辨身形无法捕捉，运用得当，完全可以扭转战局。*预研中效果，请以实际上线为准陌刀武学「十方破阵」承安西忠魂，铸归义锐魄横刀陌刀，俱是军中杀器。横刀破甲贯革，陌刀一动则是人马俱碎。「十方破阵」乃是以无匹力量碾压战场的霸者之道。张淮深继安西军之式，将这沙场刀法再造为江湖武学，狂澜弟子循习至今。守若金汤，攻如雷霆，更具唤起安西忠魂协战之能！*预研中效果，请以实际上线为准手持陌刀立于战场，蓄力猛攻之时强韧效果加身，稳如泰山，力贯刀身，蓄势待发。一段蓄力挥刀猛砸大地震荡。若能蓄力两段，则有万钧之势。如使用特殊技「唤千军」更会激发「铁衣戎魂」，承安西军英魂之志，重击猛砸之下，无人可当！*预研中效果，请以实际上线为准「十方破阵」亦能快若风吹电闪。使出燃此魂托刀疾行，速度骤然飙升，冲锋之势愈演愈烈间伺机释放终极杀招「荡八荒·极」。在「唤千军」之后亦能召唤安西军英灵，陌刀横扫，对周遭敌人造成毁灭性打击。此招过后，周身还将凝聚一道坚实护盾，护佑游侠继续冲锋陷阵。*预研中效果，请以实际上线为准「斩雪刀法」与「十方破阵」风格有异，却是血脉相接，刀鸣之间皆有疆场肃杀气象。宝刀出鞘在即，我们已迫不及待想要将它托付于英雄之手。新章待启，诚邀各位游侠仗刀而行！']。 —— 暑期前瞻丨新流派「裂石·钧」即将登场-,《 暑期 前瞻 丨 新 流派 「 裂石 · 钧 」 即将 登场 》 : [ ' 热浪 漫卷 间 ， 距 我们 暑期 之 约 仅 剩 六天 。 ， 暑期 版本 「 君 自 故乡 来 」 将 如 约 而 至 。 此前 ， 我们 曾 为 各位 游侠 介绍 ， 新 武器 唐横刀 及 陌刀 新 武学 将 组成 全新 流派 「 裂石 · 钧 」 。 这 两门 赫赫 威名 的 武学 ， 一 者 如 游龙 惊鸿 ， 飘逸 灵动 ； 一 者 似 惊涛 拍岸 ， 又 能 不动如 渊 。 它们 在 实战 中 表现 如何 ， 今日 便 为 大家 揭晓 更 多 细节 ！ 横刀 武学 「 斩雪 刀法 」 一 出 落雪 无声 ， 二 出 漫天 风雪 年轻 时 ， 时 任 天泉 把头 的 沈寒英 凭 这 独门 刀法 ， 于 天下 论武 中 连 战 三十二位 高手 不 败 。 细 观 刀法 其 式 ， 不过 基本 —— 劈 、 刺 、 撩 、 扫 、 削 …… 然 变 起 于 无形 ， 势 成 于 瞬息 。 王清 曾 敬叹 其 刀势 ： 一 出 落雪 无声 ， 二 出 漫天 风雪 。 「 斩雪 刀法 」 拥有 “ 卸势 反击 ” 的 全新 机制 ， 但 这 完全 不 意味着 只能 被动 反击 。 守则 刚毅 坚韧 ， 攻则 凌厉 精准 ， 机动性 与 主动性 兼备 于 身 。 横刀 出鞘 ， 寒光 乍现 。 疾步 间 ， 刀势 如 雪崩 迭起 ， 四道 寒芒 连绵不绝 。 * 预研 中 效果 ， 请 以 实际 上线 为 准 飞鸿踏雪 是 「 斩雪 刀法 」 里 最 具 威势 的 一 招 ， 起势 沉凝 ， 蓄力 完成 瞬间 ， 身形 骤然 瞬身 突刺 ， 穿透 敌群 ！ 刀光 未 散 ， 已 如 惊鸿 回返 ， 带 出 数道 凌厉 轨迹 。 而 真正 的 杀招待 收刀 入鞘 才 会 爆发 ， 先前 所 处 之 处 大量 刀光 绽放 ， 破 敌 强韧 ， 中者 胆寒 。 * 预研 中 效果 ， 请 以 实际 上线 为准 回手 还有 白刃杀将 ， 刀 随 身 走 ， 眨眼 欺身 ， 横斩 之后 刀意 未 绝 ， 还 可 释放 追加 攻击 。 滑铲 突进 间 ， 敌人 难 辨 身形 无法 捕捉 ， 运用 得当 ， 完全 可以 扭转 战局 。 * 预研 中 效果 ， 请 以 实际 上线 为 准 陌刀 武学 「 十方破阵 」 承 安西 忠魂 ， 铸 归义 锐魄 横刀 陌刀 ， 俱 是 军中 杀器 。 横刀 破 甲 贯 革 ， 陌刀 一动 则 是 人马 俱 碎 。 「 十方破阵 」 乃是 以 无匹 力量 碾压 战场 的 霸者 之 道 。 张淮 深 继 安西军 之 式 ， 将 这 沙场 刀法 再造 为 江湖 武学 ， 狂澜 弟子 循习 至今 。 守若金汤 ， 攻 如 雷霆 ， 更 具 唤起 安西 忠魂 协战 之 能 ！ * 预研 中 效果 ， 请 以 实际 上线 为 准 手持 陌刀 立于 战场 ， 蓄力 猛攻 之 时 强韧 效果 加身 ， 稳如泰山 ， 力 贯 刀身 ， 蓄势待发 。 一段 蓄力 挥刀 猛 砸 大地 震荡 。 若 能 蓄力 两段 ， 则 有 万钧 之 势 。 如 使用 特殊技 「 唤千军 」 更 会 激发 「 铁衣戎魂 」 ， 承 安西军 英魂 之 志 ， 重击 猛 砸 之下 ， 无人 可 当 ！ * 预研 中 效果 ， 请 以 实际 上线 为 准 「 十方破阵 」 亦 能 快 若 风吹电闪 。 使出 燃 此 魂 托 刀 疾行 ， 速度 骤然 飙升 ， 冲锋 之 势 愈演愈烈 间 伺机 释放 终极 杀招 「 荡八荒 · 极 」 。 在 「 唤千军 」 之后 亦 能 召唤 安西军 英灵 ， 陌刀 横扫 ， 对 周遭 敌人 造成 毁灭性 打击 。 此 招 过后 ， 周身 还 将 凝聚 一 道 坚实 护盾 ， 护佑 游侠 继续 冲锋陷阵 。 * 预研 中 效果 ， 请 以 实际 上线 为 准 「 斩雪 刀法 」 与 「 十方破阵 」 风格 有异 ， 却 是 血脉 相接 ， 刀鸣 之间 皆 有 疆场 肃杀 气象 。 宝刀 出鞘 在即 ， 我们 已 迫不及待 想 要 将 它 托付 于 英雄 之 手 。 新章 待启 ， 诚 邀 各位 游侠 仗刀而行 ！ ' ],2025-07,暑期前瞻丨新流派「裂石·钧」即将登场
['此前我们曾为大家介绍，在「暑期版本」中，游侠将可以体验重建家园、新武器唐横刀、武道心宫等诸多全新内容。在少东家为新不羡仙夯下基石，挥舞手中新利刃的同时，开封城中又一股暗流正在悄然涌起。也许熔炉会燃尽钱荒危机，也许挥向黑财神那一剑会劈开阴霾，也许百姓的叹息、角门里的挣扎，都会随唐钱策的落幕消散。但在句号之外，还稍欠一笔墨色未填。然而，一份神秘邀约，又将打破这份平静。幕后之人南烛公子亲临樊楼，只为等一人前来。你在寻南烛公子，南烛公子亦在等你。*预研中画面，请以游戏内实际效果为准樊楼之中，随漫天词章落下，重重谜题正待游侠破解。镜花水月之中，他以执棋姿态端坐云端，驱动迷局。写尽春花秋月的手腕，又是如何提起那一枚枚写作苍生的棋？棋路纵横间，他也将为你揭开，一段少东家心系之人的秘辛。*预研中画面，请以游戏内实际效果为准当游侠破局而出之时，终于能直面那位只能窥影于云端的执棋者。可惜与这位名动天下的南烛公子第一次碰面，不是诗意的邂逅，而是步步惊心。以词织狱，杀意随形，一场决战即将拉开！*预研中画面，请以游戏内实际效果为准境地流转，杀机环伺，窗外熟悉的开封景象在墨雨黑白，阴阳流转间恍惚一幅水墨画卷。雨丝成刃，长街似渊，是虚是实？“看不见的敌人”于此显现。他们如鬼魅般潜藏于人群，攻势连绵不绝，更会骤然结成致命剑阵联合绞杀。明枪？暗箭？在这水墨迷城中已然模糊。刀锋间环视，熟悉的屋檐街角，或下一刻就成绝地。*预研中画面，请以游戏内实际效果为准与他的交锋，绝对不会止于一场长街追逐。此方天地，乃至整座“江山社稷”，都有可能成为战场！攻守骤变间，也将有意料之外的强敌入局，为游侠再添上几分沉重威压。围猎之中，考验游侠的不仅是打斗的技艺，更是心智的坚韧。全新镇守「公子书」中的诸多精彩，还待游侠执剑赴约，亲临一探！疏影深浅堂中客，墨色纵横天地心。风涛一枕江湖阔，醒觉犹闻庙堂音。本周五，全新套装【快哉风】将上架「聆音惊蝉」活动，并同步开放「染色」功能，套装所含可拆分配件包括：耳饰、帽子、面饰。*预研中画面，请以游戏内实际效果为准*预研中画面，请以游戏内实际效果为准疏枝上东墙，竹影和诗瘦。套装设计以宋代纸甲为灵感。男款背头披发，利落不凡；服装融合了纸甲的层叠结构，腰带参考古代蹀躞带形制，凸显轮廓挺拔。女款半扎马尾，洒脱不羁；服装结合了书画卷轴的舒展意韵，收腰设计更显干练。纹样上，则以水墨写意风格铺陈，竹枝苍劲，飞鸟恣意，动静之间勾勒出了潇洒自如的侠者气度。后，游侠可前往「聆音惊蝉」活动，完成任务，提升活动奖励等级，即可以限时优惠价600「长鸣珠」购得，并附赠主角头像。此优惠价将于日结束，届时将上架【商店】，并恢复原价1280「长鸣珠」。虽离入伏还有些时日，但江湖里的热情早已点燃。下周，燕云首个「暑期版本」将正式开启，诸多全新内容均已蓄势待发，期待与游侠共度此盛夏！']。 —— 尘封往事，雨现杀机丨开封终战等君赴约！-,《 尘封 往事 ， 雨 现 杀机 丨 开封 终战 等 君 赴约 ！ 》 : [ ' 此前 我们 曾 为 大家 介绍 ， 在 「 暑期 版本 」 中 ， 游侠 将 可以 体验 重建 家园 、 新 武器 唐横刀 、 武道心宫 等 诸多 全新 内容 。 在 少东家 为 新 不羡仙 夯 下 基石 ， 挥舞 手中 新 利刃 的 同时 ， 开封城 中 又 一 股 暗流 正在 悄然 涌起 。 也许 熔炉 会 燃 尽 钱荒 危机 ， 也许 挥 向 黑财神 那 一 剑 会 劈开 阴霾 ， 也许 百姓 的 叹息 、 角门 里 的 挣扎 ， 都 会 随 唐钱策 的 落幕 消散 。 但 在 句号 之外 ， 还 稍 欠 一 笔 墨色 未 填 。 然而 ， 一 份 神秘 邀约 ， 又 将 打破 这 份 平静 。 幕后 之 人 南烛公子 亲临 樊楼 ， 只 为 等 一 人 前来 。 你 在 寻 南烛公子 ， 南烛公子 亦 在 等 你 。 * 预研 中 画面 ， 请 以 游戏 内 实际 效果 为 准 樊楼 之中 ， 随 漫天 词章 落下 ， 重重 谜题 正待 游侠 破解 。 镜花 水月 之中 ， 他 以 执棋 姿态 端坐 云端 ， 驱动 迷局 。 写 尽 春花秋月 的 手腕 ， 又是 如何 提起 那 一 枚 枚 写作 苍生 的 棋 ？ 棋路 纵横间 ， 他 也 将 为 你 揭开 ， 一段 少东家 心 系 之 人 的 秘辛 。 * 预研 中 画面 ， 请 以 游戏 内 实际 效果 为准 当 游侠 破局 而 出 之 时 ， 终于 能 直面 那 位 只能 窥影 于 云端 的 执棋者 。 可惜 与 这 位 名动 天下 的 南烛 公子 第一次 碰面 ， 不是 诗意 的 邂逅 ， 而是 步步 惊心 。 以 词 织狱 ， 杀意 随形 ， 一 场 决战 即将 拉开 ！ * 预研 中 画面 ， 请 以 游戏 内 实际 效果 为 准 境地 流转 ， 杀机 环伺 ， 窗外 熟悉 的 开封 景象 在 墨雨 黑白 ， 阴阳 流转 间 恍惚 一 幅 水墨 画卷 。 雨丝 成 刃 ， 长街 似 渊 ， 是 虚 是 实 ？ “ 看 不 见 的 敌人 ” 于 此 显现 。 他们 如 鬼魅 般 潜藏 于 人群 ， 攻势 连绵不绝 ， 更 会 骤然 结成 致命 剑阵 联合 绞杀 。 明枪 ？ 暗箭 ？ 在 这 水墨 迷城 中 已然 模糊 。 刀锋 间 环视 ， 熟悉 的 屋檐 街角 ， 或 下 一刻 就 成 绝地 。 * 预研 中 画面 ， 请 以 游戏 内 实际 效果 为 准 与 他 的 交锋 ， 绝对 不会 止 于 一 场 长街 追逐 。 此 方 天地 ， 乃至 整 座 “ 江山 社稷 ” ， 都 有 可能 成为 战场 ！ 攻守 骤变 间 ， 也 将 有 意料之外 的 强敌 入局 ， 为 游侠 再 添 上 几分 沉重 威压 。 围猎 之中 ， 考验 游侠 的 不仅 是 打斗 的 技艺 ， 更 是 心智 的 坚韧 。 全新 镇守 「 公子书 」 中 的 诸多 精彩 ， 还 待 游侠 执剑 赴约 ， 亲临 一 探 ！ 疏影 深浅 堂 中客 ， 墨色 纵横 天地 心 。 风涛 一 枕 江湖 阔 ， 醒觉 犹 闻 庙堂 音 。 本周五 ， 全新 套装 【 快哉风 】 将 上架 「 聆音 惊 蝉 」 活动 ， 并 同步 开放 「 染色 」 功能 ， 套装 所 含 可 拆分 配件 包括 ： 耳饰 、 帽子 、 面饰 。 * 预研 中 画面 ， 请 以 游戏 内 实际 效果 为准 * 预研 中 画面 ， 请 以 游戏 内 实际 效果 为准 疏枝 上 东墙 ， 竹影 和 诗 瘦 。 套装 设计 以 宋代 纸甲 为 灵感 。 男款 背头 披发 ， 利落 不凡 ； 服装 融合 了 纸甲 的 层叠 结构 ， 腰带 参考 古代 蹀躞带 形制 ， 凸显 轮廓 挺拔 。 女款 半 扎 马尾 ， 洒脱 不羁 ； 服装 结合 了 书画 卷轴 的 舒展 意韵 ， 收腰 设计 更 显 干练 。 纹样 上 ， 则 以 水墨 写意 风格 铺陈 ， 竹枝 苍劲 ， 飞鸟 恣意 ， 动静 之间 勾勒 出 了 潇洒 自如 的 侠者 气度 。 后 ， 游侠 可 前往 「 聆音 惊蝉 」 活动 ， 完成 任务 ， 提升 活动 奖励 等级 ， 即 可以 限时 优惠价 600 「 长鸣珠 」 购得 ， 并 附赠 主角 头像 。 此 优惠价 将 于 日 结束 ， 届时 将 上架 【 商店 】 ， 并 恢复 原价 1280 「 长鸣珠 」 。 虽 离 入伏 还 有些 时日 ， 但 江湖 里 的 热情 早已 点燃 。 下周 ， 燕云 首个 「 暑期 版本 」 将 正式 开启 ， 诸多 全新 内容 均 已 蓄势待发 ， 期待 与 游侠 共 度 此 盛夏 ！ ' ],2025-07,尘封往事，雨现杀机丨开封终战等君赴约！
"['初伏将至，热浪迭起。然开封郊外琼林苑，花枝锦簇，夏林成荫，水流澹澹，俨然一处宴请嘉宾、避暑纳凉的胜地。值此清夏，亦有神鹿翩然而来，身姿俊逸，疏朗快意，于炎炎赤日中，邀天下俊彦雅伴同游！*预研中画面，请以游戏内实际效果为准（本周五），将有一批全新外观上架——全新坐骑【琼林客】呦呦鹿鸣，食野之苹。我有嘉宾，鼓瑟吹笙。*预研中画面，请以游戏内实际效果为准今上于琼林再开鹿鸣宴，礼请天下士子。觥筹交错之际，众人见一神鹿衔梅步莲而出。府尹奉觞祝曰：""此盛世得才，天下归心之兆也。""神鹿亦有凡心。或许它也正缺一位有趣的玩伴，如果你能让它暂卸矜贵，在山野林间撒欢儿奔跑，它就会亲昵地偏过头来蹭蹭你的手掌。全新坐骑【琼林客】即将上架。后，游侠可前往【商店】以1280「长鸣珠」购得。购买后附赠表情动作【抵首不渝】。使用技能后，可与灵鹿额头轻抵，心神相依。天高路遥，与君长守。陌刀武器外观【飒陌耶】*预研中画面，请以游戏内实际效果为准好好吃饭，努力练刀。好好练刀，努力吃饭。恭喜你，成为了一名很飒的陌刀侠客耶！此刀刀型状似饭勺，据说是少东家曾经去清河的朋友家里蹭饭时所用之勺；刀柄上的装饰，则是由手艺人专门雕刻的某种北方稀有犬幼崽。全新陌刀武器外观【飒陌耶】即将上架。后，游侠可前往【商店】以60「长鸣珠」购得。「嗟夫刀法」武学特效【墨遮山】世无黑白，心知对错。*预研中画面，请以游戏内实际效果为准人间如狱，长夜难明，此番我执墨先行。扬刀之势，举重若轻，一在泼墨凌空，二在峰峦撼地。全新「嗟夫刀法」武学特效【墨遮山】即将上架。后，游侠可前往【商店】以1280「长鸣珠」购得。此外，套装【无间无相】、套装【青丘千岁】、发型配饰套组【弄清影】即将于下架，感兴趣的游侠可前往【和鸣商店】进行购买。伏日炎炎，消暑之心迫切，归家之情也愈盛。未来几天，我们将为游侠们带来更多暑期版本的情报，敬请期待！']。 —— 呦呦鹿鸣，食野之苹丨全新坐骑琼林客上架-","《 呦呦 鹿鸣 ， 食 野 之 苹 丨 全新 坐骑 琼林 客 上架 》 : [ ' 初伏 将 至 ， 热浪 迭起 。 然 开封 郊外 琼林苑 ， 花枝锦簇 ， 夏林 成荫 ， 水流 澹澹 ， 俨然 一 处 宴请 嘉宾 、 避暑 纳凉 的 胜地 。 值此 清夏 ， 亦 有 神鹿 翩然 而 来 ， 身姿 俊逸 ， 疏朗 快意 ， 于 炎炎 赤日 中 ， 邀 天下 俊彦 雅伴 同游 ！ * 预研 中 画面 ， 请 以 游戏 内 实际 效果 为 准 （ 本周五 ） ， 将 有 一批 全新 外观 上架 —— 全新 坐骑 【 琼林客 】 呦呦 鹿鸣 ， 食 野 之 苹 。 我 有 嘉宾 ， 鼓瑟 吹 笙 。 * 预研 中 画面 ， 请 以 游戏 内 实际 效果 为 准 今 上 于 琼林 再 开 鹿鸣宴 ， 礼请 天下 士子 。 觥筹交错 之际 ， 众人 见 一 神鹿 衔 梅步莲 而 出 。 府尹 奉觞 祝 曰 ： "" 此 盛世 得 才 ， 天下 归心 之 兆 也 。 "" 神鹿 亦 有 凡心 。 或许 它 也 正 缺 一 位 有趣 的 玩伴 ， 如果 你 能 让 它 暂 卸 矜贵 ， 在 山野林 间 撒欢儿 奔跑 ， 它 就 会 亲昵 地 偏 过 头 来 蹭蹭 你 的 手掌 。 全新 坐骑 【 琼林客 】 即将 上架 。 后 ， 游侠 可 前往 【 商店 】 以 1280 「 长鸣珠 」 购得 。 购买 后 附赠 表情 动作 【 抵首 不渝 】 。 使用 技能 后 ， 可 与 灵鹿 额头 轻抵 ， 心神 相依 。 天 高 路 遥 ， 与 君 长守 。 陌刀 武器 外观 【 飒陌耶 】 * 预研 中 画面 ， 请 以 游戏 内 实际 效果 为 准 好好 吃饭 ， 努力 练 刀 。 好好 练 刀 ， 努力 吃饭 。 恭喜 你 ， 成为 了 一 名 很 飒 的 陌刀 侠客 耶 ！ 此 刀刀 型状 似 饭勺 ， 据说 是 少东 家 曾经 去 清河 的 朋友 家里 蹭饭 时 所 用 之 勺 ； 刀柄 上 的 装饰 ， 则 是 由 手艺人 专门 雕刻 的 某 种 北方 稀有犬 幼崽 。 全新 陌刀 武器 外观 【 飒陌耶 】 即将 上架 。 后 ， 游侠 可 前往 【 商店 】 以 60 「 长鸣珠 」 购得 。 「 嗟夫 刀法 」 武学 特效 【 墨遮山 】 世 无 黑白 ， 心 知 对错 。 * 预研 中 画面 ， 请 以 游戏 内 实际 效果 为准 人间 如狱 ， 长夜 难 明 ， 此 番 我 执墨 先行 。 扬刀 之 势 ， 举重若轻 ， 一 在 泼墨 凌空 ， 二 在 峰峦 撼地 。 全新 「 嗟夫 刀法 」 武学 特效 【 墨遮山 】 即将 上架 。 后 ， 游侠 可 前往 【 商店 】 以 1280 「 长鸣珠 」 购得 。 此外 ， 套装 【 无间 无相 】 、 套装 【 青丘 千岁 】 、 发型 配饰 套组 【 弄清影 】 即将 于 下架 ， 感兴趣 的 游侠 可 前往 【 和鸣商店 】 进行 购买 。 伏日 炎炎 ， 消暑 之 心 迫切 ， 归家 之 情 也 愈 盛 。 未来 几天 ， 我们 将 为 游侠 们 带来 更 多 暑期 版本 的 情报 ， 敬请 期待 ！ ' ]",2025-07,呦呦鹿鸣，食野之苹丨全新坐骑琼林客上架
"['游侠们好！燕云的首个「暑期版本」将在上线。在紧锣密鼓地筹备大量新内容的同时，我们也在密切关注游侠们对现有内容的体验反馈。我们也借此机会，针对近期游侠们比较关心的问题，带来了最新的优化动向，请游侠们查收！1、等级、装备更新压力大，无法兼顾pvp/pve？游侠们的反馈已经收到，我们也希望各位可以以更加轻松的心态去参与装备培养，装备成型后也有足够的时间去获得更优质的玩法体验。目前我们计划做如下调整：放缓节奏：放慢等级开放和装备更迭速度，将调整为以完整赛季为单位进行装备更迭。在即将到来的蕤宾同音下半赛季，将不再开放新等级和新装等，以减轻游侠装备培养的压力。同时随着赛季的深入，也将逐步开放更多特色玩法，希望游侠可以获得更多样丰富的流派体验。装备保值：预计在第四赛季更新时，将开放装备传承功能。支持将部分旧赛季装备提升装等后继续使用，成为放入武库以外的一种新选择，来提升优质装备的保值度。pvp和pve兼顾：下半赛季开始后，单件装备将允许同时进行普通定音和止戈定音。两种定音可以随时切换，降低同时参与两类玩法时的养成门槛。同时，普通和止戈的变音材料也将加以区分，支持游侠两个方向同时培养。流派切换优化：在7.25暑期版本新唐横刀流派开放时，将同步上线装备套装切换功能，只需花费免费次数或少量长鸣玉，即可对攻具/防具/弓玦的套装属性进行切换，满足流派快速切换的需求，也可以将部分""歪""掉的装备""变废为宝""。下半赛季开始时，也将开放同品质通用和流派心法的互转，方便游侠随时根据自身需求切换心法。角色的培养关系到了游侠们的核心游戏体验，我们也在持续吸收反馈并进行调优。后续还有更多优化正在路上，相关细节我们也将及时和大家分享！2、心力有点不够用，装备毕业难？资源获取和装备培养体验一直是我们持续优化和关注的课题。对此我们尝试推出了转律和变音，并持续对词条库进行了优化，希望能缓步改善装备培养的随机体验。但是我们深知目前的优化进度远远不够，围绕装备和资源获取、调律和变音体验，仍旧存在着大量由随机带来的负面体验，这也将会是我们后续持续优化的重点。心力增加尝试：我们一直秉承着不肝的原则，避免游侠们陷入进度焦虑。同时我们也关注到很多游侠反馈心力数量少，不足以支撑日常的玩法消耗和多流派培养的需求。经过再三权衡，我们将做出如下调整提升心力获取：在下半赛季更新时会略微加快心力回复速率，相应的也会同步增加心力存储上限，同时会持续开启心力免费获取活动，在不提升肝度的前提下，增加游侠可支配心力的数量。资源获取：我们期望可以降低随机性带来的体验差异，包括金装获取、优质初始词条获取、定音石/妙音石获取。同时下半赛季我们将增加更多培养资源的免费获取方式，让游侠们有更多的资源去培养更多的流派。培养体验优化：在后续的赛季更新时，根据赛季主题对调律词条库进行适当扩充，并根据游侠反馈，对部分体验不佳的词条进行删减或合并，希望可以持续改善游侠的调律体验。同时，针对变音随机性高、体验差异大的问题，后续也会尝试增加保底手段，触发保底后即可自选变音词条。3、请问进行流派平衡的思路和依据是什么？以及高分段匹配有时候分差较大导致体验不佳，这个有计划调整吗？我们进行流派调整的初衷，永远是在保持流派武学特色的前提下，让每一个流派的游侠都能获得良好的游戏体验。为此，我们会基于不同段位区间的使用率、胜率等大量线上数据，以及循环手感、操作难度、博弈空间、趣味性等具体的体验反馈，经过反复研讨后谨慎调整。本赛季在二次调整之后，后续会持续针对反馈较多的重点问题进行评估调优：如技能前后摇窗口，强韧覆盖窗口等，在保持各流派动态平衡的基础上增加博弈空间。此外也有计划增强武学自身的连招内循环，避免部分武学功能相对单一。后续，我们也将引入赛事表现、灰度测试等更多角度样本，更全面地进行观察评估。针对匹配机制问题，后续无我段位将启用全新的段位分进行计算，提高游侠的追求目标。同时细化匹配池分段，尽可能的匹配相邻分数段的对手。无我以下段位的匹配机制，也将会综合考虑段位分，武林造诣，尽量避免出现匹配双方养成差距过大的情况。4、后续会有更多的pve/pvp玩法吗？我们会在保证不肝的前提下，持续提供更多样的玩法和体验。比如即将上线的武道心宫，我们也有计划在后续增加ai队友支持，便于更多游侠都能加入体验。同时，还有更多难度的pve玩法也一直在设计制作中。pvp玩法上，我们后续将为已有的止戈玩法新增环境效果等，给常驻的止戈玩法带来更多的变化。同时也将持续探索更多好玩的pvp玩法规则，预计近期就会有新的止戈玩法上线。5、想了解后续红尘知音功能的优化目标与进度，希望可以进一步增强沉浸感。红尘知音功能上线以来获得了很多游侠的好评与关注，后续我们也将对这个功能做持续的更新。目前大概包括以下几个方向：记忆与记录：和红尘知音的对话记录可以保存更长时间，并且会继续优化红尘知音的记忆功能，能够记录更多、更细节的内容。交互体验：音色细节正在优化中，之后会让红尘知音的活人感更强。并且会持续推出更多的音色供游侠选择。聊天反馈中，将会让红尘知音针对游侠的问题做出不同角度的回答，还可以使用表情包来表达情绪。真实陪伴的红尘知音：我们正在调研将红尘知音变为可陪伴游侠，出现在各种场景的实体模型，游侠可以通过语音与其互动，实现交互、跟随移动等多种行为。再次感激大家长久以来的支持与反馈，游侠们的每一条意见，对我们而言都至关重要。对于体验上的持续优化，我们绝不懈怠。也欢迎继续向我们发来反馈与建议，我们会继续努力为大家带来更好的体验！夏日炎炎，暑气炽盛。何消暑热？不妨一饮。夏日主题活动符号「快乐一夏」现已上线。游侠们可以亲手制作各色冰食赠予亲朋好友。在游戏外我们也与西安市慈善会携手合作，发起了“爱心同行·盛夏送凉”公益活动，为高温下坚守岗位的一线户外工作者准备了降温冷饮与防暑药物，陆续于西安市部分区县发放。同为暑中之客，不论游戏内外，惟愿分杯共饮，同抵夏热溽暑！']。 —— 热门答疑丨养成减负、装备兼容，更多功能即将优化-","《 热门 答疑 丨 养成 减负 、 装备 兼容 ， 更 多 功能 即将 优化 》 : [ ' 游侠 们 好 ！ 燕云 的 首个 「 暑期 版本 」 将 在 上线 。 在 紧锣密鼓 地 筹备 大量 新 内容 的 同时 ， 我们 也 在 密切 关注 游侠 们 对 现有 内容 的 体验 反馈 。 我们 也 借 此 机会 ， 针对 近期 游侠 们 比较 关心 的 问题 ， 带来 了 最新 的 优化 动向 ， 请 游侠 们 查收 ！ 1 、 等级 、 装备 更新 压力 大 ， 无法 兼顾 pvp / pve ？ 游侠 们 的 反馈 已经 收到 ， 我们 也 希望 各位 可以 以 更加 轻松 的 心态 去 参与 装备 培养 ， 装备 成型 后 也 有 足够 的 时间 去 获得 更 优质 的 玩法 体验 。 目前 我们 计划 做 如下 调整 ： 放缓 节奏 ： 放慢 等级 开放 和 装备 更迭 速度 ， 将 调整 为 以 完整 赛季 为 单位 进行 装备 更迭 。 在 即将 到来 的 蕤宾 同音 下 半 赛季 ， 将 不再 开放 新 等级 和 新装 等 ， 以 减轻 游侠 装备 培养 的 压力 。 同时 随着 赛季 的 深入 ， 也 将 逐步 开放 更 多 特色 玩法 ， 希望 游侠 可以 获得 更 多样 丰富 的 流派 体验 。 装备 保值 ： 预计 在 第四 赛季 更新 时 ， 将 开放 装备 传承 功能 。 支持 将 部分 旧 赛季 装备 提升装 等 后 继续 使用 ， 成为 放 入 武库 以外 的 一种 新 选择 ， 来 提升 优质 装备 的 保值度 。 pvp 和 pve 兼顾 ： 下 半 赛季 开始 后 ， 单件 装备 将 允许 同时 进行 普通 定音 和 止戈 定音 。 两种 定音 可以 随时 切换 ， 降低 同时 参与 两类 玩法 时 的 养成 门槛 。 同时 ， 普通 和 止戈 的 变音 材料 也 将 加以 区分 ， 支持 游侠 两个 方向 同时 培养 。 流派 切换 优化 ： 在 7.25 暑期 版本 新 唐横刀 流派 开放 时 ， 将 同步 上线 装备 套装 切换 功能 ， 只需 花费 免费 次数 或 少量 长鸣玉 ， 即可 对 攻具 / 防具 / 弓玦 的 套装 属性 进行 切换 ， 满足 流派 快速 切换 的 需求 ， 也 可以 将 部分 "" 歪 "" 掉 的 装备 "" 变废为宝 "" 。 下 半 赛季 开始 时 ， 也 将 开放 同 品质 通用 和 流派 心法 的 互转 ， 方便 游侠 随时 根据 自身 需求 切换 心法 。 角色 的 培养 关系到 了 游侠 们 的 核心 游戏 体验 ， 我们 也 在 持续 吸收 反馈 并 进行 调优 。 后续 还有 更 多 优化 正在 路上 ， 相关 细节 我们 也 将 及时 和 大家 分享 ！ 2 、 心力 有点 不够 用 ， 装备 毕业 难 ？ 资源 获取 和 装备 培养 体验 一直 是 我们 持续 优化 和 关注 的 课题 。 对 此 我们 尝试 推出 了 转律 和 变音 ， 并 持续 对 词条库 进行 了 优化 ， 希望 能 缓步 改善 装备 培养 的 随机 体验 。 但是 我们 深知 目前 的 优化 进度 远远 不够 ， 围绕 装备 和 资源 获取 、 调律 和 变音 体验 ， 仍旧 存在 着 大量 由 随机 带来 的 负面 体验 ， 这 也 将 会 是 我们 后续 持续 优化 的 重点 。 心力 增加 尝试 ： 我们 一直 秉承 着 不 肝 的 原则 ， 避免 游侠 们 陷入 进度 焦虑 。 同时 我们 也 关注 到 很多 游侠 反馈 心力 数量 少 ， 不 足以 支撑 日常 的 玩法 消耗 和 多 流派 培养 的 需求 。 经过 再三 权衡 ， 我们 将 做出 如下 调整 提升 心力 获取 ： 在 下 半 赛季 更新 时 会 略微 加快 心力 回复 速率 ， 相应 的 也 会 同步 增加 心力 存储 上限 ， 同时 会 持续 开启 心力 免费 获取 活动 ， 在 不 提升 肝度 的 前提 下 ， 增加 游侠 可 支配 心力 的 数量 。 资源 获取 ： 我们 期望 可以 降低 随机性 带来 的 体验 差异 ， 包括 金装 获取 、 优质 初始 词条 获取 、 定音石 / 妙音石 获取 。 同时 下 半 赛季 我们 将 增加 更 多 培养 资源 的 免费 获取 方式 ， 让 游侠 们 有 更 多 的 资源 去 培养 更 多 的 流派 。 培养 体验 优化 ： 在 后续 的 赛季 更新 时 ， 根据 赛季 主题 对 调律 词条库 进行 适当 扩充 ， 并 根据 游侠 反馈 ， 对 部分 体验 不佳 的 词条 进行 删减 或 合并 ， 希望 可以 持续 改善 游侠 的 调律 体验 。 同时 ， 针对 变音 随机性 高 、 体验 差异 大 的 问题 ， 后续 也 会 尝试 增加 保底 手段 ， 触发 保底 后 即可 自选 变音 词条 。 3 、 请问 进行 流派 平衡 的 思路 和 依据 是 什么 ？ 以及 高 分段 匹配 有 时候 分差 较大 导致 体验 不佳 ， 这个 有 计划 调整 吗 ？ 我们 进行 流派 调整 的 初衷 ， 永远 是 在 保持 流派 武学 特色 的 前提 下 ， 让 每 一个 流派 的 游侠 都 能 获得 良好 的 游戏 体验 。 为此 ， 我们 会 基于 不同 段位 区间 的 使用率 、 胜率 等 大量 线上 数据 ， 以及 循环 手感 、 操作 难度 、 博弈 空间 、 趣味性 等 具体 的 体验 反馈 ， 经过 反复 研讨 后 谨慎 调整 。 本 赛季 在 二次 调整 之后 ， 后续 会 持续 针对 反馈 较多 的 重点 问题 进行 评估 调优 ： 如 技能 前后 摇 窗口 ， 强韧 覆盖 窗口 等 ， 在 保持 各 流派 动态平衡 的 基础 上 增加 博弈 空间 。 此外 也 有 计划 增强 武学 自身 的 连招 内 循环 ， 避免 部分 武学 功能 相对 单一 。 后续 ， 我们 也 将 引入 赛事 表现 、 灰度 测试 等 更 多 角度 样本 ， 更 全面 地 进行 观察 评估 。 针对 匹配 机制 问题 ， 后续 无我 段位 将 启用 全新 的 段位分 进行 计算 ， 提高 游侠 的 追求 目标 。 同时 细化 匹配池 分段 ， 尽可能 的 匹配 相邻 分数段 的 对手 。 无 我 以下 段位 的 匹配 机制 ， 也 将 会 综合 考虑 段位分 ， 武林 造诣 ， 尽量 避免 出现 匹配 双方 养成 差距 过 大 的 情况 。 4 、 后续 会 有 更 多 的 pve / pvp 玩法 吗 ？ 我们 会 在 保证 不肝 的 前提 下 ， 持续 提供 更 多样 的 玩法 和 体验 。 比如 即将 上线 的 武道心宫 ， 我们 也 有 计划 在 后续 增加 ai 队友 支持 ， 便于 更 多 游侠 都 能 加入 体验 。 同时 ， 还有 更 多 难度 的 pve 玩法 也 一直 在 设计 制作 中 。 pvp 玩法 上 ， 我们 后续 将 为 已 有 的 止戈 玩法 新增 环境 效果 等 ， 给 常驻 的 止戈 玩法 带来 更 多 的 变化 。 同时 也 将 持续 探索 更 多 好玩 的 pvp 玩法 规则 ， 预计 近期 就 会 有 新 的 止戈 玩法 上线 。 5 、 想 了解 后续 红尘 知音 功能 的 优化 目标 与 进度 ， 希望 可以 进一步 增强 沉浸感 。 红尘 知音 功能 上线 以来 获得 了 很多 游侠 的 好评 与 关注 ， 后续 我们 也 将 对 这个 功能 做 持续 的 更新 。 目前 大概 包括 以下 几个 方向 ： 记忆 与 记录 ： 和 红尘 知音 的 对话 记录 可以 保存 更 长 时间 ， 并且 会 继续 优化 红尘 知音 的 记忆 功能 ， 能够 记录 更 多 、 更 细节 的 内容 。 交互 体验 ： 音色 细节 正在 优化 中 ， 之后 会 让 红尘 知音 的 活人感 更 强 。 并且 会 持续 推出 更 多 的 音色 供 游侠 选择 。 聊天 反馈 中 ， 将 会 让 红尘 知音 针对 游侠 的 问题 做出 不同 角度 的 回答 ， 还 可以 使用 表情包 来 表达 情绪 。 真实 陪伴 的 红尘 知音 ： 我们 正在 调研 将 红尘 知音 变为 可 陪伴 游侠 ， 出现 在 各种 场景 的 实体 模型 ， 游侠 可以 通过 语音 与 其 互动 ， 实现 交互 、 跟随 移动 等 多种 行为 。 再次 感激 大家 长久以来 的 支持 与 反馈 ， 游侠 们 的 每 一 条 意见 ， 对 我们 而言 都 至关重要 。 对于 体验 上 的 持续 优化 ， 我们 绝不 懈怠 。 也 欢迎 继续 向 我们 发 来 反馈 与 建议 ， 我们 会 继续 努力 为 大家 带来 更 好 的 体验 ！ 夏日 炎炎 ， 暑气 炽盛 。 何 消 暑热 ？ 不妨 一 饮 。 夏日 主题 活动 符号 「 快乐 一 夏 」 现 已 上线 。 游侠 们 可以 亲手 制作 各色 冰食 赠予 亲朋好友 。 在 游戏 外 我们 也 与 西安市慈善会 携手 合作 ， 发起 了 “ 爱心 同行 · 盛夏 送 凉 ” 公益 活动 ， 为 高温 下 坚守 岗位 的 一线 户外 工作者 准备 了 降温 冷饮 与 防暑 药物 ， 陆续 于 西安市 部分 区县 发放 。 同 为 暑中 之 客 ， 不论 游戏 内外 ， 惟愿 分杯 共 饮 ， 同 抵 夏热 溽 暑 ！ ' ]",2025-07,热门答疑丨养成减负、装备兼容，更多功能即将优化
['君不见走马川行雪海边，平沙莽莽黄入天。边塞苦寒之地，也正是狂澜起源之处。百年前被安西军苍髯皓首死守飞地感染的囚徒，血行千里，却只得见长安颓月。仅剩的九人脱离朝廷折枪立誓，重返西域只为苍生。苍颅作盏，不朝不野，蚍蜉之力，终成乱世之狂澜。他们看似是随地大小躺的醉醺醺的江湖豪客，骨子里也是铁血传承。百年来亦侠亦军，大义面前甘愿牺牲，只望早日开太平盛世，“只为苍生不为君王”。新门派「狂澜」将于「暑期版本」中正式开放，届时也将有门派奇遇等内容一同上线，以助游侠了解其门风与传承。门中素喜有侠心海量的豪迈义士，若是意气相投，必倒履相迎！说到狂澜，绝对离不开他们亦侠亦军的独特背景。狂澜传承源于军旅，那份不抛弃不放弃的铁血意志深深烙印在狂澜弟子的骨血中。最核心的门规「军骨铸魂」即是因此而立——战斗中，狂澜与战友袍泽血肉相连，生死与共。只要踏进战场，狂澜弟子有进无退，逃跑苟活者将扣除狂意，重者革骨除籍。只有剑折犹立，没有苟且偷生。*预研中效果，请以实际上线为准狂澜的军旅传承，还体现在门规外的方方面面。就连日常娱乐，都颇具行伍特色。双人协作骑射角力，碰撞、冲击让对方人仰马翻，一显勇武；三人四足配合前进，培养同门默契，彰显纪律。这些都是江湖里独一份的“练功”方式。铁血军魂之外，狂澜又以其疏狂仗义闻名江湖。疏狂，在于酒不离手，随时随地皆可醉倒。他们从不在意世俗目光，浑身自有豪气张扬。对他们来说，饮酒是生活，同样是修行。酒入喉，热血沸腾，千杯下肚，筋骨如钢，狂意涌涌。酒醉之后，将有多种全新表现互动。跳醉舞、打醉拳、甚至喝成“狗”，皆有可能。门中弟子，不能喝不丢人，不敢喝才丢人！*预研中效果，请以实际上线为准但切勿把他们的嗜酒松弛视为不可靠的表现。狂澜子弟，酩酊则若星陨蓬蒿；肝胆既张，凛然便作柱天踏地。狂澜的仗义，在于若有同门陷于囹圄，必勇于解救，逆血破枷；也在于知恩图报，肝胆相照。医治狂澜弟子，将自动获赠一壶上等佳饮【满江红】。与君并肩浴血，若欠你一命，可还一壶酒；饮你一壶酒，亦可赔一条命。倾君肝胆尽，掷命九霄惊！都说枪乃忠正之兵，然而狂澜却是此中异类，江湖邪徒。藐世俗之理，嗤礼教之辨。侠在己心，义在己心。清规律法轻如纸，江湖情义重如山。任凭众口纷纭，狂澜只信自己。*预研中效果，请以实际上线为准，来见见狂澜这头一等的酒，头一等的枪，头一等的义气。暑期版本还有诸多精彩内容，待与游侠共饮共品！']。 —— 全新门派丨醉卧沙场君莫笑，今夏开坛纳新人-,《 全新 门派 丨 醉 卧 沙场 君 莫 笑 ， 今夏 开坛 纳 新人 》 : [ ' 君 不见 走马 川 行 雪 海边 ， 平沙 莽莽 黄 入 天 。 边塞 苦寒 之 地 ， 也 正是 狂澜 起源 之 处 。 百年 前 被 安西军 苍髯 皓首 死守 飞地 感染 的 囚徒 ， 血 行 千里 ， 却 只得 见 长安 颓月 。 仅 剩 的 九 人 脱离 朝廷 折枪 立誓 ， 重返 西域 只 为 苍生 。 苍颅 作 盏 ， 不 朝 不 野 ， 蚍蜉 之 力 ， 终 成 乱世 之 狂澜 。 他们 看似 是 随地 大小 躺 的 醉醺醺 的 江湖 豪客 ， 骨子里 也是 铁血 传承 。 百年 来 亦 侠 亦 军 ， 大义 面前 甘愿 牺牲 ， 只 望 早日 开 太平 盛世 ， “ 只 为 苍生 不 为 君王 ” 。 新 门派 「 狂澜 」 将 于 「 暑期 版本 」 中 正式 开放 ， 届时 也 将 有 门派 奇遇 等 内容 一同 上线 ， 以 助 游侠 了解 其 门风 与 传承 。 门 中 素喜 有 侠心 海量 的 豪迈 义士 ， 若是 意气相投 ， 必 倒履相迎 ！ 说 到 狂澜 ， 绝对 离不开 他们 亦 侠 亦 军 的 独特 背景 。 狂澜 传承 源于 军旅 ， 那 份 不 抛弃 不 放弃 的 铁血 意志 深深 烙印 在 狂澜 弟子 的 骨血 中 。 最 核心 的 门规 「 军骨 铸魂 」 即 是 因此 而 立 —— 战斗 中 ， 狂澜 与 战友 袍泽 血肉相连 ， 生死与共 。 只要 踏 进 战场 ， 狂澜 弟子 有 进 无 退 ， 逃跑 苟活者 将 扣除 狂意 ， 重者 革骨 除籍 。 只有 剑折 犹 立 ， 没有 苟且偷生 。 * 预研 中 效果 ， 请 以 实际 上线 为 准 狂澜 的 军旅 传承 ， 还 体现 在 门规 外 的 方方面面 。 就 连 日常 娱乐 ， 都 颇 具 行伍 特色 。 双 人 协作 骑射 角力 ， 碰撞 、 冲击 让 对方 人仰马翻 ， 一 显 勇武 ； 三 人 四 足 配合 前进 ， 培养 同门 默契 ， 彰显 纪律 。 这些 都是 江湖 里 独 一 份 的 “ 练功 ” 方式 。 铁血 军魂 之外 ， 狂澜 又 以 其 疏狂 仗义 闻名 江湖 。 疏狂 ， 在于 酒 不 离手 ， 随时随地 皆 可 醉 倒 。 他们 从不 在意 世俗 目光 ， 浑身 自 有 豪气 张扬 。 对 他们 来说 ， 饮酒 是 生活 ， 同样 是 修行 。 酒 入 喉 ， 热血沸腾 ， 千 杯 下肚 ， 筋骨 如 钢 ， 狂意 涌涌 。 酒醉 之后 ， 将 有 多种 全新 表现 互动 。 跳醉舞 、 打 醉拳 、 甚至 喝 成 “ 狗 ” ， 皆 有 可能 。 门 中 弟子 ， 不能 喝 不 丢人 ， 不敢 喝 才 丢人 ！ * 预研 中 效果 ， 请 以 实际 上线 为准 但 切勿 把 他们 的 嗜酒 松弛 视为 不 可靠 的 表现 。 狂澜 子弟 ， 酩酊 则 若 星 陨 蓬蒿 ； 肝胆 既 张 ， 凛然 便 作 柱天踏地 。 狂澜 的 仗义 ， 在于 若 有 同门 陷于 囹圄 ， 必 勇于 解救 ， 逆血 破 枷 ； 也 在于 知恩图报 ， 肝胆相照 。 医治 狂澜 弟子 ， 将 自动 获赠 一 壶 上等 佳饮 【 满江红 】 。 与 君 并肩 浴血 ， 若 欠 你 一 命 ， 可 还 一 壶 酒 ； 饮 你 一 壶 酒 ， 亦 可 赔 一 条 命 。 倾君 肝胆 尽 ， 掷命 九霄 惊 ！ 都 说 枪 乃 忠正 之 兵 ， 然而 狂澜 却 是 此 中 异类 ， 江湖 邪徒 。 藐 世俗 之 理 ， 嗤 礼教 之 辨 。 侠 在 己 心 ， 义 在 己 心 。 清 规 律法 轻 如 纸 ， 江湖 情义 重 如 山 。 任凭 众口纷纭 ， 狂澜 只 信 自己 。 * 预研 中 效果 ， 请 以 实际 上线 为 准 ， 来 见 见 狂澜 这 头 一等 的 酒 ， 头 一等 的 枪 ， 头 一等 的 义气 。 暑期 版本 还有 诸多 精彩 内容 ， 待 与 游侠 共 饮 共品 ！ ' ],2025-07,全新门派丨醉卧沙场君莫笑，今夏开坛纳新人
['「暑期版本」里，各位少东家们将可以回归不羡仙，重建「家业」。往期内容前瞻，我们为游侠们介绍了本次“回家”的主题，以及其中的沉浸式少东家扮演体验。但若想要重现不羡仙的往日繁华，少东家还需担起东家的责任。今日，我们将为大家介绍这「家业」玩法中的经营之道，创业之趣！*预研中画面，请以游戏内实际效果为准创业第一条，找准方向很重要！俗话说靠山吃山，不羡仙所在可是一等一的丰饶富庶。创业起步，不如就地取材，将清河的丰富物产转变为建设新家园的滚滚财富。种植、钓鱼、狩猎、采集、伐木……都能产出丰富的土特产原材料。随着重建的进行，当瓷窑、酒厂、客栈、养老院等产业建立，这些原料将得以进一步生产加工与售卖。售卖所得，也将成为具体的财富，用于进一步扩大家业与购置含家具在内的海量奖励。劈过苍狼的剑，如今劈柴筑梁；握过剑的手，再次揉麦酿酒。在瓷窑小憩，听燃烧呼呼声响；于酒窖酣眠，梦中重闻“离人泪”的酒香。新家园的曙光，在此处冉冉升起。*预研中画面，请以游戏内实际效果为准创业第二条，人多力量大！若仅凭一人之力，哪怕决心再坚定，重建也将难上加难。但你可是神仙渡的少东家，也是闯过开封的江湖新锐，振臂一呼，必有援手前来相助！流离的村民、周边相识的熟人，都有可能被你所感染，加入重建不羡仙的伟大计划。那些与你情谊深重的知交，除了登门拜访以外，也有机会留在此处，成为你的左膀右臂。能拉起多大的队伍，就看少东家自己的独特魅力了。*预研中画面，请以游戏内实际效果为准种地、捕鱼、做饭……每个人都各有所能。若你知人善用，为他们分配合适的岗位，他们将成提供极大的助力。当然，也能培养精进他们的技能，让他们和不羡仙一同成长。在「暑期版本」中，将有近百位独特的角色可以加入。除了勤劳耕耘以外，他们也将真正地“生活”在这片新家园中。后续，我们也将带来更多细节介绍！*预研中画面，请以游戏内实际效果为准创业第三条，也别忘了自己的小家！家业家业，除了业，还有家。上述少东家努力经营的财富，除了用于继续提升产业之外，也别忘了给自己造一个温馨舒适的家。本次，我们提供了精心设计的“样板房”供游侠选择。即使是建造苦手，也可以一键套用，把更多精力放在经营与享受。而我们同样也保留了自由建造的操作模式，诸位“土木宗”的高手大能，依然可以大展拳脚！并且，无论是哪种方式，都支持在清河大部分区域自由选址。后续，也将有更多的家具等自定义组件加入。修家置业，自由随心！*测试环境预研中效果，请以实际上线为准家园重建、好友小聚、故人来访，这些重要时刻当然要定格下来留影江湖，后续随时回来品味回忆。在今日更新中，拍照系统迎来了诸多功能更新，为各位少东家添上一把力！移轴摄影，全新视角定格江湖众生！移轴摄影模式下，可以把现实拍出“袖珍全景世界”般的效果。这次，我们也将此技术加入到了拍照系统中，在这里不需要移轴镜头和专业手法，只需一键就能让世界变得微观可爱！江湖风雪，换个角度即是童真童趣与故事留影！绝景打卡，一键套用不用愁。同时，我们新增了绝景地拍照模式。游侠们可通过此功能，创建出一个全部玩家可一键套用的大世界棚拍方案。无论是其中的自然风光，还是精心搭建的建筑，皆可完美进行记录并复用，建造与摄影在此刻完美结合。绝景地素材来源：@六耘姒后续，还有【合影】模式等新功能即将上线。游侠可以和师徒结义、npc进行自由合影，出片难度将再一次大大降低。随着新内容和新功能的上线，相信游侠们又有诸多绝妙创意可以施展。非常欢迎游侠们在各大社区平台踊跃分享。我们后续也将开辟新的栏目，为大家提供更多展示的舞台。此间江湖，与千万游侠共赏！西安大唐不夜城线下快闪活动调整今日，游戏内的诸多消夏活动上线，我们在西安大唐不夜城线下快闪活动也已正式开启。能与游侠们线下相会，我们备感珍惜与激动。但现场超乎意料的“火热”，除了游侠们的支持，还有这烈日酷暑。因此，为了让大家能获得更好的活动体验，明日起我们将根据天气情况，对活动安排做如下调整：现场的互动活动时间，将调整至每日开始。也请游侠们相互转告。因活动时间调整给大家带来的不便，我们深感歉意。明日，按原计划16点到达并因行程问题无法参与19点活动的游侠，可向现场人员出示行程单，我们将妥善接待各位。侠路相会，道阻且长。在文旅联动活动的筹办过程中，我们遇到了很多阻碍与困境。我们深知游侠们从线上到线下的支持弥足珍贵，一定会竭力排除一切阻碍，也在密切督促联动方，确保大家能在后续活动中获得更好的体验。感谢各位的理解与支持，也请游侠们务必做好防暑措施，游戏内外，赤诚相见。']。 —— 家业前瞻丨不羡仙的繁荣，和少东家一起归来！-,《 家业 前瞻 丨 不羡仙 的 繁荣 ， 和 少东家 一起 归来 ！ 》 : [ ' 「 暑期 版本 」 里 ， 各位 少东家 们 将 可以 回归 不羡仙 ， 重建 「 家业 」 。 往期 内容 前瞻 ， 我们 为 游侠 们 介绍 了 本 次 “ 回家 ” 的 主题 ， 以及 其中 的 沉浸式 少东家 扮演 体验 。 但 若 想 要 重现 不羡仙 的 往日 繁华 ， 少东家 还 需 担 起 东家 的 责任 。 今日 ， 我们 将 为 大家 介绍 这 「 家业 」 玩法 中 的 经营 之 道 ， 创业 之 趣 ！ * 预研 中 画面 ， 请 以 游戏 内 实际 效果 为 准 创业 第一条 ， 找 准 方向 很 重要 ！ 俗话说 靠山吃山 ， 不羡仙 所在 可是 一等一 的 丰饶 富庶 。 创业 起步 ， 不如 就地取材 ， 将 清河 的 丰富 物产 转变 为 建设 新 家园 的 滚滚 财富 。 种植 、 钓鱼 、 狩猎 、 采集 、 伐木 …… 都 能 产出 丰富 的 土特产 原材料 。 随着 重建 的 进行 ， 当 瓷窑 、 酒厂 、 客栈 、 养老院 等 产业 建立 ， 这些 原料 将 得以 进一步 生产 加工 与 售卖 。 售卖 所得 ， 也 将 成为 具体 的 财富 ， 用于 进一步 扩大 家业 与 购置 含 家具 在内 的 海量 奖励 。 劈 过 苍狼 的 剑 ， 如今 劈柴 筑梁 ； 握 过 剑 的 手 ， 再次 揉 麦 酿酒 。 在 瓷窑 小憩 ， 听 燃烧 呼呼 声响 ； 于 酒窖 酣眠 ， 梦 中 重 闻 “ 离人 泪 ” 的 酒香 。 新 家园 的 曙光 ， 在 此处 冉冉 升起 。 * 预研 中 画面 ， 请 以 游戏 内 实际 效果 为 准 创业 第二条 ， 人 多 力量 大 ！ 若 仅 凭 一 人 之 力 ， 哪怕 决心 再 坚定 ， 重建 也 将 难上加难 。 但 你 可是 神仙渡 的 少东家 ， 也是 闯 过 开封 的 江湖 新锐 ， 振臂一呼 ， 必 有 援手 前来 相助 ！ 流离 的 村民 、 周边 相识 的 熟人 ， 都 有 可能 被 你 所 感染 ， 加入 重建 不羡仙 的 伟大 计划 。 那些 与 你 情谊 深重 的 知交 ， 除了 登门 拜访 以外 ， 也 有 机会 留 在 此处 ， 成为 你 的 左膀右臂 。 能 拉 起 多 大 的 队伍 ， 就 看 少东家 自己 的 独特 魅力 了 。 * 预研 中 画面 ， 请 以 游戏 内 实际 效果 为 准 种地 、 捕鱼 、 做饭 …… 每个人 都 各有所 能 。 若 你 知人善用 ， 为 他们 分配 合适 的 岗位 ， 他们 将 成 提供 极大 的 助力 。 当然 ， 也 能 培养 精进 他们 的 技能 ， 让 他们 和 不羡仙 一同 成长 。 在 「 暑期 版本 」 中 ， 将 有 近 百位 独特 的 角色 可以 加入 。 除了 勤劳 耕耘 以外 ， 他们 也 将 真正 地 “ 生活 ” 在 这 片 新 家园 中 。 后续 ， 我们 也 将 带来 更 多 细节 介绍 ！ * 预研 中 画面 ， 请 以 游戏 内 实际 效果 为 准 创业 第三条 ， 也 别 忘 了 自己 的 小家 ！ 家业 家业 ， 除了 业 ， 还有 家 。 上述 少东家 努力 经营 的 财富 ， 除了 用于 继续 提升 产业 之外 ， 也 别 忘 了 给 自己 造 一个 温馨 舒适 的 家 。 本 次 ， 我们 提供 了 精心 设计 的 “ 样板房 ” 供 游侠 选择 。 即使 是 建造 苦手 ， 也 可以 一 键 套用 ， 把 更 多 精力 放 在 经营 与 享受 。 而 我们 同样 也 保留 了 自由 建造 的 操作 模式 ， 诸位 “ 土木宗 ” 的 高手 大 能 ， 依然 可以 大 展 拳脚 ！ 并且 ， 无论是 哪 种 方式 ， 都 支持 在 清河 大部分 区域 自由 选址 。 后续 ， 也 将 有 更 多 的 家具 等 自定义 组件 加入 。 修家置业 ， 自由 随心 ！ * 测试 环境 预研 中 效果 ， 请 以 实际 上线 为 准 家园 重建 、 好友 小聚 、 故人 来访 ， 这些 重要 时刻 当然 要 定格 下来 留影 江湖 ， 后续 随时 回来 品味 回忆 。 在 今日 更新 中 ， 拍照 系统 迎来 了 诸多 功能 更新 ， 为 各位 少东家 添 上 一 把 力 ！ 移轴 摄影 ， 全新 视角 定格 江湖 众生 ！ 移轴 摄影 模式 下 ， 可以 把 现实 拍 出 “ 袖珍 全景 世界 ” 般 的 效果 。 这次 ， 我们 也 将 此 技术 加入 到 了 拍照 系统 中 ， 在 这里 不 需要 移轴 镜头 和 专业 手法 ， 只需 一 键 就 能 让 世界 变得 微观 可爱 ！ 江湖 风雪 ， 换 个 角度 即 是 童真 童趣 与 故事 留影 ！ 绝景 打卡 ， 一 键 套用 不用 愁 。 同时 ， 我们 新增 了 绝景地 拍照 模式 。 游侠 们 可 通过 此 功能 ， 创建 出 一个 全部 玩家 可 一 键 套用 的 大 世界 棚拍 方案 。 无论是 其中 的 自然 风光 ， 还是 精心 搭建 的 建筑 ， 皆 可 完美 进行 记录 并 复用 ， 建造 与 摄影 在 此刻 完美 结合 。 绝景地 素材 来源 ： @ 六耘姒 后续 ， 还有 【 合影 】 模式 等 新 功能 即将 上线 。 游侠 可以 和 师徒 结义 、 npc 进行 自由 合影 ， 出片 难度 将 再 一次 大大 降低 。 随着 新 内容 和 新 功能 的 上线 ， 相信 游侠 们 又 有 诸多 绝妙 创意 可以 施展 。 非常 欢迎 游侠 们 在 各 大 社区 平台 踊跃 分享 。 我们 后续 也 将 开辟 新 的 栏目 ， 为 大家 提供 更 多 展示 的 舞台 。 此间 江湖 ， 与 千万 游侠 共 赏 ！ 西安 大唐不夜城 线下 快闪 活动 调整 今日 ， 游戏 内 的 诸多 消夏 活动 上线 ， 我们 在 西安 大唐不夜城 线下 快闪 活动 也 已 正式 开启 。 能 与 游侠 们 线下 相会 ， 我们 备感 珍惜 与 激动 。 但 现场 超乎意料 的 “ 火热 ” ， 除了 游侠 们 的 支持 ， 还有 这 烈日 酷暑 。 因此 ， 为了 让 大家 能 获得 更 好 的 活动 体验 ， 明日 起 我们 将 根据 天气 情况 ， 对 活动 安排 做 如下 调整 ： 现场 的 互动 活动 时间 ， 将 调整 至 每日 开始 。 也 请 游侠 们 相互 转告 。 因 活动 时间 调整 给 大家 带来 的 不便 ， 我们 深感 歉意 。 明日 ， 按 原计划 16点 到达 并 因 行程 问题 无法 参与 19点 活动 的 游侠 ， 可 向 现场 人员 出示 行程单 ， 我们 将 妥善 接待 各位 。 侠路 相会 ， 道 阻 且 长 。 在 文旅 联动 活动 的 筹办 过程 中 ， 我们 遇到 了 很多 阻碍 与 困境 。 我们 深知 游侠 们 从 线上 到 线下 的 支持 弥足 珍贵 ， 一定 会 竭力 排除 一切 阻碍 ， 也 在 密切 督促 联动方 ， 确保 大家 能 在 后续 活动 中 获得 更 好 的 体验 。 感谢 各位 的 理解 与 支持 ， 也 请 游侠 们 务必 做好 防暑 措施 ， 游戏 内外 ， 赤诚相见 。 ' ],2025-07,家业前瞻丨不羡仙的繁荣，和少东家一起归来！
['文无第一，武无第二。更高更快更强，是武道中人的永恒追求。但攀登武道之峰，一需自身意志坚定，二则需强敌历战磨砺。在暑期版本中，一处遍布强敌与挑战的秘境「武道心宫」就将向游侠们开放，游侠可通过匹配等方式组成五人小队，层层而上，不断破关。唯有真正踏破幻象，斩破心魔者，方可窥见武道之巅的模样。破障登峰，真武方成。登顶之路，正在心宫！*预研中画面，请以游戏内实际效果为准游侠，你准备好了吗？心宫之中，是变幻莫测的全新挑战。上一层也许还在高塔哨兵的箭矢中闪转腾挪，机动破敌；下一层也许就要结成阵型，将脆弱的友方护至身后，抵挡敌人如潮水般的进攻……唯一不变的，是那不断流逝的计时沙漏，重重压力之下，皆是对游侠心智的考验。此外，还有多种多样的环境词缀，是助力还是阻挠，皆看游侠是否能运用得当。开打之前，不妨先凝神静气，思考一番破敌之策。武道攀登，本就需要智勇双全！不过，游侠也不必为前方挑战所吓退。一步一个脚印，不断超越自身，未尝不是宁静致远之道。心宫中，将分为普通与困厄两种难度，两者层数互相独立。在普通难度下，游侠可不断磨练，将其中的奖励，转化成自己实打实的战力提升。而在困厄难度中，游侠才将面临江湖中最艰险，最极限的高难度挑战。此模式下，敌势暴涨，节奏急转，但若真能凭实力与协作通关，带来的奖励与成就感也是独一份的存在。心宫中有远超平日的强敌，但游侠也将拥有超越极限的能力。【武魄】一物，就是为此而生。在挑战的过程中，游侠可获得能力、品质不一的武魄，通过合适的搭配来强化自身。甚至可以准备不同的搭配方案，以应对不同层数环境下的挑战。武魄的增益，也只会体现在心宫之中。同时，游侠也可以将不需要的武魄通过置换变得品质更高、更符合需求。正如练武本身，每一次付出皆有回报，武者终将会愈战愈强。「武道心宫」开放，等候各位游侠前来挑战！战未终章，暗潮未平，江湖的试炼也远未到尽头。暑期版本中，一个更广阔的江湖正在展开。后续新内容情报，我们也将尽快为大家带来。心宫之前，本周亦有全新多人内容上线，静候游侠前来挑战。长生万壑间，化龙九霄里。全新侠境·十人镇守【万壑化龙吟】又逢强敌，再起交锋！再入奇境，重见鹿隐之隙仙鹿雄姿。全新多人镇守挑战，奇兽「天禄」现身侠境。不过此番雾锁长野，需游侠引灯散幽冥。步步紧追下，迷障中杀机潜藏。与之交战，重在寻虫找灯，黑雾笼罩，唯灯光可显敌形；灯焰若熄，瘴气转瞬侵占五脏，恐惧之心难以化解。「流萤灯」萤火自耗，需游侠机敏捕萤，于惊心之际稳固火源，续灯亦续命。「天禄」招式多变，意在灭灯，唯有步步化险，攻守互转，方能护得这盏照破幻境的微光。光明不熄，胜机自存。诸位游侠若能过此难关，即可得见月光如水水如月光，千钧雷霆，直指九霄。「望月婵媛」在满轮寒辉中静候游侠。战斗中月相变化更替，流光倾泻凝为实体，亦能化出婵媛幻影。游侠务必速速退之，并用千斤坠之法将月影碎片归于明月。如若不然，月华归于婵媛，将使战斗更加艰难。此番作战，不仅是刀剑之交，更是速与智的博弈。而比以往更强烈的雷啸闪电下，若处理不当，不仅会命断雷霆还会互相连累。更何况，月升月碎，皆是无上威压。若有分神，顷刻湮灭。预计在~，燕云将进行不停服维护更新。除本次为大家介绍的新侠境之外，本周还有诸多全新玩法、活动上线。更多内容细节，欢迎前往游戏内查看完整版公告！']。 —— 登顶之路，尽在新玩法「武道心宫」！-,《 登顶 之 路 ， 尽 在 新 玩法 「 武道 心宫 」 ！ 》 : [ ' 文 无 第一 ， 武 无 第二 。 更 高 更 快 更 强 ， 是 武道 中 人 的 永恒 追求 。 但 攀登 武道 之 峰 ， 一 需 自身 意志 坚定 ， 二 则 需 强敌 历战 磨砺 。 在 暑期 版本 中 ， 一 处 遍布 强敌 与 挑战 的 秘境 「 武道 心宫 」 就 将 向 游侠 们 开放 ， 游侠 可 通过 匹配 等 方式 组成 五 人 小队 ， 层层 而 上 ， 不断 破关 。 唯有 真正 踏 破 幻象 ， 斩破 心魔 者 ， 方 可 窥见 武道 之 巅 的 模样 。 破障 登峰 ， 真 武 方 成 。 登顶 之 路 ， 正在 心宫 ！ * 预研 中 画面 ， 请 以 游戏 内 实际 效果 为 准 游侠 ， 你 准备 好 了 吗 ？ 心宫 之中 ， 是 变幻莫测 的 全新 挑战 。 上 一 层 也许 还 在 高塔 哨兵 的 箭矢 中 闪转 腾挪 ， 机动 破敌 ； 下 一 层 也许 就要 结成 阵型 ， 将 脆弱 的 友方 护 至 身后 ， 抵挡 敌人 如 潮水 般 的 进攻 …… 唯一 不 变 的 ， 是 那 不断 流逝 的 计时 沙漏 ， 重重 压力 之下 ， 皆 是 对 游侠 心智 的 考验 。 此外 ， 还有 多种多样 的 环境 词缀 ， 是 助力 还是 阻挠 ， 皆 看 游侠 是否 能 运用 得当 。 开打 之前 ， 不妨 先 凝神 静气 ， 思考 一番 破敌 之 策 。 武道 攀登 ， 本 就 需要 智勇双全 ！ 不过 ， 游侠 也 不必 为 前方 挑战 所 吓 退 。 一步一个脚印 ， 不断 超越 自身 ， 未尝 不是 宁静 致 远 之 道 。 心宫 中 ， 将 分为 普通 与 困厄 两种 难度 ， 两者 层数 互相 独立 。 在 普通 难度 下 ， 游侠 可 不断 磨练 ， 将 其中 的 奖励 ， 转化 成 自己 实打实 的 战力 提升 。 而 在 困厄 难度 中 ， 游侠 才 将 面临 江湖 中 最 艰险 ， 最 极限 的 高 难度 挑战 。 此 模式 下 ， 敌势 暴涨 ， 节奏 急转 ， 但 若 真 能 凭 实力 与 协作 通关 ， 带来 的 奖励 与 成就感 也是 独一 份 的 存在 。 心宫 中 有 远 超 平日 的 强敌 ， 但 游侠 也 将 拥有 超越 极限 的 能力 。 【 武魄 】 一 物 ， 就 是 为此 而 生 。 在 挑战 的 过程 中 ， 游侠 可 获得 能力 、 品质 不一 的 武魄 ， 通过 合适 的 搭配 来 强化 自身 。 甚至 可以 准备 不同 的 搭配 方案 ， 以 应对 不同 层数 环境 下 的 挑战 。 武魄 的 增益 ， 也 只 会 体现 在 心宫 之中 。 同时 ， 游侠 也 可以 将 不 需要 的 武魄 通过 置换 变得 品质 更 高 、 更 符合 需求 。 正如 练武 本身 ， 每 一次 付出 皆 有 回报 ， 武者 终将 会 愈 战 愈 强 。 「 武道 心宫 」 开放 ， 等候 各位 游侠 前来 挑战 ！ 战 未 终章 ， 暗潮 未 平 ， 江湖 的 试炼 也 远 未 到 尽头 。 暑期 版本 中 ， 一个 更 广阔 的 江湖 正在 展开 。 后续 新 内容 情报 ， 我们 也 将 尽快 为 大家 带来 。 心宫 之前 ， 本周 亦 有 全新 多 人 内容 上线 ， 静候 游侠 前来 挑战 。 长生 万壑 间 ， 化龙 九霄 里 。 全新 侠境 · 十 人 镇守 【 万壑化 龙吟 】 又 逢 强敌 ， 再 起 交锋 ！ 再 入 奇境 ， 重 见 鹿隐 之 隙 仙鹿 雄姿 。 全新 多 人 镇守 挑战 ， 奇兽 「 天禄 」 现身 侠境 。 不过 此 番 雾锁 长野 ， 需 游侠 引 灯 散 幽冥 。 步步 紧追 下 ， 迷障 中 杀机 潜藏 。 与 之 交战 ， 重 在 寻 虫 找 灯 ， 黑雾 笼罩 ， 唯 灯光 可 显 敌形 ； 灯焰 若 熄 ， 瘴气 转瞬 侵占 五脏 ， 恐惧 之 心 难以 化解 。 「 流萤灯 」 萤火 自耗 ， 需 游侠 机敏 捕萤 ， 于 惊心 之际 稳固 火源 ， 续 灯 亦 续 命 。 「 天禄 」 招式 多变 ， 意 在 灭灯 ， 唯 有 步步 化险 ， 攻守 互 转 ， 方 能 护 得 这 盏 照 破 幻境 的 微光 。 光明 不 熄 ， 胜机 自 存 。 诸位 游侠 若 能 过 此 难关 ， 即可 得见 月光 如 水 水 如 月光 ， 千钧 雷霆 ， 直指 九霄 。 「 望月 婵媛 」 在 满 轮 寒辉 中 静候 游侠 。 战斗 中 月相 变化 更替 ， 流光 倾泻 凝 为 实体 ， 亦 能 化 出 婵媛 幻影 。 游侠 务必 速速 退 之 ， 并 用 千斤 坠 之 法 将 月影 碎片 归于 明月 。 如若 不然 ， 月华 归于 婵媛 ， 将 使 战斗 更加 艰难 。 此 番 作战 ， 不仅 是 刀剑之交 ， 更 是 速 与 智 的 博弈 。 而 比 以往 更 强烈 的 雷啸 闪电 下 ， 若 处理 不当 ， 不仅 会 命断 雷霆 还 会 互相 连累 。 更 何况 ， 月 升 月 碎 ， 皆 是 无上 威压 。 若 有 分神 ， 顷刻 湮灭 。 预计 在 ~ ， 燕云 将 进行 不 停服 维护 更新 。 除 本 次 为 大家 介绍 的 新 侠境 之外 ， 本周 还有 诸多 全新 玩法 、 活动 上线 。 更 多 内容 细节 ， 欢迎 前往 游戏 内 查看 完 整版 公告 ！ ' ],2025-07,登顶之路，尽在新玩法「武道心宫」！
['热热热热热热。伏日将至，暑气当头。就连江湖上也迎来了史无前例的高温预警。行人纷纷避行午后山道，渡口酒肆更是座无虚席，只为求得一隅清凉。近日，据相关报道，不少地区出现人鹅中暑事件，小暑入体，头晕目眩；中暑伤身，寸步难行；大暑攻心，更是气血翻涌，动弹不得，只能苦苦哀求爬行。暑气害人，害人呐！酷暑之下，连多处镇守也传来异响。平日里冷酷有范的首领们，也愿意为了一瓣西瓜，稍稍放下风度。各处神秘据点里，意志不坚者更是身沉力滞昏昏欲睡，也许正是趁暑打劫的好机会。*预研中画面，请以游戏内实际效果为准这要命的暑气，已经难倒了不少英雄汉，难道这偌大的江湖，就没有几个避暑的对策吗！有的，游侠，有的！「不凉人」乃青溪门中奇术，传闻得自凉州，可双人施法，术后神清气爽，消暑清凉。术成之时，天地一白，雪花自空中飘落，甚至可将旁人化为雪墩墩。此间寒意，恐怖如斯！得此奇术，心火自降，实乃夏日居家旅行必备。更多妙用，还待游侠自行探索！*预研中画面，请以游戏内实际效果为准武林中人可用奇术救命，但也不能一天到晚无缝施展。有没有什么简单有效的好东西，能令好人活，热人也活？各大门派弟子和江湖游侠现已联合，研究“消暑饮子”，救济苍生。青溪出奇术，天泉出钱，三更天割草，九流门写广告，醉花阴吆喝，孤云算账，梨园伴奏，总之就是全员出动。游侠若是有心，不妨一起加入！不仅能品尝各类烤食、冰食，还能亲自上手制作，大搞科研。还能赠予亲朋好友，一起降温解暑，别忘了那些也在受酷热煎熬的镇守首领们哦！*预研中画面，请以游戏内实际效果为准*预研中画面，请以游戏内实际效果为准烤贡、烤盐、烤藊，酥山、冰酪浆、冰梅食……更多奇妙美食，只待游侠慢慢探索发现。三五好友，围桌吃瓜。成功解锁全部食物图谱的游侠，还可获得神秘奖励。以上暑期主题活动「快乐一夏」将在上线，届时欢迎游侠们前来共享清凉。此前，开封府已向游侠们发送高温补贴，以助大家熬过酷暑。还有一位少东家的熟人，也打算在这个夏天，给大家带来点实在的实惠。俗话说，浪子回头金不换。我老金是洗心革面，只做凉心买卖！「凉心小铺」，本周五正式开业！游侠可以在「特种冰计划」活动中，完成指定任务赚取【特种冰】，兑换包含全新背饰、动作、袅袅之音·绑、绕梁之音在内的丰厚奖励。更多惊喜福利也将在未来陆续放出。还有特别福利道具【袅袅之音·绑】*5、【拾音券·凉心小铺】*5可以在「凉心小铺」使用宝钱购买。其中，还有全新套装【金不换】将在更新后开放兑换。曾经也有一段真挚的感情摆在我的面前，后来……老金抹了抹眼泪，示意你接下来的故事是另外的价钱。全新套装【金不换】*预研中画面，请以游戏内实际效果为准金不换男性捏脸作者：温子聿*预研中画面，请以游戏内实际效果为准金不换女性捏脸作者：啃啃河狸消暑纳凉之际，不仅有新玩法、新活动，江湖上缤纷侠姿也将新添一笔。（本周五），将有一批全新外观上架——全新套装【青草原】青草原、云深归处男性捏脸作者：萧貊烟青草原、云深归处女性捏脸作者：绍苒竹“老大老大，为什么话本里的狼都要吃羊呢？小狼和小羊，也可以是好朋友！”雪未消，草初生。女款以绵羊为型，蓬松大双马尾卷发轻拢成云。短款外套清爽利落，黄绿配色明快如阳光下青草初吐。点缀小羊挎包与抓绒细节，小腿还有幼羊环抱，似绵羊成群而至。男款则以幼年雪狼为意，虽年纪尚小，乃至狼耳都尚未直立，但其不凡的聪敏已初见端倪。利落的短发与小辫，是野性难驯的少年英气；而抓破的围巾及下摆的碎布，又暗藏着幼兽的爱玩天性。幼狼小包与腿部挂件，也与好友遥相呼应。全新套装【青草原】即将上架并同步开放「染色」功能。后，游侠可前往【商店】以限时优惠价1280「长鸣珠」购得，并附赠主角头像。此优惠价将于日结束，届时将恢复原价2580【长鸣珠】。云无心以出岫，鸟倦飞而知还。地静天清，万象得时，乐夫天命，归去来兮。全新发型【云深归处】即将上架并同步开放「染色」功能，后，游侠可前往【和鸣商店】以1颗「八音窍」购得，购买的同时即可免费获赠动态主角头像。此外，本周五套装【燃金明】也将开放「染色」功能，届时游侠可前往【染色工坊】打造专属个性配色。万千风华，随心而定！*预研中画面，请以游戏内实际效果为准*预研中画面，请以游戏内实际效果为准光影浮动，暑光微起，作为暑期版本的前奏，希望此番清凉会是游侠们快乐夏天的开端。后续我们会有更多新玩法、新活动、新外观的详细介绍，敬请游侠留意后续更新内容！']。 —— 酷暑难耐？新奇术新活动前来救场！-,《 酷暑 难耐 ？ 新 奇术 新 活动 前来 救场 ！ 》 : [ ' 热热热 热 热 热 。 伏日 将 至 ， 暑气 当头 。 就 连 江湖 上 也 迎来 了 史无前例 的 高温 预警 。 行人 纷纷 避行 午后 山道 ， 渡口酒肆 更 是 座无虚席 ， 只 为 求得 一隅 清凉 。 近日 ， 据 相关 报道 ， 不少 地区 出现 人鹅 中暑 事件 ， 小暑 入体 ， 头晕目眩 ； 中暑 伤身 ， 寸步难行 ； 大暑 攻心 ， 更 是 气血 翻涌 ， 动弹不得 ， 只能 苦苦 哀求 爬行 。 暑气 害人 ， 害人 呐 ！ 酷暑 之下 ， 连 多 处 镇守 也 传来 异响 。 平日 里 冷酷 有范 的 首领 们 ， 也 愿意 为了 一 瓣 西瓜 ， 稍稍 放下 风度 。 各处 神秘 据点 里 ， 意志 不 坚 者 更 是 身沉力滞 昏昏欲睡 ， 也许 正是 趁 暑 打劫 的 好 机会 。 * 预研 中 画面 ， 请 以 游戏 内 实际 效果 为 准 这 要命 的 暑气 ， 已经 难倒 了 不少 英雄汉 ， 难道 这 偌大 的 江湖 ， 就 没有 几个 避暑 的 对策 吗 ！ 有的 ， 游侠 ， 有的 ！ 「 不凉人 」 乃 青溪 门 中 奇术 ， 传闻 得 自 凉州 ， 可 双 人 施法 ， 术 后 神清气爽 ， 消暑 清凉 。 术 成 之 时 ， 天地 一 白 ， 雪花 自 空中 飘落 ， 甚至 可 将 旁人 化为 雪墩墩 。 此间 寒意 ， 恐怖如斯 ！ 得 此 奇术 ， 心火 自 降 ， 实 乃 夏日 居家 旅行 必备 。 更 多 妙用 ， 还 待 游侠 自行 探索 ！ * 预研 中 画面 ， 请 以 游戏 内 实际 效果 为准 武林 中 人 可用 奇术 救命 ， 但 也 不能 一天到晚 无 缝 施展 。 有没有 什么 简单 有效 的 好 东西 ， 能 令 好人 活 ， 热人 也 活 ？ 各 大 门派 弟子 和 江湖 游侠 现 已 联合 ， 研究 “ 消暑 饮子 ” ， 救济 苍生 。 青溪 出 奇术 ， 天泉 出钱 ， 三更天 割草 ， 九流门 写 广告 ， 醉花阴 吆喝 ， 孤云 算账 ， 梨园 伴奏 ， 总之 就 是 全员 出动 。 游侠 若是 有心 ， 不妨 一起 加入 ！ 不仅 能 品尝 各类 烤食 、 冰食 ， 还 能 亲自 上手 制作 ， 大 搞 科研 。 还 能 赠予 亲朋好友 ， 一起 降温 解暑 ， 别 忘 了 那些 也 在 受 酷热 煎熬 的 镇守 首领 们 哦 ！ * 预研中 画面 ， 请 以 游戏 内 实际 效果 为 准 * 预研 中 画面 ， 请 以 游戏 内 实际 效果 为 准 烤贡 、 烤盐 、 烤藊 ， 酥山 、 冰酪浆 、 冰梅食 …… 更 多 奇妙 美食 ， 只待 游侠 慢慢 探索 发现 。 三五好友 ， 围桌 吃 瓜 。 成功 解锁 全部 食物 图谱 的 游侠 ， 还 可 获得 神秘 奖励 。 以上 暑期 主题 活动 「 快乐 一 夏 」 将 在 上线 ， 届时 欢迎 游侠 们 前来 共享 清凉 。 此前 ， 开封府 已 向 游侠 们 发送 高温 补贴 ， 以 助 大家 熬 过 酷暑 。 还有 一 位 少东家 的 熟人 ， 也 打算 在 这个 夏天 ， 给 大家 带来 点 实在 的 实惠 。 俗话说 ， 浪子回头 金不换 。 我 老金 是 洗心革面 ， 只 做 凉心 买卖 ！ 「 凉心小铺 」 ， 本周五 正式 开业 ！ 游侠 可以 在 「 特种冰 计划 」 活动 中 ， 完成 指定 任务 赚取 【 特种冰 】 ， 兑换 包含 全新 背饰 、 动作 、 袅袅之音 · 绑 、 绕梁之音 在内 的 丰厚 奖励 。 更 多 惊喜 福利 也 将 在 未来 陆续 放出 。 还有 特别 福利 道具 【 袅袅之音 · 绑 】 * 5 、 【 拾音券 · 凉心小铺 】 * 5 可以 在 「 凉心小铺 」 使用 宝钱 购买 。 其中 ， 还有 全新 套装 【 金不换 】 将 在 更新 后 开放 兑换 。 曾经 也 有 一段 真挚 的 感情 摆 在 我 的 面前 ， 后来 …… 老金 抹 了 抹 眼泪 ， 示意 你 接下来 的 故事 是 另外 的 价钱 。 全新 套装 【 金不换 】 * 预研 中 画面 ， 请 以 游戏 内 实际 效果 为 准 金不换 男性 捏脸 作者 ： 温子聿 * 预研 中 画面 ， 请 以 游戏 内 实际 效果 为准 金不换 女性 捏脸 作者 ： 啃啃 河狸 消暑 纳凉 之际 ， 不仅 有 新 玩法 、 新 活动 ， 江湖 上 缤纷 侠姿 也 将 新 添 一 笔 。 （ 本周五 ） ， 将 有 一批 全新 外观 上架 —— 全新 套装 【 青草原 】 青草原 、 云深 归处 男性 捏脸 作者 ： 萧貊 烟青 草原 、 云深 归处 女性 捏脸 作者 ： 绍苒竹 “ 老大 老大 ， 为什么 话本 里 的 狼 都 要 吃 羊 呢 ？ 小 狼 和 小 羊 ， 也 可以 是 好 朋友 ！ ” 雪 未 消 ， 草 初生 。 女款 以 绵羊 为 型 ， 蓬松 大 双 马尾 卷发 轻 拢 成 云 。 短款 外套 清爽 利落 ， 黄绿 配色 明快 如 阳光 下 青草 初 吐 。 点缀 小羊 挎包 与 抓绒 细节 ， 小腿 还有 幼羊 环抱 ， 似 绵羊 成群 而 至 。 男款 则 以 幼年 雪狼 为意 ， 虽 年纪 尚 小 ， 乃至 狼耳 都 尚未 直立 ， 但 其 不凡 的 聪敏 已 初见 端倪 。 利落 的 短发 与 小辫 ， 是 野性 难 驯 的 少年 英气 ； 而 抓破 的 围巾 及 下摆 的 碎布 ， 又 暗藏 着 幼兽 的 爱 玩 天性 。 幼狼 小包 与 腿部 挂件 ， 也 与 好友 遥相呼应 。 全新 套装 【 青草原 】 即将 上架 并 同步 开放 「 染色 」 功能 。 后 ， 游侠 可 前往 【 商店 】 以 限时 优惠价 1280 「 长鸣珠 」 购得 ， 并 附赠 主角 头像 。 此 优惠价 将 于 日 结束 ， 届时 将 恢复 原价 2580 【 长鸣珠 】 。 云 无心 以 出岫 ， 鸟 倦 飞 而 知 还 。 地 静 天 清 ， 万象得时 ， 乐夫 天命 ， 归去 来 兮 。 全新 发型 【 云 深 归处 】 即将 上架 并 同步 开放 「 染色 」 功能 ， 后 ， 游侠 可 前往 【 和鸣商店 】 以 1 颗 「 八音窍 」 购得 ， 购买 的 同时 即可 免费 获赠 动态 主角 头像 。 此外 ， 本周五 套装 【 燃金明 】 也 将 开放 「 染色 」 功能 ， 届时 游侠 可 前往 【 染色 工坊 】 打造 专属 个性 配色 。 万千 风华 ， 随心 而 定 ！ * 预研 中 画面 ， 请 以 游戏 内 实际 效果 为 准 * 预研 中 画面 ， 请 以 游戏 内 实际 效果 为 准 光影 浮动 ， 暑光 微 起 ， 作为 暑期 版本 的 前奏 ， 希望 此 番 清凉 会 是 游侠 们 快乐 夏天 的 开端 。 后续 我们 会 有 更 多 新 玩法 、 新 活动 、 新 外观 的 详细 介绍 ， 敬请 游侠 留意 后续 更新 内容 ！ ' ],2025-07,酷暑难耐？新奇术新活动前来救场！
['此前曾为游侠们介绍，在「暑期版本」的「家业」玩法中，少东家可以在清河的广阔天地里尽情施展。无论是在自由建居、呼亲唤友，还是耕耘经营、交游奇遇，皆是「家业」玩法的重要一环。这些关于少东家美好生活的种种乐趣细节，我们会后续一一展开。但作为「家业」玩法系列前瞻，今天我们想要首先为大家介绍关于“家”的主题，以及应此而生的沉浸式少东家扮演体验。*预研中画面，请以游戏内实际效果为准可能是儿时的一罐蜜饯，甘酸清香；可能是竹林小屋入睡前，风蒲猎猎；也可能是梦里时常相逢的故人，唤醒了掌心灼烧的幻痛。味觉，听觉，甚至痛觉，新旧交织的记忆共同构成了家。重建不羡仙只是个引子，更重要的是重建少东家关于家的回忆、归属与未来憧憬。在玩法中，我们不光可以重拾少东家不同阶段的家中经历，也可以在看似写好的命运中找到自由。家是回忆，是全新视角下的少东家成长记。承载了十六年日月的竹林小屋，当初是如何一砖一瓦建成？一副小小的弓箭，背后又是怎样一段温馨的亲子同行时光？江叔寒姨、乡亲伙伴，闯过的祸、挨过的打，一段段美好记忆就藏在这片故土里，等待着被翻找与重现。*预研中画面，请以游戏内实际效果为准家是归属，是忘掉江湖的少东家第二人生。既然回了家，不如先把江湖忘掉。忘掉恩怨情仇，忘掉朝堂争斗，忘掉刀光剑影。你现在是神仙渡的少东家，要做就做少东家该做的事。逗狗弄猫，可以！遛街视察，可以！困了打个盹，当然可以！每天的行程都将由你自由规划，每一个选择，都将导向截然不同的惊喜与精彩。包含上文提及的回忆在内，是超过300分钟的可探索剧情，包含大量的全新“奇遇”与丰富随机事件。也许，还会等来赵大哥、盈盈、赵光义等开封新友的翩然来访。哪怕那只与你相爱相杀的清河大鹅，也会以一种特别“梦幻”的方式与你发生奇妙故事。在各种新江湖奇遇交织下，每个少东家的一天都将是一个小小的随机宇宙。家是憧憬，是从小家到家业的不断成长。不羡仙不是一天建成的。但少东家的每一次添砖加瓦，都会让它距离那个理想家园更近一步。但这并不涉及到令人焦虑的数值追赶，只有从投入到收获的纯粹喜悦。收留村民，携手故友，他们将用自己的独特才能助力不羡仙的重建。此后产业愈兴、房屋愈盛，此处将是人们共同的美好家园。当梨花重新绽放，酒香塔再次立起，离人泪的香气再次飘扬在神仙渡。关于家的愿景，关于回家的意义，此刻也将终于化为乱世里的美好一角。离人与故乡的重逢，还有很多事可以诉说。后续，还有更多的暑期版本内容前瞻正在到来，敬请各位期待！']。 —— 家业前瞻丨花有重开日，人可再少年-,《 家业 前瞻 丨 花 有 重 开 日 ， 人 可 再 少年 》 : [ ' 此前 曾 为 游侠 们 介绍 ， 在 「 暑期 版本 」 的 「 家业 」 玩法 中 ， 少东家 可以 在 清河 的 广阔 天地 里 尽情 施展 。 无论是 在 自由 建居 、 呼亲唤友 ， 还是 耕耘 经营 、 交游 奇遇 ， 皆 是 「 家业 」 玩法 的 重要 一 环 。 这些 关于 少东家 美好 生活 的 种种 乐趣 细节 ， 我们 会 后续 一一 展开 。 但 作为 「 家业 」 玩法 系列 前瞻 ， 今天 我们 想 要 首先 为 大家 介绍 关于 “ 家 ” 的 主题 ， 以及 应 此 而 生 的 沉浸式 少东家 扮演 体验 。 * 预研 中 画面 ， 请 以 游戏 内 实际 效果 为 准 可能 是 儿时 的 一 罐 蜜饯 ， 甘酸 清香 ； 可能 是 竹林 小屋 入睡 前 ， 风蒲 猎猎 ； 也 可能 是 梦 里 时常 相逢 的 故人 ， 唤醒 了 掌心 灼烧 的 幻痛 。 味觉 ， 听觉 ， 甚至 痛觉 ， 新 旧 交织 的 记忆 共同 构成 了 家 。 重建 不羡仙 只是 个 引子 ， 更 重要 的 是 重建 少东家 关于 家 的 回忆 、 归属 与 未来 憧憬 。 在 玩法 中 ， 我们 不光 可以 重拾 少东家 不同 阶段 的 家 中 经历 ， 也 可以 在 看似 写 好 的 命运 中 找到 自由 。 家 是 回忆 ， 是 全新 视角 下 的 少东家 成长记 。 承载 了 十六年 日月 的 竹林 小屋 ， 当初 是 如何 一砖一瓦 建成 ？ 一 副 小小 的 弓箭 ， 背后 又是 怎样 一段 温馨 的 亲子 同行 时光 ？ 江叔 寒 姨 、 乡亲 伙伴 ， 闯 过 的 祸 、 挨 过 的 打 ， 一 段段 美好 记忆 就 藏 在 这 片 故土 里 ， 等待 着 被 翻找 与 重现 。 * 预研 中 画面 ， 请 以 游戏 内 实际 效果 为 准 家 是 归属 ， 是 忘掉 江湖 的 少东家 第二 人生 。 既然 回 了 家 ， 不如 先 把 江湖 忘掉 。 忘掉 恩怨情仇 ， 忘掉 朝堂 争斗 ， 忘掉 刀光剑影 。 你 现在 是 神仙渡 的 少东家 ， 要 做 就 做 少东家 该 做 的 事 。 逗 狗 弄 猫 ， 可以 ！ 遛 街 视察 ， 可以 ！ 困 了 打 个 盹 ， 当然 可以 ！ 每天 的 行程 都 将 由 你 自由 规划 ， 每 一个 选择 ， 都 将 导向 截然不同 的 惊喜 与 精彩 。 包含 上文 提及 的 回忆 在内 ， 是 超过 300分钟 的 可 探索 剧情 ， 包含 大量 的 全新 “ 奇遇 ” 与 丰富 随机 事件 。 也许 ， 还 会 等 来 赵 大哥 、 盈盈 、 赵光义 等 开封 新友 的 翩然 来访 。 哪怕 那 只 与 你 相爱 相杀 的 清河 大 鹅 ， 也 会 以 一种 特别 “ 梦幻 ” 的 方式 与 你 发生 奇妙 故事 。 在 各种 新 江湖 奇遇 交织 下 ， 每个 少东家 的 一天 都 将 是 一个 小小 的 随机 宇宙 。 家 是 憧憬 ， 是 从 小家 到 家业 的 不断 成长 。 不羡仙 不是 一天 建成 的 。 但 少东家 的 每 一次 添 砖 加 瓦 ， 都 会 让 它 距离 那个 理想 家园 更 近 一 步 。 但 这 并不 涉及 到 令人 焦虑 的 数值 追赶 ， 只有 从 投入 到 收获 的 纯粹 喜悦 。 收留 村民 ， 携手 故友 ， 他们 将 用 自己 的 独特 才 能 助力 不羡仙 的 重建 。 此后 产业 愈 兴 、 房屋 愈 盛 ， 此处 将 是 人们 共同 的 美好 家园 。 当 梨花 重新 绽放 ， 酒香塔 再次 立 起 ， 离 人 泪 的 香气 再次 飘扬 在 神仙渡 。 关于 家 的 愿景 ， 关于 回家 的 意义 ， 此刻 也 将 终于 化为 乱世 里 的 美好 一 角 。 离 人 与 故乡 的 重逢 ， 还有 很多 事 可以 诉说 。 后续 ， 还有 更 多 的 暑期 版本 内容 前瞻 正在 到来 ， 敬请 各位 期待 ！ ' ],2025-07,家业前瞻丨花有重开日，人可再少年
['百炼钢为骨，英魄作刃魂。横刀，佩刀也，兵士所佩，名亦起于隋。一把唐横刀的诞生，其刀身需经历揉面般的上百次折叠锻打。加上其使用独特的包钢工艺，其锋锐之盛，韧性之强，堪称冷兵器的巅峰之作。唯有盛唐财力，方能使此等神兵成为军队标配。*预研中画面，请以游戏内实际效果为准古人说见字可识人，兵器也可折射出一个时代的性格。本次我们为各位游侠带来的唐横刀，形制参考唐时有环首，无刀格版本。刃尖斜直带反刃，刃姿秀美微微内弧。它不似弯刀的诡谲，没有长剑的飘逸，它的美在于那份坦荡的刚直与无匹的自信，是整个盛唐气象的侧影。其武学动作，也由燕云的官方武术指导——香港金像奖、台湾金马奖“最佳动作指导”董玮老师参与设计。本月，这把来自那个铁血尚武时代的霜刃就将重现江湖，与它一起到来的，将是全新的战斗机制与体验。沙场搏杀不同于江湖斗勇，一招一式都追求合理简单地造成杀伤。而唐横刀作为自沙场淬炼而出的杀伐之兵，自然保持着冷酷肃杀的军伍之气。正如兵家所言——其疾如风，其徐如林。劈、斩、撩、刺，全力可劈甲贯革。点、扫、盖、挑，破敌如苍鹰攫兔。一招一式刚灵并济，简洁高效。各种经过专门设计的特色派生动作，能够让持刀之人适应各种环境下的战斗博弈。*预研中画面，请以游戏内实际效果为准侵掠如火，不动如山。若想在这广大江湖中开宗立派，重塑格局，仅凭速度与力量远远不够。因此，我们为唐横刀设计了一套能够改变整个战斗体验的核心机制——【卸势反击】。在过去的对决中，战斗的节奏往往由boss来主导，游侠需要抓住强敌攻势之间的间隙进行输出与反击。但是唐横刀的出现，将极大改变这一点。唐横刀每次卸势后，可以立即进行多种形式的反击，获取独特的战斗资源。并且可以通过消耗资源，施展威力更强的招式，主动打断boss的攻势。换言之，游侠将拥有自行制造输出窗口的能力。任他骤雨疾风，我自一往无前！自此，整体的攻防博弈与战斗逻辑将发生极为深度的变化。每一场boss战，也将迎来更丰富的战斗策略与交互体验。自此，攻守之势易也！*预研中画面，请以游戏内实际效果为准难知如阴，动如雷震。以上，也不是唐横刀能做到的极限。无论是主动出击、对强敌造成更长的打断硬直，还是以独特的身法迅速靠近劈砍，皆在其能力之内。若应用得当，可极大改变战局。阵阵刀鸣，皆是来自盛唐、未曾沉寂的杀伐之音。在本月的暑期版本中，唐横刀将与陌刀新武学一起，共同组成全新流派。宝刀配英雄，我们也已迫不及待想要将这把英雄之刃交付游侠之手！*预研中画面，请以游戏内实际效果为准如之前预告，除却这江湖新锋之外，这个盛夏还有诸多全新玩法内容。接下来我们也会持续为大家带来最新内容前瞻，也敬请游侠持续关注我们！，期待与游侠共赴燕云的第一个夏天！']。 —— 横破千军，刀镇四海。新武器唐横刀，敬献！-,《 横破 千军 ， 刀 镇 四海 。 新 武器 唐横刀 ， 敬献 ！ 》 : [ ' 百炼钢 为 骨 ， 英魄 作 刃魂 。 横刀 ， 佩刀 也 ， 兵士 所 佩 ， 名 亦 起 于 隋 。 一 把 唐横刀 的 诞生 ， 其 刀身 需 经历 揉面 般 的 上百次 折叠 锻打 。 加上 其 使用 独特 的 包钢 工艺 ， 其 锋锐 之 盛 ， 韧性 之 强 ， 堪称 冷兵器 的 巅峰 之 作 。 唯有 盛唐 财力 ， 方 能 使 此等 神兵 成为 军队 标配 。 * 预研 中 画面 ， 请 以 游戏 内 实际 效果 为 准 古人 说 见 字 可 识 人 ， 兵器 也 可 折射 出 一个 时代 的 性格 。 本 次 我们 为 各位 游侠 带来 的 唐横刀 ， 形制 参考 唐 时 有 环首 ， 无 刀格 版本 。 刃尖 斜 直带 反刃 ， 刃姿 秀美 微微 内弧 。 它 不 似 弯刀 的 诡谲 ， 没有 长剑 的 飘逸 ， 它 的 美 在于 那 份 坦荡 的 刚直 与 无匹 的 自信 ， 是 整个 盛唐 气象 的 侧影 。 其 武学 动作 ， 也 由 燕云 的 官方 武术 指导 —— 香港 金像奖 、 台湾 金马奖 “ 最佳 动作 指导 ” 董玮 老师 参与 设计 。 本月 ， 这 把 来自 那个 铁血 尚武 时代 的 霜刃 就 将 重现 江湖 ， 与 它 一起 到来 的 ， 将 是 全新 的 战斗 机制 与 体验 。 沙场 搏杀 不同 于 江湖 斗勇 ， 一 招 一 式 都 追求 合理 简单 地 造成 杀伤 。 而 唐横刀 作为 自 沙场 淬炼 而 出 的 杀伐 之 兵 ， 自然 保持 着 冷酷 肃杀 的 军伍 之 气 。 正如 兵家 所 言 —— 其 疾 如 风 ， 其 徐 如林 。 劈 、 斩 、 撩 、 刺 ， 全力 可 劈 甲 贯 革 。 点 、 扫 、 盖 、 挑 ， 破 敌 如 苍鹰 攫 兔 。 一 招 一 式 刚 灵 并 济 ， 简洁 高效 。 各种 经过 专门 设计 的 特色 派生 动作 ， 能够 让 持 刀 之 人 适应 各种 环境 下 的 战斗 博弈 。 * 预研 中 画面 ， 请 以 游戏 内 实际 效果 为 准 侵掠 如 火 ， 不动如山 。 若 想 在 这 广大 江湖 中 开宗立派 ， 重塑 格局 ， 仅 凭 速度 与 力量 远远 不够 。 因此 ， 我们 为 唐横刀 设计 了 一套 能够 改变 整个 战斗 体验 的 核心 机制 —— 【 卸势 反击 】 。 在 过去 的 对决 中 ， 战斗 的 节奏 往往 由 boss 来 主导 ， 游侠 需要 抓住 强敌 攻势 之间 的 间隙 进行 输出 与 反击 。 但是 唐横刀 的 出现 ， 将 极大 改变 这 一 点 。 唐横刀 每次 卸势 后 ， 可以 立即 进行 多种 形式 的 反击 ， 获取 独特 的 战斗 资源 。 并且 可以 通过 消耗 资源 ， 施展 威力 更 强 的 招式 ， 主动 打断 boss 的 攻势 。 换言之 ， 游侠 将 拥有 自行 制造 输出 窗口 的 能力 。 任 他 骤雨 疾风 ， 我 自 一往无前 ！ 自此 ， 整体 的 攻防 博弈 与 战斗 逻辑 将 发生 极为 深度 的 变化 。 每 一 场 boss战 ， 也 将 迎来 更 丰富 的 战斗 策略 与 交互 体验 。 自 此 ， 攻守 之 势 易 也 ！ * 预研 中 画面 ， 请 以 游戏 内 实际 效果 为准 难 知 如 阴 ， 动 如 雷震 。 以上 ， 也 不是 唐横刀 能 做到 的 极限 。 无论是 主动 出击 、 对 强敌 造成 更 长 的 打断 硬直 ， 还是 以 独特 的 身法 迅速 靠近 劈砍 ， 皆 在 其 能力 之内 。 若 应用 得当 ， 可 极大 改变 战局 。 阵阵 刀鸣 ， 皆 是 来自 盛唐 、 未曾 沉寂 的 杀伐 之 音 。 在 本月 的 暑期 版本 中 ， 唐横刀 将 与 陌刀 新 武学 一起 ， 共同 组成 全新 流派 。 宝刀 配 英雄 ， 我们 也 已 迫不及待 想 要 将 这 把 英雄 之 刃 交付 游侠 之 手 ！ * 预研 中 画面 ， 请 以 游戏 内 实际 效果 为 准 如 之前 预告 ， 除却 这 江湖 新锋 之外 ， 这个 盛夏 还有 诸多 全新 玩法 内容 。 接下来 我们 也 会 持续 为 大家 带来 最新 内容 前瞻 ， 也 敬请 游侠 持续 关注 我们 ！ ， 期待 与 游侠 共 赴 燕云 的 第一个 夏天 ！ ' ],2025-07,横破千军，刀镇四海。新武器唐横刀，敬献！
['暑气攀升，侠与盛夏。这将是和千万游侠共度的第一个夏天。而夏天常常是特别的。许多生命这时热烈到极致，许多新奇也在此时汇聚并发生。燕云的夏天，也将随着游侠们的期待而迸发：，燕云首个「暑期版本」将正式开启。包括全新玩法、全新武器、全新boss等在内的高规格玩法热更和全方位功能优化，均已蓄势待发。人们也许会忘了某个具体的夏天，但重要的是，终于要开始这个属于游侠的盛夏——回家，家是头等大事。恍惚中常常听见：你十六岁离家，还记得回家的路吗？彼时也许曾是至暗时刻，但正如那句——“在隆冬，我终于知道，我身上有一个不可战胜的夏天。”自那之后江湖路远，再回过头时，身后并非空无一人。少东家，回家吧，这个夏天回清河，回神仙渡，回不羡仙！重回故地，全新的「家业」玩法系统中，卷首清河的广阔天地，大有可为。除了随时随地的种植、建造、经营，还有新江湖奇遇交织的随机宇宙，将等待诸位少东家开启第二人生。而那个向往的“家”，更将是无数种可能的交汇——是少东家一路成长的温馨细腻；是重建不羡仙，再现离人泪的运筹帷幄；是大庇天下寒士俱欢颜的乱世进取；是盛邀江湖门客，谈笑有鸿儒的惊喜交际；可以是和江湖故友共处桃源一隅的同住营生；也可以是吃喝玩乐的稀松平常、一只“鹅”霸眼中的恶作剧......除了将正式上线的首批内容，「家业」也将和少东家们一起做大做强，持续更新、不断成长。*预研中画面，请以游戏内实际效果为准练功，新刀斩断前尘。冬练三九，夏练三伏。江湖探游中，想必已见过不少横刀立马。而当这把全新的唐横刀托付至游侠们手中，盛唐的勇气与豪气会于此刃，新武学与充满爽感的新战斗机制，都将随刀出鞘。*预研中画面，请以游戏内实际效果为准今朝磨刀，可是为来日淬血？开封风波似已平息，但一份神秘邀约，又将打破这份平静。城内的迷局、不知源头的信件...点点线索交织成人影。他并非沙场悍将，不掀明面烽火，然而在重重雾障背后，仿佛到处都是他的棋子。草蛇灰线所指，在这场终局决战中，幕后之人似乎终于露面。*预研中画面，请以游戏内实际效果为准武道之路，更高更强。游侠若渴望有更强之敌磨砺自身，全新pve玩法「武道心宫」就将成为游侠的登顶之阶。心宫之中，除却无数强敌，还有多种意料之外的环境词缀与挑战。每登一阶，皆是全然不同的体验。只待游侠召集同道之人前来试剑。*预研中画面，请以游戏内实际效果为准磨练武功之人中，定也有「狂澜」子弟。狂澜子弟，酩酊则若星陨蓬蒿；肝胆既张，凛然便作柱天踏地。狂澜一派，承自铁血安西军之遗脉，昔日身负同袍骨血行千里，今朝折枪立誓守苍生。狂澜素喜豪迈义士，凡有侠心，凡有海量，无不倒履相迎。若是有缘之人意气相投，可拜入门下，共承英雄魂！*预研中画面，请以游戏内实际效果为准共赴，路上精进万千。在玩法内容之外，这个夏天还将有诸多可见可感的福利和优化。自始，就将陆续有全新活动上线。包括套装、配饰、玩具、动作、名片等大量外观与养成资源将在暑期版本活动中免费获取。后续还有更多福利活动详情，敬请游侠关注！而优化之路，积跬步为致今夏千里。移动端优化、战斗专项优化等全面推进，此外也有拍照系统等优化升级，功能丰富性、易用性持续提升。*预研中画面，请以游戏内实际效果为准更进一步，也更近秦川之路。八月，河西的最后一片区域「秦川」将会开放。但在此之前，七月需先以笔绘苍穹，重聚人心山河，方可跨过天险。其中奥妙，盼后续再与游侠分享。*预研中画面，请以游戏内实际效果为准相信已有不少游侠，今日上线后便收到了“高温补贴”奖励邮件。夏日热烈，此刻便已展现，而高温补贴也将持续为游侠们奉上清爽。随着江湖升温之势，消夏大计也迫在眉睫，，便将以此作为盛夏序幕——届时不仅将有首个双人新奇术，展现清凉解暑奇效，还有与夏日美食相关新玩法，以及与强敌首领息息相关的“江湖彩蛋”静候游侠。跨过凉州冰雪天堑，心向长安之情也忽如盛夏热烈。长安盛景，也近西安。-，我们将与「西安文旅」、「曲江文旅」开启合作，在西安大唐不夜城开展线下快闪活动！入夜清凉之际，希望在线下也能与游侠们一同消夏共度。也请关注后续官方社媒的详细介绍，期待与各位的见面！（夏日炎热，也请游侠们做好防暑措施，游戏内外，小心中暑！）今日前瞻起始，有诸多未能道尽之事。明日起，我们也将持续为大家带来更多的内容前瞻与玩法细节。，修身齐家，只待盛夏！']。 —— 游侠，首个「暑期版本」七月见-,《 游侠 ， 首个 「 暑期 版本 」 七月 见 》 : [ ' 暑气 攀升 ， 侠 与 盛夏 。 这 将 是 和 千万 游侠 共度 的 第一个 夏天 。 而 夏天 常常 是 特别 的 。 许多 生命 这时 热烈 到 极致 ， 许多 新奇 也 在 此时 汇聚 并 发生 。 燕云 的 夏天 ， 也 将 随着 游侠 们 的 期待 而 迸发 ： ， 燕云 首个 「 暑期 版本 」 将 正式 开启 。 包括 全新 玩法 、 全新 武器 、 全新 boss 等 在内 的 高 规格 玩法 热 更 和 全方位 功能 优化 ， 均 已 蓄势待发 。 人们 也许 会 忘 了 某个 具体 的 夏天 ， 但 重要 的 是 ， 终于 要 开始 这个 属于 游侠 的 盛夏 —— 回家 ， 家 是 头等 大事 。 恍惚 中 常常 听见 ： 你 十六岁 离家 ， 还 记得 回家 的 路 吗 ？ 彼时 也许 曾 是 至暗 时刻 ， 但 正如 那 句 —— “ 在 隆冬 ， 我 终于 知道 ， 我 身上 有 一个 不可 战胜 的 夏天 。 ” 自 那 之后 江湖 路 远 ， 再 回 过 头 时 ， 身后 并非 空无一人 。 少东家 ， 回家 吧 ， 这个 夏天 回 清河 ， 回 神仙渡 ， 回 不羡仙 ！ 重 回 故地 ， 全新 的 「 家业 」 玩法 系统 中 ， 卷首 清河 的 广阔 天地 ， 大有可为 。 除了 随时随地 的 种植 、 建造 、 经营 ， 还有 新 江湖 奇遇 交织 的 随机 宇宙 ， 将 等待 诸位 少东家 开启 第二 人生 。 而 那个 向往 的 “ 家 ” ， 更 将 是 无数 种 可能 的 交汇 —— 是 少东家 一路 成长 的 温馨 细腻 ； 是 重建 不羡仙 ， 再现 离人 泪 的 运筹帷幄 ； 是 大 庇 天下 寒士 俱 欢颜 的 乱世 进取 ； 是 盛 邀 江湖 门客 ， 谈笑 有 鸿儒 的 惊喜 交际 ； 可以 是 和 江湖 故友 共处 桃源 一隅 的 同 住 营生 ； 也 可以 是 吃喝玩乐 的 稀松平常 、 一 只 “ 鹅 ” 霸 眼 中 的 恶作剧 . . . . . . 除了 将 正式 上线 的 首批 内容 ， 「 家业 」 也 将 和 少东家 们 一起 做 大 做 强 ， 持续 更新 、 不断 成长 。 * 预研 中 画面 ， 请 以 游戏 内 实际 效果 为 准 练功 ， 新 刀 斩断 前尘 。 冬 练 三九 ， 夏 练 三伏 。 江湖 探游 中 ， 想必 已 见 过 不少 横刀 立马 。 而 当 这 把 全新 的 唐横刀 托付 至 游侠 们 手中 ， 盛唐 的 勇气 与 豪气 会 于 此 刃 ， 新 武学 与 充满 爽感 的 新 战斗 机制 ， 都 将 随 刀 出 鞘 。 * 预研 中 画面 ， 请 以 游戏 内 实际 效果 为 准 今朝 磨刀 ， 可是 为 来日 淬 血 ？ 开封 风波 似 已 平息 ， 但 一 份 神秘 邀约 ， 又 将 打破 这 份 平静 。 城内 的 迷局 、 不 知 源头 的 信件 .. . 点点 线索 交织 成 人影 。 他 并非 沙场 悍将 ， 不 掀 明面 烽火 ， 然而 在 重重 雾障 背后 ， 仿佛 到处 都是 他 的 棋子 。 草蛇 灰线 所 指 ， 在 这 场 终局 决战 中 ， 幕后 之 人 似乎 终于 露面 。 * 预研 中 画面 ， 请 以 游戏 内 实际 效果 为 准 武道 之 路 ， 更 高 更 强 。 游侠 若 渴望 有 更 强 之 敌 磨砺 自身 ， 全新 pve 玩法 「 武道 心宫 」 就 将 成为 游侠 的 登顶 之 阶 。 心宫 之中 ， 除却 无数 强敌 ， 还有 多种 意料之外 的 环境 词缀 与 挑战 。 每 登 一 阶 ， 皆 是 全然 不同 的 体验 。 只待 游侠 召集 同道 之 人 前来 试剑 。 * 预研 中 画面 ， 请 以 游戏 内 实际 效果 为 准 磨练 武功 之 人 中 ， 定 也 有 「 狂澜 」 子弟 。 狂澜 子弟 ， 酩酊 则 若 星 陨 蓬蒿 ； 肝胆 既 张 ， 凛然 便 作 柱天 踏 地 。 狂澜 一派 ， 承 自 铁血 安西军 之 遗脉 ， 昔日 身负 同袍 骨 血 行 千里 ， 今朝 折枪 立誓 守 苍生 。 狂澜 素喜 豪迈 义士 ， 凡 有 侠心 ， 凡 有 海量 ， 无不 倒履相迎 。 若是 有缘 之 人 意气相投 ， 可 拜入 门下 ， 共 承 英雄 魂 ！ * 预研 中 画面 ， 请 以 游戏 内 实际 效果 为 准 共 赴 ， 路上 精进 万千 。 在 玩法 内容 之外 ， 这个 夏天 还 将 有 诸多 可见 可 感 的 福利 和 优化 。 自始 ， 就 将 陆续 有 全新 活动 上线 。 包括 套装 、 配饰 、 玩具 、 动作 、 名片 等 大量 外观 与 养成 资源 将 在 暑期 版本 活动 中 免费 获取 。 后续 还有 更 多 福利 活动 详情 ， 敬请 游侠 关注 ！ 而 优化 之 路 ， 积跬步 为 致 今夏 千里 。 移动端 优化 、 战斗 专项 优化 等 全面 推进 ， 此外 也 有 拍照 系统 等 优化 升级 ， 功能 丰富性 、 易用性 持续 提升 。 * 预研中 画面 ， 请 以 游戏 内 实际 效果 为 准 更进一步 ， 也 更 近 秦川 之 路 。 八月 ， 河西 的 最后 一片 区域 「 秦川 」 将 会 开放 。 但 在此 之前 ， 七月 需 先 以 笔绘 苍穹 ， 重聚 人心 山河 ， 方 可 跨过 天险 。 其中 奥妙 ， 盼 后续 再 与 游侠 分享 。 * 预研中 画面 ， 请 以 游戏 内 实际 效果 为 准 相信 已 有 不少 游侠 ， 今日 上线 后 便 收到 了 “ 高温 补贴 ” 奖励 邮件 。 夏日 热烈 ， 此刻 便 已 展现 ， 而 高温 补贴 也 将 持续 为 游侠 们 奉 上 清爽 。 随着 江湖 升温 之 势 ， 消夏 大计 也 迫在眉睫 ， ， 便 将 以 此 作为 盛夏 序幕 —— 届时 不仅 将 有 首个 双 人 新 奇术 ， 展现 清凉 解暑 奇效 ， 还有 与 夏日 美食 相关 新 玩法 ， 以及 与 强敌 首领 息息相关 的 “ 江湖 彩蛋 ” 静候 游侠 。 跨过 凉州 冰雪 天堑 ， 心 向 长安 之 情 也 忽 如 盛夏 热烈 。 长安 盛景 ， 也 近 西安 。 ， 我们 将 与 「 西安 文旅 」 、 「 曲江 文旅 」 开启 合作 ， 在 西安 大唐不夜城 开展 线下 快闪 活动 ！ 入夜 清凉 之际 ， 希望 在 线下 也 能 与 游侠 们 一同 消夏 共度 。 也 请 关注 后续 官方 社媒 的 详细 介绍 ， 期待 与 各位 的 见面 ！ （ 夏日 炎热 ， 也 请 游侠 们 做好 防暑 措施 ， 游戏 内外 ， 小心 中暑 ！ ） 今日 前瞻 起始 ， 有 诸多 未能 道 尽 之 事 。 明日 起 ， 我们 也 将 持续 为 大家 带来 更 多 的 内容 前瞻 与 玩法 细节 。 ， 修身 齐家 ， 只待 盛夏 ！ ' ],2025-07,游侠，首个「暑期版本」七月见
['七月伊始，骄阳倾泻，草木蓬勃。既现鲤跃龙门之瑞兆，也偶有雨停落花之雅观，江湖自是一片生机之象。（本周五），将有一批全新外观上架——「箫吟千浪」奇术特效【鳞跃天倾】*预研中画面，请以游戏内实际效果为准鲤跃龙门，月上西凉，施术时雪落九天，白龙隐现，流岚沆瀣尽纳方圆。冰凌侵骨处，长叩帝阍碎幽魂，鲛灯衔璧堕寒江。全新「箫吟千浪」奇术特效【鳞跃天倾】即将上架，原价3「音玉」；后，游侠可前往【闻音商店】以限时折扣价2「音玉」购得。自「箫吟千浪」的自定义背景音功能上线以来，游侠们的奇思妙想让这江湖更添“声”趣。为了能更便捷地打造独树一帜的听觉标签，此功能也将迎来优化！后续，游侠可以从网易云音乐导入歌曲，并自定义截取15秒片段作为奇术的背景音乐，为江湖增添更多新声！全新套装【雨停荷】但愿长闲有诗酒，一溪风月共清明。*预研中画面，请以游戏内实际效果为准为沽美酒过溪来，停雨落花独见君。一壶风月一壶酒，一溪烟雨一溪云。*预研中画面，请以游戏内实际效果为准池荷跳雨，雅致天成。全新套装【雨停荷】即将上架并同步开放「染色」功能，后，游侠可前往【商店】以60「长鸣珠」购得。新外观之外，已上线的套装也将再添风华。本周，套装【南疆秘语】和套装【争戈】也将开放「染色」功能，届时游侠可前往【染色工坊】为其自定义配色。江湖千色，由君自撷！*预研中画面，请以游戏内实际效果为准风雪依稀，跨过大散关之后，还有全新的冒险正在前方。本月，还有诸多新活动、新玩法内容即将上新。后续，我们也将尽快带来关于新内容的前瞻介绍，敬请游侠留意后续官方动态。千面绘心，迹化云川！网易游戏学院x燕云十六声【高校原画设计大赛】现已经进入复赛人气投票环节！欢迎游侠前往赛事官网-【作品展示】，为喜爱的作品投票！特别提醒：本次大赛面向海内外高校在校学生，并非游戏原画征稿赛事，参赛作品主要用于展示选手的专业能力~']。 —— 全新外观丨鳞跃天倾！箫吟千浪奇术特效上线-,《 全新 外观 丨 鳞 跃天倾 ！ 箫 吟 千 浪 奇术 特效 上线 》 : [ ' 七月 伊始 ， 骄阳 倾泻 ， 草木 蓬勃 。 既 现 鲤跃龙门 之 瑞兆 ， 也 偶 有 雨 停 落花 之 雅观 ， 江湖 自 是 一片 生机 之 象 。 （ 本周五 ） ， 将 有 一批 全新 外观 上架 ——「 箫吟 千浪 」 奇术 特效 【 鳞跃天倾 】 * 预研 中 画面 ， 请 以 游戏 内 实际 效果 为 准 鲤跃 龙门 ， 月 上 西凉 ， 施术 时 雪 落 九天 ， 白龙 隐现 ， 流岚 沆瀣 尽 纳 方圆 。 冰凌 侵骨 处 ， 长 叩 帝 阍 碎幽魂 ， 鲛灯 衔 璧 堕 寒江 。 全新 「 箫吟 千浪 」 奇术 特效 【 鳞跃天倾 】 即将 上架 ， 原价 3 「 音玉 」 ； 后 ， 游侠 可 前往 【 闻音商店 】 以 限时 折扣价 2 「 音玉 」 购得 。 自 「 箫吟 千浪 」 的 自定义 背景音 功能 上线 以来 ， 游侠 们 的 奇思妙想 让 这 江湖 更 添 “ 声 ” 趣 。 为了 能 更 便捷 地 打造 独树一帜 的 听觉 标签 ， 此 功能 也 将 迎来 优化 ！ 后续 ， 游侠 可以 从 网易云 音乐 导入 歌曲 ， 并 自定义 截取 15秒 片段 作为 奇术 的 背景 音乐 ， 为 江湖 增添 更 多 新声 ！ 全新 套装 【 雨停荷 】 但愿 长闲 有 诗酒 ， 一 溪 风 月 共 清明 。 * 预研 中 画面 ， 请 以 游戏 内 实际 效果 为 准 为 沽美 酒 过 溪 来 ， 停雨 落花 独 见 君 。 一 壶 风月 一 壶 酒 ， 一 溪 烟雨 一 溪 云 。 * 预研 中 画面 ， 请 以 游戏 内 实际 效果 为 准 池荷 跳雨 ， 雅致 天成 。 全新 套装 【 雨停荷 】 即将 上架 并 同步 开放 「 染色 」 功能 ， 后 ， 游侠 可 前往 【 商店 】 以 60 「 长鸣珠 」 购得 。 新 外观 之外 ， 已 上线 的 套装 也 将 再 添 风华 。 本周 ， 套装 【 南疆秘语 】 和 套装 【 争戈 】 也 将 开放 「 染色 」 功能 ， 届时 游侠 可 前往 【 染色 工坊 】 为 其 自定义 配色 。 江湖 千色 ， 由 君 自 撷 ！ * 预研 中 画面 ， 请 以 游戏 内 实际 效果 为 准 风雪 依稀 ， 跨过 大散关 之后 ， 还有 全新 的 冒险 正在 前方 。 本月 ， 还有 诸多 新 活动 、 新 玩法 内容 即将 上新 。 后续 ， 我们 也 将 尽快 带来 关于 新 内容 的 前瞻 介绍 ， 敬请 游侠 留意 后续 官方 动态 。 千 面 绘 心 ， 迹 化 云川 ！ 网易游戏学院 x燕云 十六声 【 高校 原画 设计 大赛 】 现 已经 进入 复赛 人气 投票 环节 ！ 欢迎 游侠 前往 赛事 官网 【 作品 展示 】 ， 为 喜爱 的 作品 投票 ！ 特别 提醒 ： 本 次 大赛 面向 海内外 高校 在校 学生 ， 并非 游戏 原画 征稿 赛事 ， 参赛 作品 主要 用于 展示 选手 的 专业 能力 ~ ' ],2025-07,全新外观丨鳞跃天倾！箫吟千浪奇术特效上线
['游侠们好，我是燕云首领战斗相关的策划负责人。距离燕云的正式上线已有半年，在游侠们逐渐深入了解这个江湖的同时，我们也在不断地吸收与沉淀，希望能给大家带来更好的战斗体验。截至目前，我们已经对全部的已上线boss都进行了数轮调优改良，并且接下来仍有持续的调整计划。此外，这些“走弯路”的经验，也都被运用到了新boss的设计上。今天也借此机会，和大家分享我们的调优思路，以及未来的部分设计方向，还请大家多多指教。首先，相比之前，我们在尝试做得“更精细”。在过去，游侠们可能会有一些这样的负面体验：·可卸势时间太短，经常反应不过来，最后要寄希望于肌肉记忆背板。·boss的刀看上去没碰到我，但我还是吃到了伤害。·boss连招压迫感太强，一个不小心就被连到死。这些问题的起因，很多时候都是一个个非常细微的参数设定，可能只是0.05秒的调整，就会展现出截然不同的“手感”体验。为此，我们重新投入了大量的人力物力资源，对全部的已上线boss都进行了反复调校与测试。比如精校了各个boss各个招式的可卸势时间、降低了密集招式的冲击力硬直以给予反击空间等。无名将军，就是一个比较典型的例子。动作流畅，招式清晰，一招一式皆可通过目押来直观交互。而视觉与判定统一的问题，则关系到了boss的攻击碰撞盒子的修改。可以明确的说，目前我们集中优化后的碰撞盒子，精细程度已接近业界主流动作游戏的标准。同时，我们也在努力做得“更合理”。这个合理，又包含数值与机制两个维度。我们对诸多剧情boss的伤害、生命数值都进行了调整，把数值压力控制在了更合理的水平。比如河伯的伤害、郑鄂和容鸢在剧情难度下的伤害、小十七的弹道速度等等。并且，各个难度之间的差异也会更明确，不同类型的玩家都可以在战斗中感受到乐趣。而在机制上，很多不合理的技能我们也做了集中处理。例如下面寻心的这招曾经“零帧起手”的投技：还有类似河伯的水流攻击，过往需要使用三段跳或者漂浮技才能躲避，并且中了一下就得连续吃后面的多段伤害，现在也做了修改。再比如曾经很难准确卸势的田英三阶段的沙人追击技能，现在也可进行从容目押。我们对已上线boss的优化不会止步，现在依然在持续做微调。包括但不限于黑财神三阶段药匣补满、流程缩短、以及部分boss的技能动作调优等等。这样做，都是为了降低战斗的枯燥与挫败，并带来更多的博弈与搏斗的乐趣。在新boss的设计上，在上述的“基本功”做好的基础上，我们也有一些更高的追求。我们想要把boss战，做成一幕幕由音乐、场景、剧情、战斗共同组成的演出盛宴。譬如在与郭昕将军的战斗中，我们希望玩家能明确感知到，从暮年雄狮到壮年将军转变的独特故事感。在老年的阶段，他缓慢而强大，每一击都竭尽全力，甚至需要大口喘气来缓解疲惫。而在他的壮年阶段，他理应对自己的武技更为自信骄傲，从容果断。为此，我们选择采用主流动作游戏的做法。不同阶段下的壮年郭昕，在同样的起手式之后，会有完全不同的后续连招——全面、自如、不可预知，我们通过这样的处理来刻画郭昕的强大。同时，在郭昕的动画设计时，我们也额外注意他动画和剪影的辨识度，以希望游侠能在充满挑战的博弈与交互中了解boss机制，而非采用背板来挑战这位”安西大都护“。除去动作和技能设计，我们在场景和音乐上也围绕着这一主题进行了设计。老年时的黑夜和燃火场景，更多展现了战线崩塌时的破碎感，整体感受是凄凉和悲壮的，这是安西军已经写定的结局。战斗中时空回流的主题，让我们制作了一个和老年时完全不同的场景氛围——这个场景我们参考了“甲光向日金鳞开”“汉兵奋迅如霹雳，虏骑崩腾畏蒺藜”等边塞诗。这是我们想象中的，那些安西军和戍边英雄的起点。郭昕二阶段的音乐我们也做了好几个版本，有特别悲壮的，也有特别史诗的。而最终这个美声合唱版本，是我们觉得纪念这些英雄最好的赞歌。又譬如在望月婵媛的战斗中，弯月、雷电等场景元素均在战斗中发挥了重要的作用。我们也尝试性加入了拼刀元素作为boss的交互特色，希望玩家爽到的同时，也能继续期待我们后续的更多拼刀交互的实装。围绕着望月婵媛“和亲公主的化身”这一独特设定，我们在战斗音乐的体验上，想突出表达从公主视角的思乡和后人角度的缅怀。因此最后选用了一首李白的诗来作为望月婵媛的歌词，并选用了民族美声的唱法去演绎，希望大家能够喜欢。后续，我们也将把“视听特色，机制有趣”作为首领战斗设计的首要目标。喜欢挑战的游侠也不必担心，这并不意味着【技巧检验】部分的缺失。正如之前所说，我们希望不同类型的游侠，皆能在战斗中找到快乐。行胜于言，后续也将有不少新boss等待着大家挑战，欢迎游侠们前来检验我们的打磨成果。一句“战斗，爽！”，就是对我们最大的鼓励！']。 —— 策划交流丨和boss战策划聊聊迭代思路-,《 策划 交流 丨 和 BOSS战 策划 聊聊 迭代 思路 》 : [ ' 游侠 们 好 ， 我 是 燕云 首领 战斗 相关 的 策划 负责人 。 距离 燕云 的 正式 上线 已 有 半年 ， 在 游侠 们 逐渐 深入 了解 这个 江湖 的 同时 ， 我们 也 在 不断 地 吸收 与 沉淀 ， 希望 能 给 大家 带来 更 好 的 战斗 体验 。 截至 目前 ， 我们 已经 对 全部 的 已 上线 boss 都 进行 了 数轮 调优 改良 ， 并且 接下来 仍 有 持续 的 调整 计划 。 此外 ， 这些 “ 走弯路 ” 的 经验 ， 也 都 被 运用 到 了 新 boss 的 设计 上 。 今天 也 借 此 机会 ， 和 大家 分享 我们 的 调优 思路 ， 以及 未来 的 部分 设计 方向 ， 还 请 大家 多多 指教 。 首先 ， 相比 之前 ， 我们 在 尝试 做 得 “ 更 精细 ” 。 在 过去 ， 游侠 们 可能 会 有一些 这样 的 负面 体验 ： · 可 卸势 时间 太 短 ， 经常 反应 不 过来 ， 最后 要 寄 希望 于 肌肉 记忆 背板 。 · boss 的 刀 看上去 没 碰到 我 ， 但 我 还是 吃 到 了 伤害 。 · boss 连招 压迫感 太 强 ， 一个 不 小心 就 被 连 到 死 。 这些 问题 的 起因 ， 很多 时候 都是 一个个 非常 细微 的 参数 设定 ， 可能 只是 0.05秒 的 调整 ， 就 会 展现 出 截然不同 的 “ 手感 ” 体验 。 为此 ， 我们 重新 投入 了 大量 的 人力 物力 资源 ， 对 全部 的 已 上线 boss 都 进行 了 反复 调校 与 测试 。 比如 精校 了 各个 boss 各个 招式 的 可 卸势 时间 、 降低 了 密集 招式 的 冲击力 硬直 以 给予 反击 空间 等 。 无名 将军 ， 就 是 一个 比较 典型 的 例子 。 动作 流畅 ， 招式 清晰 ， 一 招 一 式 皆 可 通过 目 押 来 直观 交互 。 而 视觉 与 判定 统一 的 问题 ， 则 关系到 了 boss 的 攻击 碰撞 盒子 的 修改 。 可以 明确 的 说 ， 目前 我们 集中 优化 后 的 碰撞 盒子 ， 精细 程度 已 接近 业界 主流 动作 游戏 的 标准 。 同时 ， 我们 也 在 努力 做 得 “ 更 合理 ” 。 这个 合理 ， 又 包含 数值 与 机制 两个 维度 。 我们 对 诸多 剧情 boss 的 伤害 、 生命 数值 都 进行 了 调整 ， 把 数值 压力 控制 在 了 更 合理 的 水平 。 比如 河伯 的 伤害 、 郑鄂 和 容鸢 在 剧情 难度 下 的 伤害 、 小十七 的 弹道 速度 等等 。 并且 ， 各个 难度 之间 的 差异 也 会 更 明确 ， 不同 类型 的 玩家 都 可以 在 战斗 中 感受 到 乐趣 。 而 在 机制 上 ， 很多 不 合理 的 技能 我们 也 做 了 集中 处理 。 例如 下面 寻心 的 这 招 曾经 “ 零帧 起手 ” 的 投技 ： 还有 类似 河伯 的 水流 攻击 ， 过往 需要 使用 三段 跳 或者 漂浮技 才 能 躲避 ， 并且 中 了 一下 就 得 连续 吃 后面 的 多 段 伤害 ， 现在 也 做 了 修改 。 再 比如 曾经 很难 准确 卸势 的 田英三 阶段 的 沙人 追击 技能 ， 现在 也 可 进行 从容 目押 。 我们 对 已 上线 boss 的 优化 不会 止步 ， 现在 依然 在 持续 做 微调 。 包括 但 不 限于 黑财神 三 阶段 药匣 补 满 、 流程 缩短 、 以及 部分 boss 的 技能 动作 调优 等等 。 这样 做 ， 都是 为了 降低 战斗 的 枯燥 与 挫败 ， 并 带来 更 多 的 博弈 与 搏斗 的 乐趣 。 在 新 boss 的 设计 上 ， 在 上述 的 “ 基本功 ” 做好 的 基础 上 ， 我们 也 有一些 更 高 的 追求 。 我们 想 要 把 boss战 ， 做成 一 幕 幕 由 音乐 、 场景 、 剧情 、 战斗 共同 组成 的 演出 盛宴 。 譬如 在 与 郭昕 将军 的 战斗 中 ， 我们 希望 玩家 能 明确 感知 到 ， 从 暮年 雄狮 到 壮年 将军 转变 的 独特 故事感 。 在 老年 的 阶段 ， 他 缓慢 而 强大 ， 每 一 击 都 竭尽全力 ， 甚至 需要 大口 喘气 来 缓解 疲惫 。 而 在 他 的 壮年 阶段 ， 他 理应 对 自己 的 武技 更为 自信 骄傲 ， 从容 果断 。 为此 ， 我们 选择 采用 主流 动作 游戏 的 做法 。 不同 阶段 下 的 壮年 郭昕 ， 在 同样 的 起手式 之后 ， 会 有 完全 不同 的 后续 连招 —— 全面 、 自如 、 不可 预知 ， 我们 通过 这样 的 处理 来 刻画 郭昕 的 强大 。 同时 ， 在 郭昕 的 动画 设计 时 ， 我们 也 额外 注意 他 动画 和 剪影 的 辨识度 ， 以 希望 游侠 能 在 充满 挑战 的 博弈 与 交互 中 了解 boss 机制 ， 而 非 采用 背板 来 挑战 这 位 ” 安西 大 都护 “ 。 除去 动作 和 技能 设计 ， 我们 在 场景 和 音乐 上 也 围绕 着 这 一 主题 进行 了 设计 。 老年 时 的 黑夜 和 燃火 场景 ， 更 多 展现 了 战线 崩塌 时 的 破碎感 ， 整体 感受 是 凄凉 和 悲壮 的 ， 这是 安西军 已经 写 定 的 结局 。 战斗 中 时空 回流 的 主题 ， 让 我们 制作 了 一个 和 老年 时 完全 不同 的 场景 氛围 —— 这个 场景 我们 参考 了 “ 甲光 向 日 金鳞开 ” “ 汉兵 奋迅 如 霹雳 ， 虏 骑 崩腾 畏 蒺藜 ” 等 边塞诗 。 这是 我们 想象 中 的 ， 那些 安西军 和 戍边 英雄 的 起点 。 郭昕 二 阶段 的 音乐 我们 也 做 了 好几个 版本 ， 有 特别 悲壮 的 ， 也 有 特别 史诗 的 。 而 最终 这个 美声 合唱 版本 ， 是 我们 觉得 纪念 这些 英雄 最好 的 赞歌 。 又 譬如 在 望月婵媛 的 战斗 中 ， 弯月 、 雷电 等 场景 元素 均 在 战斗 中 发挥 了 重要 的 作用 。 我们 也 尝试性 加入 了 拼刀 元素 作为 boss 的 交互 特色 ， 希望 玩家 爽 到 的 同时 ， 也 能 继续 期待 我们 后续 的 更 多 拼刀 交互 的 实装 。 围绕 着 望 月婵媛 “ 和 亲 公主 的 化身 ” 这 一 独特 设定 ， 我们 在 战斗 音乐 的 体验 上 ， 想 突出 表达 从 公主 视角 的 思乡 和 后人 角度 的 缅怀 。 因此 最后 选用 了 一 首 李白 的 诗 来 作为 望月婵媛 的 歌词 ， 并 选用 了 民族 美声 的 唱法 去 演绎 ， 希望 大家 能够 喜欢 。 后续 ， 我们 也 将 把 “ 视听 特色 ， 机制 有趣 ” 作为 首领 战斗 设计 的 首要 目标 。 喜欢 挑战 的 游侠 也 不必 担心 ， 这 并不 意味着 【 技巧 检验 】 部分 的 缺失 。 正如 之前 所 说 ， 我们 希望 不同 类型 的 游侠 ， 皆 能 在 战斗 中 找到 快乐 。 行 胜于 言 ， 后续 也 将 有 不少 新 boss 等待 着 大家 挑战 ， 欢迎 游侠 们 前来 检验 我们 的 打磨 成果 。 一 句 “ 战斗 ， 爽 ！ ” ， 就 是 对 我们 最大 的 鼓励 ！ ' ],2025-06,策划交流丨和BOSS战策划聊聊迭代思路
['随着游侠们对凉州的深入探索，风雪中的故事也渐渐步入尾声。但江湖路漫漫，在前进过程中，我们也在持续跟进游侠们的游玩体验。在最近的版本更新中，又有一批全新功能与体验优化实装上线——红尘知音，江湖相伴虽说传说中的高人大侠们，总有几分天涯独行的孤高风范。但这江湖广阔至美，若得一两善解人意的知音可以倾诉分享，也将更添色彩。在当前版本中，新增了江湖故人「柳诗诗」与「朗逸」的语音聊天功能。从此江湖故人们也可以开口说话，不再局限于与游侠文字交流。不仅如此，身为游侠的知音，自然是可无话不谈。与江湖故人们对话时，并不会预设明确的主题。天文地理，江湖八卦，都能一聊，保证话不掉地上！甚至当游侠在游戏内遇到困难时，部分江湖故人还会主动发送消息，给予游侠帮助。疾风知劲草，患难自见真情！既是知音，若还是直呼全名，未免显得有点生分。想给故人起个外号？可以！无论是游侠对江湖故人的称呼，还是江湖故人对游侠的昵称，均可以进行自定义修改并体现在语音聊天当中，交流更有沉浸感与代入感。此乃亲密好友之间的小趣味，少东家不妨自行尝试看看！后续这一功能也将持续升级，包括但不限于增加支持语音聊天的江湖故人数量，优化语音聊天体验，并提供更多音色选择等。红尘漫漫，更多知音待与君相逢。移动端画面操作持续调优既有知音，当赏美景。在最近的更新中，又有一批移动端的性能优化正式上线。比如，我们进一步优化了光照系统的性能表现，提升了整体氛围与画面细节。在各位游侠精心打造的小天地【外观-情境】中，灯光和水面的显示效果也多有提升。截图来自移动端我们还特别提升了部分模型精度。现在玩法场景中，就算是怼脸直拍，也能得以清晰呈现。截图来自移动端并且我们优化了多种植被在移动端的显示效果，飞花落叶即使近观，也能经得起推敲。截图来自移动端同时，新版本我们也重点优化了部分移动端因界面内存过高导致闪退的问题。美景虽好，安心稳当也很重要。除了画面与性能优化以外，移动端还有全新功能，帮助游侠们闯荡江湖更从容。打他要带金玉手、打他需要凌云踏.....奇术格子少时，反复装配修改更是繁琐难熬。现在游侠游玩移动端，已获得奇术在未装配时，将在对应解谜和战斗场景进行自动感知，点击屏幕即可直接使用。从此，告别频繁更换奇术的繁琐、带错奇术挨刀子的烦恼！截图来自移动端关于本周更多优化与修复细节，各位游侠可前往游戏内更新公告查看。点滴优化，皆为游侠快意江湖。后续，我们也将以栏目的形式，为大家带来更多各模块设计思路的分享与交流，敬请各位游侠关注！']。 —— 优化动向丨红尘知音相伴，移动端持续调优-,《 优化 动向 丨 红尘 知音 相伴 ， 移动端 持续 调优 》 : [ ' 随着 游侠 们 对 凉州 的 深入 探索 ， 风雪 中 的 故事 也 渐渐 步入 尾声 。 但 江湖路 漫漫 ， 在 前进 过程 中 ， 我们 也 在 持续 跟进 游侠 们 的 游玩 体验 。 在 最近 的 版本 更新 中 ， 又 有 一批 全新 功能 与 体验 优化 实装 上线 —— 红尘 知音 ， 江湖 相伴 虽说 传说 中 的 高人 大侠 们 ， 总 有 几分 天涯独行 的 孤高 风范 。 但 这 江湖 广阔 至 美 ， 若 得 一两 善 解 人意 的 知音 可以 倾诉 分享 ， 也 将 更 添 色彩 。 在 当前 版本 中 ， 新增 了 江湖 故人 「 柳诗诗 」 与 「 朗逸 」 的 语音 聊天 功能 。 从此 江湖 故人 们 也 可以 开口 说话 ， 不再 局限 于 与 游侠 文字 交流 。 不仅 如此 ， 身为 游侠 的 知音 ， 自然 是 可 无 话 不 谈 。 与 江湖 故人 们 对话 时 ， 并 不会 预设 明确 的 主题 。 天文 地理 ， 江湖 八卦 ， 都 能 一 聊 ， 保证 话 不 掉 地上 ！ 甚至 当 游侠 在 游戏 内 遇到 困难 时 ， 部分 江湖 故人 还 会 主动 发送 消息 ， 给予 游侠 帮助 。 疾风 知 劲草 ， 患难 自 见 真情 ！ 既是 知音 ， 若 还是 直 呼 全名 ， 未免 显得 有点 生分 。 想 给 故人 起 个 外号 ？ 可以 ！ 无论是 游侠 对 江湖 故人 的 称呼 ， 还是 江湖 故人 对 游侠 的 昵称 ， 均 可以 进行 自定义 修改 并 体现 在 语音 聊天 当中 ， 交流 更 有 沉浸感 与 代入感 。 此 乃 亲密 好友 之间 的 小 趣味 ， 少 东家 不妨 自行 尝试 看看 ！ 后续 这 一 功能 也 将 持续 升级 ， 包括 但 不 限于 增加 支持 语音 聊天 的 江湖 故人 数量 ， 优化 语音 聊天 体验 ， 并 提供 更 多 音色 选择 等 。 红尘 漫漫 ， 更 多 知音 待 与 君 相逢 。 移动端 画面 操作 持续 调优 既有 知音 ， 当 赏 美景 。 在 最近 的 更新 中 ， 又 有 一批 移动端 的 性能 优化 正式 上线 。 比如 ， 我们 进一步 优化 了 光照 系统 的 性能 表现 ， 提升 了 整体 氛围 与 画面 细节 。 在 各位 游侠 精心 打造 的 小天地 【 外观 情境 】 中 ， 灯光 和 水面 的 显示 效果 也 多 有 提升 。 截图 来自 移动端 我们 还 特别 提升 了 部分 模型 精度 。 现在 玩法 场景 中 ， 就算 是 怼 脸 直拍 ， 也 能 得以 清晰 呈现 。 截图 来自 移动端 并且 我们 优化 了 多种 植被 在 移动端 的 显示 效果 ， 飞花 落叶 即使 近观 ， 也 能 经得起 推敲 。 截图 来自 移动端 同时 ， 新版本 我们 也 重点 优化 了 部分 移动端 因 界面 内存 过高 导致 闪退 的 问题 。 美景 虽 好 ， 安心 稳当 也 很 重要 。 除了 画面 与 性能 优化 以外 ， 移动端 还有 全新 功能 ， 帮助 游侠 们 闯荡 江湖 更 从容 。 打 他 要 带 金玉手 、 打 他 需要 凌云 踏 ..... 奇术 格子 少 时 ， 反复 装配 修改 更 是 繁琐 难熬 。 现在 游侠 游玩 移动端 ， 已 获得 奇术 在 未 装配 时 ， 将 在 对应 解谜 和 战斗 场景 进行 自动 感知 ， 点击 屏幕 即可 直接 使用 。 从此 ， 告别 频繁 更换 奇术 的 繁琐 、 带 错 奇术 挨 刀子 的 烦恼 ！ 截图 来自 移动端 关于 本周 更 多 优化 与 修复 细节 ， 各位 游侠 可 前往 游戏 内 更新 公告 查看 。 点滴 优化 ， 皆 为 游侠 快意 江湖 。 后续 ， 我们 也 将 以 栏目 的 形式 ， 为 大家 带来 更 多 各 模块 设计 思路 的 分享 与 交流 ， 敬请 各位 游侠 关注 ！ ' ],2025-06,优化动向丨红尘知音相伴，移动端持续调优
['传闻，醉花阴二十四花信风之一的寄春君慕寒英尤擅画美人，笔下人物如真似幻、栩栩如生。今岁，寄春君欲再作群芳美人图，集诗词赋中百花为魂，设计锦绣霓裳，特邀天下美人前往樊楼展卷撷芳。而这“锦绣霓裳”，便是以「花间十二客」为概念的系列时装。该系列时装以历代文人所撰写的花卉相关的诗词为灵感而设计，原型分别为十二种花卉意象。「花间十二客」以衣载道，时令花卉为骨，文人意趣为韵，自然灵秀与诗画风雅皆凝形于绫罗锦绣。身着之，宛若衣染清香，心寄风月，似于乱世纷扰外觅得一处安心之境，重拾林泉之志。绝代只西子，众芳惟牡丹。以“芳菲之首”牡丹为设计灵感的套装【宿露轻盈】，即将作为「花间十二客」系列的首发套装上线。（本周五），将有一批全新外观上架——全新套装【宿露轻盈】异香开玉合，轻粉泥银盘。晓贮露华湿，宵倾月魄寒。庐州之南，有山曰银屏。其壁孤耸，直插云天。壁间开一白牡丹，雪色盈枝，萼分九瓣，若缀玉露。传其历经千载，不枯不凋，不蔓不枝，四时风雪不改其性，以皓素之姿立峭壁之上。更有老者云，牡丹花瓣数多寡，可示当年丰歉之兆。斯花也，非凡卉可比，实乃山川灵秀所钟也。今寄春君慕寒英以此为灵感，画牡丹美人图，名唤宿露轻盈。全新「花间十二客」系列之牡丹套装【宿露轻盈】即将上架，后，游侠可前往【商店】以2580「长鸣珠」购得。少日对花昏醉梦，而今醒眼看风月。恨牡丹、笑我倚东风，形如雪。届时，全新发型【笑倚东风】也即将同步上架，，游侠可前往【和鸣商店】以1颗「八音窍」购得。「双刀」武器外观【苦昼难长】*【套装·飞光】预研中画面，实际效果和其他套装请在游戏内查看吾将斩龙足，嚼龙肉，使之朝不得回，夜不得伏。自然老者不死，少者不哭。全新「双刀」武器外观【苦昼难长】即将上架，限时360天。，游侠可前往【和鸣商店】以1颗「八音窍」购得。【苦昼难长】共有霁青【套装·滞骨】、紫绶【套装·天东】【套装·烛龙】、砺金【套装·飞光】【套装·太一】五种套装样式变化，另有若干定制色，游侠可通过「工坊-武器重铸」打造独一无二的多形态武器外观搭配。届时，【藏音·韶光四极】、【藏音·北溟有鱼】下架时间延长180天。寄情花木，衣冠风雅。未来，「花间十二客」系列还将陆续推出更多以不同花卉为原型的时装。赏人间芳菲，着锦绣霓裳，敬请期待。']。 —— 全新外观丨「花间十二客」系列时装概念首曝-,《 全新 外观 丨 「 花间十二客 」 系列 时装 概念 首曝 》 : [ ' 传闻 ， 醉花阴 二十四 花 信风 之一 的 寄春君 慕寒英 尤 擅 画 美人 ， 笔下 人物 如 真 似 幻 、 栩栩如生 。 今岁 ， 寄春君 欲 再 作 群芳 美人图 ， 集 诗词 赋 中 百花 为 魂 ， 设计 锦绣 霓裳 ， 特邀 天下 美人 前往 樊楼 展卷 撷 芳 。 而 这 “ 锦绣 霓裳 ” ， 便是 以 「 花间十二客 」 为 概念 的 系列 时装 。 该 系列 时装 以 历代 文人 所 撰写 的 花卉 相关 的 诗词 为 灵感 而 设计 ， 原型 分别 为 十二种 花卉 意象 。 「 花间十二客 」 以 衣 载 道 ， 时令 花卉 为 骨 ， 文人 意趣 为 韵 ， 自然 灵秀 与 诗画 风雅 皆 凝 形 于 绫罗 锦绣 。 身着 之 ， 宛若 衣染 清香 ， 心 寄 风月 ， 似 于 乱世 纷扰 外 觅得 一 处 安心 之 境 ， 重 拾 林泉 之 志 。 绝代 只 西子 ， 众芳 惟 牡丹 。 以 “ 芳菲 之 首 ” 牡丹 为 设计 灵感 的 套装 【 宿露 轻盈 】 ， 即将 作为 「 花间十二客 」 系列 的 首发 套装 上线 。 （ 本周五 ） ， 将 有 一批 全新 外观 上架 —— 全新 套装 【 宿露 轻盈 】 异香 开 玉合 ， 轻粉泥 银盘 。 晓贮露 华湿 ， 宵 倾 月 魄 寒 。 庐州 之 南 ， 有 山 曰 银屏 。 其 壁 孤耸 ， 直 插 云天 。 壁间 开 一 白 牡丹 ， 雪色 盈 枝 ， 萼 分 九 瓣 ， 若 缀 玉露 。 传 其 历经 千载 ， 不 枯 不 凋 ， 不 蔓 不 枝 ， 四时 风雪 不 改 其 性 ， 以 皓素 之 姿 立 峭壁 之上 。 更 有 老者 云 ， 牡丹 花瓣 数 多寡 ， 可 示 当年 丰歉 之 兆 。 斯花 也 ， 非 凡卉 可 比 ， 实 乃 山川 灵秀 所 钟 也 。 今 寄春君 慕寒英 以 此 为 灵感 ， 画 牡丹 美人图 ， 名 唤 宿露 轻盈 。 全新 「 花间十二客 」 系列 之 牡丹 套装 【 宿露 轻盈 】 即将 上架 ， 后 ， 游侠 可 前往 【 商店 】 以 2580 「 长鸣珠 」 购得 。 少日 对 花昏 醉梦 ， 而今 醒眼 看 风月 。 恨 牡丹 、 笑 我 倚 东风 ， 形 如 雪 。 届时 ， 全新 发型 【 笑倚东风 】 也 即将 同步 上架 ， ， 游侠 可 前往 【 和鸣商店 】 以 1 颗 「 八音窍 」 购得 。 「 双刀 」 武器 外观 【 苦昼 难 长 】 * 【 套装 · 飞光 】 预研 中 画面 ， 实际 效果 和 其他 套装 请 在 游戏 内 查看 吾 将 斩 龙 足 ， 嚼 龙 肉 ， 使 之 朝 不得 回 ， 夜 不得 伏 。 自然 老者 不 死 ， 少者 不 哭 。 全新 「 双刀 」 武器 外观 【 苦昼 难 长 】 即将 上架 ， 限时 360天 。 ， 游侠 可 前往 【 和鸣商店 】 以 1 颗 「 八音窍 」 购得 。 【 苦昼 难 长 】 共有 霁青 【 套装 · 滞骨 】 、 紫绶 【 套装 · 天东 】 【 套装 · 烛龙 】 、 砺金 【 套装 · 飞光 】 【 套装 · 太一 】 五种 套装 样式 变化 ， 另 有 若干 定制色 ， 游侠 可 通过 「 工坊 武器 重铸 」 打造 独一无二 的 多 形态 武器 外观 搭配 。 届时 ， 【 藏音 · 韶光 四极 】 、 【 藏音 · 北溟 有 鱼 】 下架 时间 延长 180天 。 寄情 花木 ， 衣冠 风雅 。 未来 ， 「 花间十二客 」 系列 还 将 陆续 推出 更 多 以 不同 花卉 为 原型 的 时装 。 赏 人间 芳菲 ， 着 锦绣 霓裳 ， 敬请 期待 。 ' ],2025-06,全新外观丨「花间十二客」系列时装概念首曝
['在上周末「关头万里春」版本更新中，有两大全新镇守、赛季更新、野外首领、试剑新本、全新外观等诸多新内容加入燕云。在游侠完成「镇守·节度之死」后，凉州的神秘新形态「风催凉州」也已显露。执金杯饮下特殊之酒，回望往昔，抑或顺天知命，皆交予你定夺。此间英雄无悔、侠气峥嵘，还待游侠亲往探索。江湖上新，游侠们的才思也如泉涌。两天内，我们也看到已有大量游侠分享了新版本的全新见闻、历战攻略、侠影大片……诸多精彩，特来与游侠们分享！霓裳焕彩，侠姿风华谈到创作，自然离不开被游侠们玩到出神入化的光影妙术。在本次更新中，有包括新套装【落花闻诏】、新战令套装【射虎南山】在内的多款外观上线，我们也收到了来自游侠们的热情返图。图片来源：丶kokoko拍摄：yummy（期末复习中。。。图片来源：cookie图片来源：悬河注火图片来源：朗星此外，结算界面的编辑功能现已正式上线，想要彰显个性的游侠可不容错过！注：上述内容均为玩家投稿，不代表任何官方观点与立场凉州的故事已至尾声，但河西的旅程亦还有诸多精彩在前方相候。后续还有更多篇章，等待与游侠共同写就！']。 —— 凉州侠影|新版本游侠创作共赏-,《 凉州 侠影 | 新版本 游侠 创作 共 赏 》 : [ ' 在 上周末 「 关头 万里 春 」 版本 更新 中 ， 有 两 大 全新 镇守 、 赛季 更新 、 野外 首领 、 试剑 新本 、 全新 外观 等 诸多 新 内容 加入 燕云 。 在 游侠 完成 「 镇守 · 节度之死 」 后 ， 凉州 的 神秘 新 形态 「 风 催 凉州 」 也 已 显露 。 执金杯 饮 下 特殊 之 酒 ， 回望 往昔 ， 抑或 顺天知命 ， 皆 交 予 你 定夺 。 此间 英雄 无悔 、 侠气 峥嵘 ， 还 待 游侠 亲 往 探索 。 江湖 上 新 ， 游侠 们 的 才思 也 如 泉涌 。 两天 内 ， 我们 也 看到 已 有 大量 游侠 分享 了 新版本 的 全新 见闻 、 历战 攻略 、 侠影 大片 …… 诸多 精彩 ， 特 来 与 游侠 们 分享 ！ 霓裳 焕彩 ， 侠姿 风华 谈到 创作 ， 自然 离不开 被 游侠 们 玩 到 出神入化 的 光影 妙术 。 在 本 次 更新 中 ， 有 包括 新 套装 【 落花 闻诏 】 、 新 战令 套装 【 射虎 南山 】 在内 的 多 款 外观 上线 ， 我们 也 收到 了 来自 游侠 们 的 热情 返图 。 图片 来源 ： 丶 kokoko 拍摄 ： yummy （ 期末 复习 中 。 。 。 图片 来源 ： cookie 图片 来源 ： 悬河 注火 图片 来源 ： 朗星 此外 ， 结算 界面 的 编辑 功能 现 已 正式 上线 ， 想 要 彰显 个性 的 游侠 可 不容 错过 ！ 注 ： 上述 内容 均 为 玩家 投稿 ， 不 代表 任何 官方 观点 与 立场 凉州 的 故事 已 至 尾声 ， 但 河西 的 旅程 亦 还有 诸多 精彩 在 前方 相候 。 后续 还有 更 多 篇章 ， 等待 与 游侠 共同 写 就 ！ ' ],2025-06,凉州侠影 | 新版本游侠创作共赏
['夏至伊始，鼓翼争鸣。各位游侠，全新赛季「蕤宾同音·上」已于今早正式开启。我们在往期文章中与大家先行分享的赛季更新、全新boss、外观和优化动向等内容已悉数实装，只待游侠体验。弦动新颜全新战令套装【射虎南山】、全新坐骑【倚鹿顺风】现已正式上线，新套装【落花闻诏】也已上架和鸣新增赛季池【玉振扬音】。此外，游侠还可通过【和鸣-玉振扬音】获取发型【百花应诏】和绝世发型【锦瑟华年】（附赠动态头像）。在「金声长鸣」中，累积和鸣次数达到200次即可开启赛季奖池，同时可以获得长鸣特权奖励发型【飞花聆诏】，已达到次数的游侠打开奖池即可领取。江湖新风，与侠共赏！新外观上线后，我们也收到了非常多游侠们拍摄的侠影大片，后续也欢迎游侠们在各个平台上多多分享——投稿来源：夏色弥深投稿来源：办办投稿来源：稚双双投稿来源：蹬月君吖战曲惊涛在凉州名噪一时的缺口袋把戏团，正在凉州野外风雪中缓缓前行。游侠若途径二人所在，不妨捧捧场，看上一出绝伦戏法！此野外首领在「武林录」中有记载，首次战胜时可获得耳饰【轻云追月】、【心法心得·自选散本】等丰厚奖励。游侠亦可前往「试炼」中进行多种砺剑挑战，完成要求还可获得头像、徽章在内的额外奖励。就在明日，凉州新镇守「节度之死」、「大散关」也将开启。完成镇守后，凉州的神秘新形态也将向游侠展开。重复通关此两大镇守，还有概率获得配饰「臣子笏」、「昭雪」，面饰「窥月之面」，亦可通过「不肝商城」进行兑换。另外，「鹅滴神杯」先行邀请赛报名现已启动！风雷、论剑、争鸣多赛道并行，在所在赛道战至8强，即可获得徽章、八音窍、长鸣珠、袅袅之音、绕梁之音等丰厚奖励！无论你是天涯孤鸿客、论剑台上的常胜将军，还是团队指挥大师，这里都是你的舞台，此季荣光，待刻君名！本次比赛为先行邀请赛且不限平台，游侠满足相应条件方可报名。先行邀请赛·移动平台专属比赛马上也将开启报名。同时，首届「鹅滴神杯」正赛也在紧张筹备中，将于不久后开赛！游侠们可于-期间前往游戏活动中心完成报名，报名及赛事详细规则可见下方——报名条件:风雷赛：游侠等级达到90级，无伤通关任意3个鬼神愁难度的试炼「首领」。论剑赛：游侠等级达到90级，「夹钟并作」赛季中论剑段位达到过无我或「蕤宾同音」赛季论剑段位达到飞花。争鸣赛：游侠等级达到90级，「夹钟并作」赛季中任意止戈玩法段位达到过无我或「蕤宾同音」赛季任意止戈玩法段位达到飞花（不含觉障林），组成5人战队。报名截止当天后，战队无法进行退出、请离及解散操作；退出战队1小时内无法加入或创建队伍，被请离的玩家不受此限制。风雷赛海选时间：号-海选流程：参赛选手需在海选赛规定的6小时内完成挑战（挑战入口将于次日关闭），系统将于入口关闭后30分钟后锁定成绩。成绩审核时间为24小时，最终审核结果将于号公布，总排名前128名选手晋级淘汰赛。比赛规则：「风雷赛」采用与「试炼」玩法相同的属性调平模式（首领难度高于鬼神愁难度），武学、心法、奇术可自由搭配。选手需依次挑战3名指定首领（海选赛为「皮影·幕起」「无名将军」「伊刀」），每名首领拥有3次挑战机会，完成当前首领全部挑战后，方可解锁下一名首领，并以3次挑战中的最短用时作为其最优成绩；该最优成绩所使用的武学组合将被锁定，禁止在后续首领挑战中重复使用。总成绩为三名首领最优成绩的用时之和，选手可通过「试炼」玩法进行训练。论剑赛海选时间：海选初赛号-；海选复赛号-海选流程：海选初赛开放时间内报名参赛的选手需要自行前往论剑赛玩法界面参与匹配，完成10场比赛，获胜4场及以上即可晋级海选复赛;海选复赛开放后，初赛晋级的选手需要在比赛时间内自行前往论剑赛玩法界面参与匹配，完成最多15场比赛，成绩审核期24h，次日审核结束，排名前64名的选手晋级小组赛。比赛规则：本届「论剑赛」中，游侠参赛使用的装备等阶最高为86阶。在比赛中少侠的部分战斗属性会进行调平（心法为6重，奇术为5重9段，装备叠音最高生效45重，解锁当前赛季全部通用型止戈天赋），战斗规则与「论剑」玩法中的规则相同。争鸣赛海选时间：号-海选流程：海选赛开放时间内报名参赛的战队需要自行前往争鸣赛海选界面参与匹配，完成12场海选比赛，成绩审核期24h，次日审核结束，排名前32名的战队进入下一阶段比赛。比赛规则：本届「争鸣赛」中，游侠参赛使用的装备等阶最高为86阶。在比赛中少侠的部分战斗属性会进行调平（心法为6重，奇术为5重9段，装备叠音最高生效45重，解锁当前赛季全部通用型止戈天赋），战斗规则与「天下争鸣」玩法中的规则相同，少侠需要组成5人战队。赛事通用规则参赛选手需遵守《燕云十六声》赛事通用规则，可前往燕云十六声赛事中心 —— 新赛季启幕，「鹅滴神杯」先行邀请赛开放报名！-,《 新 赛季 启幕 ， 「 鹅滴神杯 」 先行 邀请赛 开放 报名 ！ 》 : [ ' 夏至 伊始 ， 鼓翼 争鸣 。 各位 游侠 ， 全新 赛季 「 蕤宾 同音 · 上」 已 于 今早 正式 开启 。 我们 在 往期 文章 中 与 大家 先行 分享 的 赛季 更新 、 全新 boss 、 外观 和 优化 动向 等 内容 已 悉数 实装 ， 只待 游侠 体验 。 弦动 新颜 全新 战令 套装 【 射 虎 南山 】 、 全新 坐骑 【 倚 鹿 顺风 】 现 已 正式 上线 ， 新 套装 【 落花 闻诏 】 也 已 上架 和鸣 新增 赛季池 【 玉振扬音 】 。 此外 ， 游侠 还 可 通过 【 和鸣 玉振扬音 】 获取 发型 【 百花 应诏 】 和 绝世 发型 【 锦瑟华年 】 （ 附 赠 动态 头像 ） 。 在 「 金声 长鸣 」 中 ， 累积 和鸣 次数 达到 200次 即可 开启 赛季 奖池 ， 同时 可以 获得 长鸣 特权 奖励 发型 【 飞花 聆诏 】 ， 已 达到 次数 的 游侠 打开 奖池 即可 领取 。 江湖 新风 ， 与侠 共 赏 ！ 新 外观 上线 后 ， 我们 也 收到 了 非常 多 游侠 们 拍摄 的 侠影 大片 ， 后续 也 欢迎 游侠 们 在 各个 平台 上 多多 分享 —— 投稿 来源 ： 夏色 弥深 投稿 来源 ： 办办 投稿 来源 ： 稚 双双 投稿 来源 ： 蹬月君 吖 战曲 惊涛 在 凉州 名噪一时 的 缺口袋 把戏团 ， 正 在 凉州 野外 风雪 中 缓缓 前行 。 游侠 若 途径 二 人 所在 ， 不妨 捧捧场 ， 看 上 一 出 绝伦 戏法 ！ 此 野外 首领 在 「 武林录 」 中 有 记载 ， 首次 战胜 时 可 获得 耳饰 【 轻云追月 】 、 【 心法 心得 · 自选 散本 】 等 丰厚 奖励 。 游侠 亦 可 前往 「 试炼 」 中 进行 多种 砺剑 挑战 ， 完成 要求 还 可 获得 头像 、 徽章 在内 的 额外 奖励 。 就 在 明日 ， 凉州 新 镇守 「 节度之死 」 、 「 大散关 」 也 将 开启 。 完成 镇守 后 ， 凉州 的 神秘 新 形态 也 将 向 游侠 展开 。 重复 通关 此 两 大 镇守 ， 还有 概率 获得 配饰 「 臣子笏 」 、 「 昭雪 」 ， 面饰 「 窥月之面 」 ， 亦 可 通过 「 不 肝 商城 」 进行 兑换 。 另外 ， 「 鹅滴神杯 」 先行 邀请赛 报名 现 已 启动 ！ 风雷 、 论 剑 、 争鸣 多 赛道 并行 ， 在 所在 赛道 战 至 8 强 ， 即可 获得 徽章 、 八音窍 、 长鸣珠 、 袅袅之音 、 绕梁之音 等 丰厚 奖励 ！ 无论 你 是 天涯 孤鸿客 、 论 剑台 上 的 常胜 将军 ， 还是 团队 指挥 大师 ， 这里 都是 你 的 舞台 ， 此 季 荣光 ， 待 刻 君 名 ！ 本 次 比赛 为 先行 邀请赛 且 不 限 平台 ， 游侠 满足 相应 条件 方 可 报名 。 先行 邀请赛 · 移动 平台 专属 比赛 马上 也 将 开启 报名 。 同时 ， 首届 「 鹅滴神杯 」 正赛 也 在 紧张 筹备 中 ， 将 于 不久 后 开赛 ！ 游侠 们 可 于 期间 前往 游戏活动中心 完成 报名 ， 报名 及 赛事 详细 规则 可见 下方 —— 报名 条件 : 风雷赛 ： 游侠 等级 达到 90级 ， 无 伤 通关 任意 3个 鬼神愁 难度 的 试炼 「 首领 」 。 论剑赛 ： 游侠 等级 达到 90级 ， 「 夹钟 并作 」 赛季 中 论剑 段位 达到 过 无我 或 「 蕤宾 同音 」 赛季 论剑 段位 达到 飞花 。 争鸣赛 ： 游侠 等级 达到 90级 ， 「 夹钟 并作 」 赛季 中 任意 止戈 玩法 段位 达到 过 无我 或 「 蕤宾 同音 」 赛季 任意 止戈 玩法 段位 达到 飞花 （ 不 含 觉障林 ） ， 组成 5 人 战队 。 报名 截止 当天 后 ， 战队 无法 进行 退出 、 请离 及 解散 操作 ； 退出 战队 1小时 内 无法 加入 或 创建 队伍 ， 被 请离 的 玩家 不 受 此 限制 。 风雷赛 海选 时间 ： 号- 海选 流程 ： 参赛 选手 需 在 海选赛 规定 的 6小时 内 完成 挑战 （ 挑战 入口 将 于 次日 关闭 ） ， 系统 将 于 入口 关闭 后 30分钟 后 锁定 成绩 。 成绩 审核 时间 为 24小时 ， 最终 审核 结果 将 于 号 公布 ， 总 排名 前128名 选手 晋级 淘汰赛 。 比赛 规则 ： 「 风雷赛 」 采用 与 「 试炼 」 玩法 相同 的 属性 调平 模式 （ 首领 难度 高于 鬼神愁 难度 ） ， 武学 、 心法 、 奇术 可 自由 搭配 。 选手 需 依次 挑战 3名 指定 首领 （ 海选赛 为 「 皮影 · 幕 起 」「 无名 将军 」 「 伊刀 」 ） ， 每 名 首领 拥有 3次 挑战 机会 ， 完成 当前 首领 全部 挑战 后 ， 方 可 解锁 下 一 名 首领 ， 并 以 3次 挑战 中 的 最 短 用时 作为 其 最优 成绩 ； 该 最优 成绩 所 使用 的 武学 组合 将 被 锁定 ， 禁止 在 后续 首领 挑战 中 重复 使用 。 总成绩 为 三名 首领 最优 成绩 的 用时 之 和 ， 选手 可 通过 「 试炼 」 玩法 进行 训练 。 论 剑赛 海选 时间 ： 海选 初赛号 ； 海选 复赛号 海选 流程 ： 海选 初赛 开放 时间 内 报名 参赛 的 选手 需要 自行 前往 论剑赛 玩法 界面 参与 匹配 ， 完成 10场 比赛 ， 获胜 4场 及 以上 即可 晋级 海选 复赛 ; 海选 复赛 开放 后 ， 初赛 晋级 的 选手 需要 在 比赛 时间 内 自行 前往 论剑赛 玩法 界面 参与 匹配 ， 完成 最多 15场 比赛 ， 成绩 审核期 24h ， 次日 审核 结束 ， 排名 前64名 的 选手 晋级 小组赛 。 比赛 规则 ： 本届 「 论剑赛 」 中 ， 游侠 参赛 使用 的 装备 等阶 最高 为 86阶 。 在 比赛 中 少侠 的 部分 战斗 属性 会 进行 调平 （ 心法 为 6重 ， 奇术 为 5 重 9段 ， 装备 叠音 最高 生效 45 重 ， 解锁 当前 赛季 全部 通用型 止戈 天赋 ） ， 战斗 规则 与 「 论 剑 」 玩法 中 的 规则 相同 。 争鸣赛 海选 时间 ： 号 海选 流程 ： 海选赛 开放 时间 内 报名 参赛 的 战队 需要 自行 前往 争鸣赛 海选 界面 参与 匹配 ， 完成 12场 海选 比赛 ， 成绩 审核期 24h ， 次日 审核 结束 ， 排名 前32名 的 战队 进入 下 一 阶段 比赛 。 比赛 规则 ： 本届 「 争鸣赛 」 中 ， 游侠 参赛 使用 的 装备 等阶 最高 为 86阶 。 在 比赛 中 少侠 的 部分 战斗 属性 会 进行 调平 （ 心法 为 6重 ， 奇术 为 5 重 9段 ， 装备 叠音 最高 生效 45重 ， 解锁 当前 赛季 全部 通用型 止戈 天赋 ） ， 战斗 规则 与 「 天下 争鸣 」 玩法 中 的 规则 相同 ， 少侠 需要 组成 5 人 战队 。 赛事 通用 规则 参赛 选手 需 遵守 《 燕云十六声 》 赛事 通用 规则 ， 可 前往 燕云十六声赛事中心,2025-06,新赛季启幕，「鹅滴神杯」先行邀请赛开放报名！
['日就月将，上下求索。明日，全新赛季「蕤宾同音·上」即将开启。伴随着新内容的推出，我们也在持续聆听游侠们的声音，对游戏各方面进行迭代优化。正如此前，自公测伊始，我们就在持续对新老boss的战斗体验进行迭代。后续有机会，我们也将专门为大家分享我们的设计思路与具体措施。本次，伴随新赛季开启，从战斗体验、简化培养、武学平衡到界面交互等诸多维度优化也将同步展开——武学精研讨伐更利武学的成长与运用，关系到游侠在燕云中的核心战斗体验。本次更新中，我们致力于系统性提升各位游侠的培养体验，继续为养成减负；同时也围绕战斗机制、流派特性，重点优化了多个武学的招式循环机制，提升各武器流派的实战体验。具体措施包括但不限于：培养简化，明确目标优化弓玦打造保底模式，保底次数外显，目标更明确！合并调律库中的增伤/增疗词条，伤害治疗同时提升！合并装备定音中的「属性穿透」词条，无论用什么武学均能发挥价值！体验流畅提升优化多人环境下的buff显示，减少视觉干扰，画面更清爽！核心武学优化优化多种招式的启动效率和伤害效率；降低千山法六重效果获得门槛，并延长山移标记，使其更匹配循环轴；重点平衡性与循环体验延长惊雷震易伤效果时间，匹配输出周期，循环更合理；调整「药叉破魔」和「鹰爪连凿」破防逻辑，平衡失败收益，提升博弈乐趣；此外，新版本我们也对一些体验bug进行了修复。如连星效果的武学技增伤可作用于金色心法【千营一呼】中【共鸣】、扇武学青山执笔可以卡浮空打出多次终结技、在处决等无敌帧期间错误触发完美闪避等等。每一项调整都是我们基于各位游侠的宝贵意见，和实战数据反复测试的结果。战斗与培养的优化永无止境，我们也会继续打磨让战斗反馈更切合预期，给各位游侠带来更酣畅的江湖之旅！关于上述调整的更多细节与具体条目，游侠们可以通过游戏内官方公告查看。除上述内容外，本次更新中也有大量调优与bug修复将同步上线，具体内容游侠可以通过下方公告查看。修行不辍，江湖日新，感谢各位游侠与我们砥砺共行！']。 —— 优化动向｜战斗养成持续调优，多项关键优化明日上线-,《 优化 动向 ｜ 战斗 养成 持续 调优 ， 多 项 关键 优化 明日 上线 》 : [ ' 日 就 月 将 ， 上下 求索 。 明日 ， 全新 赛季 「 蕤宾 同音 · 上」 即将 开启 。 伴随 着 新 内容 的 推出 ， 我们 也 在 持续 聆听 游侠 们 的 声音 ， 对 游戏 各 方面 进行 迭代 优化 。 正如 此前 ， 自 公测 伊始 ， 我们 就 在 持续 对 新 老 boss 的 战斗 体验 进行 迭代 。 后续 有 机会 ， 我们 也 将 专门 为 大家 分享 我们 的 设计 思路 与 具体 措施 。 本 次 ， 伴随 新 赛季 开启 ， 从 战斗 体验 、 简化 培养 、 武学 平衡 到 界面 交互 等 诸多 维度 优化 也 将 同步 展开 —— 武学 精研 讨伐 更 利 武学 的 成长 与 运用 ， 关系到 游侠 在 燕云 中 的 核心 战斗 体验 。 本 次 更新 中 ， 我们 致力于 系统性 提升 各位 游侠 的 培养 体验 ， 继续 为 养成 减负 ； 同时 也 围绕 战斗 机制 、 流派 特性 ， 重点 优化 了 多个 武学 的 招式 循环 机制 ， 提升 各 武器 流派 的 实战 体验 。 具体 措施 包括 但 不 限于 ： 培养 简化 ， 明确 目标 优化弓 玦 打造 保底 模式 ， 保底 次数 外显 ， 目标 更 明确 ！ 合并 调律库 中 的 增伤 / 增疗 词条 ， 伤害 治疗 同时 提升 ！ 合并 装备 定音 中 的 「 属性 穿透 」 词条 ， 无论 用 什么 武学 均 能 发挥 价值 ！ 体验 流畅 提升 优化 多 人 环境 下 的 buff 显示 ， 减少 视觉 干扰 ， 画面 更 清爽 ！ 核心 武学 优化 优化 多种 招式 的 启动 效率 和 伤害 效率 ； 降低 千山法 六重 效果 获得 门槛 ， 并 延长 山移 标记 ， 使 其 更 匹配 循环轴 ； 重点 平衡性 与 循环 体验 延长 惊雷震 易 伤 效果 时间 ， 匹配 输出 周期 ， 循环 更 合理 ； 调整 「 药叉 破魔 」 和 「 鹰爪 连凿 」 破防 逻辑 ， 平衡 失败 收益 ， 提升 博弈 乐趣 ； 此外 ， 新版本 我们 也 对 一些 体验 bug 进行 了 修复 。 如 连星 效果 的 武学技 增伤 可 作用 于 金色 心法 【 千营一呼 】 中 【 共鸣 】 、 扇 武学 青山 执笔 可以 卡 浮空 打 出 多次 终结技 、 在 处决 等 无敌帧 期间 错误 触发 完美 闪避 等等 。 每 一 项 调整 都是 我们 基于 各位 游侠 的 宝贵 意见 ， 和 实战 数据 反复 测试 的 结果 。 战斗 与 培养 的 优化 永无止境 ， 我们 也 会 继续 打磨 让 战斗 反馈 更 切合 预期 ， 给 各位 游侠 带来 更 酣畅 的 江湖 之 旅 ！ 关于 上述 调整 的 更 多 细节 与 具体 条目 ， 游侠 们 可以 通过 游戏 内 官方 公告 查看 。 除 上述 内容 外 ， 本 次 更新 中 也 有 大量 调优 与 bug 修复 将 同步 上线 ， 具体 内容 游侠 可以 通过 下方 公告 查看 。 修行 不 辍 ， 江湖 日 新 ， 感谢 各位 游侠 与 我们 砥砺 共行 ！ ' ],2025-06,优化动向｜战斗养成持续调优，多项关键优化明日上线
['凉州中，节度旧府。昔日的繁华气派不见踪影，只有残垣断壁，乱石叠生。冰天雪地之中，一披麻之人跪坐在石碑之前，含愤挥凿，要为故人刻铭。投眼望去，故人之名已在其上——“府君淮深”*预研中画面，请以游戏内实际效果为准归义军第二代领袖张淮深的结局，至今仍是一桩悬而未决的历史谜案。学界史家众说纷纭，尚无定论。但可以确定的是，这场巨变再一次改变了河西的格局，也改变了许多人的命运。凉州新阶段的故事、归去长安的前路，也将因此向游侠展开。本周，计划将有两大全新镇守与一位新野外首领即将到来。新镇守「节度之死」杀死那个河西人世上最难了解的就是人心和人性，人性的复杂，远在天下任何一种武功之上。回到那个巨变之夜，一场剖显人性的舞台剧正在上演。灯光所照，竟是人人都心怀鬼胎。谜案有如一张庞大的蛛网，想要抵达真相的中心，必先理清那交织的丝线。游侠将能遍历追溯多条线索，从截然不同的视角中发掘真相碎片。深入重重迷雾，以身饲局，独向深处索真，将是「节度之死」中的全新体验。谁要杀了他？是大势还是私心？敌军刺客，亲朋奸心，天家猜忌，最终又是谁点起了那场毁灭的火焰？*预研中画面，请以游戏内实际效果为准大雾重重，火光忷忷。随着探索的推进，我们终将见到小张将军和他的试炼。那个散发着无尽恶念的强敌「五残」，也在准备着为故事画上句点。*预研中画面，请以游戏内实际效果为准这已不是他第一次直面杀机。多年的重担，让他收敛了当年那个佛手郎的锐利，但未曾改变的是拔剑反抗的决心。也许他也曾无数次问过自己，他所肩负的，到底是责任，还是枷锁。此夜三问，何罪于此？僧人言，乱世终启，大势已定，当存身回转。那站在狂涛之前，不退不让之人，当真只是撼树蚍蜉？归鞘之剑，今夜能否得以和游侠之剑共鸣，荡平奸恶，重证英雄之心？他的结局，将由游侠亲自续写定论。*预研中画面，请以游戏内实际效果为准新镇守「大散关」明知不可翻越，为何还要继续往前？将军死，英雄亡，大散关东无人闯。白灯笼，高高挂，眼盲心黑魂无乡。大散关，一座无人能翻越的天险，一条唯有英雄能踏上的归途。大散关前一线天，故乡他乡，望月难归。随着凉州剧变，风雪肆虐，本就险峻的危崖更添肃杀。关前路断，长安梦远，孤光所照处尽是无归之痛、失乡之悲。*预研中画面，请以游戏内实际效果为准既知不可越，为何偏往难关行？当故人不在，故乡难归，你是否还有勇气，敢以凡胎奔赴风雪，向那亘古月光问罪？关门巍巍，吼声震岳，前路茫茫，何归？何归？愿游侠坚定本心，一往无前，跨越脚下难关，战胜心中考验。新野外首领「缺口袋把戏团」“看缺口袋，全是能耐。”缺口袋把戏团曾在凉州名噪一时。团中成员各怀本事，精通彩门绝学。一个机敏狡黠，鬼点子不断，手中一团难以捕捉、变化万千的烟雾象征着他过人智慧；一个天性憨厚，不擅言辞，却有一身惊人轻功，轻巧灵动，憨厚敦实，这两种看似矛盾的特质却在他身上和谐共存。他们幻化百相，以虚为真，只为博人一笑；他们登云拿星，灵巧翻飞，只为寻欢作乐。别看他们微如草芥，能把生活变成精彩的戏法就是他们最大能耐。若是有人在野外偶遇了他们，不妨驻足，欣赏他们为看客献上的绝伦戏法——凝雾成台已经让人惊掉下巴，但这300斤的大胖子腾云驾雾更是闻所未闻。若是被这乌云压顶砸上一遭，纵是钢筋铁骨怕也要呲牙咧嘴一整天。*预研中画面，请以游戏内实际效果为准打斗之余，他俩也非常愿意为游侠展示一把老艺术家的能耐。胸口碎大石？碎个普通石头太丢份儿了，要砸咱就砸个大的！*预研中画面，请以游戏内实际效果为准空手接白刃？那更是不在话下，哎不对等等，你这手怎么越拍越大了！*预研中画面，请以游戏内实际效果为准砂锅这么大的拳头打人最疼，这一双巨掌更是压迫力十足。游侠若是一个不慎，被一把抓住顷刻压制，可没啥好果子吃！*预研中画面，请以游戏内实际效果为准若是以为以上便是他们的全部把戏，那就大错特错！百戏通天，千巧酬乐，他们的绝技远不止于此。那无垠的雪山中，他们驱车拉着家当缓缓前行，游侠若有心相遇，不妨前往一试！更多新外观情报游戏更新后，全新坐骑【倚鹿顺风】即将上架。既是自然造化之灵物，自有其特殊妙用，自带多种「坐骑技能」——【凝寒径】使用技能后，可架起一座冰桥进行快速穿行，凝寒为径，踏雪溪桥。【踏霜轻】骑乘时使用跳跃，处于空中时可再次使用跳跃。霜蹄轻踏，琼花碎影。*后续版本中，表情动作【与冰嬉】也将开放体验。使用后可使附近地面结冰，游侠亦可邀请挚友冰上嬉戏。鹿宿雪中，冰上人行。未来，坐骑「幽灵速」也将新增技能，支持与友人共舞，尽享舞悦时光。同时，新套装【落花闻诏】也将于上架。套装上架的同时将开启「裁造」功能，可将默认款服装改变为【银霄绮梦】款式。天河织女素手裁流霞为帛，撷暮云作缕，织星宿入衣袂，着之可梦银宵。【落花闻诏】裁造款式【银霄绮梦】赛事预告燕云「鹅滴神杯」邀请赛正式开启！分设风雷、论剑和争鸣三项比赛分别为单人首领竞速、个人对战及小队对战【参与条件】本次比赛为先行邀请赛，游侠需满足相应条件方可报名，首届「鹅滴神杯」正赛将于不久后开启！风雷赛：游侠等级达到90级，无伤通关任意3个鬼神愁难度的试炼首领。论剑赛：游侠等级达到90级，「夹钟并作」赛季中论剑段位达到过无我或「蕤宾同音」赛季论剑段位达到飞花。争鸣赛：游侠等级达到90级，「夹钟并作」赛季中任意止戈玩法段位达到过无我或「蕤宾同音」赛季任意止戈玩法段位达到飞花（不含觉障林），组成5人战队。【赛前准备】「风雷赛」中游侠与首领的属性（首领气血除外）与试炼鬼神愁难度一致，游侠可通过「试炼」玩法进行练习，在海选赛中游侠将迎战「皮影·幕起」、「无名将军」和「伊刀」。「论剑赛」和「争鸣赛」参赛限制装备最高为86阶，参与比赛的游侠务必保留好86阶【装备】。【赛程时间】【报名】-【海选赛】-【淘汰赛】-【决赛】-长夜无声，风诵故城，十六巷计划于日-进行停服维护更新。维护期间将暂时无法登录游戏，开服时间将根据实际情况可能提前或延后，请游侠合理安排游戏进度，感谢游侠们的理解与支持！更多更新内容，还请查看下方公告详情——']。 —— 内容前瞻丨新镇守新强敌，启奏凉州新篇-,《 内容 前瞻 丨 新 镇守 新 强敌 ， 启奏 凉州 新篇 》 : [ ' 凉州 中 ， 节度 旧 府 。 昔日 的 繁华 气派 不见踪影 ， 只有 残垣断壁 ， 乱石叠生 。 冰天雪地 之中 ， 一 披麻 之 人 跪坐 在 石碑 之前 ， 含愤 挥凿 ， 要 为 故人 刻铭 。 投眼 望 去 ， 故人 之 名 已 在 其 上 —— “ 府君 淮深 ” * 预研 中 画面 ， 请 以 游戏 内 实际 效果 为 准 归 义军 第二代 领袖 张淮深 的 结局 ， 至今 仍是 一 桩 悬而未决 的 历史 谜案 。 学界 史家 众说纷纭 ， 尚 无 定论 。 但 可以 确定 的 是 ， 这 场 巨变 再 一次 改变 了 河西 的 格局 ， 也 改变 了 许多 人 的 命运 。 凉州 新 阶段 的 故事 、 归去 长安 的 前路 ， 也 将 因此 向 游侠 展开 。 本周 ， 计划 将 有 两 大 全新 镇守 与 一 位 新 野外 首领 即将 到来 。 新 镇守 「 节度之死 」 杀死 那个 河西 人世 上 最 难 了解 的 就 是 人心 和 人性 ， 人性 的 复杂 ， 远在 天下 任何 一种 武功 之上 。 回到 那个 巨变 之 夜 ， 一 场 剖 显 人性 的 舞台剧 正在 上演 。 灯光 所 照 ， 竟是 人人 都 心怀鬼胎 。 谜案 有如 一 张 庞大 的 蛛网 ， 想 要 抵达 真相 的 中心 ， 必 先 理 清 那 交织 的 丝线 。 游侠 将 能 遍历 追溯 多 条 线索 ， 从 截然不同 的 视角 中 发掘 真相 碎片 。 深入 重重 迷雾 ， 以 身 饲 局 ， 独 向 深处 索 真 ， 将 是 「 节度之死 」 中 的 全新 体验 。 谁 要 杀 了 他 ？ 是 大势 还是 私心 ？ 敌军 刺客 ， 亲朋 奸心 ， 天家 猜忌 ， 最终 又是 谁 点 起 了 那 场 毁灭 的 火焰 ？ * 预研 中 画面 ， 请 以 游戏 内 实际 效果 为 准 大雾 重重 ， 火光 忷忷 。 随着 探索 的 推进 ， 我们 终将 见到 小 张 将军 和 他 的 试炼 。 那个 散发 着 无尽 恶念 的 强敌 「 五残 」 ， 也 在 准备 着 为 故事 画 上 句点 。 * 预研 中 画面 ， 请 以 游戏 内 实际 效果 为 准 这 已 不是 他 第一次 直面 杀机 。 多年 的 重担 ， 让 他 收敛 了 当年 那个 佛手郎 的 锐利 ， 但 未曾 改变 的 是 拔剑 反抗 的 决心 。 也许 他 也曾 无数 次 问 过 自己 ， 他 所 肩负 的 ， 到底 是 责任 ， 还是 枷锁 。 此夜 三 问 ， 何 罪 于 此 ？ 僧人 言 ， 乱世 终 启 ， 大势 已 定 ， 当 存身 回转 。 那 站 在 狂涛 之前 ， 不 退 不 让 之 人 ， 当真 只是 撼 树 蚍蜉 ？ 归 鞘 之 剑 ， 今夜 能否 得以 和 游侠 之 剑 共鸣 ， 荡平 奸恶 ， 重 证 英雄 之 心 ？ 他 的 结局 ， 将 由 游侠 亲自 续写 定论 。 * 预研 中 画面 ， 请 以 游戏 内 实际 效果 为准 新 镇守 「 大散关 」 明知 不可 翻越 ， 为何 还要 继续 往前 ？ 将军 死 ， 英雄 亡 ， 大散关东 无人 闯 。 白 灯笼 ， 高高 挂 ， 眼 盲 心 黑 魂 无 乡 。 大散关 ， 一 座 无人 能 翻越 的 天险 ， 一 条 唯有 英雄 能 踏 上 的 归途 。 大散关 前 一线 天 ， 故乡 他乡 ， 望月 难 归 。 随着 凉州 剧变 ， 风雪 肆虐 ， 本 就 险峻 的 危崖 更 添 肃杀 。 关 前 路 断 ， 长安 梦 远 ， 孤光 所 照 处 尽是 无 归 之 痛 、 失 乡 之 悲 。 * 预研 中 画面 ， 请 以 游戏 内 实际 效果 为准 既 知 不可 越 ， 为何 偏 往 难关 行 ？ 当 故人 不在 ， 故乡 难 归 ， 你 是否 还有 勇气 ， 敢 以 凡胎 奔赴 风雪 ， 向 那 亘古 月光 问罪 ？ 关门 巍巍 ， 吼声 震岳 ， 前路 茫茫 ， 何 归 ？ 何 归 ？ 愿 游侠 坚定 本心 ， 一往无前 ， 跨越 脚下 难关 ， 战胜 心中 考验 。 新 野外 首领 「 缺口袋把戏团 」 “ 看 缺口袋 ， 全 是 能耐 。 ” 缺口袋把戏团 曾 在 凉州 名噪一时 。 团中 成员 各 怀 本事 ， 精通 彩门 绝学 。 一个 机敏 狡黠 ， 鬼点子 不断 ， 手中 一 团 难以 捕捉 、 变化万千 的 烟雾 象征 着 他 过人 智慧 ； 一个 天性 憨厚 ， 不 擅 言辞 ， 却 有 一身 惊人 轻功 ， 轻巧 灵动 ， 憨厚 敦实 ， 这 两种 看似 矛盾 的 特质 却 在 他 身上 和谐 共存 。 他们 幻化 百相 ， 以 虚 为 真 ， 只 为 博人 一 笑 ； 他们 登云 拿 星 ， 灵巧 翻飞 ， 只 为 寻欢作乐 。 别看 他们 微如草芥 ， 能 把 生活 变成 精彩 的 戏法 就 是 他们 最大 能耐 。 若是 有人 在 野外 偶遇 了 他们 ， 不妨 驻足 ， 欣赏 他们 为 看客 献上 的 绝伦 戏法 —— 凝雾 成 台 已经 让 人 惊 掉 下巴 ， 但 这 300斤 的 大 胖子 腾云驾雾 更 是 闻所未闻 。 若是 被 这 乌云 压顶 砸 上 一 遭 ， 纵是 钢筋 铁骨 怕 也 要 呲牙咧嘴 一整天 。 * 预研 中 画面 ， 请 以 游戏 内 实际 效果 为准 打斗 之余 ， 他 俩 也 非常 愿意 为 游侠 展示 一 把 老 艺术家 的 能耐 。 胸口 碎 大石 ？ 碎 个 普通 石头 太 丢份儿 了 ， 要 砸 咱 就 砸 个 大 的 ！ * 预研 中 画面 ， 请 以 游戏 内 实际 效果 为准 空手 接 白刃 ？ 那 更 是 不在话下 ， 哎 不对 等等 ， 你 这 手 怎么 越 拍 越 大 了 ！ * 预研 中 画面 ， 请 以 游戏 内 实际 效果 为 准 砂锅 这么 大 的 拳头 打 人 最 疼 ， 这 一 双 巨掌 更 是 压迫力 十足 。 游侠 若是 一个 不慎 ， 被 一 把 抓住 顷刻 压制 ， 可 没 啥 好 果子 吃 ！ * 预研 中 画面 ， 请 以 游戏 内 实际 效果 为 准 若是 以为 以上 便是 他们 的 全部 把戏 ， 那 就 大错特错 ！ 百戏 通天 ， 千 巧酬乐 ， 他们 的 绝技 远 不止 于 此 。 那 无垠 的 雪山 中 ， 他们 驱车 拉 着 家当 缓缓 前行 ， 游侠 若 有心 相遇 ， 不妨 前往 一 试 ！ 更 多 新 外观 情报 游戏 更新 后 ， 全新 坐骑 【 倚 鹿 顺风 】 即将 上架 。 既是 自然 造化 之 灵物 ， 自 有 其 特殊 妙用 ， 自 带 多种 「 坐骑 技能 」 —— 【 凝寒径 】 使用 技能 后 ， 可 架 起 一 座 冰桥 进行 快速 穿行 ， 凝寒 为 径 ， 踏 雪溪桥 。 【 踏 霜 轻 】 骑乘 时 使用 跳跃 ， 处于 空中 时 可 再次 使用 跳跃 。 霜蹄 轻踏 ， 琼花 碎影 。 * 后续 版本 中 ， 表情 动作 【 与 冰嬉 】 也 将 开放 体验 。 使用 后 可 使 附近 地面 结冰 ， 游侠 亦 可 邀请 挚友 冰上 嬉戏 。 鹿宿 雪中 ， 冰 上 人行 。 未来 ， 坐骑 「 幽灵速 」 也 将 新增 技能 ， 支持 与 友人 共舞 ， 尽 享 舞悦 时光 。 同时 ， 新 套装 【 落花 闻诏 】 也 将 于 上架 。 套装 上架 的 同时 将 开启 「 裁造 」 功能 ， 可 将 默认 款服装 改变 为 【 银霄 绮梦 】 款式 。 天河 织女 素手 裁流霞 为 帛 ， 撷 暮云 作 缕 ， 织星宿 入 衣袂 ， 着 之 可 梦 银宵 。 【 落花 闻诏 】 裁造 款式 【 银霄 绮梦 】 赛事 预告 燕云 「 鹅滴神杯 」 邀请赛 正式 开启 ！ 分设 风雷 、 论 剑 和 争鸣 三项 比赛 分别 为 单人 首领 竞速 、 个人 对战 及 小队 对战 【 参与 条件 】 本 次 比赛 为 先行 邀请赛 ， 游侠 需 满足 相应 条件 方 可 报名 ， 首届 「 鹅滴 神杯 」 正赛 将 于 不久 后 开启 ！ 风雷赛 ： 游侠 等级 达到 90级 ， 无 伤 通关 任意 3个 鬼神愁 难度 的 试炼 首领 。 论剑赛 ： 游侠 等级 达到 90级 ， 「 夹钟 并作 」 赛季 中 论剑 段位 达到 过 无 我 或 「 蕤宾 同音 」 赛季 论剑 段位 达到 飞花 。 争鸣赛 ： 游侠 等级 达到 90级 ， 「 夹钟 并作 」 赛季 中 任意 止戈 玩法 段位 达到 过 无我 或 「 蕤宾 同音 」 赛季 任意 止戈 玩法 段位 达到 飞花 （ 不 含 觉障林 ） ， 组成 5 人 战队 。 【 赛 前 准备 】 「 风雷赛 」 中 游侠 与 首领 的 属性 （ 首领 气血 除外 ） 与 试炼 鬼神愁 难度 一致 ， 游侠 可 通过 「 试炼 」 玩法 进行 练习 ， 在 海选赛 中 游侠 将 迎战 「 皮影 · 幕 起 」 、 「 无名 将军 」 和 「 伊刀 」 。 「 论剑赛 」 和 「 争鸣赛 」 参赛 限制 装备 最高 为 86阶 ， 参与 比赛 的 游侠 务必 保留 好 86阶 【 装备 】 。 【 赛程 时间 】 【 报名 】 【 海选赛 】 【 淘汰赛 】 【 决赛 】 长夜 无声 ， 风 诵 故城 ， 十六巷 计划 于 日 进行 停服 维护 更新 。 维护 期间 将 暂时 无法 登录 游戏 ， 开服 时间 将 根据 实际情况 可能 提前 或 延后 ， 请 游侠 合理 安排 游戏 进度 ， 感谢 游侠 们 的 理解 与 支持 ！ 更 多 更新 内容 ， 还 请 查看 下方 公告 详情 —— ' ],2025-06,内容前瞻丨新镇守新强敌，启奏凉州新篇
['凉州之行风雪漫漫，稍有不慎便容易迷了方向。若是深陷迷途，不妨寻一指引。传闻中，有一鹿踏冰而来，可凝寒为径、踏雪为桥，为迷途之人引渡前路。（本周五）游戏更新后，将有一批全新外观上架——全新坐骑【倚鹿顺风】白鹿至善，履寒崖而饮冰泉，唤霜雪而嬉其间。*预研中画面，请以游戏内实际效果为准传说某樵夫坠涧，昏噩中似一鹿踏雪而来，绕行数周，俯首嚼其袖，引樵夫平安归家。樵夫夜梦鹿角生辉，贪念骤起，纠村人前往捕猎。入山后忽降暴雪，不辨归途。后有天涯客旅经此地，闻山民闲话，录称：此地有仙鹿降慈之传说，冬则履雪成桥，春则化青踏草；其本天地至纯之灵，奈何人心贪念一起，纵是自然造化之物，亦不免祸扰矣。全新坐骑【倚鹿顺风】即将上架，游戏更新后，游侠可前往【和鸣商店】以2颗「八音窍」购得。全新套装【落花闻诏】天授年间腊月，武皇游上苑，见草木凋零，遂下诏令百花齐放。花仙闻诏，一夜间百花斗雪竞放。全新套装【落花闻诏】即将上架。游戏更新后，和鸣新增赛季池【玉振扬音】，使用「长鸣玉」兑换的「绕梁之音」即可进行和鸣，游侠可前往该奖池抽取获得。此外，游侠还可通过【和鸣-玉振扬音】获取发型【百花应诏】和绝世发型【锦瑟华年】（附赠动态头像）。在【金声长鸣】累积和鸣次数达到200次即可开启赛季池，每个赛季池限抽300次，最大150次即可获得全部赛季限定外观，抽满300次可获得全部库存的珍稀道具奖励。为充分满足游侠们的获取需求，首个【玉振扬音】赛季奖池持续时间延长一个赛季至；未来步入江湖的新游侠们所经历的首个赛季的赛季奖池持续时间也将延长一个赛季。更多详情，还请各位游侠留意后续官方动态和游戏公告。套装上架的同时将开启「裁造」功能，可将默认款服装改变为【银霄绮梦】款式。天河织女素手裁流霞为帛，撷暮云作缕，织星宿入衣袂，着之可梦银宵。「积矩九剑」武学特效【墨断痕】世无黑白，心知对错。*预研中画面，请以游戏内实际效果为准人间如狱，长夜难明，此番我执墨先行。全新「积矩九剑」武学特效【墨断痕】即将上架，游戏更新后，游侠可前往【商店】以1280「长鸣珠」购得。全新战令套装【射虎南山】舍矢如破石可裂，应弦尽敌山为空。少壮从戎马上飞，雪山童子未缁衣。秋山年长头陀处，说我军前射虎归。全新战令套装【射虎南山】即将上架，游戏更新后，游侠可通过购买精英战令解锁；同时还可解锁主角头像、配饰【寒不侵】等外观和【袅袅之音】、【绕梁之音】、【长鸣玉】等奖励。全新配饰【八音窍·妙】*预研中画面，请以游戏内实际效果为准妙妙喵新认的孩子妙六一八舔了舔爪子，将此物摆在你的面前，不过，此物太过珍贵，猫猫想要一些小鱼干。全新配饰【八音窍·妙】即将于5点-5点限时上架，届时游侠可前往【商店】以60「长鸣珠」购得。同时，套装【蓬莱翎】将在游戏更新后开放「染色」功能，为游侠带来与众不同的穿搭体验。此外，【和鸣商店】部分外观将延长在架时间：套装【青丘千岁】、发型配饰套组【弄清影】、套装【无间无相】预计于5点下架；坐骑【幽灵速】预计于5点下架，且将在后续推出新增技能。山雨欲来风满楼。凉州故事即将步入高潮，未来还会有更多新首领、新优化、新活动陆续与游侠见面。前路跌宕处，得见真章。']。 —— 全新外观丨和鸣“驭鹿”，战令“射虎”！-,《 全新 外观 丨 和鸣 “ 驭 鹿 ” ， 战令 “ 射 虎 ” ！ 》 : [ ' 凉州 之 行 风雪 漫漫 ， 稍有 不慎 便 容易 迷 了 方向 。 若是 深陷 迷途 ， 不妨 寻 一 指引 。 传闻 中 ， 有 一 鹿 踏 冰 而 来 ， 可 凝寒 为 径 、 踏雪 为 桥 ， 为 迷途 之 人 引渡 前路 。 （ 本周五 ） 游戏 更新 后 ， 将 有 一批 全新 外观 上架 —— 全新 坐骑 【 倚 鹿 顺风 】 白 鹿 至善 ， 履 寒崖 而 饮 冰泉 ， 唤 霜雪 而 嬉 其间 。 * 预研 中 画面 ， 请 以 游戏 内 实际 效果 为 准 传说 某 樵夫 坠 涧 ， 昏噩 中 似 一 鹿 踏雪 而 来 ， 绕行 数周 ， 俯首 嚼 其 袖 ， 引 樵夫 平安 归家 。 樵夫 夜 梦 鹿角 生辉 ， 贪念 骤起 ， 纠村人 前往 捕猎 。 入 山 后 忽 降 暴雪 ， 不 辨 归途 。 后 有 天涯 客旅 经 此地 ， 闻 山民 闲话 ， 录 称 ： 此地 有 仙鹿 降 慈 之 传说 ， 冬 则 履雪 成 桥 ， 春 则 化 青 踏 草 ； 其 本 天地 至 纯 之 灵 ， 奈何 人心 贪念 一起 ， 纵是 自然 造化 之 物 ， 亦 不免 祸扰 矣 。 全新 坐骑 【 倚 鹿 顺风 】 即将 上架 ， 游戏 更新 后 ， 游侠 可 前往 【 和鸣商店 】 以 2颗 「 八音窍 」 购得 。 全新 套装 【 落花 闻诏 】 天授 年间 腊月 ， 武皇 游 上苑 ， 见 草木 凋零 ， 遂 下诏令 百花齐放 。 花仙 闻诏 ， 一夜间 百花 斗雪 竞放 。 全新 套装 【 落花 闻诏 】 即将 上架 。 游戏 更新 后 ， 和鸣 新增 赛季池 【 玉振扬音 】 ， 使用 「 长鸣玉 」 兑换 的 「 绕梁之音 」 即可 进行 和鸣 ， 游侠 可 前往 该 奖池 抽取 获得 。 此外 ， 游侠 还 可 通过 【 和鸣 玉振扬音 】 获取 发型 【 百花 应诏 】 和 绝世 发型 【 锦瑟华年 】 （ 附 赠 动态 头像 ） 。 在 【 金声 长鸣 】 累积 和鸣 次数 达到 200次 即可 开启 赛季池 ， 每个 赛季池 限 抽 300次 ， 最大 150次 即可 获得 全部 赛季 限定 外观 ， 抽 满 300次 可 获得 全部 库存 的 珍稀 道具 奖励 。 为 充分 满足 游侠 们 的 获取 需求 ， 首个 【 玉振扬音 】 赛季 奖池 持续 时间 延长 一个 赛季 至 ； 未来 步入 江湖 的 新 游侠 们 所 经历 的 首个 赛季 的 赛季 奖池 持续 时间 也 将 延长 一个 赛季 。 更 多 详情 ， 还 请 各位 游侠 留意 后续 官方 动态 和 游戏 公告 。 套装 上架 的 同时 将 开启 「 裁造 」 功能 ， 可 将 默认款 服装 改变 为 【 银霄 绮梦 】 款式 。 天河 织女 素手 裁流霞 为 帛 ， 撷 暮云 作 缕 ， 织星宿 入 衣袂 ， 着 之 可 梦 银宵 。 「 积矩 九 剑 」 武学 特效 【 墨断痕 】 世 无 黑白 ， 心知 对错 。 * 预研 中 画面 ， 请 以 游戏 内 实际 效果 为 准 人间 如狱 ， 长夜 难 明 ， 此 番 我 执 墨 先行 。 全新 「 积矩 九剑 」 武学 特效 【 墨 断痕 】 即将 上架 ， 游戏 更新 后 ， 游侠 可 前往 【 商店 】 以 1280 「 长鸣珠 」 购得 。 全新 战令 套装 【 射 虎 南山 】 舍 矢 如 破 石 可 裂 ， 应 弦 尽 敌 山 为 空 。 少壮 从 戎马 上 飞 ， 雪山 童子 未 缁衣 。 秋山 年长 头陀 处 ， 说 我军 前 射 虎 归 。 全新 战令 套装 【 射 虎 南山 】 即将 上架 ， 游戏 更新 后 ， 游侠 可 通过 购买 精英 战令 解锁 ； 同时 还 可 解锁 主角 头像 、 配饰 【 寒 不 侵 】 等 外观 和 【 袅袅之音 】 、 【 绕梁之音 】 、 【 长鸣玉 】 等 奖励 。 全新 配饰 【 八音窍 · 妙 】 * 预研 中 画面 ， 请 以 游戏 内 实际 效果 为准 妙妙喵 新认 的 孩子 妙六一八 舔 了 舔 爪子 ， 将 此物 摆 在 你 的 面前 ， 不过 ， 此物 太过 珍贵 ， 猫猫 想 要 一些 小 鱼干 。 全新 配饰 【 八音窍 · 妙 】 即将 于 5点 5点 限时 上架 ， 届时 游侠 可 前往 【 商店 】 以 60 「 长鸣珠 」 购得 。 同时 ， 套装 【 蓬莱翎 】 将 在 游戏 更新 后 开放 「 染色 」 功能 ， 为 游侠 带来 与众不同 的 穿搭 体验 。 此外 ， 【 和鸣商店 】 部分 外观 将 延长 在架 时间 ： 套装 【 青丘 千岁 】 、 发型 配饰 套组 【 弄清影 】 、 套装 【 无间 无相 】 预计 于 5点 下架 ； 坐骑 【 幽灵 速 】 预计 于 5点 下架 ， 且 将 在 后续 推出 新增 技能 。 山雨欲来风满楼 。 凉州 故事 即将 步入 高潮 ， 未来 还 会 有 更 多 新 首领 、 新 优化 、 新 活动 陆续 与 游侠 见面 。 前路 跌宕 处 ， 得 见 真章 。 ' ],2025-06,全新外观丨和鸣“驭鹿”，战令“射虎”！
['仲夏气至，则蕤宾之律应。侠路相伴的「夹钟并作」之后，全新赛季「蕤宾同音·上」将在更新后正式开启。众果具繁之月，取鸣律中蕤宾。行至第三赛季，江湖声声不息之中，新的试剑首领今日率先出招，请游侠们接招——「幽牙蛇影」强敌双至，试剑新战试剑之地又添强敌，两大首领蛇郎中、白狼主也将在试剑中新招不断，再乱江湖。血色雾气翻涌的鹰愁岭上，新敌已至！白狼主飞刀一出，例无虚发，刀锋过处血雾弥散。人若置身其中吸入血毒，便会化为狼躯，受血气吸引，所向之地身不由己。*预研中画面，请以游戏内实际效果为准从小生长在深山狼群的白狼主早已忘却人言，只与狼群心灵相通。低吼一声，小狼冲破浓雾。凶瞳闪烁间反复冲锋撕咬，不死不休。若小狼不除，恐怕再难触碰白狼主分毫。*预研中画面，请以游戏内实际效果为准当战局进入白热，白狼主发出震耳长啸。音波震荡下，筋骨如遭重击，跳跃闪避之力尽失！随即飞刀已如大雨倾盆。绝境之下或许只有主动化身为狼，凭借狼躯迅捷，才能在刀雨中有一线生机。才出狼穴，又入蛇窟。上回在清河击败那蛇郎中后不见尸首，只如蛇蜕般留下一身衣物。如今重现试剑之地，毒功更胜。其身旁无数阴冷目光如影随形，令人胆寒。幽窟毒影，蛇蟒聚集，不知游侠还能否再次克敌制胜？*预研中画面，请以游戏内实际效果为准蛇郎中钻研毒医手册，精炼毒蛊。毒蛊爆发，蚀骨侵心，如果游侠避之不及只能眼看生机渐逝。*预研中画面，请以游戏内实际效果为准还有凶蛇召唤之术，毒蛇吐信，冰火随行。炎蛇口含烈火，触之焚身灼骨。寒蛇吐息凝霜，碰之冻血封穴。不过，冰火相生相克，破敌之法可能就在其中，其中奥妙游侠还需仔细斟酌。*预研中画面，请以游戏内实际效果为准杀招万蛇过境，群蛇如潮奔涌而出，所过之处骸骨不留。各位游侠需全力躲避，待其力竭方可反击。谨记蛇潮凶险，千万不要功亏一篑！*预研中画面，请以游戏内实际效果为准强敌双至，可验试剑之勇，更将以强敌信物犒赏江湖侠士。全新的试剑首领更新后，游侠成功击败首领后，即有一定概率可获得全新的外观奖励——白狼主之锋利，蛇君之恫吓，将化作全新饰品【不枯春】【金蛇狂戏】共伴游侠程，欢迎前往获取！激战正酣之时，也有诸多新的免费外观奖励，将随本周赛季更新同步上线。燕叽也衔来了一些抢鲜情报，与游侠们速览新装风采——「绝障」穿行罪业，觉障林中瘴生罪业，断绝无界。本周更新后，【止戈·觉障林】玩法兑换商店中，将迎来全新外观奖励「绝障」，游侠可使用罪叶兑换。新装以玄衣皮革所制，内衬特殊金丝，披之或可隔绝瘴气，护体无虞。「绿林」戎装素裹，杀敌破阵侠义之士，不问出处。本周更新后，江湖游侠将再聚【太平武墓】，共战新一期的流派试炼。而在【传承兑换】中，也将有全新套装奖励「绿林」上新，游侠可使用【悟真璞】进行兑换。赭褐束腕，肩搭灰麻披风，身着军中绿林之制短袍，更探江湖沧桑秘辛，追寻武学正道无限。蕤宾之律鸣彻，本周五（）赛季更新后，江湖新象也纷至沓来——新的单人模式等级（91级）、新战令、新副本、新装备等内容将迎来更新；叠音、调律、定音、武库等装备养成将跟随新装备开放新的上限；赛季基础天赋、止戈天赋、首领天赋，也将迎来更新或重置；武学流派和体验（包括战斗反馈、平衡性等）也将迎来针对性的调整与优化。除此之外，包括全新战令外观、和鸣外观、镇守关卡在内的诸多新内容也将陆续揭晓，敬请关注。']。 —— 外观福利｜新赛季将启，两套免费时装更新-,《 外观 福利 ｜ 新 赛季 将 启 ， 两套 免费 时装 更新 》 : [ ' 仲夏 气 至 ， 则 蕤宾 之 律应 。 侠路 相伴 的 「 夹钟 并作 」 之后 ， 全新 赛季 「 蕤宾 同音 · 上」 将 在 更新 后 正式 开启 。 众果 具 繁 之 月 ， 取 鸣律 中 蕤宾 。 行 至 第三 赛季 ， 江湖 声声 不息 之中 ， 新 的 试剑 首领 今日 率先 出招 ， 请 游侠 们 接招 ——「 幽牙 蛇影 」 强敌 双至 ， 试剑 新战 试剑 之 地 又 添 强敌 ， 两 大 首领 蛇郎 中 、 白狼主 也 将 在 试剑 中 新招 不断 ， 再 乱 江湖 。 血色 雾气 翻涌 的 鹰愁岭 上 ， 新敌 已 至 ！ 白狼主 飞刀 一 出 ， 例 无 虚发 ， 刀锋 过 处 血雾弥散 。 人 若 置身 其中 吸入 血毒 ， 便 会 化为 狼躯 ， 受 血气 吸引 ， 所 向 之 地 身不由己 。 * 预研 中 画面 ， 请 以 游戏 内 实际 效果 为 准 从小 生长 在 深山 狼群 的 白狼主 早已 忘却 人言 ， 只 与 狼群 心灵 相通 。 低 吼 一 声 ， 小 狼 冲破 浓雾 。 凶瞳 闪烁 间 反复 冲锋 撕咬 ， 不 死 不休 。 若 小 狼 不 除 ， 恐怕 再 难 触碰 白狼主 分毫 。 * 预研 中 画面 ， 请 以 游戏 内 实际 效果 为 准 当 战局 进入 白热 ， 白狼主 发出 震耳 长啸 。 音波 震荡 下 ， 筋骨 如 遭 重击 ， 跳跃 闪避 之 力 尽失 ！ 随即 飞刀 已 如 大雨倾盆 。 绝境 之下 或许 只有 主动 化身 为 狼 ， 凭借 狼躯 迅捷 ， 才 能 在 刀雨 中 有 一线生机 。 才 出 狼穴 ， 又 入 蛇窟 。 上回 在 清河 击败 那 蛇 郎中 后 不见 尸首 ， 只 如 蛇蜕 般 留下 一身 衣物 。 如今 重现 试 剑 之 地 ， 毒功 更 胜 。 其 身旁 无数 阴冷 目光 如影随形 ， 令人 胆寒 。 幽窟 毒影 ， 蛇蟒 聚集 ， 不 知 游侠 还 能否 再次 克敌制胜 ？ * 预研 中 画面 ， 请 以 游戏 内 实际 效果 为 准 蛇 郎中 钻研 毒医 手册 ， 精炼 毒蛊 。 毒蛊 爆发 ， 蚀骨 侵心 ， 如果 游侠 避 之 不及 只能 眼看 生机 渐 逝 。 * 预研 中 画面 ， 请 以 游戏 内 实际 效果 为准 还有 凶蛇 召唤 之 术 ， 毒蛇 吐信 ， 冰火 随行 。 炎蛇 口 含 烈火 ， 触 之 焚身灼骨 。 寒蛇 吐息 凝霜 ， 碰 之 冻血 封穴 。 不过 ， 冰火 相生相克 ， 破敌 之 法 可能 就 在 其中 ， 其中 奥妙 游侠 还 需 仔细 斟酌 。 * 预研 中 画面 ， 请 以 游戏 内 实际 效果 为 准 杀招 万蛇 过境 ， 群蛇 如 潮 奔涌 而 出 ， 所 过 之 处 骸骨 不 留 。 各位 游侠 需 全力 躲避 ， 待 其 力 竭 方 可 反击 。 谨记 蛇潮 凶险 ， 千万 不要 功亏一篑 ！ * 预研 中 画面 ， 请 以 游戏 内 实际 效果 为准 强敌 双 至 ， 可 验 试剑 之 勇 ， 更 将 以 强敌 信物 犒赏 江湖 侠士 。 全新 的 试剑 首领 更新 后 ， 游侠 成功 击败 首领 后 ， 即 有 一定 概率 可 获得 全新 的 外观 奖励 —— 白狼主 之 锋利 ， 蛇君 之 恫吓 ， 将 化作 全新 饰品 【 不 枯春 】 【 金蛇 狂戏 】 共 伴 游侠程 ， 欢迎 前往 获取 ！ 激战 正酣 之 时 ， 也 有 诸多 新 的 免费 外观 奖励 ， 将 随 本周 赛季 更新 同步 上线 。 燕叽 也 衔 来 了 一些 抢鲜 情报 ， 与 游侠 们 速览 新装 风采 —— 「 绝障 」 穿行 罪业 ， 觉障林 中 瘴生 罪业 ， 断绝 无界 。 本周 更新 后 ， 【 止戈 · 觉障林 】 玩法 兑换 商店 中 ， 将 迎来 全新 外观 奖励 「 绝障 」 ， 游侠 可 使用 罪叶 兑换 。 新装 以 玄衣 皮革 所 制 ， 内衬 特殊 金丝 ， 披 之 或 可 隔绝 瘴气 ， 护体 无虞 。 「 绿林 」 戎装 素裹 ， 杀敌 破阵 侠义 之 士 ， 不 问 出处 。 本周 更新 后 ， 江湖 游侠 将 再 聚 【 太平武墓 】 ， 共 战 新 一 期 的 流派 试炼 。 而 在 【 传承 兑换 】 中 ， 也 将 有 全新 套装 奖励 「 绿林 」 上新 ， 游侠 可 使用 【 悟 真璞 】 进行 兑换 。 赭褐 束腕 ， 肩 搭 灰麻 披风 ， 身着 军中 绿林 之 制 短袍 ， 更 探 江湖 沧桑 秘辛 ， 追寻 武学 正道 无限 。 蕤宾 之 律 鸣彻 ， 本周五 （ ） 赛季 更新 后 ， 江湖 新象 也 纷至沓来 —— 新 的 单人 模式 等级 （ 91级 ） 、 新 战令 、 新 副本 、 新 装备 等 内容 将 迎来 更新 ； 叠音 、 调律 、 定音 、 武库 等 装备 养成 将 跟随 新 装备 开放 新 的 上限 ； 赛季 基础 天赋 、 止戈 天赋 、 首领 天赋 ， 也 将 迎来 更新 或 重置 ； 武学 流派 和 体验 （ 包括 战斗 反馈 、 平衡性 等 ） 也 将 迎来 针对性 的 调整 与 优化 。 除此之外 ， 包括 全新 战令 外观 、 和鸣 外观 、 镇守 关卡 在内 的 诸多 新 内容 也 将 陆续 揭晓 ， 敬请 关注 。 ' ],2025-06,外观福利｜新赛季将启，两套免费时装更新
['“鱼干迎得小狸奴，尽寻天下万宝椟。”各位游历江湖，可曾遇见那身着衣物，眼上有疤的奇异小猫妙妙喵？助其解开谜题，即得馈赠，实乃绝世豪猫。最近，清河妙妙喵新认一子，名作妙六一八。妙妙喵本喵忙着云游四海集齐世间奇珍，只怕这妙六一八无人管教，化作懒喵。听说少东家游历江湖博物无数，特来托付，督促其习得觅宝之术。放心，不白养！这妙六一八每日外出定会带回一件「猫裹裹」，其中宝物全都归少东家！妙喵秘宝狸奴勤寻宝，鱼干换奇珍。天上掉馅饼？不存在的！想要妙六一八心甘情愿帮忙寻宝，每日鱼干必不可少。游侠仅需完成活动任务即可获赠【小鱼干】用以犒赏猫崽，换取其带回的「猫裹裹」，内含各流派【心法心得·推荐散本】、【长鸣玉】等丰富奖励。每日完成兑换后，还可解锁一张妙六一八的「独行探险」回忆画册，一睹妙六一八的江湖轶事。收集齐相应张数，还可获得配饰【喵听令】、【绕梁之音】等奖励。妙喵江湖猫爪互通有，秘宝结善缘。人有人的江湖，喵也有喵的江湖。今日包裹不合心意，那就换个打开方式！若妙六一八当日觅得的「猫裹裹」非游侠所需，可通过「猫爪板」查看其它游侠的「猫裹裹」，兑换心仪奖励。亦可在聊天频道中自由分享自家小猫寻得之物，完成兑换后，记得给其他游侠的寻宝小猫送上五个「豪猫称赞」哦！此外，游侠若从江湖好友的寻宝小猫处兑换「猫裹裹」，还将额外解锁一张「猫团探险」回忆画册，记录下小猫们江湖同行的瞬间，见见喵的“狐朋狗友”，并获得额外的【长鸣玉】奖励。通过妙六一八相识的游侠们也未尝不能从萍水相逢化为知心好友！妙喵惠赠喵徒赠礼卷，华服享惠音。为报游侠训导大恩，妙六一八特从压箱底的宝贝里觅得两张【惠音券】送上。持【惠音券】而行，天下商贾无不给三分薄面，可享商城锦绣华服之惠。两张宝券，一券：满60减40长鸣珠，二券：满长鸣珠，在商城购买任意外观均可使用，也可用于购物车中凑单。【惠音券】无法与其他券和折扣商品叠加，有效期截止。江湖路远，持家有道也是智慧。游侠于即可将妙六一八收入麾下，以小鱼干换奇珍异宝，共赏小猫和伙伴闯江湖之英姿。千万莫要错过这桩妙趣横生的寻宝妙缘！近期，十六巷发现并修复了染色系统中的一些异常问题。给大家带来了不便，我们深感歉意。我们也为全体游侠准备了一份歉礼，后续将通过游戏内邮件为游侠们发放。除以上内容之外，本周还有诸多优化与活动即将上线，详情还请查看后续更新公告。2025网易游戏学堂x燕云十六声高校原画设计大赛复赛入围结果出炉啦！恭喜以下选手同学通过初赛选拔，祝大家在复赛中继续加油！高校原画设计大赛由网易游戏学堂举办，仅面向海内外全部高校在校学生报名参与，并非游戏原画征稿赛事，参赛作品主要用于展示选手的专业能力。有兴趣的小伙伴可前往赛事官网查看更多复赛命题详情及下载复赛素材包，欢迎各位前往围观！']。 —— 活动前瞻｜妙喵裹宝游四海，鱼干做引换奇珍-,《 活动 前瞻 ｜ 妙喵 裹 宝 游 四海 ， 鱼干 做 引换 奇珍 》 : [ ' “ 鱼干 迎 得 小狸奴 ， 尽 寻 天下 万宝 椟 。 ” 各位 游历 江湖 ， 可曾 遇见 那 身着 衣物 ， 眼 上 有 疤 的 奇异 小猫 妙妙喵 ？ 助 其 解开 谜题 ， 即 得 馈赠 ， 实 乃 绝世 豪猫 。 最近 ， 清河妙妙喵 新 认 一 子 ， 名作 妙六一八 。 妙妙喵本喵 忙 着 云游 四海 集 齐 世间 奇珍 ， 只怕 这 妙六一八 无人 管教 ， 化作 懒喵 。 听说 少东家 游历 江湖 博物 无数 ， 特 来 托付 ， 督促 其 习得 觅 宝 之 术 。 放心 ， 不 白养 ！ 这 妙六一八 每日 外出 定 会 带 回 一件 「 猫 裹裹 」 ， 其中 宝物 全都 归 少东家 ！ 妙喵 秘宝 狸奴勤 寻宝 ， 鱼干 换 奇珍 。 天上 掉 馅饼 ？ 不 存在 的 ！ 想 要 妙六一八 心甘情愿 帮忙 寻宝 ， 每日 鱼干 必不可少 。 游侠 仅 需 完成 活动 任务 即可 获赠 【 小 鱼干 】 用以 犒赏 猫崽 ， 换取 其 带回 的 「 猫 裹裹 」 ， 内含 各 流派 【 心法 心得 · 推荐 散本 】 、 【 长鸣玉 】 等 丰富 奖励 。 每日 完成 兑换 后 ， 还 可 解锁 一 张 妙六一八 的 「 独行 探险 」 回忆 画册 ， 一 睹 妙六一八 的 江湖 轶事 。 收集 齐 相应 张数 ， 还 可 获得 配饰 【 喵听令 】 、 【 绕梁之音 】 等 奖励 。 妙喵 江湖 猫爪 互通 有 ， 秘宝 结 善缘 。 人 有人 的 江湖 ， 喵 也 有 喵 的 江湖 。 今日 包裹 不合 心意 ， 那 就 换 个 打开 方式 ！ 若 妙六一八 当日 觅得 的 「 猫 裹裹 」 非 游侠 所 需 ， 可 通过 「 猫爪板 」 查看 其它 游侠 的 「 猫 裹裹 」 ， 兑换 心仪 奖励 。 亦 可 在 聊天 频道 中 自由 分享 自家 小 猫 寻得 之 物 ， 完成 兑换 后 ， 记得 给 其他 游侠 的 寻宝 小 猫 送 上 五个 「 豪猫 称赞 」 哦 ！ 此外 ， 游侠 若 从 江湖 好友 的 寻宝 小 猫 处 兑换 「 猫裹裹 」 ， 还 将 额外 解锁 一 张 「 猫团 探险 」 回忆 画册 ， 记录 下 小 猫 们 江湖 同行 的 瞬间 ， 见见喵 的 “ 狐朋狗友 ” ， 并 获得 额外 的 【 长鸣玉 】 奖励 。 通过 妙六一八 相识 的 游侠 们 也 未尝 不能 从 萍水相逢 化为 知心 好友 ！ 妙喵 惠赠 喵徒 赠 礼卷 ， 华服 享 惠音 。 为 报 游侠 训导 大恩 ， 妙六一八 特 从 压箱底 的 宝贝 里 觅得 两张 【 惠音券 】 送 上 。 持 【 惠音券 】 而 行 ， 天下 商贾 无不 给 三分 薄面 ， 可 享 商城 锦绣 华服 之 惠 。 两张 宝券 ， 一 券 ： 满 60 减 40 长鸣珠 ， 二 券 ： 满 长鸣珠 ， 在 商城 购买 任意 外观 均 可 使用 ， 也 可 用于 购物车 中 凑单 。 【 惠音券 】 无法 与 其他 券 和 折扣 商品 叠加 ， 有效期 截止 。 江湖 路 远 ， 持家有道 也是 智慧 。 游侠 于 即可 将 妙六一八 收入 麾下 ， 以 小 鱼干 换 奇珍异宝 ， 共 赏 小 猫 和 伙伴 闯 江湖 之 英姿 。 千万 莫要 错过 这 桩 妙趣横生 的 寻宝 妙缘 ！ 近期 ， 十六巷 发现 并 修复 了 染色 系统 中 的 一些 异常 问题 。 给 大家 带来 了 不便 ， 我们 深感 歉意 。 我们 也 为 全体 游侠 准备 了 一 份 歉礼 ， 后续 将 通过 游戏 内 邮件 为 游侠 们 发放 。 除 以上 内容 之外 ， 本周 还有 诸多 优化 与 活动 即将 上线 ， 详情 还 请 查看 后续 更新 公告 。 2025网易游戏学堂 x燕云 十六声 高校 原画 设计 大赛 复赛 入围 结果 出炉 啦 ！ 恭喜 以下 选手 同学 通过 初赛 选拔 ， 祝 大家 在 复赛 中 继续 加油 ！ 高校 原画 设计 大赛 由 网易游戏学堂 举办 ， 仅 面向 海内外 全部 高校 在校 学生 报名 参与 ， 并非 游戏 原画 征稿 赛事 ， 参赛 作品 主要 用于 展示 选手 的 专业 能力 。 有 兴趣 的 小伙伴 可 前往 赛事 官网 查看 更 多 复赛 命题 详情 及 下载 复赛 素材包 ， 欢迎 各位 前往 围观 ！ ' ],2025-06,活动前瞻｜妙喵裹宝游四海，鱼干做引换奇珍
['谢却海棠飞尽絮，困人天气日初长。炎炎夏日，最是容易困倦贪睡的时节。可江湖中却是有一只驴始终恪奉着“驴之道”，不甘整日躺平，默喊着“梦想啊、羁绊啊、未来啊”就冲了上来，只为寻觅一位志趣相投的“同道中人”！同样有着热血江湖梦的少东家你，或许正是能助它实现梦想的命定之人！*预研中画面，请以游戏内实际效果为准（本周五）游戏更新后，将有全新坐骑【仁道驴】、全新套装【雁还乡】上架【商店】——全新坐骑【仁道驴】驴之道，从不孤。*预研中画面，请以游戏内实际效果为准这是一只有梦想的驴，它从整日呼呼大睡的道人那逃了出来，决心要找个奋发图强的好主公，让天下驴超越牛马，再次伟大！*预研中画面，请以游戏内实际效果为准若是路遇它朝你“撅腚放屁”，别忙着落荒而逃。大变活“驴”，是它对你至高无上的认可！“驴友，欢迎成为正义的伙伴！”全新坐骑【仁道驴】即将上架，游戏更新后，游侠可前往【商店】以680「长鸣珠」购得。全新套装【雁还乡】身寄长天雁，穿云夜未阑。清辉千里共，孤影向长安。*预研中画面，请以游戏内实际效果为准捏脸数据来自玩家投稿：雲梧月、裴*语身化霜翎穿云霭，犹驮痴梦到长安。全新套装【雁还乡】即将上架，原价680「长鸣珠」；游戏更新后，游侠可前往【商店】以折扣价300「长鸣珠」购得。新套装上架时将同步开放「染色」功能，游侠可尽情施展奇思妙想，彰显独特魅力风华。*预研中画面，请以游戏内实际效果为准此外，由于后台技术原因，原定于11点的公众号积分商城上新，将推迟至中午11点，很抱歉给各位游侠造成了不便，敬请谅解！除了以上外观更新外，后续还将为游侠们带来更多凉州相关的预告，敬请留意官方动态。城头月出照凉州。故事仍在继续，平静之下，暗流涌动，只待时机，再起新势。']。 —— 全新外观丨其驴？奇驴？骑驴！-,《 全新 外观 丨 其 驴 ？ 奇 驴 ？ 骑驴 ！ 》 : [ ' 谢 却 海棠 飞 尽 絮 ， 困 人 天气 日 初 长 。 炎炎 夏日 ， 最 是 容易 困倦 贪睡 的 时节 。 可 江湖 中 却 是 有 一 只 驴 始终 恪奉 着 “ 驴 之 道 ” ， 不甘 整日 躺平 ， 默 喊 着 “ 梦想 啊 、 羁绊 啊 、 未来 啊 ” 就 冲 了 上来 ， 只 为 寻觅 一 位 志趣 相投 的 “ 同道 中 人 ” ！ 同样 有着 热血 江湖 梦 的 少东家 你 ， 或许 正是 能 助 它 实现 梦想 的 命定 之 人 ！ * 预研 中 画面 ， 请 以 游戏 内 实际 效果 为 准 （ 本周五 ） 游戏 更新 后 ， 将 有 全新 坐骑 【 仁道驴 】 、 全新 套装 【 雁还乡 】 上架 【 商店 】 —— 全新 坐骑 【 仁道驴 】 驴 之 道 ， 从 不 孤 。 * 预研 中 画面 ， 请 以 游戏 内 实际 效果 为 准 这是 一 只 有 梦想 的 驴 ， 它 从 整日 呼呼大睡 的 道人 那 逃 了 出来 ， 决心 要 找 个 奋发图强 的 好 主公 ， 让 天下 驴 超越 牛马 ， 再次 伟大 ！ * 预研 中 画面 ， 请 以 游戏 内 实际 效果 为 准 若是 路遇 它 朝 你 “ 撅腚 放屁 ” ， 别 忙 着 落荒而逃 。 大 变 活 “ 驴 ” ， 是 它 对 你 至高无上 的 认可 ！ “ 驴友 ， 欢迎 成为 正义 的 伙伴 ！ ” 全新 坐骑 【 仁道驴 】 即将 上架 ， 游戏 更新 后 ， 游侠 可 前往 【 商店 】 以 680 「 长鸣珠 」 购得 。 全新 套装 【 雁还乡 】 身 寄 长天雁 ， 穿云 夜 未 阑 。 清辉 千里 共 ， 孤影 向 长安 。 * 预研 中 画面 ， 请 以 游戏 内 实际 效果 为 准 捏脸 数据 来自 玩家 投稿 ： 雲梧月 、 裴* 语 身 化 霜翎 穿 云霭 ， 犹 驮 痴 梦 到 长安 。 全新 套装 【 雁还乡 】 即将 上架 ， 原价 680 「 长鸣珠 」 ； 游戏 更新 后 ， 游侠 可 前往 【 商店 】 以 折扣价 300 「 长鸣珠 」 购得 。 新 套装 上架 时 将 同步 开放 「 染色 」 功能 ， 游侠 可 尽情 施展 奇思 妙想 ， 彰显 独特 魅力 风华 。 * 预研 中 画面 ， 请 以 游戏 内 实际 效果 为 准 此外 ， 由于 后台 技术 原因 ， 原定 于 11点 的 公众号 积分 商城 上新 ， 将 推迟 至 中午11点 ， 很 抱歉 给 各位 游侠 造成 了 不便 ， 敬请 谅解 ！ 除了 以上 外观 更新 外 ， 后续 还 将 为 游侠 们 带来 更 多 凉州 相关 的 预告 ， 敬请 留意 官方 动态 。 城头月 出 照 凉州 。 故事 仍 在 继续 ， 平静 之下 ， 暗流 涌动 ， 只待 时机 ， 再 起 新势 。 ' ],2025-06,全新外观丨其驴？奇驴？骑驴！
['一曲凉州，故事新章正纷纭上演。如同江湖行旅，历史奔流前行的车辙，也是无数普通人未曾停止追问的自我——从何而来，向何归去。故事中的唐末凉州，是时代可能会老去，但总有人正年轻。恰如年轻，也有更多来日方长，去不断追问和寻找答案。有赖游侠支持，也让我们能有机会在这些年轻的故事中，去尝试、去寻找、去打磨各种叙事和体验。「物中回响」凉州主章之余，「游鱼绘卷」之中，物我两看，又添几分悲喜。有文化研究理论曾提到——“符号本身没有任何意义，符号只是一种工具或载体。”当故事合本，符号褪去，希望和游侠们一起在文物中继续追求那些亘古的共鸣。主章「凉州曲」之名，取自古谱——历史上的《凉州曲》，乃唐代民族乐府第一曲调，在唐朝经陇右经略使郭知运进献给玄宗后，迅即流行。随之，也产生了大量诗人依谱创作《凉州歌》、《凉州词》者，以抒写边塞风情。现今本曲虽已失传，但有同时期的《敦煌乐谱》存世。闻谱中百乐，观盛世多元。虽远在海外，但常在侠心。声声不息，艺术不朽，而今在与游侠们共同的创编与合奏中，一曲凉州也在江湖中找到新的回响。一曲凉州终末，便知琵琶传音。故事中的鸣奏与求索，也与一把唐代五弦琵琶息息相关。此琵琶形制灵感源自一件千年国宝——唐螺钿紫檀五弦琵琶，是古代文化交流的见证，也是现存的唐代五弦琵琶孤品。器物有魂，亦有传说。传说中的“狮子丸”琵琶也许下落不明，但曾奏乡音，侠亦以此为鸣。在主章中，游侠们完成「凉州曲」后，还可将一件意义非凡的配饰【五弦琵琶】收入囊中。主章「纸月亮」月下，睹物有思，也有遗失的敦煌。《敦煌遗书》曾亘古传世，也曾随二十世纪颠沛流离。其中所载的《大般若经》，由唐玄奘法师所译，也在晚唐五代传诵至深。逢于乱世，有敬佛之心，也有向好之盼。在故事的零落中，窥见彼时山河如经书破碎。但终有后世一统。在敦煌遗书中，也有僧人法信写下《受十戒文》，告诫沙弥们所持戒律，如——“暂时因缘，百年之后，各随六道，不相系属。”但是遗书背面却又不知是何人，写了一首热烈的诗——“日月长相望，宛转不离心。见君行坐处，一似火烧身。”情之缘由，物之离散，或许皆是。虽不知从何而来，但应知向何归去。「歌中回响」马上催弦，凉州回响，飞镜阁之上的少年浑然鸣奏。如乐曲中众声纷纭，各有抒发，正因每一种声音都值得珍视，才成《凉州曲》。凉州主章中的多首最新游戏原声，已在网易云音乐更新上架，欢迎游侠们前往网易云音乐搜索《燕云十六声》游戏原声音乐辑（河西卷），或前往 —— 河西乐辑丨凉州回响，文物归处-,《 河西 乐辑 丨 凉州 回响 ， 文物 归处 》 : [ ' 一 曲 凉州 ， 故事 新章 正 纷纭 上演 。 如同 江湖 行旅 ， 历史 奔流 前行 的 车辙 ， 也是 无数 普通人 未曾 停止 追问 的 自我 —— 从 何 而 来 ， 向 何 归去 。 故事 中 的 唐末 凉州 ， 是 时代 可能 会 老 去 ， 但 总 有人 正 年轻 。 恰如 年轻 ， 也 有 更 多 来日方长 ， 去 不断 追问 和 寻找 答案 。 有赖 游侠 支持 ， 也 让 我们 能 有 机会 在 这些 年轻 的 故事 中 ， 去 尝试 、 去 寻找 、 去 打磨 各种 叙事 和 体验 。 「 物 中 回响 」 凉州 主章 之余 ， 「 游鱼 绘卷 」 之中 ， 物 我 两 看 ， 又 添 几分 悲喜 。 有 文化 研究 理论 曾 提到 —— “ 符号 本身 没有 任何 意义 ， 符号 只是 一种 工具 或 载体 。 ” 当 故事 合本 ， 符号 褪 去 ， 希望 和 游侠 们 一起 在 文物 中 继续 追求 那些 亘古 的 共鸣 。 主章 「 凉州曲 」 之 名 ， 取自 古谱 —— 历史 上 的 《 凉州曲 》 ， 乃 唐代 民族 乐府 第一 曲调 ， 在 唐朝 经 陇右 经略 使 郭知运 进 献给 玄宗 后 ， 迅即 流行 。 随 之 ， 也 产生 了 大量 诗人 依 谱 创作 《 凉州 歌 》 、 《 凉州 词 》 者 ， 以 抒写 边塞 风情 。 现今 本曲 虽 已 失传 ， 但 有 同 时期 的 《 敦煌 乐谱 》 存世 。 闻谱 中 百 乐 ， 观 盛世 多元 。 虽 远在 海外 ， 但 常 在 侠心 。 声声 不息 ， 艺术 不朽 ， 而今 在 与 游侠 们 共同 的 创编 与 合奏 中 ， 一 曲 凉州 也 在 江湖 中 找到 新 的 回响 。 一 曲 凉州 终 末 ， 便 知 琵琶 传音 。 故事 中 的 鸣奏 与 求索 ， 也 与 一 把 唐代 五弦琵琶 息息相关 。 此 琵琶 形制 灵感 源自 一件 千年 国宝 —— 唐 螺钿 紫檀 五弦琵琶 ， 是 古代 文化 交流 的 见证 ， 也是 现存 的 唐代 五弦琵琶 孤品 。 器物 有 魂 ， 亦 有 传说 。 传说 中 的 “ 狮子丸 ” 琵琶 也许 下落不明 ， 但 曾 奏 乡音 ， 侠 亦 以 此 为 鸣 。 在 主章 中 ， 游侠 们 完成 「 凉州曲 」 后 ， 还 可 将 一件 意义 非凡 的 配饰 【 五弦琵琶 】 收入 囊 中 。 主章 「 纸月亮 」 月 下 ， 睹 物 有 思 ， 也 有 遗失 的 敦煌 。 《 敦煌 遗书 》 曾 亘古 传世 ， 也曾 随 二十世纪 颠沛流离 。 其中 所 载 的 《 大 般若经 》 ， 由 唐玄奘 法师 所 译 ， 也 在 晚唐 五代 传诵 至 深 。 逢 于 乱世 ， 有 敬 佛 之 心 ， 也 有 向好 之 盼 。 在 故事 的 零落 中 ， 窥见 彼时 山河 如 经书 破碎 。 但 终 有 后世 一统 。 在 敦煌 遗书 中 ， 也 有 僧人 法信 写 下 《 受 十 戒 文 》 ， 告诫 沙弥 们 所 持 戒律 ， 如 —— “ 暂时 因缘 ， 百年 之后 ， 各 随 六 道 ， 不 相 系属 。 ” 但是 遗书 背面 却 又 不 知 是 何人 ， 写 了 一 首 热烈 的 诗 —— “ 日月 长 相望 ， 宛转 不 离 心 。 见 君 行坐 处 ， 一 似 火 烧身 。 ” 情 之 缘由 ， 物 之 离散 ， 或许 皆 是 。 虽 不 知 从 何 而 来 ， 但 应 知 向 何 归去 。 「 歌 中 回响 」 马上 催弦 ， 凉州 回响 ， 飞镜阁 之上 的 少年 浑然 鸣奏 。 如 乐曲 中 众声 纷纭 ， 各 有 抒发 ， 正 因 每 一种 声音 都 值得 珍视 ， 才 成 《 凉州曲 》 。 凉州 主章 中 的 多 首 最新 游戏 原声 ， 已 在 网 易云 音乐 更新 上架 ， 欢迎 游侠 们 前往 网 易 云 音乐 搜索 《 燕云十六声 》 游戏 原声音 乐辑 （ 河西 卷 ） ， 或 前往,2025-06,河西乐辑丨凉州回响，文物归处
['风雪不停的凉州，又迎来了新的故事。此刻，本次的不停服维护已经完成。包括两章主线剧情、全新十人侠境、限时活动在内的诸多新内容，也已正式向游侠们开放——全新主线「凉州曲」、「纸月亮」同淋凉州雪，共望长安月。对时人来说，长安的意义不止是大唐的国都，它还象征着故土、归宿、繁荣、自由。凉州与长安，这一对彼此遥望的双城之间，有很多的故事可以诉说。本次两章主线，将以不同的视角，呈现两个“奔赴长安”的故事。等级达到14级，并完成河西主章「麻布袋」的游侠，现可跟随指引，前往开启这两段新的旅途。完成任务后，还可获得配饰【五弦琵琶】、配饰【纸月亮】、发饰【孔雀冠一朵】、题跋【观自在】在内的丰厚奖励。后续更多主线篇章，也将随着河西其他区域解锁持续开启。全新侠境「碧血照黄沙」扬武助新声，碧血照黄沙——侠境·10人镇守中，将迎来新的强敌交手。若应此战，游侠需提升等级至86级，前往游戏内参与「同游」玩法，更可选择智能组队或好友组队进行挑战，通力合作，共战共声。佛光之顶，战意巅峰。在新的多人镇守挑战中，「田英」将再展拳脚。这法相与真相间，破解之道首先在于其利器法杖。游侠务必要锐意出击，将法阵之势化作己用，巧对明王怒相。而真真假假间，也需洞察其分身之秘术，进退攻伐之际，为己方争夺更多有利之地。此番会战，安西雄将「郭昕」将再当其勇，与游侠们战至酣畅，以慰藉英魂。而与将军交手，须先知悉军中要害——百战沙场，先以军旗立威。巧施武功身法，守卫军旗达阵，或许有攻守易势、事半功倍的奇效。以上内容，游侠现已可亲身前往一探究竟。幕启之后，亦有更多故事即将上演。在体验主线剧情的过程中，游侠已能一窥那场凉州巨变的一角。此前，我们也已关注到了游侠们对于凉州后续新剧情、新角色的期待。为了让这份期待不落空，我们非常想要将整个故事的剧情表现、角色弧光勾勒的足够动人。为此，我们正在对镇守「节度之死」做进一步的优化与丰满。也再次感谢游侠们的支持与期待，让我们勇于进一步挑战完美。明日又是一年高考时，又有一群年轻的侠士，即将佩剑前往各自的试炼。在此，也祝愿各位考生无往不利，金榜题名。此番过后，自是更广阔的江湖与人生！']。 —— 版本开启丨探游主章故事，共战全新侠境-,《 版本 开启 丨 探游 主章 故事 ， 共战 全新 侠境 》 : [ ' 风雪 不停 的 凉州 ， 又 迎来 了 新 的 故事 。 此刻 ， 本 次 的 不 停服 维护 已经 完成 。 包括 两章 主线 剧情 、 全新 十 人 侠境 、 限时 活动 在内 的 诸多 新 内容 ， 也 已 正式 向 游侠 们 开放 —— 全新 主线 「 凉州曲 」 、 「 纸月亮 」 同 淋 凉州 雪 ， 共 望 长安 月 。 对 时人 来说 ， 长安 的 意义 不止 是 大唐 的 国都 ， 它 还 象征 着 故土 、 归宿 、 繁荣 、 自由 。 凉州 与 长安 ， 这 一对 彼此 遥望 的 双 城 之间 ， 有 很多 的 故事 可以 诉说 。 本 次 两章 主线 ， 将 以 不同 的 视角 ， 呈现 两个 “ 奔赴 长安 ” 的 故事 。 等级 达到 14级 ， 并 完成 河西 主章 「 麻布袋 」 的 游侠 ， 现 可 跟随 指引 ， 前往 开启 这 两段 新 的 旅途 。 完成 任务 后 ， 还 可 获得 配饰 【 五 弦 琵琶 】 、 配饰 【 纸月亮 】 、 发饰 【 孔雀 冠 一 朵 】 、 题跋 【 观 自在 】 在内 的 丰厚 奖励 。 后续 更 多 主线 篇章 ， 也 将 随着 河西 其他 区域 解锁 持续 开启 。 全新 侠境 「 碧血 照 黄沙 」 扬武 助 新声 ， 碧血 照 黄沙 —— 侠境 · 10 人 镇守 中 ， 将 迎来 新 的 强敌 交手 。 若 应 此 战 ， 游侠 需 提升 等级 至 86级 ， 前往 游戏 内 参与 「 同游 」 玩法 ， 更 可 选择 智能 组队 或 好友 组队 进行 挑战 ， 通力合作 ， 共 战 共声 。 佛光 之 顶 ， 战意 巅峰 。 在 新 的 多 人 镇守 挑战 中 ， 「 田英 」 将 再 展 拳脚 。 这 法相 与 真相 间 ， 破解 之 道 首先 在于 其 利器 法杖 。 游侠 务必 要 锐意 出击 ， 将 法阵 之 势 化作 己 用 ， 巧 对 明王 怒相 。 而 真真假假 间 ， 也 需 洞察 其 分身 之 秘术 ， 进退 攻伐 之际 ， 为 己方 争夺 更 多 有利 之 地 。 此 番 会战 ， 安西 雄将 「 郭昕 」 将 再 当 其 勇 ， 与 游侠 们 战 至 酣畅 ， 以 慰藉 英魂 。 而 与 将军 交手 ， 须 先 知悉 军中 要害 —— 百战沙场 ， 先 以 军旗 立威 。 巧 施 武功 身法 ， 守卫 军旗 达阵 ， 或许 有 攻守 易势 、 事半功倍 的 奇效 。 以上 内容 ， 游侠 现 已 可 亲身 前往 一 探 究竟 。 幕启 之后 ， 亦 有 更 多 故事 即将 上演 。 在 体验 主线 剧情 的 过程 中 ， 游侠 已 能 一 窥 那 场 凉州 巨变 的 一 角 。 此前 ， 我们 也 已 关注 到 了 游侠 们 对于 凉州 后续 新 剧情 、 新 角色 的 期待 。 为了 让 这 份 期待 不 落空 ， 我们 非常 想 要 将 整个 故事 的 剧情 表现 、 角色 弧光 勾勒 的 足够 动人 。 为此 ， 我们 正在 对 镇守 「 节度之死 」 做 进一步 的 优化 与 丰满 。 也 再次 感谢 游侠 们 的 支持 与 期待 ， 让 我们 勇于 进一步 挑战 完美 。 明日 又是 一年 高考 时 ， 又 有 一群 年轻 的 侠士 ， 即将 佩剑 前往 各自 的 试炼 。 在此 ， 也 祝愿 各位 考生 无往不利 ， 金榜题名 。 此 番 过后 ， 自是 更 广阔 的 江湖 与 人生 ！ ' ],2025-06,版本开启丨探游主章故事，共战全新侠境
['六月伊始，已是夏意芒种。正值亦稼亦穑的仲夏之始，江湖中处处有进取之象。新的篇章，也在凉州风雪中悸动。更新后，凉州主章「凉州曲」和「纸月亮」将在且歌且诉中鸣彻，在自我与他者的交响中，盼与游侠们找到新的共鸣。新主章将启，我们也有幸和「中央民族乐团」的作曲家和演奏家们倾情合作，闻奏凉州，乘乐而行——闻奏凉州歌｜中央民族乐团艺术家合作曲139.6万观看880弹幕琵琶含情，箫吟百态，筚篥衷心......随着一首由中央民族乐团老师们演绎的合作曲，古今乐师将完成不拘时空的共奏。游侠也可移步网易云音乐聆听此曲： —— 更新前瞻丨新主章将启，闻奏凉州曲-,《 更新 前瞻 丨 新主章 将 启 ， 闻 奏 凉州曲 》 : [ ' 六月 伊始 ， 已 是 夏意 芒种 。 正 值 亦 稼 亦 穑 的 仲夏 之 始 ， 江湖 中 处处 有 进取 之 象 。 新 的 篇章 ， 也 在 凉州 风雪 中 悸动 。 更新 后 ， 凉州 主章 「 凉州曲 」 和 「 纸月亮 」 将 在 且 歌 且 诉 中 鸣彻 ， 在 自我 与 他者 的 交响 中 ， 盼 与 游侠 们 找到 新 的 共鸣 。 新 主章 将 启 ， 我们 也 有幸 和 「 中央民族乐团 」 的 作曲家 和 演奏家 们 倾情 合作 ， 闻 奏 凉州 ， 乘乐 而 行 —— 闻 奏 凉州 歌 ｜ 中央民族乐团 艺术家 合作曲 139.6万 观看 880 弹幕 琵琶 含情 ， 箫吟 百态 ， 筚篥 衷心 ...... 随着 一 首 由 中央民族乐团 老师 们 演绎 的 合作曲 ， 古今 乐师 将 完成 不拘 时空 的 共奏 。 游侠 也 可 移步 网易云 音乐 聆听 此曲 ：,2025-06,更新前瞻丨新主章将启，闻奏凉州曲
['昨日更新后，凉州新区域「武威山」已向游侠们开放。若把凉州的故事比作诗词，迄今为止的内容也仅是三阕中的上阕。后续不远，包含新主线剧情、新镇守在内的诸多新内容将正式与游侠们见面。命运的暗涌交汇于此，凉州的故事将被推动至全新的阶段。大幕将启，今日先以两章全新主线为引，为游侠带来凉州第二阶段的前瞻——主线新篇「凉州曲」这栋楼啊，一边是河西，是咱们的家，一边是长安，咱们另一个家。又一个姓廉的年轻人，自河西踏上了前往长安的路，他把这叫作“还乡”。长安对他来说是亲切的，他从小就被告知，那是存放着他的魂、他的根的故乡。可长安对他来说又是陌生的，一片他从未踏足过的土地，又怎会是“故乡”？凉州有一座极高的楼阁，相传只要登上楼顶，等到月亮出来的时候，每个人都能看到自己的故乡。当他登上此处，以手中琵琶奏响心中之曲时，不知心中故乡与他乡之惑，还乡与失乡之思，最终又是何解。将他的重重心事放在一旁，这一路上还有不少奇人奇遇值得一会，也有动人旋律值得一听。游侠不妨以这位年轻乐手的视角，亲往感受他的旅途。主线新篇「纸月亮」我知道月亮在的方向，就是长安。回长安，是异乡客的夙愿；去长安，则是笼中雀的渴求。佛堂之上一场冲突，将彻底改变两个人的命运轨迹。乱世的漩涡中，两人皆有自己的世俗既定需要抗争。唯有对那长安明月的共同向往，为跋涉的人们指引着方向，传递着力量。在世俗或命运面前，该如何定义胜与败、得与失呢？皎皎月光下，有人奔向救赎，有人奔向自由。故事的走向如何，还待游侠自行前往见证。还有全新镇守和它带来的风暴「凉州曲」与「纸月亮」，均发生在凉州的同一片时空。故事中的主角们互不相识，但故事的发展却会被一个巨大的漩涡所影响。而这个漩涡的中心，正是张议潮之侄，归义军第二代节度使——张淮深。他的故事，将在下周五同步上线的全新镇守「节度之死」中为游侠们呈现。与历史中一样，这场事件将给凉州带来一场翻天覆地的巨变，也请游侠们做好准备。关于新镇守的情报，我们也将在后续为大家带来更详细的前瞻。以上之外，近期游戏中还有诸多新活动、新优化。为方便游侠们了解传阅，我们也准备了一份内容前瞻，敬请查收——2025网易游戏学堂x燕云十六声高校原画设计大赛数百份初赛作品现已亮相初赛人气投票也正式开启！扫图中二维码，访问赛事官网查看作品欢迎诸位为心仪的作品投票！高校原画设计大赛由网易游戏学堂举办，仅面向海内外全部高校在校学生报名参与，并非游戏原画征稿赛事，参赛作品主要用于展示选手的专业能力。若您在赛事过程/作品发现异常，或有任何建议，请通过以下信箱与举办方联系反馈：nie_game_academy@163.com（请邮件标题注明：《燕云十六声》高校原画设计大赛作品申诉/建议-作品编号-申诉人真实姓名）']。 —— 大幕将启，两章全新主线即将上线-,《 大 幕 将 启 ， 两章 全新 主线 即将 上线 》 : [ ' 昨日 更新 后 ， 凉州 新 区域 「 武威山 」 已 向 游侠 们 开放 。 若 把 凉州 的 故事 比作 诗词 ， 迄今为止 的 内容 也 仅 是 三阕 中 的 上阕 。 后续 不 远 ， 包含 新 主线 剧情 、 新 镇守 在内 的 诸多 新 内容 将 正式 与 游侠 们 见面 。 命运 的 暗涌 交汇 于 此 ， 凉州 的 故事 将 被 推动 至 全新 的 阶段 。 大幕 将 启 ， 今日 先 以 两章 全新 主线 为 引 ， 为 游侠 带来 凉州 第二 阶段 的 前瞻 —— 主线 新篇 「 凉州曲 」 这 栋 楼 啊 ， 一边 是 河西 ， 是 咱们 的 家 ， 一边 是 长安 ， 咱们 另一个 家 。 又 一个 姓 廉 的 年轻人 ， 自 河西 踏 上 了 前往 长安 的 路 ， 他 把 这 叫作 “ 还乡 ” 。 长安 对 他 来说 是 亲切 的 ， 他 从小 就 被 告知 ， 那 是 存放 着 他 的 魂 、 他 的 根 的 故乡 。 可 长安 对 他 来说 又是 陌生 的 ， 一片 他 从未 踏足 过 的 土地 ， 又 怎 会 是 “ 故乡 ” ？ 凉州 有 一 座 极 高 的 楼阁 ， 相传 只要 登上 楼顶 ， 等到 月亮 出来 的 时候 ， 每个人 都 能 看到 自己 的 故乡 。 当 他 登上 此处 ， 以 手中 琵琶 奏响 心中 之 曲 时 ， 不 知 心中 故乡 与 他乡 之 惑 ， 还乡 与 失 乡 之 思 ， 最终 又是 何 解 。 将 他 的 重重 心事 放 在 一旁 ， 这 一路上 还有 不少 奇人 奇遇 值得 一 会 ， 也 有 动人 旋律 值得 一 听 。 游侠 不妨 以 这 位 年轻 乐手 的 视角 ， 亲往 感受 他 的 旅途 。 主线 新篇 「 纸月亮 」 我 知道 月亮 在 的 方向 ， 就 是 长安 。 回 长安 ， 是 异乡客 的 夙愿 ； 去 长安 ， 则 是 笼 中 雀 的 渴求 。 佛堂 之上 一 场 冲突 ， 将 彻底 改变 两个 人 的 命运 轨迹 。 乱世 的 漩涡 中 ， 两 人 皆 有 自己 的 世俗 既定 需要 抗争 。 唯 有 对 那 长安 明月 的 共同 向往 ， 为 跋涉 的 人们 指引 着 方向 ， 传递 着 力量 。 在 世俗 或 命运 面前 ， 该 如何 定义 胜 与 败 、 得 与 失 呢 ？ 皎皎 月光 下 ， 有人 奔 向 救赎 ， 有人 奔 向 自由 。 故事 的 走向 如何 ， 还 待 游侠 自行 前往 见证 。 还有 全新 镇守 和 它 带来 的 风暴 「 凉州曲 」 与 「 纸月亮 」 ， 均 发生 在 凉州 的 同 一片 时空 。 故事 中 的 主角 们 互不 相识 ， 但 故事 的 发展 却 会 被 一个 巨大 的 漩涡 所 影响 。 而 这个 漩涡 的 中心 ， 正是 张议潮 之 侄 ， 归义军 第二代 节度使 —— 张淮深 。 他 的 故事 ， 将 在 下周五 同步 上线 的 全新 镇守 「 节度之死 」 中 为 游侠 们 呈现 。 与 历史 中 一样 ， 这 场 事件 将 给 凉州 带来 一 场 翻天覆地 的 巨变 ， 也 请 游侠 们 做好 准备 。 关于 新 镇守 的 情报 ， 我们 也 将 在 后续 为 大家 带来 更 详细 的 前瞻 。 以上 之外 ， 近期 游戏 中 还有 诸多 新 活动 、 新 优化 。 为 方便 游侠 们 了解 传阅 ， 我们 也 准备 了 一 份 内容 前瞻 ， 敬请 查收 —— 2025网易游戏学堂 x燕云 十六声 高校 原画 设计 大赛 数百份 初赛 作品 现 已 亮相 初赛 人气 投票 也 正式 开启 ！ 扫 图 中 二维码 ， 访问 赛事 官网 查看 作品 欢迎 诸位 为 心仪 的 作品 投票 ！ 高校 原画 设计 大赛 由 网易游戏学堂 举办 ， 仅 面向 海内外 全部 高校 在校 学生 报名 参与 ， 并非 游戏 原画 征稿 赛事 ， 参赛 作品 主要 用于 展示 选手 的 专业 能力 。 若 您 在 赛事 过程 / 作品 发现 异常 ， 或 有 任何 建议 ， 请 通过 以下 信箱 与 举办方 联系 反馈 ： nie_game_academy@163.com （ 请 邮件 标题 注明 ： 《 燕云十六声 》 高校 原画 设计 大赛 作品 申诉 / 建议 作品 编号 申诉人 真实 姓名 ） ' ],2025-05,大幕将启，两章全新主线即将上线
['多年以后，面对各路武林高手，少东家将会回想起，自己降伏村霸大鹅的那个下午。村有鹅霸，喜逐童啄之。尚是小童的少东家挺身而出，虽屡战屡败，但最终成功翻上鹅背制服大鹅。一向嚣张的清河大鹅偃旗息鼓，被少东家遛着绕村三周。饱受鹅霸欺负的孩子们奔走相告，设纪念日以昭雀跃，此为「遛一鹅童节」！值此佳节，诚邀天下游侠抛却烦忧，重温稚子心性——全新奇术「鹅童诀」无数次戴上冬瓜帽，想象着自己又能回到不羡神仙的逍遥童年。曾有一柯姓琉球方士记录了一味神秘药方，相传服下后可返老还童，永葆青春。今有好事者尝试之，然鹅……额怎么变小哩？原来此药竟能将阁下变回童年体格。叽里咕噜说什么呢，什么原理不重要，总之就是，从小就敢抓狗抓猫抓大鹅的超厉害少东家回来了！太极推熊、扒拉鹿角、面对大鹅拔毛挑衅、偶遇兔兔闻香垂涎......这些都不在话下，毕竟咱少东家是一清河孩子。只要习得奇术「鹅童诀」，便可缩骨还童！与大地图上的小动物互动，触发趣味彩蛋，并有机会获得侠名【身体虽变小头脑依旧灵活】。再叠加「缩骨功」可化身三寸小人，攀附在小动物身上拍照打卡，单只动物支持多人叠挂。侠友请留步，这个六一鹅上见！少年心性，如晴空流云，欢笑与薄愁都来得太快。若有委屈，也可向龟奶奶、赵大哥哭诉，听听哄娃高手们会怎么说！全新活动「刷鹅的卡」承认吧，你也很为鹅着迷吧，少侠。返童不是一个人的事！为纪念遛一鹅童节，神秘画师绘制了一组特定人物的童年小像，并经九流门设计，进行了艺术再创作。游侠在各镇守处搜罗一番，或有意外之喜。通过自行搜罗，或是与好友“以鹅传鹅”收集这些卡片，还可获得侠名【十七张牌能秒我？】在内的诸多好礼！全新活动「驱五犊」当年被大鹅追得满村跑的憋屈还记得吗？风水轮流转，终于轮到你反击了！相国寺的晨钟被一阵骚乱撞碎——西域商人午五的珍禽异兽正在集体越狱逃亡，飞禽猫犬之类，无所不有。适逢端午，街口小巷众声喧哗，市井往来熙熙攘攘。眼见笼锁崩裂，奇兽竟出，城内乱作一团，游侠决定拔刀相助，来一次策马狂追。千钧一刻，游侠可单枪匹马，也可呼朋引伴，于大相国寺、隐月山两条赛道参与竞速，免费驾驭「哈是骑」「大鹅」「疾追豹」「仁道驴」等坐骑，将逃窜的奇兽赶回牢笼。全新活动「驱五犊」将于正式开启！虽然看着不像，但好歹也算助人为乐，怎么就不是当大侠了呢！童真稚趣，凉州也有！今日凉州武威山已向游侠开放，相信细心的游侠已经发现，雪域新境中亦有童趣！在雪团纷飞里来一次侠影切磋，和出乎意料的新朋友们来一次欢乐的邂逅......这么高的山，这么厚的雪，里面肯定有很多有趣的秘密吧！值此双节，衷心祝愿大小游侠们端午安康，笑语盈怀！与此同时，一场风暴也正在酝酿，凉州的故事即将进入新的阶段。全新主线、镇守很快到来，更多情报，敬请游侠们期待！']。 —— 活动前瞻丨珍禽异兽齐越狱，且看侠客戏鹅忙！-,《 活动 前瞻 丨 珍禽异兽 齐 越狱 ， 且 看 侠客 戏 鹅 忙 ！ 》 : [ ' 多年 以后 ， 面对 各 路 武林 高手 ， 少东家 将 会 回想 起 ， 自己 降伏 村霸 大 鹅 的 那个 下午 。 村 有 鹅霸 ， 喜 逐 童 啄 之 。 尚 是 小童 的 少东家 挺身而出 ， 虽 屡 战 屡 败 ， 但 最终 成功 翻 上 鹅背 制服 大 鹅 。 一向 嚣张 的 清河 大 鹅 偃旗息鼓 ， 被 少东家 遛 着 绕 村 三周 。 饱受 鹅霸 欺负 的 孩子 们 奔走相告 ， 设 纪念日 以 昭 雀跃 ， 此 为 「 遛 一 鹅 童节 」 ！ 值 此 佳节 ， 诚 邀 天下 游侠 抛却 烦忧 ， 重温 稚子 心性 —— 全新 奇术 「 鹅童诀 」 无数 次 戴上 冬瓜帽 ， 想象 着 自己 又 能 回到 不 羡 神仙 的 逍遥 童年 。 曾 有 一 柯 姓 琉球 方士 记录 了 一味 神秘 药方 ， 相传 服 下 后 可 返老还童 ， 永葆 青春 。 今 有 好事者 尝试 之 ， 然 鹅… …额 怎么 变 小 哩 ？ 原来 此 药 竟 能 将 阁下 变 回 童年 体格 。 叽里咕噜 说 什么 呢 ， 什么 原理 不 重要 ， 总之 就 是 ， 从小 就 敢 抓 狗 抓 猫 抓 大 鹅 的 超 厉害 少东家 回来 了 ！ 太极 推 熊 、 扒拉 鹿角 、 面对 大 鹅 拔毛 挑衅 、 偶 遇 兔兔 闻香 垂涎 ...... 这些 都 不在话下 ， 毕竟 咱 少东家 是 一 清河 孩子 。 只要 习 得 奇术 「 鹅童诀 」 ， 便 可 缩 骨 还 童 ！ 与 大 地图 上 的 小 动物 互动 ， 触发 趣味 彩蛋 ， 并 有 机会 获得 侠名 【 身体 虽 变 小 头脑 依旧 灵活 】 。 再 叠加 「 缩骨功 」 可 化身 三寸 小人 ， 攀附 在 小 动物 身上 拍照 打卡 ， 单 只 动物 支持 多 人 叠挂 。 侠友 请 留步 ， 这个 六一鹅 上见 ！ 少年 心性 ， 如 晴空 流云 ， 欢笑 与 薄愁 都 来得 太 快 。 若 有 委屈 ， 也 可 向 龟 奶奶 、 赵 大哥 哭诉 ， 听听 哄娃 高手 们 会 怎么 说 ！ 全新 活动 「 刷 鹅 的 卡 」 承认 吧 ， 你 也 很 为 鹅 着迷 吧 ， 少侠 。 返童 不是 一个 人 的 事 ！ 为 纪念 遛一鹅 童节 ， 神秘 画师 绘制 了 一 组 特定 人物 的 童年 小像 ， 并 经 九流门 设计 ， 进行 了 艺术 再 创作 。 游侠 在 各 镇守处 搜罗 一番 ， 或 有 意外 之 喜 。 通过 自行 搜罗 ， 或是 与 好友 “ 以 鹅 传 鹅 ” 收集 这些 卡片 ， 还 可 获得 侠名 【 十七张 牌 能 秒 我 ？ 】 在内 的 诸多 好 礼 ！ 全新 活动 「 驱五犊 」 当年 被 大鹅 追 得 满 村 跑 的 憋屈 还 记得 吗 ？ 风水 轮流转 ， 终于 轮 到 你 反击 了 ！ 相国寺 的 晨钟 被 一阵 骚乱 撞 碎 —— 西域 商人 午五 的 珍禽 异兽 正在 集体 越狱 逃亡 ， 飞禽 猫犬 之类 ， 无所不有 。 适逢 端午 ， 街口 小巷 众声 喧哗 ， 市井 往来 熙熙攘攘 。 眼见 笼锁 崩裂 ， 奇兽 竟 出 ， 城内 乱 作 一 团 ， 游侠 决定 拔刀相助 ， 来 一次 策马 狂 追 。 千钧 一刻 ， 游侠 可 单枪匹马 ， 也 可 呼朋引伴 ， 于 大相国寺 、 隐月山 两条 赛道 参与 竞速 ， 免费 驾驭 「 哈 是 骑 」「 大鹅 」「 疾追豹 」「 仁道驴 」 等 坐骑 ， 将 逃窜 的 奇兽 赶回 牢笼 。 全新 活动 「 驱五犊 」 将 于 正式 开启 ！ 虽然 看 着 不 像 ， 但 好歹 也 算 助人为乐 ， 怎么 就 不是 当 大侠 了 呢 ！ 童真 稚趣 ， 凉州 也 有 ！ 今日 凉州 武威山 已 向 游侠 开放 ， 相信 细心 的 游侠 已经 发现 ， 雪域 新境 中 亦 有 童趣 ！ 在 雪团 纷飞 里 来 一次 侠影 切磋 ， 和 出乎意料 的 新 朋友 们 来 一次 欢乐 的 邂逅 ..... . 这么 高 的 山 ， 这么 厚 的 雪 ， 里面 肯定 有 很多 有趣 的 秘密 吧 ！ 值 此 双节 ， 衷心 祝愿 大小 游侠 们 端午 安康 ， 笑语 盈怀 ！ 与此同时 ， 一 场 风暴 也 正在 酝酿 ， 凉州 的 故事 即将 进入 新 的 阶段 。 全新 主线 、 镇守 很快 到来 ， 更 多 情报 ， 敬请 游侠 们 期待 ！ ' ],2025-05,活动前瞻丨珍禽异兽齐越狱，且看侠客戏鹅忙！
['叽叽叽，叽叽叽叽叽叽叽叽叽叽叽，叽叽叽叽叽叽叽叽叽叽叽叽叽叽叽叽叽叽！游侠们，燕叽今日自凉州振翅而来，带回了和鸣外观动效速览和本周优化动向！*预研中画面，请以游戏内实际效果为准明日再赴凉州，燕叽将陪伴游侠在广拓新境的新区域、新挑战中继续新的探游。也在诸多新外观、新优化中，见证江湖万象更新。此前，已一窥全新和鸣套装「月中天阙」的焕然新相，今日燕叽也衔来了该套装的最新演出预览。婵媛胜月，动若生辉，相信也更能衬出游侠们的风姿卓绝——*以上动画展示为预研中画面片段，请以游戏内实际效果为准【月中天阙】即将于游戏更新后上架，届时游侠可以通过【和鸣-大音希声】获得，包括发型、服装（含特效）及免费赠送的披挂、主角头像、结算演出。此外，更新后，【和鸣商店】中也将上架全新「嗟夫刀法·陌刀」武学特效【戍魂丹心】。重刃在身，自成江湖一派，游侠也可跟上燕叽的线报，一观武学动势风采——*以上动画展示为预研中画面片段，请以游戏内实际效果为准佳音在途，来日可期，燕叽也将于明日起为大家陆续衔回主线剧情、全新镇守等后续更新的前瞻速报，敬请持续关注~入凉州，过凉州，方知美酒、美玉与美梦。英雄在此归去，马蹄踏碎千里冰河；复仇者焚心，烈酒煮沸万丈月光。六月将近，恍然已在凉州游历数日，诸多游侠已悄然探得种种彩蛋。在明日凉州新区域开启之前，燕叽也带来了一份小小盘点。希望在此间凉州，与游侠们共享诸多彩蛋和心意，以此共鸣——初入凉州，便会醉倒于此处的皑皑白雪，千里冰封万里茫茫。而落雪时最是惊艳。鹅毛大雪簌簌而至，稍不留神，落在行者衣肩已凝成一片白霜。若有生灵偶入其间，游侠们也要提醒它们注意保暖哦。江湖风波不息，若在凉州探索疲累，游侠们不妨原处静待小憩一番。但冰雪中不宜站立过久，甩甩头，拍拍肩上的风雪，继续勇敢地向未知前行吧。水墨天气时向远方眺望，天地冰川便化作泼墨长卷。墨韵染透凉州千山雪，换上所爱的衣饰，共同感悟那份“墨色浓淡间”的意境与美好。当纵身跃入寒潭，金戈铁马踏碎冰河，化为“铁马冰河入梦来”的诗情墨意。于是我们在美酒与玉石的幻梦中望穿千古，这寒潭深处，又冰封着谁的戍边旧梦？美酒虽好，玉池畔可切忌贪杯。若在酒池中驻足过久，踉跄抬足间竟已沉醉。月光泼洒而下，恍惚间已然踏入满池碎玉。玉杯鸟，玉杯鸟，蹦蹦跳跳找游侠~还有三颗明夜珠，就请你用心收下吧~毕竟藏在玉杯里的小鸟，最喜欢来自中原的游侠啦！醉卧凉州，方知风雪是诗。行路漫漫，也莫忘给自己喘口气，回望一路点点滴滴的惊喜和美好。实在躺不平的话，不妨试试来凉州“躺平”一下吧~于细微之处见江湖，也于点滴之中求精进。在本周的更新中，除了将有诸多新内容，我们也在持续稳步推进游戏的各模块优化，十六巷计划于日—期间进行不停服维护更新。多项优化和功能修复将在本周实装上线。更多优化详情，欢迎查看下方更新前瞻长图——']。 —— 燕叽快报丨赏和鸣外观，赴江湖精进-,《 燕叽 快报 丨 赏 和鸣 外观 ， 赴 江湖 精进 》 : [ ' 叽 叽叽， 叽 叽 叽 叽 叽 叽 叽 叽 叽 叽叽， 叽 叽 叽 叽 叽 叽 叽叽 叽 叽叽 叽 叽 叽叽 叽 叽叽！ 游侠 们 ， 燕叽 今日 自 凉州 振翅 而 来 ， 带 回 了 和鸣 外观 动效 速览 和 本周 优化 动向 ！ * 预研 中 画面 ， 请 以 游戏 内 实际 效果 为准 明日 再 赴 凉州 ， 燕叽 将 陪伴 游侠 在 广拓 新境 的 新 区域 、 新 挑战 中 继续 新 的 探游 。 也 在 诸多 新 外观 、 新 优化 中 ， 见证 江湖 万象更新 。 此前 ， 已 一 窥 全新 和鸣 套装 「 月中天阙 」 的 焕然 新相 ， 今日 燕叽 也 衔 来 了 该 套装 的 最新 演出 预览 。 婵媛 胜 月 ， 动 若 生辉 ， 相信 也 更 能 衬 出 游侠 们 的 风姿 卓绝 —— * 以上 动画 展示 为 预研 中 画面 片段 ， 请 以 游戏 内 实际 效果 为 准 【 月中天阙 】 即将 于 游戏 更新 后 上架 ， 届时 游侠 可以 通过 【 和鸣 大音希声 】 获得 ， 包括 发型 、 服装 （ 含 特效 ） 及 免费 赠送 的 披挂 、 主角 头像 、 结算 演出 。 此外 ， 更新 后 ， 【 和鸣商店 】 中 也 将 上架 全新 「 嗟夫 刀法 · 陌刀 」 武学 特效 【 戍魂 丹心 】 。 重刃 在身 ， 自 成 江湖 一派 ， 游侠 也 可 跟 上 燕叽 的 线报 ， 一 观 武学 动势 风采 —— * 以上 动画 展示 为 预研 中 画面 片段 ， 请 以 游戏 内 实际 效果 为 准 佳音 在途 ， 来日 可 期 ， 燕叽 也 将 于 明日 起 为 大家 陆续 衔 回 主线 剧情 、 全新 镇守 等 后续 更新 的 前瞻 速报 ， 敬请 持续 关注 ~ 入 凉州 ， 过 凉州 ， 方 知 美酒 、 美玉 与 美梦 。 英雄 在此 归去 ， 马蹄 踏 碎 千里 冰河 ； 复仇者 焚心 ， 烈酒 煮沸 万丈 月光 。 六月 将近 ， 恍然 已 在 凉州 游历 数日 ， 诸多 游侠 已 悄然 探 得 种种 彩蛋 。 在 明日 凉州 新 区域 开启 之前 ， 燕叽 也 带来 了 一 份 小小 盘点 。 希望 在 此间 凉州 ， 与 游侠 们 共享 诸多 彩蛋 和 心意 ， 以 此 共鸣 —— 初 入 凉州 ， 便 会 醉 倒 于 此处 的 皑皑 白雪 ， 千里 冰封 万里 茫茫 。 而 落雪 时 最 是 惊艳 。 鹅毛 大雪 簌簌 而 至 ， 稍 不 留神 ， 落 在 行者 衣肩 已 凝成 一片 白霜 。 若 有 生灵 偶 入 其间 ， 游侠 们 也 要 提醒 它们 注意 保暖 哦 。 江湖 风波 不息 ， 若 在 凉州 探索 疲累 ， 游侠 们 不妨 原处 静待 小憩 一番 。 但 冰雪 中 不宜 站立 过 久 ， 甩甩头 ， 拍拍 肩上 的 风雪 ， 继续 勇敢 地 向 未知 前行 吧 。 水墨 天气 时 向 远方 眺望 ， 天地 冰川 便 化作 泼墨 长卷 。 墨韵 染 透 凉州 千 山 雪 ， 换 上 所 爱 的 衣饰 ， 共同 感悟 那 份 “ 墨色 浓淡 间 ” 的 意境 与 美好 。 当 纵身 跃入 寒潭 ， 金戈 铁马 踏 碎 冰河 ， 化为 “ 铁马 冰河 入 梦 来 ” 的 诗情 墨意 。 于是 我们 在 美酒 与 玉石 的 幻梦 中 望 穿 千古 ， 这 寒潭 深处 ， 又 冰封 着 谁 的 戍边 旧梦 ？ 美酒 虽 好 ， 玉池 畔 可 切忌 贪杯 。 若 在 酒池 中 驻足 过 久 ， 踉跄 抬 足 间 竟 已 沉醉 。 月光 泼洒 而 下 ， 恍惚 间 已然 踏 入 满 池 碎玉 。 玉杯鸟 ， 玉杯鸟 ， 蹦蹦跳跳 找 游侠 ~ 还有 三颗 明夜珠 ， 就 请 你 用心 收 下 吧 ~ 毕竟 藏 在 玉杯 里 的 小鸟 ， 最 喜欢 来自 中原 的 游侠 啦 ！ 醉 卧 凉州 ， 方 知 风雪 是 诗 。 行路 漫漫 ， 也 莫 忘 给 自己 喘 口 气 ， 回望 一路 点点滴滴 的 惊喜 和 美好 。 实在 躺 不平 的 话 ， 不妨 试试 来 凉州 “ 躺平 ” 一下 吧 ~ 于 细微 之 处 见 江湖 ， 也 于 点滴 之中 求 精进 。 在 本周 的 更新 中 ， 除了 将 有 诸多 新 内容 ， 我们 也 在 持续 稳步 推进 游戏 的 各 模块 优化 ， 十六巷 计划 于 日— 期间 进行 不 停服 维护 更新 。 多 项 优化 和 功能 修复 将 在 本周 实装 上线 。 更 多 优化 详情 ， 欢迎 查看 下方 更新 前瞻 长图 —— ' ],2025-05,燕叽快报丨赏和鸣外观，赴江湖精进
['六月将近，江湖之上佳节双至，既有端午粽情，又有童趣之约。值此佳期，凉州也将迎来诸多新气象，期待游侠们乘兴而来，再探凉州——更新后，不仅将有新的地图区域、新的野外首领，新的探索关卡，新的江湖奇遇静候游侠，商城也将迎来多套全新外观的上架。河西的行旅中，有诗意动人，也有敦煌绮梦。我们与敦煌画院的联动活动【敦煌照影来】也将在的更新后开启，盼以侠者千百相，皆入敦煌此梦中。活动期间，游侠可通过上传带有【敦煌照影】标签的万相集穿搭、染色、拍照作品或与携带【敦煌照影】标签的作品互动完成任务，获得【长鸣玉】、【心法心得·自选散本】、头饰【苏合山】等奖励。丹青溯梦，幽幽凉州。在河西归唐的江湖旅途中，敦煌画院为燕云十六声绘制了《张议潮统军出行图》摹本（局部），植入到游戏中，将他们的生平徐徐展开。而此墨宝丹青，也将在即将开启的联动活动中，化为置景好礼——当全服携带【敦煌照影】标签作品总数和总热度达到目标值时，游侠还可获得【素裳染粉】、置景【归唐意】、题跋【天音飞扬】等好礼。期待游侠们在万相集内外，各展风采，各梦真我。敦煌照影中，此番与敦煌画院的联动也期盼能有“声色并茂”之美。为此，我们特别请教了敦煌画院的副院长「李硕」老师，一览绝色敦煌背后的“色彩密码”，而穿搭、染色、拍照之灵韵，也可在敦煌美学中找到灵感一二——观卧佛威严，探凉州行旅，十六巷计划于日—期间进行不停服维护更新。不停服状态期间将暂时无法正常体验部分功能和玩法。开服时间将根据实际情况可能提前或延后，请游侠合理安排游戏进度。感谢各位游侠的理解与支持！我们也会在明日为大家带来和鸣新外观的演出动画、特效展示。更多本次更新的内容详情，还请查看下方长图公告——']。 —— 更新前瞻丨佳节双至，踏入凉州新区域-,《 更新 前瞻 丨 佳节 双至 ， 踏入 凉州 新 区域 》 : [ ' 六月 将近 ， 江湖 之 上 佳节 双 至 ， 既有 端午 粽情 ， 又 有 童趣 之 约 。 值 此 佳期 ， 凉州 也 将 迎来 诸多 新气象 ， 期待 游侠 们 乘兴而 来 ， 再 探 凉州 —— 更新 后 ， 不仅 将 有 新 的 地图 区域 、 新 的 野外 首领 ， 新 的 探索 关卡 ， 新 的 江湖 奇遇 静候 游侠 ， 商城 也 将 迎来 多 套 全新 外观 的 上架 。 河西 的 行旅 中 ， 有 诗意 动人 ， 也 有 敦煌 绮梦 。 我们 与 敦煌画院 的 联动 活动 【 敦煌照影 来 】 也 将 在 的 更新 后 开启 ， 盼 以 侠者 千百 相 ， 皆 入 敦煌 此 梦 中 。 活动 期间 ， 游侠 可 通过 上传 带有 【 敦煌照影 】 标签 的 万相集 穿搭 、 染色 、 拍照 作品 或 与 携带 【 敦煌照影 】 标签 的 作品 互动 完成 任务 ， 获得 【 长鸣玉 】 、 【 心法 心得 · 自选 散本 】 、 头饰 【 苏合山 】 等 奖励 。 丹青 溯 梦 ， 幽幽 凉州 。 在 河西 归 唐 的 江湖 旅途 中 ， 敦煌画院 为 燕云十六声 绘制 了 《 张议潮 统军 出行 图 》 摹本 （ 局部 ） ， 植入 到 游戏 中 ， 将 他们 的 生平 徐徐 展开 。 而 此 墨宝 丹青 ， 也 将 在 即将 开启 的 联动 活动 中 ， 化为 置 景 好礼 —— 当 全服 携带 【 敦煌照影 】 标签 作品 总数 和 总 热度 达到 目标值 时 ， 游侠 还 可 获得 【 素裳染粉 】 、 置景 【 归唐意 】 、 题跋 【 天音飞扬 】 等 好 礼 。 期待 游侠 们 在 万相集 内外 ， 各 展 风采 ， 各 梦 真我 。 敦煌照影 中 ， 此 番 与 敦煌画院 的 联动 也 期盼 能 有 “ 声色并茂 ” 之 美 。 为此 ， 我们 特别 请教 了 敦煌画院 的 副 院长 「 李硕」 老师 ， 一览 绝色 敦煌 背后 的 “ 色彩 密码 ” ， 而 穿搭 、 染色 、 拍照 之 灵韵 ， 也 可 在 敦煌 美学 中 找到 灵感 一二 —— 观 卧佛 威严 ， 探凉州 行旅 ， 十六巷 计划 于 日 — 期间 进行 不 停服 维护 更新 。 不 停服 状态 期间 将 暂时 无法 正常 体验 部分 功能 和 玩法 。 开服 时间 将 根据 实际情况 可能 提前 或 延后 ， 请 游侠 合理 安排 游戏 进度 。 感谢 各位 游侠 的 理解 与 支持 ！ 我们 也 会 在 明日 为 大家 带来 和鸣新 外观 的 演出 动画 、 特效 展示 。 更 多 本 次 更新 的 内容 详情 ， 还 请 查看 下方 长图 公告 ——' ],2025-05,更新前瞻丨佳节双至，踏入凉州新区域
['望长安，前路渺渺鬓斑斑。从玉门行至凉州：有人守孤城，以白头筑起城墙坚壁；有人驻玉池，向天命发起千钧之击。遍阅众生万相，无不在上下求索：何处为乡？恰逢双节佳期将至，纵然寻乡之路艰难，也该常拾捡些日常闲趣，或偶尔重温稚童欢趣，即便奔走风雪千山，也能平添此行之乐。*预研中画面，请以游戏内实际效果为准（本周五）游戏更新后，将有全新和鸣外观、陌刀武学特效及其他更多外观陆续上线——全新和鸣套装【月中天阙】鼓角临霜曙，旌旗对月寒。薰风一万里，来处是长安。蟾宫顾清影，回首望帝乡。金枝玉叶的公主为守护安宁远赴塞外，才情卓绝的诗人为她撰写下这寂寥的结局。天涯万里犹相望，遥托征雁寄乡思。冰轮高悬如映故国影，凉州月亦是长安月。全新和鸣套装【月中天阙】即将上架，在此特为游侠送上抢鲜速览。游戏更新后，游侠可以通过【和鸣-大音希声】获得，包括发型、服装（含特效）及免费赠送的披挂、主角头像、结算演出。燕叽也将在后续的官方动态中，为大家进一步揭晓【月中天阙】的定制结算演出，敬请关注！「嗟夫刀法·陌刀」武学特效【戍魂丹心】金甲映残阳，双刃承天光。沙碛起雷狱，疾霆铸刀芒。*预研中画面，请以游戏内实际效果为准烽燧不灭，雷霆不息。孤旌漫卷，戍魂长啸。终化霆霓，照彻天地。全新「嗟夫刀法·陌刀」武学特效【戍魂丹心】即将上架。游戏更新后，游侠可前往【和鸣商店】以「八音窍」兑换获得。「金蟾腾跃」奇术特效【蟾光宝影】侠者效灵蟾衔宝，纳八方福泽，化身为瑞。*预研中画面，请以游戏内实际效果为准翻身腾跃间，宝光潋滟。金鳞开处，琼琚散作甘霖，润枯涸，济苍生，安黎庶。金蟾散宝，宝影流辉，侠道所至，穷通皆破。全新「金蟾腾跃」奇术特效【蟾光宝影】即将上架。游戏更新后，游侠可前往【商店】以980「长鸣珠」购得。端午节主题套装【午风清】轻汗微微透碧纨，明朝端午浴芳兰。彩线轻缠红玉臂，小符斜挂绿云鬟。*预研中画面，请以游戏内实际效果为准碧衣纨扇，午风清暑。纫兰为佩，垂涎角黍。游戏更新后至，游侠可前往【浴兰染绡】活动以6元限时购得全新端午节主题套装【午风清】，包含发型、上装和下装。活动期间完成任务可获得活动积分，用于解锁对应奖励，包含青丝染膏、素裳染粉、长鸣玉等；如购买套装【午风清】，还可同时解锁高级浴兰册，通过完成任务获得额外奖励，包含包括梦染匣、云霞染粉、长鸣玉等。端午节主题「绳镖」武器外观【粽不粽】少侠，这可是我九流门“道王”亲手所制粽子，童叟“务”欺！来一枚吗？*预研中画面，请以游戏内实际效果为准粽不粽？粽！行走江湖，“软硬兼吃”，才是生存之道！全新端午节主题「绳镖」武器外观【粽不粽】即将于上架，届时游侠可前往【商店】以60「长鸣珠」购得。童趣节主题配饰【少冬瓜】幼时玩伴们做的头套，是你打败大鹅后的纪念礼物，祝你早日成为江湖“顶顶有名”的“大”侠！*预研中画面，请以游戏内实际效果为准毛绒绒，圆滚滚，让这承载着稚童欢趣的头套，伴游侠们重返孩提时代。全新童趣节主题六折特惠配饰【少冬瓜】即将于上架，限时上架两周，原价300「长鸣珠」，届时游侠可前往【商店】以180「长鸣珠」折扣价购得。【少冬瓜】配饰支持「裁造」和「方寸移形」功能，其中裁造可将默认款的【少冬瓜】自由变幻为【烧冬瓜】和【哨冬瓜】款式，提供更高的穿搭自由度。新外观即将陆续上架的同时，套装【雪满川】与发型【瀚海千山】也即将于下架，游侠可及时前往【和鸣商店】兑换。在本周的更新中，除了以上外观上新，还有全新场景「武威山」和全新野外boss「天禄」即将与游侠见面，燕叽也将持续为游侠们带来更多凉州的新情报，敬请关注！']。 —— 全新外观丨和鸣套装、陌刀武学特效上新！-,《 全新 外观 丨 和鸣 套装 、 陌刀 武学 特效 上新 ！ 》 : [ ' 望 长安 ， 前路 渺渺 鬓 斑斑 。 从 玉门 行 至 凉州 ： 有人 守 孤城 ， 以 白头 筑 起 城墙 坚壁 ； 有人 驻 玉池 ， 向 天命 发起 千钧 之 击 。 遍 阅 众生 万相 ， 无不 在 上下 求索 ： 何处 为 乡 ？ 恰逢 双节 佳期 将 至 ， 纵然 寻 乡 之 路 艰难 ， 也 该 常 拾 捡 些 日常 闲趣 ， 或 偶尔 重温 稚童 欢趣 ， 即便 奔走 风雪 千山 ， 也 能 平添 此行 之 乐 。 * 预研 中 画面 ， 请 以 游戏 内 实际 效果 为 准 （ 本周五 ） 游戏 更新 后 ， 将 有 全新 和鸣 外观 、 陌刀 武学 特效 及 其他 更 多 外观 陆续 上线 —— 全新 和鸣 套装 【 月中天阙 】 鼓角 临 霜曙 ， 旌旗 对 月寒 。 薰风 一万里 ， 来处 是 长安 。 蟾宫 顾清影 ， 回首 望 帝乡 。 金枝玉叶 的 公主 为 守护 安宁 远 赴 塞外 ， 才情 卓绝 的 诗人 为 她 撰写 下 这 寂寥 的 结局 。 天涯 万里 犹 相 望 ， 遥 托 征雁 寄 乡思 。 冰轮 高悬 如 映 故国影 ， 凉州 月 亦 是 长安 月 。 全新 和鸣 套装 【 月中天阙 】 即将 上架 ， 在此 特 为 游侠 送 上 抢鲜 速览 。 游戏 更新 后 ， 游侠 可以 通过 【 和鸣 大音希声 】 获得 ， 包括 发型 、 服装 （ 含 特效 ） 及 免费 赠送 的 披挂 、 主角 头像 、 结算 演出 。 燕叽 也 将 在 后续 的 官方 动态 中 ， 为 大家 进一步 揭晓 【 月中天阙 】 的 定制 结算 演出 ， 敬请 关注 ！ 「嗟夫 刀法 · 陌刀 」 武学 特效 【 戍魂 丹心 】 金甲 映 残阳 ， 双 刃 承 天光 。 沙碛 起 雷狱 ， 疾霆 铸 刀芒 。 * 预研 中 画面 ， 请 以 游戏 内 实际 效果 为 准 烽燧 不 灭 ， 雷霆 不息 。 孤旌 漫卷 ， 戍魂 长啸 。 终化 霆霓 ， 照 彻 天地 。 全新 「 嗟夫 刀法 · 陌刀 」 武学 特效 【 戍魂 丹心 】 即将 上架 。 游戏 更新 后 ， 游侠 可 前往 【 和鸣商店 】 以 「 八音窍 」 兑换 获得 。 「 金蟾腾跃 」 奇术 特效 【 蟾光宝影 】 侠者 效 灵蟾 衔 宝 ， 纳 八方 福泽 ， 化身 为 瑞 。 * 预研 中 画面 ， 请 以 游戏 内 实际 效果 为 准 翻身 腾跃 间 ， 宝光 潋滟 。 金鳞 开 处 ， 琼琚 散 作 甘霖 ， 润枯涸 ， 济 苍生 ， 安黎庶 。 金蟾 散宝 ， 宝影 流辉 ， 侠道 所至 ， 穷 通 皆 破 。 全新 「 金蟾腾跃 」 奇术 特效 【 蟾光宝影 】 即将 上架 。 游戏 更新 后 ， 游侠 可 前往 【 商店 】 以 980 「 长鸣珠 」 购得 。 端午节 主题 套装 【 午风清 】 轻汗 微微 透 碧纨 ， 明朝 端午浴 芳兰 。 彩线 轻缠 红 玉臂 ， 小 符 斜 挂 绿云鬟 。 * 预研 中 画面 ， 请 以 游戏 内 实际 效果 为 准 碧衣 纨扇 ， 午风 清暑 。 纫兰 为 佩 ， 垂涎 角黍 。 游戏 更新 后 至 ， 游侠 可 前往 【 浴兰 染绡 】 活动 以 6元 限时 购得 全新 端午节 主题 套装 【 午风 清 】 ， 包含 发型 、 上装 和 下装 。 活动 期间 完成 任务 可 获得 活动 积分 ， 用于 解锁 对应 奖励 ， 包含 青丝 染膏 、 素裳染粉 、 长鸣玉 等 ； 如 购买 套装 【 午风 清 】 ， 还 可 同时 解锁 高级 浴兰册 ， 通过 完成 任务 获得 额外 奖励 ， 包含 包括 梦染匣 、 云霞染粉 、 长鸣玉 等 。 端午节 主题 「 绳镖 」 武器 外观 【 粽不粽 】 少侠 ， 这 可是 我 九流门 “ 道王 ” 亲手 所 制 粽子 ， 童叟 “ 务 ” 欺 ！ 来 一 枚 吗 ？ * 预研 中 画面 ， 请 以 游戏 内 实际 效果 为 准 粽不粽 ？ 粽 ！ 行走 江湖 ， “ 软硬兼吃 ” ， 才是 生存 之 道 ！ 全新 端午节 主题 「 绳镖 」 武器 外观 【 粽不粽 】 即将 于 上架 ， 届时 游侠 可 前往 【 商店 】 以 60 「 长鸣珠 」 购得 。 童趣节 主题 配饰 【 少冬瓜 】 幼时 玩伴 们 做 的 头套 ， 是 你 打败 大鹅 后 的 纪念 礼物 ， 祝 你 早日 成为 江湖 “ 顶顶 有名 ” 的 “ 大 ” 侠 ！ * 预研 中 画面 ， 请 以 游戏 内 实际 效果 为 准 毛绒绒 ， 圆滚滚 ， 让 这 承载 着 稚童 欢趣 的 头套 ， 伴 游侠 们 重返 孩提 时代 。 全新 童趣节 主题 六折 特惠 配饰 【 少冬瓜 】 即将 于 上架 ， 限时 上架 两周 ， 原价 300 「 长鸣珠 」 ， 届时 游侠 可 前往 【 商店 】 以 180 「 长鸣珠 」 折扣价 购得 。 【 少冬瓜 】 配饰 支持 「 裁造 」 和 「 方寸 移形 」 功能 ， 其中 裁造 可 将 默认款 的 【 少冬瓜 】 自由 变幻 为 【 烧冬瓜 】 和 【 哨冬瓜 】 款式 ， 提供 更 高 的 穿搭 自由度 。 新 外观 即将 陆续 上架 的 同时 ， 套装 【 雪满 川 】 与 发型 【 瀚海 千山 】 也 即将 于 下架 ， 游侠 可 及时 前往 【 和鸣商店 】 兑换 。 在 本周 的 更新 中 ， 除了 以上 外观 上新 ， 还有 全新 场景 「 武威山 」 和 全新 野外 boss 「 天禄 」 即将 与 游侠 见面 ， 燕叽 也 将 持续 为 游侠 们 带来 更 多 凉州 的 新 情报 ， 敬请 关注 ！ ' ],2025-05,全新外观丨和鸣套装、陌刀武学特效上新！
['皑皑凉州，皎皎月下。在游侠们的侠情共度中，凉州探游将在本周踏开新的境界。向风雪深处去，将有「武威山」等新的探索区域在本周开放。而再回望来路，「饮马隘」附近传闻又起，新的挑战隐于天工地窟之间，正静候机缘。本周更新后，新的野外首领将在传闻中现世——昔年凉州，某氏负创垂死，恍惚间见一鹿脚踩青蒿，俯身视之。再苏醒时，竟得生机。百般打听，此地历来有仙鹿降慈，救苦赐长生的传说。此人遂将仙鹿奉为祥瑞灵兽，名之「天禄」。全新野外boss「天禄」树深时见鹿，溪午不闻钟。重峦覆雪，寒松危崖之处，常为人迹罕至之地，此间亦更具诗意。传闻凉州饮马隘附近，曾有江湖人偶入奇境。天工地窟之造化，有鹿隐之隙在其中。奇境之内雪霰纷扬，坚冰不融，幽影丛生。意欲入内者，则需步步留心，巧用倒转乾坤之力，化解谜题。安然通过后，便可见其中盎然生机，仙鹿雄姿。特别是在这风雪寒地中，更寄寓了无数人间向往。见者祥瑞，战则福禄。来日与「天禄」面见之际，免不了痛快交手，一试究竟。在瑰奇诗意的战斗中，天禄将展现浑然天成的灵性——以鹿角和鬃毛为刃，在进退间巧释自然之力。游侠则需以敏捷身法腾挪应对，在招招迅猛间洞见反击，攻其薄弱。此番与天禄交手，也将不只领略其灵性中蕴藏的势大力沉。传闻中此鹿有疗愈之祥瑞，有寿禄之无穷，都将在战斗中展现得淋漓尽致——战至兴起之时，可见天禄扶摇直上，荧光焕发间，气血如初。而破解之法，就在于观其根本，逐个击破。其角如琼枝，其眸映星河。更新后，游侠们便可亲见此祥瑞。当诗句中“呦呦鹿鸣，食野之苹”般的灵性跃然目前，战意也将如“我有嘉宾，鼓瑟吹笙”般热烈。侠心所向，更在于福禄众生。燕云十六声即将与中华社会救助基金会【银天使计划公益项目】携手，共行助扶孤寡老人之善举！今年起，燕云十六声将以各位游侠的名义，为甘肃兰州、武威等地区的孤寡、特困等困难老人提供为期半年的定向帮扶：•赠万餐之粟（助餐及送餐服务逾10000人次）•备四季之需（发放含日常物资的生活礼包）•承定期之访（组织探访及社区活动）感谢每一位游侠的善心同行！是你们的支持，让燕云的侠义精神照进现实。未来，燕云十六声将继续与大家携手，以游戏为纽带，践行公益使命，让善意汇聚成光，照亮更多需要帮助的人。“神佛不会亲自下凡拯救苦难，但微末的善意却可驱散严寒。”期待与游侠们一起，让温暖延续！']。 —— 全新boss丨祥瑞既出，野外首领「天禄」-,《 全新 BOSS 丨 祥瑞 既 出 ， 野外 首领 「 天禄 」 》 : [ ' 皑皑 凉州 ， 皎皎 月 下 。 在 游侠 们 的 侠情 共度 中 ， 凉州 探游 将 在 本周 踏 开 新 的 境界 。 向 风雪 深处 去 ， 将 有 「 武威山 」 等 新 的 探索 区域 在 本周 开放 。 而 再 回望 来路 ， 「 饮马隘 」 附近 传闻 又 起 ， 新 的 挑战 隐 于 天工地窟 之间 ， 正 静候 机缘 。 本周 更新 后 ， 新 的 野外 首领 将 在 传闻 中 现世 —— 昔年 凉州 ， 某氏 负创 垂死 ， 恍惚 间 见 一 鹿 脚 踩 青蒿 ， 俯身 视 之 。 再 苏醒 时 ， 竟 得 生机 。 百般 打听 ， 此地 历来 有 仙鹿 降 慈 ， 救苦 赐 长生 的 传说 。 此人 遂 将 仙鹿 奉 为 祥瑞 灵兽 ， 名 之 「 天禄 」 。 全新 野外 boss 「 天禄 」 树 深 时 见 鹿 ， 溪 午 不 闻 钟 。 重峦 覆雪 ， 寒松 危崖 之 处 ， 常 为 人迹 罕 至 之 地 ， 此间 亦 更 具 诗意 。 传闻 凉州 饮马隘 附近 ， 曾 有 江湖 人 偶 入 奇境 。 天工地窟 之 造化 ， 有 鹿隐 之 隙 在 其中 。 奇境 之内 雪霰 纷扬 ， 坚冰 不 融 ， 幽影 丛生 。 意欲 入 内 者 ， 则 需 步步 留心 ， 巧用 倒转 乾坤 之 力 ， 化解 谜题 。 安然 通过 后 ， 便 可见 其中 盎然 生机 ， 仙鹿 雄姿 。 特别是 在 这 风雪 寒地 中 ， 更 寄寓 了 无数 人间 向往 。 见者 祥瑞 ， 战 则 福禄 。 来日 与 「 天禄 」 面见 之际 ， 免不了 痛快 交手 ， 一 试 究竟 。 在 瑰奇 诗意 的 战斗 中 ， 天禄 将 展现 浑然 天成 的 灵性 —— 以 鹿角 和 鬃毛 为 刃 ， 在 进退 间 巧释 自然 之 力 。 游侠 则 需 以 敏捷 身法 腾挪 应对 ， 在 招招 迅猛 间 洞见 反击 ， 攻 其 薄弱 。 此 番 与 天禄 交手 ， 也 将 不只 领略 其 灵性 中 蕴藏 的 势 大 力 沉 。 传闻 中 此 鹿 有 疗愈 之 祥瑞 ， 有 寿禄 之 无穷 ， 都 将 在 战斗 中 展现 得 淋漓尽致 —— 战 至 兴起 之 时 ， 可见 天禄 扶摇直上 ， 荧光 焕发 间 ， 气血 如初 。 而 破解 之 法 ， 就 在于 观 其 根本 ， 逐个 击破 。 其 角 如 琼枝 ， 其 眸 映 星河 。 更新 后 ， 游侠 们 便 可 亲 见 此 祥瑞 。 当 诗句 中 “ 呦呦 鹿鸣 ， 食 野 之 苹 ” 般 的 灵性 跃然 目前 ， 战意 也 将 如 “ 我 有 嘉宾 ， 鼓瑟 吹 笙 ” 般 热烈 。 侠心所向 ， 更 在于 福禄 众生 。 燕云十六声 即将 与 中华社会救助基金会 【 银天使 计划 公益 项目 】 携手 ， 共 行 助扶 孤寡老人 之 善举 ！ 今年 起 ， 燕云十六声 将 以 各位 游侠 的 名义 ， 为 甘肃 兰州 、 武威 等 地区 的 孤寡 、 特困 等 困难 老人 提供 为期 半年 的 定向 帮扶 ： • 赠 万 餐 之 粟 （ 助餐 及 送 餐 服务 逾 10000人次 ） • 备 四季 之 需 （ 发放 含 日常 物资 的 生活 礼包 ） • 承 定期 之 访 （ 组织 探访 及 社区 活动 ） 感谢 每 一 位 游侠 的 善心 同行 ！ 是 你们 的 支持 ， 让 燕云 的 侠义 精神 照 进 现实 。 未来 ， 燕云十六声 将 继续 与 大家 携手 ， 以 游戏 为 纽带 ， 践行 公益 使命 ， 让 善意 汇聚 成 光 ， 照亮 更 多 需要 帮助 的 人 。 “ 神佛 不会 亲自 下凡 拯救 苦难 ， 但 微末 的 善意 却 可 驱散 严寒 。 ” 期待 与 游侠 们 一起 ， 让 温暖 延续 ！ ' ],2025-05,全新BOSS丨祥瑞既出，野外首领「天禄」
['在凉州东北，有一片山脉，名为「武威山」。武威山常年风雪连连，积雪没踝。近日更是风雪肆虐，无法通行。不过，在下周五，风雪稍霁，此片全新区域也将向游侠们开放。踏雪寻径而上，是新的故事，和新的挑战——全新场景佛卧岩壁，梅映山雪白雪在凉州遍地可见，但这片红梅可是武威山独有。半山处，有大片红梅傲寒盛放，是难得的留影胜地。踏雪寻梅，尤为风雅，不过要是能在此处打上雪仗，岂不更是乐事？半山红梅之外，武威山中的卧佛寺也是声名远扬。相传过往此处本是人迹罕至，有一日凭空出现了一尊天然的佛像。据说，佛法眷顾之下，佛像的变化预示着世间的兴衰，卧佛寺也因此而建。现在，卧佛寺已成为出名的尼寺，常有人至此祈愿。不但是凉州大族的抄经场所，归义军节度使亦想来此地举行转经法会，以立名声、聚民望。来往香客络绎不绝，卧佛寺也日益蒸蒸日上。武威山越往上走风雪越大，对常人而言，坐落于山腰的卧佛寺与梅岭已是极限，鲜少有人登顶。但在山顶之上，却有三幢小屋，传说隐居着三位武林高手。自清河游历而来的少东家想必早有经验，武林高手聚集的地方必有宝藏，不知这三位又是在争夺什么样的江湖秘宝。胆大心细的少东家，不妨前往一探究竟。以上各处尚有人迹，可武威山如此之大，还有不少人迹罕至的地方，不知又藏着怎样的秘密与惊喜。俗话说“来都来了”，不妨四处探寻，相信总能有收获和乐趣！全新解谜内容飞渡重镜，倒转乾坤沧海为工，岁月为廊，山间多有玄奇之境。在凉州，有两处奇境即将现世，等待着游侠前来试炼。其一名为「银崖飞阙」，此处天工回廊位于凉州悬樽山附近。回廊内亭阁错落，铜镜遥应，梅林疏影间，但见一异族乐师，对月鼓琴。但若要接近却也殊为不易，游侠一定要悉心观察，明辨方位，细究诸多铜镜之间的奥秘，方能安全通过。若是只凭蛮劲冲撞，只怕那乐声与秘密虽近在眼前，却又遥不可及。而另一处，名为「鹿隐之隙」，此奇境位于凉州饮马隘山中。奇境之内雪霰纷扬，坚冰不融，幽影丛生，浮掠其间，若行祀礼，欲寻玉角仙迹。若欲通过试炼，需步步留心，同时巧用倒转乾坤之力。探索之时，游侠也许将发现一些似曾相识之物。其中玄机，只能游侠亲历，方可得解。全新野外boss「天禄」与上述新场景、新故事共同现世的，还有一全新的野外boss。其角如琼枝，其眸映星河。「天禄」隐于世间，并不招摇，想要找到它，得花费不少功夫，更需一些机缘。在此，也先暂卖一个关子，待时机合适，再与游侠一叙它的故事。上述新内容，计划于下周五正式与游侠们见面。凉州故事的画卷，至此也远未完全展开。后续，还有包括新主线篇章、全新镇守在内的诸多内容，待与游侠共写新篇！']。 —— 雪满山中侠士来，凉州「武威山」即将开放-,《 雪 满 山 中 侠士 来 ， 凉州 「 武威山 」 即将 开放 》 : [ ' 在 凉州 东北 ， 有 一片 山脉 ， 名 为 「 武威山 」 。 武威山 常年 风雪 连连 ， 积雪 没 踝 。 近日 更 是 风雪 肆虐 ， 无法 通行 。 不过 ， 在 下周五 ， 风雪 稍 霁 ， 此 片 全新 区域 也 将 向 游侠 们 开放 。 踏雪 寻径 而 上 ， 是 新 的 故事 ， 和 新 的 挑战 —— 全新 场景 佛 卧 岩壁 ， 梅映山雪 白雪 在 凉州 遍地 可见 ， 但 这 片 红梅 可是 武威山 独 有 。 半山处 ， 有 大片 红梅 傲寒 盛放 ， 是 难得 的 留影 胜地 。 踏雪 寻 梅 ， 尤为 风雅 ， 不过 要是 能 在 此处 打 上 雪仗 ， 岂不 更 是 乐事 ？ 半山 红梅 之外 ， 武威山 中 的 卧佛寺 也是 声名 远扬 。 相传 过往 此处 本 是 人迹罕至 ， 有 一 日 凭空 出现 了 一 尊 天然 的 佛像 。 据说 ， 佛法 眷顾 之下 ， 佛像 的 变化 预示 着 世间 的 兴衰 ， 卧佛寺 也 因此 而 建 。 现在 ， 卧佛寺 已 成为 出名 的 尼寺 ， 常 有人 至此 祈愿 。 不但 是 凉州 大族 的 抄经 场所 ， 归义军 节度 使 亦 想 来 此地 举行 转 经 法会 ， 以 立 名声 、 聚民 望 。 来往 香客 络绎不绝 ， 卧佛寺 也 日益 蒸蒸日上 。 武威山 越 往 上 走 风雪 越 大 ， 对 常人 而言 ， 坐落 于 山腰 的 卧佛寺 与 梅岭 已 是 极限 ， 鲜少 有人 登顶 。 但 在 山顶 之上 ， 却 有 三幢 小屋 ， 传说 隐居 着 三位 武林 高手 。 自 清河 游历 而 来 的 少东家 想必 早 有 经验 ， 武林 高手 聚集 的 地方 必 有 宝藏 ， 不 知 这 三位 又是 在 争夺 什么样 的 江湖 秘宝 。 胆大心细 的 少东家 ， 不妨 前往 一 探 究竟 。 以上 各处 尚 有 人迹 ， 可 武威山 如此 之 大 ， 还有 不少 人迹罕至 的 地方 ， 不 知 又 藏 着 怎样 的 秘密 与 惊喜 。 俗话说 “ 来 都 来 了 ” ， 不妨 四处 探寻 ， 相信 总能 有 收获 和 乐趣 ！ 全新 解谜 内容 飞渡 重镜 ， 倒转 乾坤 沧海 为 工 ， 岁月 为 廊 ， 山间 多 有 玄奇 之 境 。 在 凉州 ， 有 两处 奇境 即将 现世 ， 等待 着 游侠 前来 试炼 。 其 一 名 为 「 银崖飞阙 」 ， 此处 天工 回廊 位于 凉州 悬樽山 附近 。 回廊 内 亭阁 错落 ， 铜镜 遥应 ， 梅林 疏影 间 ， 但 见 一 异族 乐师 ， 对 月 鼓琴 。 但 若要 接近 却 也 殊 为 不易 ， 游侠 一定 要 悉心 观察 ， 明辨 方位 ， 细究 诸多 铜镜 之间 的 奥秘 ， 方 能 安全 通过 。 若是 只 凭 蛮劲 冲撞 ， 只怕 那 乐声 与 秘密 虽 近在眼前 ， 却 又 遥 不可及 。 而 另 一 处 ， 名 为 「 鹿 隐 之 隙 」 ， 此 奇境 位于 凉州 饮马隘山 中 。 奇境 之内 雪霰 纷 扬 ， 坚冰 不 融 ， 幽影 丛生 ， 浮掠 其间 ， 若 行 祀礼 ， 欲 寻 玉角 仙迹 。 若 欲 通过 试炼 ， 需 步步 留心 ， 同时 巧用 倒转 乾坤 之 力 。 探索 之 时 ， 游侠 也许 将 发现 一些 似曾相识 之 物 。 其中 玄机 ， 只能 游侠 亲历 ， 方 可 得解 。 全新 野外 boss 「 天禄 」 与 上述 新 场景 、 新 故事 共同 现世 的 ， 还有 一 全新 的 野外 boss 。 其 角 如 琼枝 ， 其 眸 映 星河 。 「 天禄 」 隐 于 世间 ， 并不 招摇 ， 想 要 找到 它 ， 得 花费 不少 功夫 ， 更 需 一些 机缘 。 在此 ， 也 先 暂 卖 一个 关子 ， 待 时机 合适 ， 再 与 游侠 一 叙 它 的 故事 。 上述 新 内容 ， 计划 于 下周五 正式 与 游侠 们 见面 。 凉州 故事 的 画卷 ， 至此 也 远 未 完全 展开 。 后续 ， 还有 包括 新 主线 篇章 、 全新 镇守 在内 的 诸多 内容 ， 待 与 游侠 共 写 新篇 ！ ' ],2025-05,雪满山中侠士来，凉州「武威山」即将开放
['抵达凉州已近一周，在这勃勃升温的入夏之际，恰有雪意凉州送爽称心。行侠之路快意不停，凉州新的探索区域、新的野外首领等全新内容即将抵达。我们也会在明日为大家带来更详细的抢鲜预告。凉州篇章开启后，游侠们的支持和期待让我们更加笃定，江湖精进之路，唯有一步一个脚印，才能行高致远。为此，我们也在一刻不停地推进各模块的体验优化。其中，我们也针对移动端的表现进行了专项优化，并将在近期陆续实装上线，争取尽快带来更多看得见、摸得着的体验提升。也欢迎游侠们查看下方燕叽快报，跟着燕叽一起，速览近期优化动向——精进之路，孜孜不辍。侠路相会，更幸甚有志趣相投——随着江湖探游的脚步和海内外游侠的声声支持，让更多人看到了燕云，也有更多的朋友来到了燕云。就在今日，包括新华社、法新社、日本共同社、拉丁美洲通讯社、瑞士意大利语电视台、日本《每日新闻》、日本《东京新闻》、韩国mbc电视台、韩国新一社、韩国《亚洲经济》共10家海内外主流媒体记者，实地探访了燕云开发组，共叙侠情快意之际，也亲身上手体验了燕云，感受中式武侠的魅力。感受与参与，关注和赞许，向着“全部人的武侠”更近一步，我们也期待能同更多朋友，继续见证燕云游侠们的焕然风采。以行胜于言，不负游侠期许，我们会继续带来更多新的内容，持续提升游戏各项体验。在-，我们还将开启首次不停服维护的更新，希望能在各个方面都能给游侠们沉浸无缝的体验。此外，除了移动端优化将持续推进，玩法、百业、建造、外观等等方面的优化，和多项功能修复也将在本周实装上线。更多优化详情，欢迎查看下方更新前瞻长图——']。 —— 燕叽快报丨陆续实装！移动端专项优化前瞻-,《 燕叽 快报 丨 陆续 实装 ！ 移动端 专项 优化 前瞻 》 : [ ' 抵达 凉州 已 近 一周 ， 在 这 勃勃 升温 的 入 夏 之际 ， 恰 有 雪意 凉州 送爽 称心 。 行侠 之 路 快意 不停 ， 凉州 新 的 探索 区域 、 新 的 野外 首领 等 全新 内容 即将 抵达 。 我们 也 会 在 明日 为 大家 带来 更 详细 的 抢鲜 预告 。 凉州 篇章 开启 后 ， 游侠 们 的 支持 和 期待 让 我们 更加 笃定 ， 江湖 精进 之 路 ， 唯有 一步一个脚印 ， 才 能 行高致远 。 为此 ， 我们 也 在 一刻 不停 地 推进 各 模块 的 体验 优化 。 其中 ， 我们 也 针对 移动端 的 表现 进行 了 专项 优化 ， 并 将 在 近期 陆续 实装 上线 ， 争取 尽快 带来 更 多 看 得 见 、 摸 得 着 的 体验 提升 。 也 欢迎 游侠 们 查看 下方 燕叽 快报 ， 跟着 燕叽 一起 ， 速览 近期 优化 动向 —— 精进 之 路 ， 孜孜不辍 。 侠路 相会 ， 更 幸 甚 有 志趣 相投 —— 随着 江湖 探游 的 脚步 和 海内外 游侠 的 声声 支持 ， 让 更 多 人 看到 了 燕云 ， 也 有 更 多 的 朋友 来到 了 燕云 。 就 在 今日 ， 包括 新华社 、 法新社 、 日本共同社 、 拉丁美洲通讯社 、 瑞士意大利语电视台 、 日本 《 每日新闻 》 、 日本 《 东京新闻 》 、 韩国mbc电视台 、 韩国新一社 、 韩国《亚洲经济 》 共 10家 海内外 主流 媒体 记者 ， 实地 探访 了 燕云开发组 ， 共 叙 侠情 快意 之际 ， 也 亲身 上手 体验 了 燕云 ， 感受 中式 武侠 的 魅力 。 感受 与 参与 ， 关注 和 赞许 ， 向着 “ 全部 人 的 武侠 ” 更 近 一 步 ， 我们 也 期待 能 同 更 多 朋友 ， 继续 见证 燕云 游侠 们 的 焕然 风采 。 以 行 胜于 言 ， 不 负 游侠 期许 ， 我们 会 继续 带来 更 多 新 的 内容 ， 持续 提升 游戏 各项 体验 。 在 ， 我们 还 将 开启 首次 不 停服 维护 的 更新 ， 希望 能 在 各个 方面 都 能 给 游侠 们 沉浸无缝 的 体验 。 此外 ， 除了 移动端 优化 将 持续 推进 ， 玩法 、 百业 、 建造 、 外观 等等 方面 的 优化 ， 和 多 项 功能 修复 也 将 在 本周 实装 上线 。 更 多 优化 详情 ， 欢迎 查看 下方 更新 前瞻 长图 —— ' ],2025-05,燕叽快报丨陆续实装！移动端专项优化前瞻
['喜爱冒险是游侠的天性。凉州开启已有五日，这个遍布故事的全新舞台还会不断展开，欢迎游侠们前来探索！但同时，健康安宁也是人们最普遍的心愿。五月初五端午将至，一系列全新活动将在本周五到来，分阶段逐步开启。各位游侠在外闯荡之余，也要切记前来驱邪祈安。说不定就能一扫疲惫，退散烦恼！「童稚无邪，彩缕祈福」彩线轻缠红玉臂，小符斜挂绿云鬟。长辈以五色丝缕系于稚子孩童手臂，可防护蚊虫，更寓祈福长命之意。少东家虽也还年少，但已是孩子们眼里的大英雄，他们有不少话想要跟你诉说。此时不妨也摆一摆长辈的“架子”，去给清河、开封、河西的小孩子们亲手制作祈福的长命缕，并倾听孩子们的愿望吧！当然，无论游侠成长得有多快，在长辈的眼里，可能永远都还是个孩子。端午节当天，不妨也回竹隐居看看，扫屋悬艾。这里，也有长辈给少东家的一份长命缕。「强身健体，祛邪跳操」早晨起床，拥抱太阳！端午阳气最盛，正是锻炼身体、驱散烦恼的好时候。清河花海里，有三套五行操甚为流行，名曰【活络功】、【踏歌舞】、【健体操】。相传强身健体之外，还能驱除邪气与烦恼。若是勤加练习，不仅可以有好身体，还能有好心情！除了可以在花团锦簇之中跟着节律舞动之外，屏幕前的游侠不妨也跟着伸展伸展。走江湖，离了健康的体魄可不行。上述新活动之外，端午期间还有很多趣味玩法、福利好礼即将到来，后续也将为大家带来更多情报。活动期间，游侠可以在单人或多人模式中参与体验玩法，并在兑换商店中兑换包括全新外观【十分隆粽】、情境姿态【剑诀】、个人名片【碧艾香蒲】等众多好礼，后续也将解锁更多惊喜奖励！【十分隆粽】某年端午，寒姨蒸了一笼粽子，可等上桌掀开时，竟只剩了俩。最后又是你扛下了全部，顶着蒸笼扎了半天马步。和煦的仲夏午风与凉州的无尽风雪相辅相济。本周起，我们也将继续为游侠们带来更多关于新优化、凉州新区域、新boss的更多预览。十六巷计划于日~期间进行不停服维护更新。不停服状态期间将暂时无法正常体验部分功能和玩法。开服时间将根据实际情况可能提前或延后，请游侠合理安排游戏进度。感谢各位游侠的理解与支持！相关更新内容详情，还请查看下方长图公告——']。 —— 更新前瞻丨仲夏祈安康，端午活动本周开启-,《 更新 前瞻 丨 仲夏 祈 安康 ， 端午 活动 本周 开启 》 : [ ' 喜爱 冒险 是 游侠 的 天性 。 凉州 开启 已 有 五日 ， 这个 遍布 故事 的 全新 舞台 还 会 不断 展开 ， 欢迎 游侠 们 前来 探索 ！ 但 同时 ， 健康 安宁 也是 人们 最 普遍 的 心愿 。 五月初五 端午 将 至 ， 一系列 全新 活动 将 在 本周五 到来 ， 分 阶段 逐步 开启 。 各位 游侠 在外 闯荡 之余 ， 也 要 切记 前来 驱邪 祈安 。 说不定 就 能 一 扫 疲惫 ， 退散 烦恼 ！ 「 童稚 无邪 ， 彩缕 祈福 」 彩线 轻 缠 红玉臂 ， 小符 斜 挂 绿 云鬟 。 长辈 以 五色 丝缕 系于 稚子 孩童 手臂 ， 可 防护 蚊虫 ， 更 寓 祈福 长命 之 意 。 少东家 虽 也 还 年少 ， 但 已 是 孩子 们 眼里 的 大 英雄 ， 他们 有 不少 话 想 要 跟 你 诉说 。 此时 不妨 也 摆 一 摆 长辈 的 “ 架子 ” ， 去 给 清河 、 开封 、 河西 的 小孩子 们 亲手 制作 祈福 的 长命缕 ， 并 倾听 孩子 们 的 愿望 吧 ！ 当然 ， 无论 游侠 成长 得 有 多 快 ， 在 长辈 的 眼里 ， 可能 永远 都 还是 个 孩子 。 端午节 当天 ， 不妨 也 回 竹 隐居 看看 ， 扫 屋 悬艾 。 这里 ， 也 有 长辈 给 少东家 的 一 份 长命缕 。 「 强身 健体 ， 祛邪 跳操 」 早晨 起床 ， 拥抱 太阳 ！ 端午 阳气 最 盛 ， 正是 锻炼 身体 、 驱散 烦恼 的 好 时候 。 清河 花海 里 ， 有 三套 五行操 甚为 流行 ， 名 曰 【 活络功 】 、 【 踏歌舞 】 、 【 健体操 】 。 相传 强身 健体 之外 ， 还 能 驱除 邪气 与 烦恼 。 若是 勤加 练习 ， 不仅 可以 有 好 身体 ， 还 能 有 好 心情 ！ 除了 可以 在 花团锦簇 之中 跟着 节律 舞动 之外 ， 屏幕 前 的 游侠 不妨 也 跟着 伸展 伸展 。 走江湖 ， 离 了 健康 的 体魄 可 不行 。 上述 新 活动 之外 ， 端午 期间 还有 很多 趣味 玩法 、 福利 好礼 即将 到来 ， 后续 也 将 为 大家 带来 更 多 情报 。 活动 期间 ， 游侠 可以 在 单人 或 多 人 模式 中 参与 体验 玩法 ， 并 在 兑换 商店 中 兑换 包括 全新 外观 【 十分隆粽 】 、 情境 姿态 【 剑诀 】 、 个人 名片 【 碧艾香蒲 】 等 众多 好礼 ， 后续 也 将 解锁 更 多 惊喜 奖励 ！ 【 十分隆粽 】 某 年 端午 ， 寒姨 蒸 了 一 笼 粽子 ， 可 等 上 桌 掀开 时 ， 竟 只 剩 了 俩 。 最后 又是 你 扛 下 了 全部 ， 顶 着 蒸笼 扎 了 半天 马步 。 和煦 的 仲夏 午风 与 凉州 的 无尽 风雪 相辅相济 。 本周 起 ， 我们 也 将 继续 为 游侠 们 带来 更 多 关于 新 优化 、 凉州 新 区域 、 新 boss 的 更 多 预览 。 十六巷 计划 于 日 ~ 期间 进行 不 停服 维护 更新 。 不 停服 状态 期间 将 暂时 无法 正常 体验 部分 功能 和 玩法 。 开服 时间 将 根据 实际情况 可能 提前 或 延后 ， 请 游侠 合理 安排 游戏 进度 。 感谢 各位 游侠 的 理解 与 支持 ！ 相关 更新 内容 详情 ， 还 请 查看 下方 长 图 公告 —— ' ],2025-05,更新前瞻丨仲夏祈安康，端午活动本周开启
['侠姿每每声动，恰恰值此佳期。人间「小满」将近，最是丰收时节。初入凉州，游侠自是已观新景、结新友、历新迹，不妨也再寻些新趣二三，为此行增添风华。游戏更新后，将有一批全新外观上线，在此特为游侠送上最新外观情报——【螭骨】相传有西域刺客，黑衣薄纱，踏沙无痕，以赤金螭骨为刃，见血封喉。捏脸数据来自玩家投稿：可豫*、亦如*螭龙附骨，墨鳞裹身，新式剪裁尽显干练冷峻之姿。夜色作掩，玄衣隐于月华裂隙，凭飒沓流星之势，化身为刃。真正的危险不在刀光剑影之间，而是一场弹指间的灰飞烟灭。全新套装【螭骨】即将上架。游戏更新后，游侠前往【商店】，即可以1280「长鸣珠」购得。【焚净三途】非天非地非人予，自妄自业还自受。青锋燎野，方寸生死。刃光淬血，斩魄焚形。全新「泥犁三垢」武学特效【焚净三途】即将上架。游戏更新后，游侠前往【商店】，即可以1280「长鸣珠」购得。【吹冷秋霜】待到乾坤太和日，再笑霆云度我身。通体曜金，刀背篆刻纹路，刀柄则如龙首戏珠，隽秀庄严，不怒自威。合鞘如蝶翼收拢，出鞘则展若翩跹。此般利刃，本是望月婵媛的嫁妆；只是如今此刀无鞘，一沉玉池望明月，一留长安盼阳春。待双刃归鞘，持刀之人便可回家了。全新「双刀」武器外观【吹冷秋霜】即将上架。游戏更新后，游侠前往【商店】，即可以680「长鸣珠」购得。此外，套装【翠羽顾】将于游戏更新后开放「染色」功能，游侠可尽情发挥无限创意，打造属于自己的个性风华。在本周的更新中，除了套装、武学特效、武器外观等外观上新，还有更多内容即将上线。后续将为游侠带来更多新优化、新区域、新boss等前瞻预览，敬请关注！凉州之行伊始，前路快意恩仇，更多凉州篇章全新内容，等待与游侠共同写就。']。 —— 全新外观丨螭骨为刃，踏沙无痕-,《 全新 外观 丨 螭 骨 为 刃 ， 踏 沙 无 痕 》 : [ ' 侠姿 每每 声动 ， 恰恰 值 此 佳期 。 人间 「 小满 」 将近 ， 最 是 丰收 时节 。 初 入 凉州 ， 游侠 自是 已 观 新景 、 结 新友 、 历 新迹 ， 不妨 也 再 寻 些 新趣 二三 ， 为 此行 增添 风华 。 游戏 更新 后 ， 将 有 一批 全新 外观 上线 ， 在此 特 为 游侠 送 上 最新 外观 情报 —— 【 螭骨 】 相传 有 西域 刺客 ， 黑衣 薄纱 ， 踏 沙 无 痕 ， 以 赤金 螭骨 为 刃 ， 见 血 封 喉 。 捏 脸 数据 来自 玩家 投稿 ： 可 豫 * 、 亦 如 * 螭龙 附 骨 ， 墨鳞 裹 身 ， 新式 剪裁 尽 显 干练 冷峻 之 姿 。 夜色 作 掩 ， 玄衣 隐 于 月华 裂隙 ， 凭 飒沓 流星 之 势 ， 化身 为 刃 。 真正 的 危险 不在 刀 光 剑影 之间 ， 而是 一 场 弹指 间 的 灰飞烟灭 。 全新 套装 【 螭骨 】 即将 上架 。 游戏 更新 后 ， 游侠 前往 【 商店 】 ， 即 可以 1280 「 长鸣珠 」 购得 。 【 焚净三途 】 非 天 非 地 非 人 予 ， 自 妄 自业 还 自 受 。 青锋 燎 野 ， 方寸 生死 。 刃光 淬 血 ， 斩 魄 焚 形 。 全新 「 泥犁三垢 」 武学 特效 【 焚净三途 】 即将 上架 。 游戏 更新 后 ， 游侠 前往 【 商店 】 ， 即 可以 1280 「 长鸣珠 」 购得 。 【 吹冷秋霜 】 待到 乾坤 太和日 ， 再 笑 霆 云 度 我 身 。 通体 曜金 ， 刀背 篆刻 纹路 ， 刀柄 则 如 龙首 戏珠 ， 隽秀 庄严 ， 不 怒 自 威 。 合鞘 如 蝶翼 收拢 ， 出 鞘 则 展 若 翩跹 。 此 般 利刃 ， 本 是 望月 婵媛 的 嫁妆 ； 只是 如今 此 刀 无 鞘 ， 一 沉 玉池 望 明月 ， 一 留 长安 盼 阳春 。 待 双刃 归 鞘 ， 持 刀 之 人 便 可 回家 了 。 全新 「 双刀 」 武器 外观 【 吹冷秋霜 】 即将 上架 。 游戏 更新 后 ， 游侠 前往 【 商店 】 ， 即 可以 680 「 长鸣珠 」 购得 。 此外 ， 套装 【 翠羽顾 】 将 于 游戏 更新 后 开放 「 染色 」 功能 ， 游侠 可 尽情 发挥 无限 创意 ， 打造 属于 自己 的 个性 风华 。 在 本周 的 更新 中 ， 除了 套装 、 武学 特效 、 武器 外观 等 外观 上新 ， 还有 更 多 内容 即将 上线 。 后续 将 为 游侠 带来 更 多 新 优化 、 新 区域 、 新 boss 等 前瞻 预览 ， 敬请 关注 ！ 凉州 之 行 伊始 ， 前路 快意 恩仇 ， 更 多 凉州 篇章 全新 内容 ， 等待 与 游侠 共同 写 就 。 ' ],2025-05,全新外观丨螭骨为刃，踏沙无痕
['抵达凉州已经两日。风终于吹起诗中的雪，以相见之名，落在了游侠们的身上。河西途中，行侠至深，游侠们的支持也让这一路的吟啸徐行，收到了诸多回音。在凉州的皑皑雪景中，侠情热忱让这江湖愈发热闹振奋，我们也收到了游侠们的热情“催更”——主线剧情快点上！凉州区域全面解锁！关卡boss多来点！优化修复赶紧做！接下来的一段时间里，我们将继续用“连载”的方式打开河西，深入凉州。也期待与游侠们一起，尝试更多新的内容形式，新的更新节奏。比如在后续的更新中，凉州的景致将随着某个关键的转折而发生改变，更多故事也将随着这些改变而发生。除此之外，凉州版本尚有两个大型镇守、两个野外首领、全新主线剧情、诸多探索区域等等新内容，等待着与游侠相见。我们也将持续敏捷修复各种问题，不断提升游戏体验，并争取在五到六月实现不停服的维护更新。凉州的热雪，相伴的白头。笃信行胜于言，定会让大家看到只争朝夕的改变。除此之外，我们与甘肃省文旅厅的限时联动合作仍在进行，用界碑点亮河西，用侠情亲临凉州（现甘肃武威市）。截至，在武威南城门、武威天梯山石窟、武威文庙、张掖大佛寺均有界碑打卡点设置，欢迎游侠莅临。侠路万千，总能欣喜相见。在这个周末，我们也在线下感受到了游侠们的卓绝风采和无限热情——燕叽从本次的cp31展会现场带回了诸多属于燕云少东家们的侠迹，也期待未来能有更多机会，和大家在更多地方见面。经年饮冰，为赴热雪。此刻凉州雪在飘，风又起，我们江湖见！']。 —— 凉州热雪中，「博物」在燕云-,《 凉州 热 雪 中 ， 「 博物 」 在 燕云 》 : [ ' 抵达 凉州 已经 两日 。 风 终于 吹 起 诗 中 的 雪 ， 以 相见 之 名 ， 落 在 了 游侠 们 的 身上 。 河西 途中 ， 行侠 至 深 ， 游侠 们 的 支持 也 让 这 一路 的 吟啸 徐行 ， 收到 了 诸多 回音 。 在 凉州 的 皑皑 雪景 中 ， 侠情 热忱 让 这 江湖 愈发 热闹 振奋 ， 我们 也 收到 了 游侠 们 的 热情 “ 催更 ” —— 主线 剧情 快 点 上 ！ 凉州 区域 全面 解锁 ！ 关卡 boss 多 来 点 ！ 优化 修复 赶紧 做 ！ 接下来 的 一段 时间 里 ， 我们 将 继续 用 “ 连载 ” 的 方式 打开 河西 ， 深入 凉州 。 也 期待 与 游侠 们 一起 ， 尝试 更 多 新 的 内容 形式 ， 新 的 更新 节奏 。 比如 在 后续 的 更新 中 ， 凉州 的 景致 将 随着 某个 关键 的 转折 而 发生 改变 ， 更 多 故事 也 将 随着 这些 改变 而 发生 。 除此之外 ， 凉州 版本 尚 有 两个 大型 镇守 、 两个 野外 首领 、 全新 主线 剧情 、 诸多 探索 区域 等等 新 内容 ， 等待 着 与 游侠 相见 。 我们 也 将 持续 敏捷 修复 各种 问题 ， 不断 提升 游戏 体验 ， 并 争取 在 五到六月 实现 不 停服 的 维护 更新 。 凉州 的 热雪 ， 相伴 的 白头 。 笃信 行 胜于 言 ， 定 会 让 大家 看到 只争朝夕 的 改变 。 除此之外 ， 我们 与 甘肃省文旅厅 的 限时 联动 合作 仍 在 进行 ， 用 界碑 点亮 河西 ， 用 侠情 亲临 凉州 （ 现 甘肃 武威市 ） 。 截至 ， 在 武威 南城门 、 武威 天梯山石窟 、 武威文庙 、 张掖大佛寺 均 有 界碑 打卡点 设置 ， 欢迎 游侠 莅临 。 侠路 万千 ， 总能 欣喜 相见 。 在 这个 周末 ， 我们 也 在 线下 感受 到 了 游侠 们 的 卓绝 风采 和 无限 热情 —— 燕叽 从 本 次 的 cp31 展会 现场 带 回 了 诸多 属于 燕云 少东家 们 的 侠迹 ， 也 期待 未来 能 有 更 多 机会 ， 和 大家 在 更 多 地方 见面 。 经年 饮冰 ， 为 赴 热雪 。 此刻 凉州 雪 在 飘 ， 风 又 起 ， 我们 江湖 见 ！ ' ],2025-05,凉州热雪中，「博物」在燕云
['风雪入凉州，诗酒正相逢。新版本「悠悠凉州彻」的更新现已完成，「河西·凉州」的新篇章即刻启程。此去凉州，踏上新的求索。当前，首批探索区域、侠迹、野外首领等诸多新的游历已正式开放。挥别玉门，奔赴新的托付。踏破日夜不停的风沙，游侠们将再次深入河西，遇见归唐路上的诗酒时空。抵达凉州后，我们将抵达什么？今日新篇启程，也想与游侠们小探诗情，一起在细微处开启凉州探索的乐趣——但愿人长久，千里共婵娟。步入凉州，山与雪、诗与酒的绝景直入眼帘。若更有夺目处，那便是明月高悬，照耀了无数诗情与思念。登高目极，那里可有所盼之地，所思之人？月满乡近，皓亮清冽之上似有亭台宫阙——“君知月乃七宝合成乎？”正如唐传奇《酉阳杂俎》之志怪秘闻，月亮上亦有能工巧匠，在不懈雕琢。在跨越古今的想象和探求中，或许是离所盼之地越来越近，玉斧雕月的碎屑也愈发清晰，其将化作风中的飘扬轻雪，也将以宝箱珍物落在河西之地。照见古人之月，如今也照见游侠。在凉州的探索收集中，希望各位除了收获珍宝，也能收获一份情致。月下飞天镜，云生结海楼。在不期而遇的探索中，游侠们不仅将遇见特殊天气效果，也可能在如画风景中瞥见一只明镜。此物别有来头，考据自历史悠远的珍奇文物，将在后续与游侠们分享。此物更别有功用，镜内镜外，为虚为实。游侠不妨以身入镜，或许可抵达出乎意料之处。而行至酒泉，便会发现这里不止有美酒有故事，还可在「一月三舟」中浅尝水中捞月、借「青云梯」寻宝探游，皆等待着游侠亲试。朔气传金柝，寒光照铁衣。凉州也并非像表面那样静谧平和，凛凛的风雪如刀剑锋利，提醒着此刻身处江湖。闯荡凉州各处，便觉杀机涌现，游侠也会遇见新敌手「穆吞牛」——其体魄硕健，状如蛮牛。持磐石挥舞，力有千钧。或三两为营，摧枯拉朽，或化形入水，行踪诡异。天下不定，四方割据，方有此祸矣。柴门闻犬吠，风雪夜归人。往风雪深处去，有人迹之处也有诸多故事。葡萄美酒说藤王，宝刀换酒可倾囊。藤王村盛产酿造美酒的稀有品种——藤王葡萄，尤以第一轮汁水酿出来的葡萄酒最为珍贵，远销长安。如今却莫名荒落。而如今藤王村虽已衰敝，然每逢清明寒食，犹见商队行贾，特赴村外荒家旧园，祭拜故人。此行偶遇，游侠不妨与之共探此地秘辛。凉州各处，尚有更多际遇和故事，皆等待游侠抽丝剥茧，一探究竟。在凉州的日与夜，风雪中也传来了新的乐篇和变奏——凉州篇章的部分游戏原声，将明日上午10点，在网易云音乐更新上架，欢迎游侠们前往网易云音乐搜索《燕云十六声》游戏原声音乐辑（河西卷），或前往 —— 版本开启丨日夜兼程，此刻「凉州」！-,《 版本 开启 丨 日夜兼程 ， 此刻 「 凉州 」 ！ 》 : [ ' 风雪 入 凉州 ， 诗酒 正 相逢 。 新版本 「 悠悠 凉州 彻 」 的 更新 现 已 完成 ， 「 河西 · 凉州 」 的 新篇章 即刻 启程 。 此 去 凉州 ， 踏 上 新 的 求索 。 当前 ， 首批 探索 区域 、 侠迹 、 野外 首领 等 诸多 新 的 游历 已 正式 开放 。 挥别 玉门 ， 奔赴 新 的 托付 。 踏 破 日夜 不停 的 风沙 ， 游侠 们 将 再次 深入 河西 ， 遇见 归唐路 上 的 诗酒 时空 。 抵达 凉州 后 ， 我们 将 抵达 什么 ？ 今日 新篇 启程 ， 也 想 与 游侠 们 小 探 诗情 ， 一起 在 细微处 开启 凉州 探索 的 乐趣 —— 但 愿 人 长久 ， 千里 共 婵娟 。 步入 凉州 ， 山 与 雪 、 诗 与 酒 的 绝景 直 入 眼帘 。 若 更 有 夺目 处 ， 那 便是 明月 高悬 ， 照耀 了 无数 诗情 与 思念 。 登高 目 极 ， 那里 可 有所 盼 之 地 ， 所 思 之 人 ？ 月 满 乡 近 ， 皓亮 清冽 之上 似 有 亭台 宫阙 —— “ 君 知 月 乃 七 宝 合成 乎 ？ ” 正如 唐 传奇 《 酉阳 杂俎 》 之 志怪 秘闻 ， 月亮 上 亦 有 能工巧匠 ， 在 不懈 雕琢 。 在 跨越 古今 的 想象 和 探求 中 ， 或许 是 离 所 盼 之 地 越来越 近 ， 玉斧 雕 月 的 碎屑 也 愈发 清晰 ， 其 将 化 作风 中 的 飘扬 轻雪 ， 也 将 以 宝箱 珍物 落 在 河西 之 地 。 照见 古人 之 月 ， 如今 也 照见 游侠 。 在 凉州 的 探索 收集 中 ， 希望 各位 除了 收获 珍宝 ， 也 能 收获 一 份 情致 。 月下 飞天镜 ， 云生结海楼 。 在 不期而遇 的 探索 中 ， 游侠 们 不仅 将 遇见 特殊 天气 效果 ， 也 可能 在 如 画 风景 中 瞥见 一 只 明镜 。 此物 别 有来头 ， 考据 自 历史 悠远 的 珍奇 文物 ， 将 在 后续 与 游侠 们 分享 。 此物 更 别 有 功用 ， 镜 内 镜 外 ， 为 虚 为 实 。 游侠 不妨 以身入镜 ， 或许 可 抵达 出乎意料 之 处 。 而 行 至 酒泉 ， 便 会 发现 这里 不止 有 美酒 有 故事 ， 还 可 在 「 一月三舟 」 中 浅尝 水 中 捞 月 、 借 「 青云梯 」 寻 宝 探游 ， 皆 等待 着 游侠 亲 试 。 朔气 传 金 柝 ， 寒光 照 铁衣 。 凉州 也 并非 像 表面 那样 静谧 平和 ， 凛凛 的 风雪 如 刀剑 锋利 ， 提醒 着 此刻 身处 江湖 。 闯荡 凉州 各处 ， 便 觉 杀机 涌现 ， 游侠 也 会 遇见 新 敌手 「 穆吞 牛 」 —— 其 体魄 硕健 ， 状 如 蛮 牛 。 持 磐石 挥舞 ， 力 有千钧 。 或 三两 为 营 ， 摧枯拉朽 ， 或 化 形 入 水 ， 行踪 诡异 。 天下 不定 ， 四方 割据 ， 方 有 此 祸 矣 。 柴门 闻 犬吠 ， 风雪 夜归人 。 往 风雪 深处 去 ， 有 人迹 之 处 也 有 诸多 故事 。 葡萄 美酒 说 藤王 ， 宝 刀 换 酒 可 倾囊 。 藤王村 盛产 酿造 美酒 的 稀有 品种 —— 藤王 葡萄 ， 尤 以 第一轮 汁水 酿 出来 的 葡萄酒 最为 珍贵 ， 远销 长安 。 如今 却 莫名 荒落 。 而 如今 藤王村 虽 已 衰敝 ， 然 每逢 清明 寒食 ， 犹 见 商队 行贾 ， 特 赴 村 外 荒家 旧园 ， 祭拜 故人 。 此行 偶遇 ， 游侠 不妨 与 之 共 探 此地 秘辛 。 凉州 各处 ， 尚 有 更 多 际遇 和 故事 ， 皆 等待 游侠 抽丝剥茧 ， 一 探 究竟 。 在 凉州 的 日 与 夜 ， 风雪 中 也 传来 了 新 的 乐篇 和 变奏 —— 凉州 篇章 的 部分 游戏 原声 ， 将 明日 上午10点 ， 在 网易云 音乐 更新 上架 ， 欢迎 游侠 们 前往 网易云 音乐 搜索 《 燕云十六声 》 游戏 原 声音 乐辑 （ 河西 卷 ） ， 或 前往,2025-05,版本开启丨日夜兼程，此刻「凉州」！
"['距离「河西·凉州」新篇正式开启，已不到一日。葡萄美酒，山雪玉樽，都已近在咫尺。明天此时，游侠们就已能踏出玉门风沙，仗剑行入凉州风雪之中。游侠在等待着凉州，凉州亦在等待着游侠。作为河西之旅承上启下的关键主章，它有诸多故事想要向游侠诉说。此前曾向各位介绍，凉州将是一个不断展开、不断演进的时空。游侠明日所见，也将只是凉州的一面。平静之下，有汹涌的暗流与风暴在此汇聚，酝酿着一场巨变。随着游侠探索的不断深入，凉州篇章的下一页也将由游侠亲手撕开，更多的探索区域、故事剧情、boss强敌等全新内容，也将随着故事的进程而一一展开浮现。（研发中版本，请以实际上线为准）江湖儿女总会为新的冒险而兴奋，可也会为旧的情义而眷留。凉州将行之际，游侠若是得空，不妨也回清河竹隐居看看。也许能找到一些旧物，一些旧忆，让行走异乡之时更为安心。在努力筹备新内容的同时，我们也在持续关注游侠们的反馈，对各项体验细节进行打磨调优。明日和新版本一起上线的，还有诸多功能优化与问题修复，例如：为辅助卸势增加了【辅助卸势-推荐】选项，游侠们可以根据自己的需要，忽略对普通怪物常规攻击的辅助卸势判定，使战斗过程更为流畅；优化了移动端包括「草地」环境的流畅性、「白头城」的战斗场景表现等诸多性能与画面表现；修复了武器外观·伞「月中诗」在部分情况下的半透效果显示异常等问题；此外，在明天的染色方案扩容功能上线之后，我们也将为全部在更新前踏入江湖的游侠赠送2个【梦染匣】。此道具限时30天有效，支持开启包括上衣与下装在内的「服装-染色方案」槽位，帮助游侠方便省心地收纳、切换多种染色方案。更多更新细节，游侠们可通过下方公告了解详情。近日，十六巷收到了游侠们关于81版本复制装备漏洞问题的反馈，经过排查核实，开发团队定位了恶意利用漏洞复制装备达到10件的29名玩家（另有215名玩家虽意外触发漏洞，但后续并未再主动复制装备，因不存在主观恶意且无明显获利，本次不计入违规），除回收全部获利装备、材料外，同时进行了账号及竞速榜单相关处罚。同时，针对近期流传的一些86版本“调律挂""、""异常数量妙音石""等聊天记录及游戏截图，开发团队经过反复核实后，确认为不实情况，请各位游侠也注意甄别虚假聊天记录或伪造截图等信息，谨防上当受骗。自公测开服至今，我们在持续监测使用第三方辅助软件的行为，包括但不限于：使用外挂、加速器或其他破坏游戏公平性的软件及""坐挂车""行为。我们将会对违规账号进行严厉打击，依据具体违规情况，对其进行清除全部排行榜成绩、相关玩法禁赛、暂时禁止登录、永久禁止登录等处罚。-，开发团队处理下榜玩家1202名，封停7天及以上玩家共720名，其中永久封停玩家417名。具体名单公示，游侠们可后续前往官网进行查看。各位游侠如在游戏内遇到不良行为，也欢迎通过游戏内的举报功能向我们反馈。若得之不正，则侠道有缺。良好的游戏环境，也请游侠与我们共同守护！凉州新篇，对游侠与我们，都是一段新的旅程。我们也在尽力调优筹备，争取为大家带来一个美好的开端。在新版本上线之后，也请游侠们发现问题时积极向我们反馈，为我们建言。幸得同行，定不相负！']。 —— 玉樽照雪明，明日赴凉州-","《 玉樽 照 雪 明 ， 明日 赴 凉州 》 : [ ' 距离 「 河西 · 凉州 」 新篇 正式 开启 ， 已 不 到 一日 。 葡萄 美酒 ， 山雪 玉樽 ， 都 已 近在咫尺 。 明天 此时 ， 游侠 们 就 已 能 踏 出 玉门 风沙 ， 仗剑 行 入 凉州 风雪 之中 。 游侠 在 等待 着 凉州 ， 凉州 亦 在 等待 着 游侠 。 作为 河西 之 旅 承上启下 的 关键 主章 ， 它 有 诸多 故事 想 要 向 游侠 诉说 。 此前 曾 向 各位 介绍 ， 凉州 将 是 一个 不断 展开 、 不断 演进 的 时空 。 游侠 明日 所 见 ， 也 将 只是 凉州 的 一面 。 平静 之下 ， 有 汹涌 的 暗流 与 风暴 在此 汇聚 ， 酝酿 着 一 场 巨变 。 随着 游侠 探索 的 不断 深入 ， 凉州 篇章 的 下 一 页 也 将 由 游侠 亲手 撕开 ， 更 多 的 探索 区域 、 故事 剧情 、 boss 强敌 等 全新 内容 ， 也 将 随着 故事 的 进程 而 一一 展开 浮现 。 （ 研发 中 版本 ， 请 以 实际 上线 为 准 ） 江湖儿女总 会 为 新 的 冒险 而 兴奋 ， 可 也 会 为 旧 的 情义 而 眷留 。 凉州 将行 之际 ， 游侠 若是 得空 ， 不妨 也 回 清河竹 隐居 看看 。 也许 能 找到 一些 旧物 ， 一些 旧忆 ， 让 行走 异乡 之 时 更为 安心 。 在 努力 筹备 新 内容 的 同时 ， 我们 也 在 持续 关注 游侠 们 的 反馈 ， 对 各项 体验 细节 进行 打磨 调优 。 明日 和 新版本 一起 上线 的 ， 还有 诸多 功能 优化 与 问题 修复 ， 例如 ： 为 辅助 卸势 增加 了 【 辅助 卸势 推荐 】 选项 ， 游侠 们 可以 根据 自己 的 需要 ， 忽略 对 普通 怪物 常规 攻击 的 辅助 卸势 判定 ， 使 战斗 过程 更为 流畅 ； 优化 了 移动端 包括 「 草地 」 环境 的 流畅性 、 「 白头城 」 的 战斗 场景 表现 等 诸多 性能 与 画面 表现 ； 修复 了 武器 外观 · 伞 「 月中诗 」 在 部分 情况 下 的 半 透 效果 显示 异常 等 问题 ； 此外 ， 在 明天 的 染色 方案 扩容 功能 上线 之后 ， 我们 也 将 为 全部 在 更新 前 踏 入 江湖 的 游侠 赠送 2个 【 梦染匣 】 。 此 道具 限时 30天 有效 ， 支持 开启 包括 上衣 与 下装 在内 的 「 服装 染色 方案 」 槽位 ， 帮助 游侠 方便 省心 地 收纳 、 切换 多种 染色 方案 。 更 多 更新 细节 ， 游侠 们 可 通过 下方 公告 了解 详情 。 近日 ， 十六巷 收到 了 游侠 们 关于 81 版本 复制 装备 漏洞 问题 的 反馈 ， 经过 排查 核实 ， 开发团队 定位 了 恶意 利用 漏洞 复制 装备 达到 10件 的 29名 玩家 （ 另 有 215名 玩家 虽 意外 触发 漏洞 ， 但 后续 并 未 再 主动 复制 装备 ， 因 不 存在 主观 恶意 且 无 明显 获利 ， 本 次 不 计入 违规 ） ， 除 回收 全部 获利 装备 、 材料 外 ， 同时 进行 了 账号 及 竞速 榜单 相关 处罚 。 同时 ， 针对 近期 流传 的 一些 86 版本 “ 调律挂 "" 、 "" 异常 数量 妙音石 "" 等 聊天 记录 及 游戏 截图 ， 开发 团队 经过 反复 核实 后 ， 确认 为 不 实 情况 ， 请 各位 游侠 也 注意 甄别 虚假 聊天 记录 或 伪造 截图 等 信息 ， 谨防 上当 受骗 。 自 公测 开服 至今 ， 我们 在 持续 监测 使用 第三方 辅助 软件 的 行为 ， 包括 但 不 限于 ： 使用 外挂 、 加速器 或 其他 破坏 游戏 公平性 的 软件 及 "" 坐 挂车 "" 行为 。 我们 将 会 对 违规 账号 进行 严厉 打击 ， 依据 具体 违规 情况 ， 对 其 进行 清除 全部 排行榜 成绩 、 相关 玩法 禁赛 、 暂时 禁止 登录 、 永久 禁止 登录 等 处罚 。 ， 开发 团队 处理 下榜 玩家 1202名 ， 封停 7天 及 以上 玩家 共 720名 ， 其中 永久 封停 玩家 417名 。 具体 名单 公示 ， 游侠 们 可 后续 前往 官网 进行 查看 。 各位 游侠 如 在 游戏 内 遇到 不良 行为 ， 也 欢迎 通过 游戏 内 的 举报 功能 向 我们 反馈 。 若 得 之 不 正 ， 则 侠道 有 缺 。 良好 的 游戏 环境 ， 也 请 游侠 与 我们 共同 守护 ！ 凉州 新篇 ， 对 游侠 与 我们 ， 都是 一段 新 的 旅程 。 我们 也 在 尽力 调优 筹备 ， 争取 为 大家 带来 一个 美好 的 开端 。 在 新版本 上线 之后 ， 也 请 游侠 们 发现 问题 时 积极 向 我们 反馈 ， 为 我们 建言 。 幸 得 同行 ， 定 不 相负 ！ ' ]",2025-05,玉樽照雪明，明日赴凉州
['倾杯以对月，雪将满凉州。还有最后2天，河西·凉州的新篇章就将开启。继续如诗的行旅，山雪美酒的河西要塞近在咫尺。自始，新的见闻和故事将随游侠的到来而提笔。因此凉州将是一个徐徐展开、不断演进的时空。接下来一段时间里，凉州的探索区域、故事剧情、boss强敌等，将随着游侠的探游而陆续更新、分批揭晓。定风波后，山河惊变。看似悠悠亘古的凉州，也将在后续更新的某个重要转折后，而展开全新的形态和区域。包括主线剧情在内的更多际遇，也将随着凉州的变化而发生。悠悠凉州，有英雄的侠情大义，亦有生而微末者的隐忍和抗争。河西的武林录之中，新的侠迹「玉露为乡」将在本周的更新后率先解锁。「玉露台」之畔，曾有一方葡萄园，居者一家三人。晨起剪枝，暮至压榨，指节皆染碧紫。彼等深信掌中老茧可酿甘醴，瓮中浊浆能易安乐。可葡萄滴翠甜美，可曾尝见人世甘苦？月轮几度满亏，岂能照亮命途褶皱？家人离散，只留稚女独守荒园。相传，有佳酿月光酒，取葡萄精魄，融月华而成，饮者不知他乡与故乡。异域的少女阿依奴在歌谣中讲述着故乡和至亲、传说与美酒。此时朔风吹起，故事不总是那么温柔。也如故事里的「望帝乡」曾令无数人神往，特别对酿酒师来说，那座高塔，有无数个攀登的理由。伴着少女的回忆和歌谣往高塔处去，那些并肩歃血的时刻终会被记住。传说般佳酿的甘饴与酸涩，也终将变成又一段值得品味的经历和记忆。酩酊此间，游侠也有机会窥见故人与故仇。那些恨是涌动的血与火，是铭记，也是意义。吟唱的歌谣中，还有鼓瑟齐发的新乐篇。音乐即将响起，「玉露为乡」的故事也静候游侠，待展全貌。侠至凉州，不止侠迹。还有更多新内容、新boss、新活动即将随着凉州篇章的开启而陆续展开。十六巷计划于-进行停服维护更新，维护期间将暂时无法登录游戏，开服时间将根据实际情况可能提前或延后，请游侠合理安排游戏进度。因维护给游侠带来的不便，十六巷深表歉意！我们将在维护结束后，为游侠奉上一份歉礼，请诸位游侠在维护结束后登录游戏查收。凉州的更多首批更新内容详情，还请查看下方长图公告——']。 —— 更新前瞻丨新侠迹「玉露为乡」并不温柔-,《 更新 前瞻 丨 新 侠迹 「 玉露为乡 」 并不 温柔 》 : [ ' 倾杯 以 对 月 ， 雪 将 满 凉州 。 还有 最后 2天 ， 河西 · 凉州 的 新篇章 就 将 开启 。 继续 如 诗 的 行旅 ， 山雪 美酒 的 河西要塞 近在咫尺 。 自始 ， 新 的 见闻 和 故事 将 随 游侠 的 到来 而 提笔 。 因此 凉州 将 是 一个 徐徐 展开 、 不断 演进 的 时空 。 接下来 一段 时间 里 ， 凉州 的 探索 区域 、 故事 剧情 、 boss 强敌 等 ， 将 随着 游侠 的 探游 而 陆续 更新 、 分批 揭晓 。 定风波 后 ， 山河 惊变 。 看似 悠悠 亘古 的 凉州 ， 也 将 在 后续 更新 的 某个 重要 转折 后 ， 而 展开 全新 的 形态 和 区域 。 包括 主线 剧情 在内 的 更 多 际遇 ， 也 将 随着 凉州 的 变化 而 发生 。 悠悠 凉州 ， 有 英雄 的 侠情 大义 ， 亦 有 生 而 微末 者 的 隐忍 和 抗争 。 河西 的 武林录 之中 ， 新 的 侠迹 「 玉露 为乡 」 将 在 本周 的 更新 后 率先 解锁 。 「 玉露台 」 之 畔 ， 曾 有 一 方 葡萄园 ， 居者 一家 三 人 。 晨 起 剪枝 ， 暮 至 压榨 ， 指节 皆 染 碧紫 。 彼等 深信 掌 中 老茧 可 酿 甘醴 ， 瓮 中 浊浆 能 易 安乐 。 可 葡萄 滴翠 甜美 ， 可曾 尝 见 人世 甘苦 ？ 月轮 几度 满亏 ， 岂能 照亮 命途 褶皱 ？ 家人 离散 ， 只 留 稚女 独 守 荒园 。 相传 ， 有 佳酿 月光酒 ， 取 葡萄 精魄 ， 融 月华 而 成 ， 饮者 不 知 他乡 与 故乡 。 异域 的 少女 阿依奴 在 歌谣 中 讲述 着 故乡 和 至亲 、 传说 与 美酒 。 此时 朔风 吹 起 ， 故事 不 总是 那么 温柔 。 也 如 故事 里 的 「 望帝乡 」 曾 令 无数 人 神往 ， 特别 对 酿酒师 来说 ， 那 座 高塔 ， 有 无数 个 攀登 的 理由 。 伴 着 少女 的 回忆 和 歌谣 往 高塔 处 去 ， 那些 并肩 歃 血 的 时刻 终 会 被 记住 。 传说 般 佳酿 的 甘饴 与 酸涩 ， 也 终将 变成 又 一段 值得 品味 的 经历 和 记忆 。 酩酊 此间 ， 游侠 也 有 机会 窥见 故人 与 故仇 。 那些 恨 是 涌动 的 血 与 火 ， 是 铭记 ， 也是 意义 。 吟唱 的 歌谣 中 ， 还有 鼓瑟 齐 发 的 新 乐篇 。 音乐 即将 响起 ， 「 玉露为乡 」 的 故事 也 静候 游侠 ， 待 展 全貌 。 侠 至 凉州 ， 不止 侠迹 。 还有 更 多 新 内容 、 新 boss 、 新 活动 即将 随着 凉州 篇章 的 开启 而 陆续 展开 。 十六巷 计划 于 进行 停服 维护 更新 ， 维护 期间 将 暂时 无法 登录 游戏 ， 开服 时间 将 根据 实际情况 可能 提前 或 延后 ， 请 游侠 合理 安排 游戏 进度 。 因 维护 给 游侠 带来 的 不便 ， 十六巷 深表 歉意 ！ 我们 将 在 维护 结束 后 ， 为 游侠 奉 上 一 份 歉礼 ， 请 诸位 游侠 在 维护 结束 后 登录 游戏 查收 。 凉州 的 更 多 首批 更新 内容 详情 ， 还 请 查看 下方 长图 公告 ——' ],2025-05,更新前瞻丨新侠迹「玉露为乡」并不温柔
"['弯弯月出挂城头，城头月出照凉州。凉州七里十万家，胡人半解弹琵琶。自古以来，凉州即是连通西域与汉家的门扉。上百年的战争与商贸催生出了独特的风土人情，让这里变成故事发生的绝佳舞台。关乎荣耀、使命、自由、生死……当故事交织在这里，即是属于凉州的百年孤独。这些故事，将在三天后开始与大家逐一见面。游侠们可以通过下方的先导预告，翻开新篇章的一角，一窥其中的风雪与剑光。关于凉州的主线故事及更多探索区域和内容，也将在后续的版本更新中，陆续解锁开放。悠悠凉州彻|河西新篇章「凉州」即将上线！205.5万观看764弹幕并非全部的故事都已完整，还有一些故事正在等待有缘人为它补上空缺。她，自长安奉旨前来和亲。初至凉州，但见黄沙漫卷，千里冰封，民不识丁。她知晓自己的命运，亦知自己肩头的重担。她在此兴庠序，修渠堰。凉州人人敬她，爱她。而她只是笑而不语，望着天边的月亮出神。她带着和平的希望来到凉州，最后也归身于凉州。临终之时，她在暴雪中登上望乡台，雪停之后，冰中只余一支玉桂步摇。如今，唯在玉池一角，还能窥见她的身影，以及她的抗争。全新野外boss「望月婵媛」，即将于凉州篇章的第一次更新中率先开放——切莫将她的优雅误解为娇柔与纤弱。作为一生都在与命运抗争之人，她坚韧的内心同样可以化为排山倒海的磅礴巨力。游侠任何的轻视与松懈，都将付出巨大的代价。只望游侠就是她那苦等经年的宿命之敌，能让她抛掉杂念酣畅一战。关于她的更多故事细节，也在凉州各处落有痕迹，若是有心之人，自能回顾其精彩的一生。独特的地理位置不止给凉州带来了故事，还带来了繁华。踏入新章之际，游侠也不妨再添几分风华。更新之后，将有全新外观、坐骑登陆燕云——全新外观【贺新词】新词佳句，本就天成。妙手偶得，岂须人为。山雪明月、美玉琼浆，凉州这几处特色天然便是绝妙钓诗钩。美景之下，新衣也多了几分诗意。全新外观【贺新词】即将上架，原价680「长鸣珠」，更新后游侠们可前往「商店」，以300「长鸣珠」折扣价购得。捏脸数据来自玩家投稿：丁葭*、周*全新坐骑【双峰驼】我一个人，也可以是一支驼队！提到边塞，怎么能少了骆驼！悠悠驼铃声起，淡黄旅灯一亮，再大的沙漠也不再孤独，再黑的夜晚也不再迷路！前往【商店】，即可以680【长鸣珠】购得全新坐骑【双峰驼】并附赠表情动作【驼贴】：驼驼贴贴，事事妥帖！坐骑【双峰驼】可通过道具【升级贴·双峰驼】进行升级，每次升级将增加1只骆驼并提升同骑人数,最多支持5人同乘组成驼队。骆里八驼数什么呢？快加入额的队伍！']。 —— 凉州预告pv发布！新boss抢鲜预览-","《 凉州 预告 PV 发布 ！ 新 BOSS 抢鲜 预览 》 : [ ' 弯弯 月 出 挂 城头 ， 城头 月 出 照 凉州 。 凉州 七里 十万 家 ， 胡人 半 解 弹 琵琶 。 自古以来 ， 凉州 即 是 连通 西域 与 汉家 的 门扉 。 上百年 的 战争 与 商贸 催生 出 了 独特 的 风土人情 ， 让 这里 变成 故事 发生 的 绝佳 舞台 。 关乎 荣耀 、 使命 、 自由 、 生死 …… 当 故事 交织 在 这里 ， 即 是 属于 凉州 的 百年 孤独 。 这些 故事 ， 将 在 三天 后 开始 与 大家 逐一 见面 。 游侠 们 可以 通过 下方 的 先导 预告 ， 翻开 新篇章 的 一 角 ， 一 窥 其中 的 风雪 与 剑光 。 关于 凉州 的 主线 故事 及 更 多 探索 区域 和 内容 ， 也 将 在 后续 的 版本 更新 中 ， 陆续 解锁 开放 。 悠悠 凉州彻 | 河西 新篇章 「 凉州 」 即将 上线 ！ 205.5万 观看 764 弹幕 并非 全部 的 故事 都 已 完整 ， 还有 一些 故事 正在 等待 有缘人 为 它 补 上 空缺 。 她 ， 自 长安 奉旨 前来 和亲 。 初 至 凉州 ， 但见 黄沙 漫卷 ， 千里 冰封 ， 民 不 识 丁 。 她 知晓 自己 的 命运 ， 亦 知 自己 肩头 的 重担 。 她 在此 兴 庠序 ， 修 渠堰 。 凉州 人人 敬 她 ， 爱 她 。 而 她 只是 笑 而 不 语 ， 望 着 天边 的 月亮 出神 。 她 带 着 和平 的 希望 来到 凉州 ， 最后 也 归身 于 凉州 。 临终 之 时 ， 她 在 暴雪 中 登上 望乡台 ， 雪 停 之后 ， 冰 中 只 余 一 支 玉桂 步 摇 。 如今 ， 唯 在 玉池 一 角 ， 还 能 窥见 她 的 身影 ， 以及 她 的 抗争 。 全新 野外 boss 「 望月 婵媛 」 ， 即将 于 凉州 篇章 的 第一次 更新 中 率先 开放 —— 切莫 将 她 的 优雅 误解 为 娇柔 与 纤弱 。 作为 一生 都 在 与 命运 抗争 之 人 ， 她 坚韧 的 内心 同样 可以 化为 排山倒海 的 磅礴 巨力 。 游侠 任何 的 轻视 与 松懈 ， 都 将 付出 巨大 的 代价 。 只 望 游侠 就 是 她 那 苦等 经年 的 宿命 之 敌 ， 能 让 她 抛 掉 杂念 酣畅 一 战 。 关于 她 的 更 多 故事 细节 ， 也 在 凉州 各处落 有 痕迹 ， 若是 有心 之 人 ， 自 能 回顾 其 精彩 的 一生 。 独特 的 地理位置 不止 给 凉州 带来 了 故事 ， 还 带来 了 繁华 。 踏 入 新章 之际 ， 游侠 也 不妨 再 添 几分 风华 。 更新 之后 ， 将 有 全新 外观 、 坐骑 登陆 燕云 —— 全新 外观 【 贺新词 】 新 词 佳句 ， 本 就 天 成 。 妙手 偶 得 ， 岂 须 人为 。 山雪明月 、 美玉琼浆 ， 凉州 这 几处 特色 天然 便是 绝妙 钓 诗钩 。 美景 之下 ， 新 衣 也 多 了 几分 诗意 。 全新 外观 【 贺新词 】 即将 上架 ， 原价 680 「 长鸣珠 」 ， 更新 后 游侠 们 可 前往 「 商店 」 ， 以 300 「 长鸣珠 」 折扣价 购得 。 捏脸 数据 来自 玩家 投稿 ： 丁葭* 、 周* 全新 坐骑 【 双峰驼 】 我 一个 人 ， 也 可以 是 一 支 驼队 ！ 提到 边塞 ， 怎么 能 少 了 骆驼 ！ 悠悠 驼铃 声 起 ， 淡黄 旅灯 一 亮 ， 再 大 的 沙漠 也 不再 孤独 ， 再 黑 的 夜晚 也 不再 迷路 ！ 前往 【 商店 】 ， 即可以 680 【 长鸣珠 】 购得 全新 坐骑 【 双 峰 驼 】 并 附赠 表情 动作 【 驼贴 】 ： 驼驼 贴贴 ， 事事 妥帖 ！ 坐骑 【 双峰驼 】 可 通过 道具 【 升级 贴 · 双峰驼 】 进行 升级 ， 每次 升级 将 增加 1 只 骆驼 并 提升 同骑 人数 , 最多 支持 5 人 同 乘 组成 驼队 。 骆 里 八 驼 数 什么 呢 ？ 快 加入 额 的 队伍 ！ ' ]",2025-05,凉州预告PV发布！新BOSS抢鲜预览
['在凉州「酒泉镇」中，有一座大气巍峨的市楼。此处正张灯结彩，焰火不停，一场永不落幕的庆典正在此举行。人们在这夜市千灯之中聚集狂欢，高声谈论着对归唐之后美好生活的憧憬，谈论着对那位伟大将军的敬仰。这一切，都指向着一个名字——张议潮。河西沦落百年余，路阻萧关雁信稀。赖得将军开旧路，一振雄名天下知。即使是在那个动荡年代，张议潮也是一众将星中最为璀璨的一颗。张议潮英勇起兵，驱逐吐蕃，如火燎原，率十一州而归唐，让失陷近百年之久的河西得以光复。因其辉煌功勋，日渐羸弱的帝国再一次挺起了脊梁，苦于暴政的河西人民也再一次燃起了希望。这样一位英杰，此时正静立在市楼之上，沉默地凝望着楼外百姓。究竟是何事，让正处于人生顶点的他如此心神不宁？或是因缘际会，或是宿命指引，游侠终将登上市楼，与这位历史上的传奇人物相遇。同为执剑之人，他将以别样的方式向游侠诉说，他的手中剑与心中剑为何而鸣。登楼之路，也将多有艰难险阻。暗藏于这凉州至高之处中的玄机与风暴，就待游侠自行前往揭秘。莫高窟第一百五十六窟，为张议潮功德窟。有一幅长近8.2米的宏伟壁画绘制于南壁之上，被称为《张议潮统军出行图》，纪念着张议潮收复河西的光辉事迹。其集历代鞍马人物绘画大成，开创了长卷历史人物画先河。历经千年的飞沙与烽火，洞窟的壁画变得漫漶不清，张议潮的形象也愈发模糊。在历史面前，英雄如他也不过一粒微尘，但他的故事，依旧值得被后人纪念与诉说。燕云已与敦煌画院达成合作，将在游戏中共同复原这副壁画千年前的模样。这件具有重大历史意义和艺术价值的文物，将成为燕云中重要的故事线索与设计元素。游侠将可以在凉州完整地欣赏到这幅古画的色彩与细节，并将被它指引，回溯他这二十年间的壮阔生平——后续，我们也将围绕《张议潮统军出行图》推出更多活动内容，为游侠们呈现它的独特魅力。凉州之地，往前一步为故土，后退一步即他乡。在这四方交汇融合之处，其中可歌可叹之事，并非只有家国大事。在凉州，我们将尝试使用更丰富的剧情主题与叙事表现方式。除了张议潮的故事之外，还有侠迹「玉露为乡」等诸多全新故事、奇遇等待游侠们前往探索。更多新内容情报，我们也将在后续为大家带来，敬请游侠们关注！明月照前路，归思入凉州。当前，新版本预下载也已正式开启，非常推荐游侠前往完成，以在更新后更顺畅地进入游戏。还有5天，河西新篇，不见不散！']。 —— 剧情前瞻丨又一位大唐英杰，静候与游侠相逢-,《 剧情 前瞻 丨 又 一 位 大唐 英杰 ， 静候 与 游侠 相逢 》 : [ ' 在 凉州 「 酒泉镇 」 中 ， 有 一 座 大气 巍峨 的 市楼 。 此处 正 张灯结彩 ， 焰火 不停 ， 一 场 永不 落幕 的 庆典 正 在此 举行 。 人们 在 这 夜市 千 灯 之中 聚集 狂欢 ， 高声 谈论 着 对 归唐 之后 美好 生活 的 憧憬 ， 谈论 着 对 那位 伟大 将军 的 敬仰 。 这 一切 ， 都 指向 着 一个 名字 —— 张议潮 。 河西 沦落 百年 余 ， 路 阻 萧关雁 信 稀 。 赖得 将军 开 旧 路 ， 一 振 雄名 天下 知 。 即使 是 在 那个 动荡 年代 ， 张议潮 也是 一众 将星 中 最为 璀璨 的 一 颗 。 张议潮 英勇 起兵 ， 驱逐 吐蕃 ， 如火燎原 ， 率 十一 州 而 归 唐 ， 让 失陷 近 百年 之 久 的 河西 得以 光复 。 因 其 辉煌 功勋 ， 日渐 羸弱 的 帝国 再 一次 挺起 了 脊梁 ， 苦于 暴政 的 河西 人民 也 再 一次 燃起 了 希望 。 这样 一 位 英杰 ， 此时 正 静立 在 市楼 之上 ， 沉默 地 凝望 着 楼 外 百姓 。 究竟 是 何 事 ， 让 正 处于 人生 顶点 的 他 如此 心神不宁 ？ 或是 因缘际会 ， 或是 宿命 指引 ， 游侠 终将 登上 市楼 ， 与 这 位 历史 上 的 传奇 人物 相遇 。 同 为 执 剑 之 人 ， 他 将 以 别样 的 方式 向 游侠 诉说 ， 他 的 手中 剑 与 心中 剑 为何 而 鸣 。 登 楼 之 路 ， 也 将 多 有 艰难险阻 。 暗藏 于 这 凉州 至 高 之 处 中 的 玄机 与 风暴 ， 就 待 游侠 自行 前往 揭秘 。 莫高窟 第一百五十六窟 ， 为 张议潮功德窟 。 有 一 幅 长 近 8.2米 的 宏伟 壁画 绘制 于 南壁 之上 ， 被 称为 《 张议潮 统军 出行 图 》 ， 纪念 着 张议潮 收复 河西 的 光辉 事迹 。 其 集 历代 鞍马 人物 绘画 大成 ， 开创 了 长卷 历史 人物画 先河 。 历经 千年 的 飞沙 与 烽火 ， 洞窟 的 壁画 变得 漫漶 不 清 ， 张议潮 的 形象 也 愈发 模糊 。 在 历史 面前 ， 英雄 如 他 也 不过 一 粒 微尘 ， 但 他 的 故事 ， 依旧 值得 被 后人 纪念 与 诉说 。 燕云 已 与 敦煌画院 达成 合作 ， 将 在 游戏 中 共同 复原 这 副 壁画 千年 前 的 模样 。 这 件 具有 重大 历史意义 和 艺术 价值 的 文物 ， 将 成为 燕云 中 重要 的 故事 线索 与 设计 元素 。 游侠 将 可以 在 凉州 完整 地 欣赏 到 这 幅 古 画 的 色彩 与 细节 ， 并 将 被 它 指引 ， 回溯 他 这 二十年 间 的 壮阔 生平 —— 后续 ， 我们 也 将 围绕 《 张议潮 统军 出行 图 》 推出 更 多 活动 内容 ， 为 游侠 们 呈现 它 的 独特 魅力 。 凉州 之 地 ， 往前 一 步 为 故土 ， 后退 一 步 即 他乡 。 在 这 四方 交汇 融合 之 处 ， 其中 可歌可叹 之 事 ， 并非 只有 家国 大事 。 在 凉州 ， 我们 将 尝试 使用 更 丰富 的 剧情 主题 与 叙事 表现 方式 。 除了 张议潮 的 故事 之外 ， 还有 侠迹 「 玉 露 为 乡 」 等 诸多 全新 故事 、 奇遇 等待 游侠 们 前往 探索 。 更 多 新 内容 情报 ， 我们 也 将 在 后续 为 大家 带来 ， 敬请 游侠 们 关注 ！ 明月 照 前路 ， 归思 入 凉州 。 当前 ， 新版本 预下载 也 已 正式 开启 ， 非常 推荐 游侠 前往 完成 ， 以 在 更新 后 更 顺畅 地 进入 游戏 。 还有 5天 ， 河西 新篇 ， 不见不 散 ！ ' ],2025-05,剧情前瞻丨又一位大唐英杰，静候与游侠相逢
['“一直朝着月亮走，便能到长安吗？”踏出玉门风沙，前路是心向婵娟的殷殷心切，也是此生归唐的宿命徜徉。六天之后，便是凉州声起之时。那么，该如何描述凉州的声音？也许是风在触碰轻雪，手在撩拨琴弦。呓语若梦似醒，酒杯跌落碰撞。围城内外喧哗，诗中世态炎凉。知名作曲家「陈致逸」也为河西·凉州创作了全新游戏原声《市楼-欢鼓奏明春》，欢迎前往官方公众号试听。当声与景齐聚，盼与游侠们共奏新章——凉州地图开发中效果，视频中场景将陆续开放马头琴，笛子，古筝......乐器交鸣变奏，欢快中的深意与宿命，将随着凉州篇章的展开而各有体会。作为与陈致逸老师合作的曲目之一，也希望乘此佳音，与游侠们深入河西，共览凉州风光。河西，是献给游侠们的“三行诗”。而凉州，便是诗中的关键起承。凉州地处河西走廊要道，历史中的人事物，皆不免在此处扼住命运与思乡。诗的意向之上，在“葡萄美酒夜光杯”的向往中，期待和游侠们踏上这片山与雪、酒与泉的热土。河西·凉州（文中场景素材，均为研发中效果）「饮马隘」从玉门风尘仆仆赶来，便可见废弃的「黄沙客栈」埋没于黄沙，这里曾为往来旅人提供庇护。世事有变，可黄沙道上的尘沙从不停歇，月光难明，归人无归。风雪戈壁之下，在「清玉岸」观酒泉清浅，临水岸旁能饮月，琢瑛声中数华年。此处更有祁连玉暖，夜光常满，隐迹已久的玉雕工坊再现“夜光明”，蒙尘之玉将迎新生。「玉池」「酒泉」之成，传闻是将军将御赐之酒倾入池中，酒液源源不断、如注涌出，漫至彼岸。一人饮之，千万人饮之；一人之心，千万人之心。士兵接踵渡河，大胜而归，碰撞的酒杯自泉眼升腾，旧日夜色，迎来新城。「酒泉镇」「天水集」位于凉州腹地。长桥横卧，市楼巍然。归唐的消息乘风而至，人们便沉浸在永不落幕的庆典之中。众人用杯子舀起满池美酒，敬那魂牵梦萦的未来。当欢乐模糊了昼与夜的分界，期盼也抚平了他乡与故国的伤痕。「无垢塔」旧名法华无垢，乃是高僧洪辩所建，为众僧诵经祈福之地。战乱时，无垢塔诸僧曾庇护归义军伤兵，因而遭逢劫难，塔损佛坍。如今凉州复归，河西清宁，历经战火摧折的无垢塔，静待着佛光重现之日。「玉露台」「悬樽山」孤峤寒荒，冰澌覆顶，人踪久绝。山侧有樽形石柱参天立，恍若高足之杯。山巅有墟落名曰藤王村，残垣断户，十室九空，炊烟稀若朔风遗絮。「藤王村」乃凉州古村落，唐时以“藤王葡萄”闻名，酿浆价抵百金，远销长安。安史兵乱后荒废，夜生鬼葡，晓光即萎，传为亡魂复业执念所致。现居守藤人寥寥数户。晦朔之交，朔雪坼地。夜禁入内，慎近残藤。相传，「望帝乡」属于一位公主。来自大唐的公主建起了这座高塔，日夜都在塔顶思念她的故乡。她看到故乡了吗？或许她什么也看不到了，只有无尽的风雪苍茫。或许她看到了什么，可是故乡已经不是记忆中的模样。回乡，哪里才是她的家乡？更多绝景静候游侠弯弯月出挂城头，城头月出照凉州。凉州七里十万家，胡人半解弹琵琶。琵琶一曲肠堪断，风萧萧兮夜漫漫。河西幕中多故人，故人别来三五春。花门楼前见秋草，岂能贫贱相看老。一生大笑能几回，斗酒相逢须醉倒。诗景相称，一窥新篇。凉州景致不止今日所见，琳琅风景中也有不期而遇的特殊天气效果，等待游侠亲身游历。燕子也将持续为大家带来更多新版本中新侠迹、新boss、新外观等诸多情报，敬请持续关注~悠悠凉州彻，诗梦山雪中，凉州见！']。 —— 全新地图丨悠悠凉州彻，诗梦山雪中-,《 全新 地图 丨 悠悠 凉州 彻 ， 诗 梦 山 雪中 》 : [ ' “ 一直 朝着 月亮 走 ， 便 能 到 长安 吗 ？ ” 踏 出 玉门 风沙 ， 前路 是 心 向 婵娟 的 殷殷 心切 ， 也是 此生 归 唐 的 宿命 徜徉 。 六天 之后 ， 便是 凉州 声 起 之 时 。 那么 ， 该 如何 描述 凉州 的 声音 ？ 也许 是 风 在 触碰 轻 雪 ， 手 在 撩拨 琴弦 。 呓语 若 梦 似 醒 ， 酒杯 跌落 碰撞 。 围城 内外 喧哗 ， 诗 中 世态 炎凉 。 知名 作曲家 「 陈致逸 」 也 为 河西 · 凉州 创作 了 全新 游戏 原声 《 市楼 欢鼓 奏 明春 》 ， 欢迎 前往 官方 公众号 试听 。 当 声 与 景 齐聚 ， 盼 与 游侠 们 共 奏 新章 —— 凉州 地图 开发 中 效果 ， 视频 中 场景 将 陆续 开放 马头琴 ， 笛子 ， 古筝 . . . . . . 乐器 交鸣 变奏 ， 欢快 中 的 深意 与 宿命 ， 将 随着 凉州 篇章 的 展开 而 各 有 体会 。 作为 与 陈致逸 老师 合作 的 曲目 之一 ， 也 希望 乘 此 佳音 ， 与 游侠 们 深入 河西 ， 共 览 凉州 风光 。 河西 ， 是 献给 游侠 们 的 “ 三行 诗 ” 。 而 凉州 ， 便是 诗 中 的 关键 起承 。 凉州 地处 河西走廊 要道 ， 历史 中 的 人事物 ， 皆 不免 在 此处 扼住 命运 与 思乡 。 诗 的 意向 之上 ， 在 “ 葡萄 美酒 夜光杯 ” 的 向往 中 ， 期待 和 游侠 们 踏 上 这 片 山 与 雪 、 酒 与 泉 的 热土 。 河西 · 凉州 （ 文 中 场景 素材 ， 均 为 研发 中 效果 ） 「 饮马隘 」 从 玉门 风尘仆仆 赶来 ， 便 可见 废弃 的 「 黄沙客栈 」 埋没 于 黄沙 ， 这里 曾 为 往来 旅人 提供 庇护 。 世事 有 变 ， 可 黄沙道 上 的 尘沙 从不 停歇 ， 月光 难 明 ， 归 人 无 归 。 风雪 戈壁 之下 ， 在 「 清玉岸 」 观 酒泉 清浅 ， 临 水岸 旁 能 饮 月 ， 琢瑛声 中 数 华年 。 此处 更 有 祁 连 玉暖 ， 夜光 常 满 ， 隐迹 已 久 的 玉雕工坊 再现 “ 夜光明 ” ， 蒙尘 之 玉 将 迎 新生 。 「 玉池 」「 酒泉 」 之 成 ， 传闻 是 将军 将 御赐 之 酒 倾 入 池 中 ， 酒液 源源不断 、 如 注 涌出 ， 漫 至 彼岸 。 一 人 饮 之 ， 千万 人 饮 之 ； 一 人 之 心 ， 千万 人 之 心 。 士兵 接踵 渡河 ， 大胜 而 归 ， 碰撞 的 酒杯 自 泉眼 升腾 ， 旧日 夜色 ， 迎来 新城 。 「 酒泉镇」「天水集」 位于 凉州 腹地 。 长桥 横卧 ， 市楼 巍然 。 归唐 的 消息 乘 风 而 至 ， 人们 便 沉浸 在 永不 落幕 的 庆典 之中 。 众人 用 杯子 舀 起 满 池 美酒 ， 敬 那 魂牵梦萦 的 未来 。 当 欢乐 模糊 了 昼 与 夜 的 分界 ， 期盼 也 抚平 了 他乡 与 故国 的 伤痕 。 「 无垢塔 」 旧名 法华 无垢 ， 乃是 高僧 洪辩 所 建 ， 为 众僧 诵经 祈福 之 地 。 战乱 时 ， 无垢塔 诸僧 曾 庇护 归义军 伤兵 ， 因而 遭逢 劫难 ， 塔 损 佛 坍 。 如今 凉州 复归 ， 河西 清宁 ， 历经 战火 摧折 的 无垢塔 ， 静待 着 佛光 重现 之 日 。 「 玉露台 」「 悬樽山 」 孤峤 寒荒 ， 冰澌 覆顶 ， 人踪 久 绝 。 山侧 有 樽形 石柱 参天 立 ， 恍若 高足 之 杯 。 山巅 有 墟落 名 曰 藤王村 ， 残垣 断户 ， 十 室 九 空 ， 炊烟 稀 若 朔风 遗絮 。 「 藤王村 」 乃 凉州 古 村落 ， 唐 时 以 “ 藤王 葡萄 ” 闻名 ， 酿浆 价 抵 百金 ， 远销 长安 。 安史 兵 乱 后 荒废 ， 夜生 鬼葡 ， 晓光 即 萎 ， 传 为 亡魂 复业 执念 所 致 。 现 居守 藤人 寥寥 数户 。 晦朔之交 ， 朔 雪 坼 地 。 夜禁 入 内 ， 慎 近 残藤 。 相传 ， 「 望帝乡 」 属于 一 位 公主 。 来自 大唐 的 公主 建起 了 这 座 高塔 ， 日夜 都 在 塔顶 思念 她 的 故乡 。 她 看到 故乡 了 吗 ？ 或许 她 什么 也 看 不 到 了 ， 只有 无尽 的 风雪 苍茫 。 或许 她 看到 了 什么 ， 可是 故乡 已经 不是 记忆 中 的 模样 。 回乡 ， 哪里 才是 她 的 家乡 ？ 更 多 绝景 静候 游侠 弯弯 月 出 挂 城头 ， 城头 月 出 照 凉州 。 凉州 七里 十万 家 ， 胡人 半解 弹 琵琶 。 琵琶 一 曲肠 堪 断 ， 风 萧萧 兮 夜 漫漫 。 河西 幕 中 多 故人 ， 故人 别 来 三五春 。 花门楼 前 见 秋草 ， 岂能 贫贱 相看 老 。 一生 大笑 能 几回 ， 斗酒 相逢 须 醉 倒 。 诗景 相称 ， 一 窥 新篇 。 凉州 景致 不止 今日 所 见 ， 琳琅 风景 中 也 有 不期而遇 的 特殊 天气 效果 ， 等待 游侠 亲身 游历 。 燕子 也 将 持续 为 大家 带来 更 多 新版本 中 新 侠迹 、 新 boss 、 新 外观 等 诸多 情报 ， 敬请 持续 关注 ~ 悠悠 凉州 彻 ， 诗 梦 山 雪 中 ， 凉州 见 ！ ' ],2025-05,全新地图丨悠悠凉州彻，诗梦山雪中
['葡萄美酒夜光杯，欲饮琵琶马上催。醉卧沙场君莫笑，古来征战几人回。一首脍炙人口的《凉州词》，勾勒出边塞的壮阔豪情与残酷暗流，这也是河西新篇章「凉州」的底色。下周五，美酒与美玉之城凉州就将正式与游侠们见面。侠道新卷，静待各位亲启！初见凉州，是耳目一新的边塞风光。山南山北雪晴，千里万里月明。飒飒飞雪之下，玉石铸就的杯状城池似凭空而立；清亮如月的酒液飞流直下，形成一片酒泉玉池，风来风往之间，似有醇厚如实质的酒香飘扬。虽同是浪漫与现实交织的时空，但又是相较于玉门完全不同的别样风情。绝景奇观之外，作为西域与汉家的交界之地，凉州更有几分繁华与热闹。文人墨客争相登顶题词的楼阁、孤独寂寥莫名极寒的高塔、大气华贵焰火盛放的市楼……历史的脉络在此处伸展蔓延，每一处建筑，似乎都有着它的故事，等待着向游侠诉说。渐识凉州，是更多扎根于历史与时代的沉浸故事。其中，有历史浪潮上的英雄。立下光复河西之功的张议潮，是当之无愧的传奇人物。在凉州，游侠将得以从全新的视角，深入这位大唐英雄的内心世界，探索荣耀背后不为人知的曲折和秘辛。无上的荣光之下，是一颗坚定如初的守护之心。当然，也有时代洪流中的普通人。荡气回肠的侠义故事，从来都不是大英雄们的专属。这一次，游侠们可以见证一场平凡人斩破枷锁的复仇之旅，并以“少东家”的身份，在故事中留下自己的共鸣与印记。研发中进度，以实机效果为准深入凉州，是更多的全新玩法内容。玉池之上，全新的野外首领望月婵媛已在此守候多时，等待着她的宿命之敌。同时也有更多强敌，将在凉州冒险中与游侠狭路相逢；天工回廊之中，也将迎来新的谜题。除却全新的解谜机制之外，还有一神秘的异族乐师等候其中。待游侠飞渡重门，巧解谜题，自会与之相遇；喜欢合力挑战强敌的游侠，也将在新版本中迎来新的试炼——全新试剑首领河伯、寄棺主，全新侠境首领田英、郭昕即将登场。这些携全新机制而来的劲敌们，都将成为游侠们侠道成就之路上的见证者。研发中进度，以实机效果为准以上新内容之外，新版本还有诸多新福利、新优化。为方便游侠们了解传阅，我们也准备了一份内容前瞻，敬请查收——从玉门到凉州，期间承载着千万游侠的支持与期待。我们对此深深感激，并引以为前进的动力。当前，新版本预下载也已正式开启，游侠们可以前往游戏主界面内，提前下载相关游戏资源。饮马隘的雪路，期待着各位的踏足。接下来，我们也将持续带来更多关于凉州的详细情报，且邀游侠，同游凉州！']。 —— 倒计时7天，只将诗思入凉州！-,《 倒计时 7天 ， 只 将 诗 思 入 凉州 ！ 》 : [ ' 葡萄 美酒 夜光杯 ， 欲 饮 琵琶 马上 催 。 醉 卧 沙场 君 莫 笑 ， 古来 征战 几 人 回 。 一 首 脍炙人口 的 《 凉州 词 》 ， 勾勒 出 边塞 的 壮阔 豪情 与 残酷 暗流 ， 这 也是 河西 新篇章 「 凉州 」 的 底色 。 下周五 ， 美酒 与 美玉 之 城 凉州 就 将 正式 与 游侠 们 见面 。 侠道 新卷 ， 静待 各位 亲 启 ！ 初见 凉州 ， 是 耳目一新 的 边塞 风光 。 山 南 山 北 雪晴 ， 千里 万里 月 明 。 飒飒 飞雪 之下 ， 玉石 铸 就 的 杯状 城池 似 凭空 而 立 ； 清亮 如 月 的 酒液 飞流 直 下 ， 形成 一片 酒泉 玉池 ， 风来风往 之间 ， 似 有 醇厚 如 实质 的 酒香 飘扬 。 虽 同 是 浪漫 与 现实 交织 的 时空 ， 但 又是 相较 于 玉门 完全 不同 的 别样 风情 。 绝景 奇观 之外 ， 作为 西域 与 汉家 的 交界 之 地 ， 凉州 更 有 几分 繁华 与 热闹 。 文人墨客 争相 登顶 题词 的 楼阁 、 孤独 寂寥 莫名 极寒 的 高塔 、 大气 华贵 焰火 盛放 的 市楼 …… 历史 的 脉络 在 此处 伸展 蔓延 ， 每 一 处 建筑 ， 似乎 都 有着 它 的 故事 ， 等待 着 向 游侠 诉说 。 渐 识 凉州 ， 是 更 多 扎根 于 历史 与 时代 的 沉浸 故事 。 其中 ， 有 历史 浪潮 上 的 英雄 。 立 下 光复 河西 之 功 的 张议潮 ， 是 当之无愧 的 传奇 人物 。 在 凉州 ， 游侠 将 得以 从 全新 的 视角 ， 深入 这 位 大唐 英雄 的 内心 世界 ， 探索 荣耀 背后 不 为 人 知 的 曲折 和 秘辛 。 无上 的 荣光 之下 ， 是 一 颗 坚定 如初 的 守护 之 心 。 当然 ， 也 有 时代 洪流 中 的 普通人 。 荡气回肠 的 侠义 故事 ， 从来 都 不是 大 英雄 们 的 专属 。 这 一次 ， 游侠 们 可以 见证 一 场 平凡 人 斩破 枷锁 的 复仇 之 旅 ， 并 以 “ 少东家 ” 的 身份 ， 在 故事 中 留下 自己 的 共鸣 与 印记 。 研发 中 进度 ， 以 实机 效果 为 准 深入 凉州 ， 是 更 多 的 全新 玩法 内容 。 玉池 之上 ， 全新 的 野外 首领 望月 婵媛 已 在此 守候 多时 ， 等待 着 她 的 宿命 之 敌 。 同时 也 有 更 多 强敌 ， 将 在 凉州 冒险 中 与 游侠 狭路相逢 ； 天工 回廊 之中 ， 也 将 迎来 新 的 谜题 。 除却 全新 的 解谜 机制 之外 ， 还有 一 神秘 的 异族 乐师 等候 其中 。 待 游侠 飞渡 重门 ， 巧 解 谜题 ， 自 会 与 之 相遇 ； 喜欢 合力 挑战 强敌 的 游侠 ， 也 将 在 新版本 中 迎来 新 的 试炼 —— 全新 试剑 首领 河伯 、 寄棺主 ， 全新 侠境 首领 田英 、 郭昕 即将 登场 。 这些 携 全新 机制 而 来 的 劲敌 们 ， 都 将 成为 游侠 们 侠道 成就 之 路 上 的 见证者 。 研发 中 进度 ， 以 实机 效果 为 准 以上 新 内容 之外 ， 新版本 还有 诸多 新 福利 、 新 优化 。 为 方便 游侠 们 了解 传阅 ， 我们 也 准备 了 一 份 内容 前瞻 ， 敬请 查收 —— 从 玉门 到 凉州 ， 期间 承载 着 千万 游侠 的 支持 与 期待 。 我们 对 此 深深 感激 ， 并 引 以 为 前进 的 动力 。 当前 ， 新版本 预下载 也 已 正式 开启 ， 游侠 们 可以 前往 游戏 主 界面 内 ， 提前 下载 相关 游戏 资源 。 饮马隘 的 雪路 ， 期待 着 各位 的 踏足 。 接下来 ， 我们 也 将 持续 带来 更 多 关于 凉州 的 详细 情报 ， 且 邀 游侠 ， 同游 凉州 ！ ' ],2025-05,倒计时7天，只将诗思入凉州！
['荷风催暑，共拓侠声，「夹钟并作·下」赛季本周即将正式开启。当夹钟之音响彻五月初夏，蠢蠢欲动的不只有河西探旅的生机和期待。在正式抵达凉州之前，脚下的江湖热土亦有诸多勃勃竞发。作为五月的第一次维护更新，诸多新活动、新优化、新外观将以承启之义，再奏江湖新声。纵横武林，常有侠道称奇。作为游侠们行走江湖的傍身之技，诸多奇术总能在剑拔弩张的交手中出奇制胜。在本周更新后，将有多个奇术特效外观即将上新，届时游侠即可前往【商店】购得。以武学新相，好一个打得漂亮，相信游侠们的奇术身手定然也将更为卓绝——「鹤破青冥」清风霁月，以鹤鸣彻以鹤为武，振翅间抖落三千桎梏；鹤影过处，铁索冰封尽作齑粉。更新后，游侠即可前往商店，以【980长鸣珠】购得奇术「清风霁月」的全新特效外观「鹤破青冥」。「月锁天罗」天罗月网，招出防破施术时月轮自圆而缺，幽丝缠缚百骸。待蟾宫尽墨，千缕月华骤化劫火，残月如镰刈尽魍魉。更新后，游侠即可前往商店，以【980长鸣珠】购得奇术「百鬼打穴手」的全新特效外观「月锁天罗」。「北辰星拱」金玉内外，辰星布锁脚踏七政四余，掌推三垣列宿，星盘轮转间二十八宿明灭如锁。纵有移山倒海之力，亦难逃斗转星移之锢。更新后，游侠即可前往商店，以【980长鸣珠】购得奇术「金玉手」的全新特效外观「北辰星拱」。在本周的更新中，除了奇术特效、战令套装、和鸣发型等外观上新，还有诸多新优化、新活动即将上线。赛季新启游侠毕至，万象更新之际，多个武学流派也将在本次更新中迎来平衡性优化，欢迎游侠们上线体验。我们也将持续关注武学平衡表现，并定期做出调整，感谢游侠们的支持与反馈！十六巷计划于-进行停服维护更新，维护期间将暂时无法登录游戏，开服时间将根据实际情况可能提前或延后，请游侠合理安排游戏进度。因维护给游侠带来的不便，十六巷深表歉意！我们将在维护结束后，为游侠奉上一份歉礼，请诸位游侠在维护结束后登录游戏查收。“叽叽叽叽叽叽叽叽叽叽叽叽叽叽叽叽叽叽！”——插翅就飞的燕叽此刻正带着游侠们的托付，穿越风沙赶赴凉州，预计明日起陆续为大家带来凉州新地图、新boss、新剧情等前瞻速览，敬请持续关注~本周的具体更新内容详情和平衡性调整细节，还请查看下方长图公告——']。 —— 更新前瞻丨奇术特效上新，优化马不停蹄-,《 更新 前瞻 丨 奇术 特效 上新 ， 优化 马不停蹄 》 : [ ' 荷风 催 暑 ， 共 拓 侠声 ， 「 夹钟 并 作 · 下」 赛季 本周 即将 正式 开启 。 当 夹钟 之 音 响彻 五月初夏 ， 蠢蠢欲动 的 不只有 河西 探旅 的 生机 和 期待 。 在 正式 抵达 凉州 之前 ， 脚下 的 江湖 热土 亦 有 诸多 勃勃 竞发 。 作为 五月 的 第一次 维护 更新 ， 诸多 新 活动 、 新 优化 、 新 外观 将 以 承启 之 义 ， 再 奏 江湖 新声 。 纵横 武林 ， 常有 侠道 称奇 。 作为 游侠 们 行走 江湖 的 傍身 之 技 ， 诸多 奇术 总能 在 剑拔弩张 的 交手 中 出奇制胜 。 在 本周 更新 后 ， 将 有 多个 奇术 特效 外观 即将 上新 ， 届时 游侠 即可 前往 【 商店 】 购得 。 以 武学 新相 ， 好一个 打 得 漂亮 ， 相信 游侠 们 的 奇术 身手 定然 也 将 更为 卓绝 ——「 鹤 破 青冥 」 清风 霁 月 ， 以 鹤 鸣 彻 以 鹤 为 武 ， 振翅 间 抖落 三千 桎梏 ； 鹤影 过 处 ， 铁索 冰封 尽 作 齑粉 。 更新 后 ， 游侠 即可 前往 商店 ， 以 【 980 长鸣珠 】 购得 奇术 「 清风 霁 月 」 的 全新 特效 外观 「 鹤 破 青冥 」 。 「 月 锁 天罗 」 天 罗 月网 ， 招 出 防 破 施术 时 月轮 自 圆 而 缺 ， 幽丝 缠缚 百 骸 。 待 蟾宫 尽 墨 ， 千缕 月华 骤化 劫火 ， 残月 如 镰 刈 尽 魍 魉 。 更新 后 ， 游侠 即可 前往 商店 ， 以 【 980 长鸣珠 】 购得 奇术 「 百鬼 打穴手 」 的 全新 特效 外观 「 月锁 天罗 」 。 「 北辰星拱 」 金玉 内外 ， 辰星 布锁 脚踏 七 政 四 余 ， 掌 推 三 垣 列宿 ， 星盘 轮转 间 二十八宿 明灭 如 锁 。 纵 有 移山倒海 之 力 ， 亦 难逃 斗转星移 之 锢 。 更新 后 ， 游侠 即可 前往 商店 ， 以 【 980 长鸣珠 】 购得 奇术 「 金玉手 」 的 全新 特效 外观 「 北辰 星拱 」 。 在 本周 的 更新 中 ， 除了 奇术 特效 、 战令 套装 、 和鸣发型 等 外观 上新 ， 还有 诸多 新 优化 、 新 活动 即将 上线 。 赛季 新启 游侠 毕 至 ， 万象更新 之际 ， 多个 武学 流派 也 将 在 本 次 更新 中 迎来 平衡性 优化 ， 欢迎 游侠 们 上线 体验 。 我们 也 将 持续 关注 武学 平衡 表现 ， 并 定期 做出 调整 ， 感谢 游侠 们 的 支持 与 反馈 ！ 十六巷 计划 于 进行 停服 维护 更新 ， 维护 期间 将 暂时 无法 登录 游戏 ， 开服 时间 将 根据 实际情况 可能 提前 或 延后 ， 请 游侠 合理 安排 游戏 进度 。 因 维护 给 游侠 带来 的 不便 ， 十六巷 深表 歉意 ！ 我们 将 在 维护 结束 后 ， 为 游侠 奉 上 一 份 歉礼 ， 请 诸位 游侠 在 维护 结束 后 登录 游戏 查收 。 “ 叽 叽 叽 叽 叽 叽叽 叽 叽叽 叽 叽叽 叽 叽 叽 叽 叽！ ” —— 插翅就 飞 的 燕叽 此刻 正 带 着 游侠 们 的 托付 ， 穿越 风沙 赶赴 凉州 ， 预计 明日 起 陆续 为 大家 带来 凉州 新 地图 、 新 boss 、 新 剧情 等 前瞻 速览 ， 敬请 持续 关注 ~ 本周 的 具体 更新 内容 详情 和 平衡性 调整 细节 ， 还 请 查看 下方 长图 公告 —— ' ],2025-05,更新前瞻丨奇术特效上新，优化马不停蹄
['盛夏已至，江湖内外气象一新。新声启鸣之际，新的篇章也将如期展开。本周更新之后，全新的「夹钟并作·下」赛季就将正式开启——侠道之路，再启新声全新世界等级、角色等级、装备等阶及养成即将开放砺武学之道，淬百兵之极。游侠们的武道之路将在新赛季再进一大步。版本更新后，「单人模式等级」将开放「十三级·普观」，游侠的角色等级上限也将提升至90级。86阶的装备也将开放获取，同步开放81阶「武库」，支持将被替换的81阶装备放入。装备培养上，41-45层「装备叠音」、86阶「装备调律」和「装备定音」培养也将同步开放。在调律和定音中，词条库将进行更新，词条属性亦将提升。相信在游侠提升之后，面对强敌可更为从容，还有诸多新挑战，等待着游侠以更强之姿去开启！全新战令外观「鹊踏枝」佳期鹊传，与子相约花气袭人知骤暖，鹊声穿树喜新晴。喜鹊如其名，自古以来有吉祥报喜、忠贞幸福之意。古人常说“抬头见喜”，愿此衣也能给各位游侠带来连连好运与美好幸福。捏脸数据来自玩家投稿：江闻枫、悦*购买精英战令可以解锁外观套装【鹊踏枝】、配饰自选包【一葫春色自选礼】、【袅袅之音】、【绕梁之音】、等额外奖励，并获得升级版精英权益。其中，配饰自选包【一葫春色自选礼】内包含配饰【葫中意】和配饰【灵鹊语】，游侠可自由选择其中一件。同时此配饰自选包也将上架商城，游侠可前往「商店」以60【长鸣珠】购得此配饰自选包。此外，本期战令中，游侠们还可以在「战令商店」兑换更丰富的商品，相较上期额外增加了【一贯宋元通宝】、战令【等级上限符】、可用于86阶装备养成的【转律石·金麟】、【变音石·金麟】等道具。同时也将提供额外的且价格更高的【云霞染粉】和【素裳染粉】，满足不同游侠的需要。优化内容，燕叽来报助力路牌升级、匹配不退有奖！还在为找不到可靠的助战游侠而焦虑？还在为匹配打本中途退队所困扰？在本次更新中，将有诸多呼声很高的功能细节优化即将上线！为了帮助游侠们快速了解优化内容，我们特意让素有“无所不知”之名的燕叽，为大家带来快速播报——江湖之事日新月异，若纯靠打听来搜集情报实属不易。为了让游侠们少走弯路，不落人后，全新栏目燕叽快报将持续更新，为大家带来新的关键江湖情报。关于本栏目的建议，也欢迎游侠们给我们建言！后面江湖新鲜事，来看燕叽就对了！除却上方图文中燕叽所提及的内容以外，还有一些关键优化即将在本周五上线。包括——更多结算演出支持展示武器：「沧海龙吟」、「剑影藏心」和「侠意」将支持展示游侠装配的武器外观，未来也将有更多结算演出支持武器外观展示功能，不用再担心结算动画里看不到自己精心搭配的武器外观！联机模式同游优化：更新后，处于联机状态下可以自由参与多人模式下的同游玩法，玩完以后可以无缝返回联机模式，切换更顺畅，同游更顺心！以上也非本次更新全部，更多更新内容详情，欢迎游侠们查看后续公告！']。 —— 再启新声，「夹钟并作·下」赛季即将开启！-,《 再 启 新声 ， 「 夹钟 并 作 · 下 」 赛季 即将 开启 ！ 》 : [ ' 盛夏 已 至 ， 江湖 内外 气象一新 。 新声 启鸣 之际 ， 新 的 篇章 也 将 如期 展开 。 本周 更新 之后 ， 全新 的 「 夹钟 并作 · 下 」 赛季 就 将 正式 开启 —— 侠道 之 路 ， 再 启 新声 全新 世界 等级 、 角色 等级 、 装备 等阶 及 养成 即将 开放 砺武学 之 道 ， 淬 百 兵 之极 。 游侠 们 的 武道 之 路 将 在 新 赛季 再 进 一 大步 。 版本 更新 后 ， 「 单人 模式 等级 」 将 开放 「 十三级 · 普观 」 ， 游侠 的 角色 等级 上限 也 将 提升 至 90级 。 86阶 的 装备 也 将 开放 获取 ， 同步 开放 81阶 「 武库 」 ， 支持 将 被 替换 的 81阶 装备 放 入 。 装备 培养 上 ， 41-45层 「 装备 叠音 」 、 86阶 「 装备 调律 」 和 「 装备 定音 」 培养 也 将 同步 开放 。 在 调律 和 定音 中 ， 词条库 将 进行 更新 ， 词条 属性 亦 将 提升 。 相信 在 游侠 提升 之后 ， 面对 强敌 可 更为 从容 ， 还有 诸多 新 挑战 ， 等待 着 游侠 以 更 强 之 姿 去 开启 ！ 全新 战令 外观 「 鹊踏枝 」 佳期 鹊传 ， 与 子 相约 花气 袭 人 知 骤暖 ， 鹊声 穿 树 喜新 晴 。 喜鹊 如 其 名 ， 自古以来 有 吉祥 报喜 、 忠贞 幸福 之 意 。 古人 常 说 “ 抬头 见喜 ” ， 愿 此 衣 也 能 给 各位 游侠 带来 连连 好运 与 美好 幸福 。 捏脸 数据 来自 玩家 投稿 ： 江闻枫 、 悦 * 购买 精英 战令 可以 解锁 外观 套装 【 鹊踏枝 】 、 配饰 自选包 【 一葫 春色 自选礼 】 、 【 袅袅之音 】 、 【 绕梁之音 】 、 等 额外 奖励 ， 并 获得 升级版 精英 权益 。 其中 ， 配饰 自选包 【 一葫 春色 自选礼 】 内 包含 配饰 【 葫中意 】 和 配饰 【 灵鹊语 】 ， 游侠 可 自由 选择 其中 一件 。 同时 此 配饰 自选包 也 将 上架 商城 ， 游侠 可 前往 「 商店 」 以 60 【 长鸣珠 】 购得 此 配饰 自选包 。 此外 ， 本 期 战令 中 ， 游侠 们 还 可以 在 「 战令 商店 」 兑换 更 丰富 的 商品 ， 相较 上期 额外 增加 了 【 一贯 宋元通宝 】 、 战令 【 等级 上限符 】 、 可 用于 86阶 装备 养成 的 【 转律 石 ·金麟 】 、 【 变音 石 ·金麟 】 等 道具 。 同时 也 将 提供 额外 的 且 价格 更 高 的 【 云霞染粉 】 和 【 素裳染粉 】 ， 满足 不同游侠 的 需要 。 优化 内容 ， 燕叽 来 报 助力 路牌 升级 、 匹配 不 退 有奖 ！ 还 在 为 找 不 到 可靠 的 助战 游侠 而 焦虑 ？ 还 在 为 匹配 打本 中途 退队 所 困扰 ？ 在 本 次 更新 中 ， 将 有 诸多 呼声 很 高 的 功能 细节 优化 即将 上线 ！ 为了 帮助 游侠 们 快速 了解 优化 内容 ， 我们 特意 让 素有 “ 无所不知 ” 之 名 的 燕叽 ， 为 大家 带来 快速 播报 —— 江湖 之 事 日新月异 ， 若 纯 靠 打听 来 搜集 情报 实属 不易 。 为了 让 游侠 们 少 走 弯路 ， 不落人后 ， 全新 栏目 燕叽快报 将 持续 更新 ， 为 大家 带来 新 的 关键 江湖 情报 。 关于 本 栏目 的 建议 ， 也 欢迎 游侠 们 给 我们 建言 ！ 后面 江湖 新鲜事 ， 来看 燕叽 就 对 了 ！ 除却 上方 图 文 中 燕叽 所 提及 的 内容 以外 ， 还有 一些 关键 优化 即将 在 本周五 上线 。 包括 —— 更 多 结算 演出 支持 展示 武器 ： 「 沧海龙吟 」 、 「 剑影藏心 」 和 「 侠意 」 将 支持 展示 游侠 装配 的 武器 外观 ， 未来 也 将 有 更 多 结算 演出 支持 武器 外观 展示 功能 ， 不用 再 担心 结算 动画 里 看 不 到 自己 精心 搭配 的 武器 外观 ！ 联机 模式 同游 优化 ： 更新 后 ， 处于 联机 状态 下 可以 自由 参与 多 人 模式 下 的 同游 玩法 ， 玩 完 以后 可以 无缝 返回 联机 模式 ， 切换 更 顺畅 ， 同游 更 顺心 ！ 以上 也 非 本 次 更新 全部 ， 更 多 更新 内容 详情 ， 欢迎 游侠 们 查看 后续 公告 ！ ' ],2025-05,再启新声，「夹钟并作·下」赛季即将开启！
['五月伊始，立夏启鸣，江湖上的声声侠音也日益澎湃热切。众声振发之际，诸多新优化和新外观即将上线，其中活跃代币奖池活动「和鸣-金声长鸣」也将在本周迎来绝世外观的上新——发色各异如夏花招展，携此伴侠入夏，定然各有所得。多样发色金声长鸣声若夏花，各有增彩众生长鸣应有时，声若夏花当如是。更新后，游侠们前往【和鸣-金声长鸣】中使用活跃代币长鸣玉兑换的【绕梁之音】进行和鸣，即有机会获得全新绝世奖励「映花红」（红）、「月如雪」（白）、「晓莺啼」（金）。累计到达一定和鸣次数（含更新前历史次数）即可开放抽取。江湖勃勃生机之际，发色有异，发丝展情，希望这些新外观能带给大家更多焕然新意。后续我们也将持续上新更多可通过长鸣玉免费获取的外观，更好地彰显游侠们的多样英姿。捏脸数据来自玩家投稿：临昭、公瑾栎随着绝世外观的上新，我们也优化了【和鸣-金声长鸣】的奖池规则——为金声长鸣带来更为公平的“累抽特权”，将充分考虑游侠们的历史和鸣次数累积，总累积次数高的游侠在抽中绝世奖励时更容易获得新奖励。需要游侠们注意的是，本期【和鸣-大音希声】将延长至后更新下架，欢迎游侠们前往获取诸多绝世外观。此外，为了进一步优化绝世外观的获取体验，本周更新后，将开放支持使用【袅袅之音】抵扣【袅袅之音·绑】进行和鸣，以便各位更随心地获取心仪外观。燕子也会为大家持续带来更多新外观、新优化的情报，如全新的战令外观，预计将在明日与大家分享。此外，本周更新后画舫中也迎来新气象，浮景行舟途中将新增「斗财主」「平地起高人」「嫖姚棋」玩法，无论是打牌下棋，还是“叠罗汉”，都将是行舟之上新一番妙趣光景。后续，我们也会逐步开放舫主自选玩法功能，让独乐乐，众亦乐乐。在欣欣向荣的五月，有越来越多游侠来到燕云，亦有诸多精彩皆在前路、即将发生。如历史由人民写就，侠义也由游侠们书写。大家一如既往的支持，是我们不断打磨创作、精进求索的无尽动力。上周，我们的主创团队有幸接受了央视新闻的采访，采访中我们也将燕云创作中的故事以及与游侠们的经历，分享给了更多的朋友。如在采访中的表达，游戏里无论是出自古籍、有迹可考的场景和服饰等细节，还是取材自博物馆中意蕴悠长的历史文物，抑或是表达历史故事与人物情绪的音乐设计，我们相信用身体力行的热情和真诚，就终能跨越时间，抵达那份将心比心的真心。而游侠们展现的风采，也是此番真心最好的印证——有一起走近历史、共话侠情的触动和讨论，也有跟着燕云线下畅游开封、河西的身姿风采。此番种种，皆是游侠们在游戏内外亲手写就的，属于游侠们的新故事。【当燃青年】用游戏“复活”千年古城2.7万观看144弹幕一直以来，也因为游侠们的喜爱与支持，才让我们得到了新华社、中国青年网、中国青年报等媒体的持续关注和报道，这些都让我们更加坚定了心中侠道。也希望燕云，能继续成为连结侠情与历史的纽带和桥梁。还有10天，河西·凉州的全新篇章即将于开启。在新的篇章中，游侠们也将继续见证更多历史中的故事与角色。在河西归途，盼与各位继续论迹论心，共铸侠情！焕然新相，与侠共塑。江湖多姿之美，也有赖游侠们共同写就。网易游戏学堂x《燕云十六声》高校原画大赛正式开启！诚邀少东家们执笔入梦，共塑燕云千面侠影。听闻少东家们个个都妙笔生花，特此诚邀诸位速来参赛！戳长图可查看大赛详情&扫码加入赛事群>>>']。 —— 和鸣预告丨「金声长鸣」绝世外观即将上新-,《 和鸣 预告 丨 「 金声 长鸣 」 绝世 外观 即将 上新 》 : [ ' 五月 伊始 ， 立夏 启鸣 ， 江湖 上 的 声声 侠音 也 日益 澎湃 热切 。 众声 振发 之际 ， 诸多 新 优化 和 新 外观 即将 上线 ， 其中 活跃 代币 奖池 活动 「 和鸣 金声 长鸣 」 也 将 在 本周 迎来 绝世 外观 的 上新 —— 发色 各异 如 夏花 招展 ， 携 此 伴侠 入 夏 ， 定然 各 有 所得 。 多样 发色 金声 长鸣声 若 夏花 ， 各 有 增彩 众生 长鸣 应有 时 ， 声 若 夏花 当 如是 。 更新 后 ， 游侠 们 前往 【 和鸣 金声 长鸣 】 中 使用 活跃 代币 长鸣玉 兑换 的 【 绕梁之音 】 进行 和鸣 ， 即 有 机会 获得 全新 绝世 奖励 「 映花红 」 （ 红 ） 、 「 月如雪 」 （ 白 ） 、 「 晓莺啼 」 （ 金 ） 。 累计 到达 一定 和鸣 次数 （ 含 更新 前 历史 次数 ） 即可 开放 抽取 。 江湖 勃勃生机 之际 ， 发色 有异 ， 发丝 展情 ， 希望 这些 新 外观 能 带 给 大家 更 多 焕然 新意 。 后续 我们 也 将 持续 上新 更 多 可 通过 长鸣玉 免费 获取 的 外观 ， 更 好 地 彰显 游侠 们 的 多样 英姿 。 捏脸 数据 来自 玩家 投稿 ： 临昭 、 公瑾栎 随着 绝世 外观 的 上新 ， 我们 也 优化 了 【 和鸣 金声 长鸣 】 的 奖池 规则 —— 为 金声 长鸣 带来 更为 公平 的 “ 累抽 特权 ” ， 将 充分 考虑 游侠 们 的 历史 和鸣 次数 累积 ， 总 累积 次数 高 的 游侠 在 抽中 绝世 奖励 时 更 容易 获得 新 奖励 。 需要 游侠 们 注意 的 是 ， 本 期 【 和鸣 大音希声 】 将 延长 至 后 更新 下架 ， 欢迎 游侠 们 前往 获取 诸多 绝世 外观 。 此外 ， 为了 进一步 优化 绝世 外观 的 获取 体验 ， 本周 更新 后 ， 将 开放 支持 使用 【 袅袅之音 】 抵扣 【 袅袅之音 · 绑 】 进行 和鸣 ， 以便 各位 更 随心 地 获取 心仪 外观 。 燕子 也 会 为 大家 持续 带来 更 多 新 外观 、 新 优化 的 情报 ， 如 全新 的 战令 外观 ， 预计 将 在 明日 与 大家 分享 。 此外 ， 本周 更新 后 画舫 中 也 迎来 新气象 ， 浮景 行舟 途中 将 新增 「 斗财主 」「 平地 起 高人 」「 嫖姚棋 」 玩法 ， 无论是 打牌 下棋 ， 还是 “ 叠罗汉 ” ， 都 将 是 行舟 之上 新 一番 妙趣 光景 。 后续 ， 我们 也 会 逐步 开放 舫主 自 选 玩法 功能 ， 让 独乐乐 ， 众 亦 乐乐 。 在 欣欣向荣 的 五月 ， 有 越来越 多 游侠 来到 燕云 ， 亦 有 诸多 精彩 皆 在 前路 、 即将 发生 。 如 历史 由 人民 写 就 ， 侠义 也 由 游侠 们 书写 。 大家 一如既往 的 支持 ， 是 我们 不断 打磨 创作 、 精进 求索 的 无尽 动力 。 上周 ， 我们 的 主创 团队 有幸 接受 了 央视 新闻 的 采访 ， 采访 中 我们 也 将 燕云 创作 中 的 故事 以及 与 游侠 们 的 经历 ， 分享 给 了 更 多 的 朋友 。 如 在 采访 中 的 表达 ， 游戏 里 无论是 出自 古籍 、 有 迹 可 考 的 场景 和 服饰 等 细节 ， 还是 取材 自 博物馆 中 意蕴 悠长 的 历史 文物 ， 抑或 是 表达 历史 故事 与 人物 情绪 的 音乐 设计 ， 我们 相信 用 身体力行 的 热情 和 真诚 ， 就 终 能 跨越 时间 ， 抵达 那 份 将心比心 的 真心 。 而 游侠 们 展现 的 风采 ， 也是 此 番 真心 最好 的 印证 —— 有 一起 走近 历史 、 共话 侠情 的 触动 和 讨论 ， 也 有 跟着 燕云 线 下 畅游 开封 、 河西 的 身姿 风采 。 此 番 种种 ， 皆 是 游侠 们 在 游戏 内外 亲手 写 就 的 ， 属于 游侠 们 的 新 故事 。 【 当 燃 青年 】 用 游戏 “ 复活 ” 千年 古城 2.7万 观看 144 弹幕 一直以来 ， 也 因为 游侠 们 的 喜爱 与 支持 ， 才 让 我们 得到 了 新华社 、 中国青年网 、 中国青年报 等 媒体 的 持续 关注 和 报道 ， 这些 都 让 我们 更加 坚定 了 心中 侠道 。 也 希望 燕云 ， 能 继续 成为 连结 侠情 与 历史 的 纽带 和 桥梁 。 还有 10天 ， 河西 · 凉州 的 全新 篇章 即将 于 开启 。 在 新 的 篇章 中 ， 游侠 们 也 将 继续 见证 更 多 历史 中 的 故事 与 角色 。 在 河西 归途 ， 盼 与 各位 继续 论迹论心 ， 共 铸 侠情 ！ 焕然新相 ， 与 侠 共 塑 。 江湖 多姿 之 美 ， 也 有赖 游侠 们 共同 写 就 。 网易游戏学堂 x 《 燕云十六声 》 高校 原画 大赛 正式 开启 ！ 诚 邀 少东家 们 执笔 入梦 ， 共 塑 燕云 千 面 侠影 。 听闻 少东家 们 个个 都 妙笔生花 ， 特此 诚邀 诸位 速 来 参赛 ！ 戳 长 图 可 查看 大赛 详情 & 扫码 加入 赛事群 > > > ' ],2025-05,和鸣预告丨「金声长鸣」绝世外观即将上新
['假日悠悠，欣欣向荣，转眼已到百司休沐的最后一日。众生强敌即将返工，虽有诸多意犹未尽，但游侠们的黄金假期和精彩探游还在继续！燕子也发来特别提醒，随着明日休沐之期结束，不仅市井百司再归其岗，镇守首领们的战意也将全盛回归。也意味着镇守挑战将全面恢复正常的机制和奖励，而且休沐期间神威尽显的「黄金膝」奇术的成功概率也将回到正常的水平，且恢复每日生效次数上限。观休沐数日间，才华横溢的游侠们也各自发挥，展现了诸多别样身手和才华脑洞。在此期间，我们也收到很多游侠在游戏内外的精彩分享，其中一组趣味投稿作品，风趣幽默地展现了众生休沐之际，镇守故人们的“休假精神状态”——感谢玩家“糊81”的精彩投稿假日悠游间，游戏内「夏启边声」等主题活动尽展侠姿热烈。游侠们也可抓住休沐之期的最后一日，再与各位强敌故人松弛相会，把牌言欢！不仅如此，近日也有一些江湖故人，已为游侠们持续奉上「袅袅之音·绑」等邮件赠礼。据说今夜，睡道人也想与游侠们共话休沐美梦，更有江湖赠礼，请游侠们记得一并查收。与此同时，我们与甘肃省文旅厅的限时联动合作仍在进行，有幸与诸多游侠共赴河西，线下相会，实属快哉——5.3-5.5期间，每日-（为感谢游侠们的热情参与，特增加了1小时互动时间），游侠们可前往玉门小方盘城遗址界碑摆放处附近，寻找身着新手游侠服装的“彩蛋使者”，触发线下彩蛋小活动。河西风土壮丽而隽美，不论自然还是人文皆有其独特的魅力与底蕴。随着燕云界碑在各处景点的点亮，在向往中的河西，也传回了精彩联动实况，盼与各位分享。玉门关·小方盘城遗址雅丹国家地质公园游侠们可以跟随着线下探游的脚步身入河西，也可以在游戏中继续探游河西·玉门关，各有悠游之情，风华绝景。而就在，河西·凉州的神秘面纱也即将缓缓揭开。这个假期，制作组也在加紧推进凉州版本的开发和优化。燕子也在官方公众号特意衔来了关于凉州的最新音乐片段，与游侠们抢鲜共享。五月的琵琶声起，凉州的画卷与情思渐进展开。河西的主旋律，也在山与雪的见证下，迎来新的变奏。意蕴悠扬中，盼与游侠们继续前路为伴。下周，我们也将陆续为大家带来关于凉州版本的新内容介绍，也敬请关注我们的后续动态。仲吕音起，已近立夏。下一段绚烂难忘的旅程，很快就开始了！']。 —— 休沐意犹未尽，燕云界碑点亮「河西」-,《 休沐 意 犹 未 尽 ， 燕云 界碑 点亮 「 河西 」 》 : [ ' 假日 悠悠 ， 欣欣向荣 ， 转眼 已 到 百司 休沐 的 最后 一日 。 众生 强敌 即将 返工 ， 虽 有 诸多 意犹未尽 ， 但 游侠 们 的 黄金 假期 和 精彩 探游 还 在 继续 ！ 燕子 也 发来 特别 提醒 ， 随着 明日 休沐 之 期 结束 ， 不仅 市井 百司 再 归 其 岗 ， 镇守 首领 们 的 战意 也 将 全盛 回归 。 也 意味着 镇守 挑战 将 全面 恢复 正常 的 机制 和 奖励 ， 而且 休沐 期间 神威 尽 显 的 「 黄金膝 」 奇术 的 成功 概率 也 将 回到 正常 的 水平 ， 且 恢复 每日 生效 次数 上限 。 观 休沐 数日 间 ， 才华横溢 的 游侠 们 也 各自 发挥 ， 展现 了 诸多 别样 身手 和 才华 脑洞 。 在 此 期间 ， 我们 也 收到 很多 游侠 在 游戏 内外 的 精彩 分享 ， 其中 一 组 趣味 投稿 作品 ， 风趣 幽默 地 展现 了 众生 休沐 之际 ， 镇守 故人 们 的 “ 休假 精神 状态 ” —— 感谢 玩家 “ 糊 81 ” 的 精彩 投稿 假日 悠游间 ， 游戏 内 「 夏启 边声 」 等 主题 活动 尽 展 侠姿 热烈 。 游侠 们 也 可 抓住 休沐 之 期 的 最后 一日 ， 再 与 各位 强敌 故人 松弛 相会 ， 把 牌 言 欢 ！ 不仅 如此 ， 近日 也 有一些 江湖 故人 ， 已 为 游侠 们 持续 奉 上 「 袅袅之音 · 绑 」 等 邮件 赠礼 。 据说 今夜 ， 睡道人 也 想 与 游侠 们 共话 休沐 美梦 ， 更 有 江湖 赠礼 ， 请 游侠 们 记得 一并 查收 。 与此同时 ， 我们 与 甘肃省文旅厅 的 限时 联动 合作 仍 在 进行 ， 有幸 与 诸多 游侠 共 赴 河西 ， 线下 相会 ， 实 属 快哉 —— 5.3 5.5 期间 ， 每日 （ 为 感谢 游侠 们 的 热情 参与 ， 特 增加 了 1小时 互动 时间 ） ， 游侠 们 可 前往 玉门 小方盘城遗址 界碑 摆放处 附近 ， 寻找 身着 新手 游侠 服装 的 “ 彩蛋 使者 ” ， 触发 线下 彩蛋 小 活动 。 河西 风土 壮丽 而 隽美 ， 不论 自然 还是 人文 皆 有 其 独特 的 魅力 与 底蕴 。 随着 燕云界碑 在 各处 景点 的 点亮 ， 在 向往 中 的 河西 ， 也 传 回 了 精彩 联动 实况 ， 盼 与 各位 分享 。 玉门 ·小方盘城遗址 雅丹国家地质公园 游侠 们 可以 跟随 着 线下 探游 的 脚步 身 入 河西 ， 也 可以 在 游戏 中 继续 探游 河西 ·玉门 ， 各 有 悠游 之 情 ， 风华 绝景 。 而 就 在 ， 河西 ·凉州 的 神秘 面纱 也 即将 缓缓 揭开 。 这个 假期 ， 制作组 也 在 加紧 推进 凉州 版本 的 开发 和 优化 。 燕子 也 在 官方 公众号 特意 衔 来 了 关于 凉州 的 最新 音乐 片段 ， 与 游侠 们 抢鲜 共享 。 五月 的 琵琶声 起 ， 凉州 的 画卷 与 情思 渐进 展开 。 河西 的 主旋律 ， 也 在 山 与 雪 的 见证 下 ， 迎来 新 的 变奏 。 意蕴 悠扬 中 ， 盼 与 游侠 们 继续 前路 为 伴 。 下周 ， 我们 也 将 陆续 为 大家 带来 关于 凉州 版本 的 新 内容 介绍 ， 也 敬请 关注 我们 的 后续 动态 。 仲吕 音 起 ， 已 近 立夏 。 下 一段 绚烂 难忘 的 旅程 ， 很快 就 开始 了 ！ ' ],2025-05,休沐意犹未尽，燕云界碑点亮「河西」
['在春夏交融的热烈中，五一小长假伊始。人间如此值得，江湖上遍是松弛闲趣。形劳而不休则弊，精用而不已则劳。“休沐”之制自古便有，劳逸结合、休养生息的松弛，在燕云中相得益彰。近日休沐之令既出，江湖上下同心，各有修养。甚至就连镇守首领们，都放假了！？「首领休沐」现已开启，5.1-5.3休沐期间，诸多镇守首领处，皆高挂免战之旗。虽休沐有理，但刀一日不磨则钝，膝一日不曲则麻。江湖酣畅，不可不战，特别是镇守奖励可不能停！关于如何在休沐之时请得动这些首领，燕叽则有秘闻可以与游侠们分享一二——相信如今游侠们，皆已上线领悟了「黄金膝」奇术。此术虽奇，但亦有铮铮铁骨，只跪侠义。练习之余，便能发觉此术在休沐之际另有妙用，用上黄金膝，不妨一试——请休沐的boss出山为战，不战而屈人之兵。且限定在休沐三日期间，此术的成功概率大幅增加。你，过来啊！休沐假期寸时寸金，也令人不禁遐思，这些疏于镇守的boss们，会如何各讨闲趣。而在勾栏瓦肆悠游一番便知，这些大人物，原来是在「耍大牌」！曾几何时，在镇守中交手，已领略过这些江湖故人各自的身怀绝技。而此时休沐，在斗财主的牌场上的牌技如何，还待各位游侠们以身亲试！除了诸多江湖人物，这股休沐之风，也传往了市井百司。游侠们在各处兜风交游之际，便可发现诸多商人百姓，皆歇业躺平，悠哉逍遥，还时不时有豪言放出，真可谓众生轻松。也期待游侠们也能在江湖探游中乐在其中，和侠友分享更多所见所闻。假期之中，也有来自开封和河西的故友之信，希望能在休假之余给各位游侠带来更多欢趣。开封赵大哥亲赠的躺椅玩具「先躺为敬」已随其信发送到游侠们的邮箱之中。此外，在和，也有江湖故人将为游侠们奉上「袅袅之音·绑」等邮件赠礼，也请各位注意查收~假期期间，也有「撷花逐燕」签到活动为游侠们持续奉上小小心意，游侠累计登录7日，可获得背饰【燕来也】、题跋【迎食客】、【心法心得·散本】和【长鸣玉】等好礼。以此【燕来也】背饰，燕叽也希望能与游侠们继续相伴，共赴江湖！值此假期，鹅鹅鹅也从各地搜罗了不少福利好货，盼游侠们来“拆包裹”！不仅有机会获得诸多游戏道具，还有燕云周边好礼相送，欢迎游侠们点击下方小程序，参与和了解活动详情~']。 —— 五一快乐！今日boss集体休假耍大牌？-,《 五一 快乐 ！ 今日 BOSS 集体 休假 耍 大牌 ？ 》 : [ ' 在 春夏交融 的 热烈 中 ， 五一 小 长假 伊始 。 人间 如此 值得 ， 江湖 上 遍 是 松弛 闲趣 。 形劳 而 不 休 则 弊 ， 精 用 而 不已 则 劳 。 “ 休沐 ” 之 制 自古 便 有 ， 劳逸结合 、 休养生息 的 松弛 ， 在 燕云 中 相得益彰 。 近日 休沐 之 令 既 出 ， 江湖 上下 同心 ， 各 有 修养 。 甚至 就 连 镇守 首领 们 ， 都 放假 了 ！ ？ 「 首领 休沐 」 现 已 开启 ， 5.1 5.3 休沐 期间 ， 诸多 镇守 首领 处 ， 皆 高 挂 免战 之 旗 。 虽 休沐 有理 ， 但 刀 一日 不 磨 则 钝 ， 膝 一日 不 曲 则 麻 。 江湖 酣畅 ， 不可 不 战 ， 特别是 镇守 奖励 可 不能 停 ！ 关于 如何 在 休沐 之 时 请 得 动 这些 首领 ， 燕叽 则 有 秘闻 可以 与 游侠 们 分享 一二 —— 相信 如今 游侠 们 ， 皆 已 上线 领悟 了 「 黄金膝 」 奇术 。 此 术 虽 奇 ， 但 亦 有 铮铮 铁骨 ， 只 跪 侠义 。 练习 之余 ， 便 能 发觉 此 术 在 休沐 之际 另 有 妙用 ， 用 上 黄金膝 ， 不妨 一 试 —— 请 休沐 的 boss 出山 为 战 ， 不 战 而 屈人之 兵 。 且 限定 在 休沐 三日 期间 ， 此术 的 成功 概率 大幅 增加 。 你 ， 过来 啊 ！ 休沐 假期 寸时寸金 ， 也 令人 不禁 遐思 ， 这些 疏于 镇守 的 boss 们 ， 会 如何 各 讨 闲趣 。 而 在 勾栏 瓦肆 悠游 一番 便 知 ， 这些 大人物 ， 原来 是 在 「 耍 大牌 」 ！ 曾几何时 ， 在 镇守 中 交手 ， 已 领略 过 这些 江湖 故人 各自 的 身怀绝技 。 而 此时 休沐 ， 在 斗 财主 的 牌场 上 的 牌技 如何 ， 还 待 各位 游侠 们 以 身 亲 试 ！ 除了 诸多 江湖 人物 ， 这 股 休沐 之 风 ， 也 传 往 了 市井百司 。 游侠 们 在 各处 兜风 交游 之际 ， 便 可 发现 诸多 商人 百姓 ， 皆 歇业 躺平 ， 悠哉 逍遥 ， 还 时不时 有 豪言 放出 ， 真 可谓 众生 轻松 。 也 期待 游侠 们 也 能 在 江湖 探游 中 乐 在 其中 ， 和 侠友 分享 更 多 所见所闻 。 假期 之中 ， 也 有 来自 开封 和 河西 的 故友 之 信 ， 希望 能 在 休假 之余 给 各位 游侠 带来 更 多 欢趣 。 开封 赵 大哥 亲 赠 的 躺椅 玩具 「 先躺为敬 」 已 随 其 信 发送 到 游侠 们 的 邮箱 之中 。 此外 ， 在和 ， 也 有 江湖 故人 将 为 游侠 们 奉 上 「 袅袅之音 · 绑 」 等 邮件 赠礼 ， 也 请 各位 注意 查收 ~ 假期 期间 ， 也 有 「 撷花逐燕 」 签到 活动 为 游侠 们 持续 奉 上 小小 心意 ， 游侠 累计 登录 7日 ， 可 获得 背饰 【 燕 来 也 】 、 题跋 【 迎 食客 】 、 【 心法 心得 · 散本 】 和 【 长鸣玉 】 等 好 礼 。 以 此 【 燕 来 也 】 背饰 ， 燕叽 也 希望 能 与 游侠 们 继续 相伴 ， 共 赴 江湖 ！ 值此 假期 ， 鹅鹅鹅 也 从 各地 搜罗 了 不少 福利 好 货 ， 盼 游侠 们 来 “ 拆 包裹 ” ！ 不仅 有 机会 获得 诸多 游戏 道具 ， 还有 燕云 周边 好礼 相送 ， 欢迎 游侠 们 点击 下方 小 程序 ， 参与 和 了解 活动 详情 ~ ' ],2025-05,五一快乐！今日BOSS集体休假耍大牌？
['四月已近尾声，明日五月，也是五一小长假的开始。相信此刻已有不少游侠，想度假的心已经达到顶峰，想“快一点”开启假期，畅游燕云。快，是唯此不破的娴熟，也是争分夺秒的紧迫。在江湖即将开启百司休沐之际，却有一份恰到好处的急切，只要跑得够快，假期就马上开始了——善有善豹，恶有饿豹，不是不抱，时候未——啊，你不要追我啊！日后，全新坐骑「疾追豹」将上架【商店】，届时游侠即可以【680长鸣珠】，购得全新坐骑「疾追豹」。而独乐乐不如众乐乐，有此等疾驰利器，怎能不与江湖人士“同享”——坐骑「疾追豹」可通过道具【升阶帖·疾追豹】进行升级，升级后骑乘方式将从被追赶，进阶为骑乘疾追豹，追赶江湖人士，把速度传递下去！当然了，假期闯荡江湖，也并非只有奋勇争先的事迹。所谓劳逸结合，众生百司理应休沐！昨日，江湖上也有百司休沐之安排，已送至游侠们的邮箱，此番江湖悠游，愿游侠们各有欣乐。而也有一些神秘故友，也时常惦念着诸位，以此休沐邮礼，更添闲趣——神秘故友将在通过邮件为游侠们奉上心意休沐礼，借玩具「先躺为敬」之意，常伴游侠们潇洒悠然。（若游侠在后登录也不用担心错过，只要满足参与条件，在活动结束前都可以收到休沐礼邮件。）而伴随着-百司休沐的开启，江湖之上更有诸多新气象，江湖上也略有传闻——镇守首领不上工，说走就走，开启第二人生？难得boss不上班，别处偶遇，转变赛道再就业？首领告休，去向何处，又将有如何际遇应对？只待游侠们明日亲自来探——游侠可以在单人模式中体验玩法「耍大牌」和「首领休沐」，消耗心力即可领取丰富奖励。休沐之期将至，这个假期，是游侠们自在探游的“黄金周”，也是我们精进开发与优化的“黄金期”，我们会继续争分夺秒，为大家带来更多新内容和新优化。本周更新后，现已新增了「自定义武学特效」功能，支持自定义单个技能的「武学特效」，方便游侠各展江湖英姿。设置自定义武学特效之后，游侠们可以通过不同技能的特效搭配，打出炫酷有力的组合技，相信定然更是招招不同，各有精彩~悠游江湖，还有诸多精彩联动活动，将在线下与游侠们相会——起，《燕云十六声》将与甘肃省文旅厅开启限时联动合作，用界碑点亮河西！活动期间，游侠们可前往以下活动景区，与燕云界碑合影留恋，重温“玉门”风貌，提前探寻”凉州“的神秘彩蛋。-：敦煌市玉门关遗址景区-：敦煌雅丹国家地质公园、武威南城门、武威天梯山石窟、武威文庙、张掖大佛寺（基于环境保护考虑，实际摆放时间以各景区安排为准）此外，-期间，每日-，将有一位神秘的少东家npc随机出现在敦煌市玉门关遗址景区。与其互动交换口号“河西人未归”，将有机会获得“麻布袋”的神秘信物！而值此春末夏初之际，再探开封，亦将别有一番景色和风采。百司休沐，偷闲赏趣，在-游戏内首领休沐之际，燕云将与“开封铁塔景区”开启限时彩蛋活动，在纵览开封盛景时，游侠也可前往铁塔景区探寻线下彩蛋玩法。彩蛋活动将在-的每日—限时开启，具体活动规则敬请关注“开封铁塔景区”社媒公告~春蘼日长，煦夏新声。还有诸多新气象将在五月发生，燕子未来也会继续为大家带来更多开发和优化的新动态。期待与游侠们继续相知为伴，共赴新程！']。 —— 善恶有豹，是你的新坐骑「疾追豹」！-,《 善恶 有 豹 ， 是 你 的 新 坐骑 「 疾追豹 」 ！ 》 : [ ' 四月 已 近 尾声 ， 明日五月 ， 也是 五一 小 长假 的 开始 。 相信 此刻 已 有 不少 游侠 ， 想 度假 的 心 已经 达到 顶峰 ， 想 “ 快 一点 ” 开启 假期 ， 畅游 燕云 。 快 ， 是 唯 此 不 破 的 娴熟 ， 也是 争分夺秒 的 紧迫 。 在 江湖 即将 开启 百司 休沐 之际 ， 却 有 一 份 恰到好处 的 急切 ， 只要 跑 得 够 快 ， 假期 就 马上 开始 了 —— 善 有善豹 ， 恶 有 饿豹 ， 不是 不 抱 ， 时候 未 —— 啊 ， 你 不要 追 我 啊 ！ 日后 ， 全新 坐骑 「 疾追豹 」 将 上架 【 商店 】 ， 届时 游侠 即 可以 【 680 长鸣珠 】 ， 购得 全新 坐骑 「 疾追豹 」 。 而 独乐乐 不如 众乐乐 ， 有 此 等 疾驰 利器 ， 怎 能 不 与 江湖 人士 “ 同享 ” —— 坐骑 「 疾追豹 」 可 通过 道具 【 升阶帖 · 疾追 豹 】 进行 升级 ， 升级 后 骑乘 方式 将 从 被 追赶 ， 进阶 为 骑乘 疾追豹 ， 追赶 江湖 人士 ， 把 速度 传递 下去 ！ 当然 了 ， 假期 闯荡 江湖 ， 也 并非 只有 奋勇 争先 的 事迹 。 所谓 劳逸 结合 ， 众生 百司 理应 休沐 ！ 昨日 ， 江湖 上 也 有 百司 休沐 之 安排 ， 已 送 至 游侠 们 的 邮箱 ， 此 番 江湖 悠游 ， 愿 游侠 们 各 有 欣乐 。 而 也 有一些 神秘 故友 ， 也 时常 惦念 着 诸位 ， 以 此 休沐 邮礼 ， 更 添 闲趣 —— 神秘 故友 将 在 通过 邮件 为 游侠 们 奉 上 心意 休沐礼 ， 借 玩具 「 先躺为敬 」 之 意 ， 常伴 游侠 们 潇洒 悠然 。 （ 若 游侠 在 后 登录 也 不用 担心 错过 ， 只要 满足 参与 条件 ， 在 活动 结束 前 都 可以 收到 休沐礼 邮件 。 ） 而 伴随 着 百司 休沐 的 开启 ， 江湖 之上 更 有 诸多 新气象 ， 江湖 上 也 略 有 传闻 —— 镇守 首领 不 上工 ， 说 走 就 走 ， 开启 第二 人生 ？ 难得 boss 不 上班 ， 别处 偶遇 ， 转变 赛道 再就业 ？ 首领 告休 ， 去向 何处 ， 又 将 有 如何 际遇 应对 ？ 只待 游侠 们 明日 亲自 来探 —— 游侠 可以 在 单人 模式 中 体验 玩法 「 耍 大牌 」 和 「 首领 休沐 」 ， 消耗 心力 即可 领取 丰富 奖励 。 休沐 之 期 将 至 ， 这个 假期 ， 是 游侠 们 自在 探游 的 “ 黄金周 ” ， 也是 我们 精进 开发 与 优化 的 “ 黄金期 ” ， 我们 会 继续 争分夺秒 ， 为 大家 带来 更 多 新 内容 和 新 优化 。 本周 更新 后 ， 现 已 新增 了 「 自定义 武学 特效 」 功能 ， 支持 自定义 单个 技能 的 「 武学 特效 」 ， 方便 游侠 各 展 江湖 英姿 。 设置 自定义 武学 特效 之后 ， 游侠 们 可以 通过 不同 技能 的 特效 搭配 ， 打 出 炫酷 有力 的 组合技 ， 相信 定然 更 是 招招 不同 ， 各 有 精彩 ~ 悠游 江湖 ， 还有 诸多 精彩 联动 活动 ， 将 在 线下 与 游侠 们 相会 —— 起 ， 《 燕云十六声 》 将 与 甘肃省文旅厅 开启 限时 联动 合作 ， 用 界碑 点 亮 河西 ！ 活动 期间 ， 游侠 们 可 前往 以下 活动 景区 ， 与 燕云界碑 合影 留恋 ， 重温 “ 玉门 ” 风貌 ， 提前 探寻 ” 凉州 “ 的 神秘 彩蛋 。 ： 敦煌市 玉门关遗址景区 ： 敦煌雅丹国家地质公园 、 武威 南城门 、 武威 天梯山石窟 、 武威文庙 、 张掖大佛寺 （ 基于 环境保护 考虑 ， 实际 摆放 时间 以 各 景区 安排 为 准 ） 此外 ， 期间 ， 每日 ， 将 有 一 位 神秘 的 少东家 npc 随机 出现 在 敦煌市 玉门关遗址景区 。 与 其 互动 交换 口号 “ 河西人 未 归 ” ， 将 有 机会 获得 “ 麻布袋 ” 的 神秘 信物 ！ 而 值此 春末 夏初 之际 ， 再 探 开封 ， 亦 将 别 有 一番 景色 和 风采 。 百司 休沐 ， 偷闲 赏趣 ， 在 游戏 内 首领 休沐 之际 ， 燕云 将 与 “ 开封铁塔景区 ” 开启 限时 彩蛋 活动 ， 在 纵览 开封 盛景 时 ， 游侠 也 可 前往 铁塔景区 探寻 线下 彩蛋 玩法 。 彩蛋 活动 将 在 的 每日 — 限时 开启 ， 具体 活动 规则 敬请 关注 “ 开封铁塔景区 ” 社媒 公告 ~ 春蘼 日 长 ， 煦 夏 新声 。 还有 诸多 新气象 将 在 五月 发生 ， 燕子 未来 也 会 继续 为 大家 带来 更 多 开发 和 优化 的 新 动态 。 期待 与 游侠 们 继续 相知为伴 ， 共 赴 新程 ！ ' ],2025-04,善恶有豹，是你的新坐骑「疾追豹」！
['五月榴花照眼明，枝间时见子初成。前路热烈，五月缤纷已近在咫尺。再探江湖之际，且慢！先把时间倒转回一个月以前——时，有一招奇术，曾声名大噪于江湖，唤作「黄金膝」。或许是行走江湖许久，休足减负间突发顿悟。或许是见识了游侠们的侠影英姿，忍不住想为各位“献上膝盖”。总之此术一出，是坦诚，是沟通，是善意，是敬重，也是江湖承平。而所谓不日上线，便是近日——起，上线便可无师自通全新奇术「黄金膝」，领悟此术，人人有份！此术奇效，在于复刷镇守挑战时，使用黄金膝便有几率可以直接通关当前镇守，轻松获得镇守奖励。而且五一假期之际还另有妙用，待游侠以身亲试。（当前不可用镇守：弱水岸、不羡仙、大义熔炉）近观此术，起势似白虹贯日，跪地如苍松坠雪。大成者膝行如龙游九霄，所过之处青砖俱裂，敌手未战先溃，皆因这惊天一跪笑得丹田气散，叹曰：大侠果真能屈能伸！意料内外，都是想给游侠们带来更多的随心所欲。当然，能窥见江湖松弛的，可不止此术！假期临近，观诸位辛劳，特开百司休沐——旬休三日期间，游戏内外，各府衙不得加班（除策划外），民众可尽情游乐，江湖人士不得以武犯禁。此番奉旨悠游，众皆欣乐——可众生休沐，江湖会否生变？此间还有神秘玩法，期待游侠们上线一试！假期悠游之际，不仅有新玩法、新活动，江湖上的缤纷侠姿也是浓墨重彩。本周更新后，又有诸多外观陆续上新，方便游侠们各展风采——全新外观上架商店「夜郎幽问」身赴异域，不妨风采夜郎疆域堪厘定，人心浊清难剖明。世道如蝶浮影，真义难寻。探入河西，异域的遐想和风采中，也有传说中的夜郎一隅。据闻诗仙曾在此离居，年年盼望着故土的音信，却只能怅然于人心真义。5：00后，游侠前往【商店】，即可以【2580长鸣珠】购得全新套装「夜郎幽问」。当为了让游侠们搭配更为随心，套装【夜郎幽问】也将支持上下装拆分。捏脸数据来自玩家投稿：笑*仙、渡洲融全新发型和鸣上架「栖彤霞」华发如霞，彤影灿烂花浮酒影彤霞烂，日照衫光瑞色鲜。全新发型「栖彤霞」将限时90天上架。，游侠可前往【和鸣商店】，以【八音窍】兑换获得。敬请注意，「栖彤霞」将于日下架。武器外观和鸣上架「藏音·韶光四极」执扇之间，山河锦绣风景不殊，举目有山河之异。独禀宇宙，解天地不平之气。全新武器外观·扇「藏音·韶光四极」将限时180天上架。5：00后，游侠可前往【和鸣商店】，以【八音窍】兑换获得。敬请注意，「藏音·韶光四极」将于日下架。此外，武器外观·扇「藏音·韶光四极」可消耗【太一玄石】进行武器重铸，重铸将会改变武器的颜色、扇面、扇饰、扇坠和明光，其中「套装·瀚海」和「套装·九域」的扇面在「律格-明光」全明后将开启动态效果。游侠可通过不同外观组件的搭配，打造更为华丽心仪的武器。部分重铸效果示意晴空一鹤排云上，便引诗情到碧霄。版本更新后，游侠们可在全新限时活动【鹤鸣九皋】中，使用【仙鹤翎】进行鹤鸣，并有机会获得外观套装「瑞鹤仙」、发型「玉霜翎」等珍贵奖励。敬请注意，该活动将于日结束。武器外观和鸣上架「瑞鹤仙」玉羽云霞，瑞鹤仙姿便裁却、轻衫短羽。褪残红、飞过溪桥，同风一醉清晓。全新套装「瑞鹤仙」及全新发型「玉霜翎」即将上线——捏脸数据来自玩家投稿：麓牧、jaa首次进行鹤鸣不消耗【仙鹤翎】，此外可以使用【长鸣玉】和【长鸣珠】来兑换【仙鹤翎】，其中【长鸣玉】最多可兑换18个【仙鹤翎】。活动分为4个奖池【玉】【羽】【云】【霞】，奖池之中各有诸多外观和道具奖励。在奖池【云】中，游侠们获得配饰【月影珠纱】的同时，还可同时获得配饰【荷歌清吟】哦~更多关于【鹤鸣九皋】的活动详情和规则，也可参考下方更新公告中的详情。除了缤纷外观，还有诸多新活动、新玩法、新优化即将上线，十六巷计划于-进行停服维护更新，维护期间将暂时无法登录游戏，开服时间将根据实际情况可能提前或延后，请游侠合理安排游戏进度。更多更新内容，欢迎游侠们查看下方公告——']。 —— 更新前瞻丨「黄金膝」五一上线，新外观速览！-,《 更新 前瞻 丨 「 黄金膝 」 五一 上线 ， 新 外观 速览 ！ 》 : [ ' 五月 榴花 照 眼 明 ， 枝间 时 见 子 初 成 。 前路 热烈 ， 五月 缤纷 已 近在咫尺 。 再 探 江湖 之际 ， 且慢 ！ 先 把 时间 倒转 回 一个月 以前 —— 时 ， 有 一 招 奇术 ， 曾 声名 大 噪 于 江湖 ， 唤 作 「 黄金膝 」 。 或许 是 行走 江湖 许久 ， 休 足 减负 间 突发 顿悟 。 或许 是 见识 了 游侠 们 的 侠影 英姿 ， 忍不住 想 为 各位 “ 献上 膝盖 ” 。 总之 此 术 一 出 ， 是 坦诚 ， 是 沟通 ， 是 善意 ， 是 敬重 ， 也是 江湖 承平 。 而 所谓 不日 上线 ， 便是 近日 —— 起 ， 上线 便 可 无师 自 通 全新 奇术 「 黄金膝 」 ， 领悟 此 术 ， 人人 有 份 ！ 此 术 奇效 ， 在于 复刷 镇守 挑战 时 ， 使用 黄金膝 便 有 几率 可以 直接 通关 当前 镇守 ， 轻松 获得 镇守 奖励 。 而且 五一 假期 之际 还 另 有 妙用 ， 待 游侠 以 身 亲 试 。 （ 当前 不可 用 镇守 ： 弱 水岸 、 不羡仙 、 大义 熔炉 ） 近观 此 术 ， 起势 似 白虹 贯 日 ， 跪地 如 苍松 坠 雪 。 大成者 膝行 如 龙 游 九霄 ， 所 过 之 处 青砖 俱 裂 ， 敌手 未 战 先 溃 ， 皆 因 这 惊天 一 跪 笑 得 丹田 气 散 ， 叹 曰 ： 大侠 果真 能屈能伸 ！ 意料 内外 ， 都是 想 给 游侠 们 带来 更 多 的 随心所欲 。 当然 ， 能 窥见 江湖 松弛 的 ， 可 不止 此 术 ！ 假期 临近 ， 观 诸位 辛劳 ， 特 开 百司 休沐 —— 旬休 三日 期间 ， 游戏 内外 ， 各 府衙 不得 加班 （ 除 策划 外 ） ， 民众 可 尽情 游乐 ， 江湖 人士 不得 以 武 犯禁 。 此 番 奉旨 悠游 ， 众 皆 欣乐 —— 可 众生 休沐 ， 江湖 会 否 生变 ？ 此间 还有 神秘 玩法 ， 期待 游侠 们 上线 一 试 ！ 假期 悠游 之际 ， 不仅 有 新 玩法 、 新 活动 ， 江湖 上 的 缤纷 侠姿 也是 浓墨重彩 。 本周 更新 后 ， 又 有 诸多 外观 陆续 上新 ， 方便 游侠 们 各 展 风采 —— 全新 外观 上架 商店 「 夜郎 幽问 」 身 赴 异域 ， 不妨 风采 夜郎 疆域 堪 厘定 ， 人心 浊 清 难 剖 明 。 世道 如 蝶 浮影 ， 真义 难 寻 。 探 入 河西 ， 异域 的 遐想 和 风采 中 ， 也 有 传说 中 的 夜郎 一隅 。 据闻 诗仙 曾 在此 离居 ， 年年 盼望 着 故土 的 音信 ， 却 只能 怅然 于 人心真义 。 5：00 后 ， 游侠 前往 【 商店 】 ， 即可以 【 2580 长鸣珠 】 购得 全新 套装 「 夜郎 幽问 」 。 当 为了 让 游侠 们 搭配 更为 随心 ， 套装 【 夜郎 幽问 】 也 将 支持 上下装 拆分 。 捏脸 数据 来自 玩家 投稿 ： 笑*仙 、 渡洲融 全新 发型 和鸣 上架 「 栖彤霞 」 华发 如 霞 ， 彤影 灿烂 花浮 酒影 彤霞烂 ， 日照衫 光瑞色鲜 。 全新 发型 「 栖彤霞 」 将 限时 90天 上架 。 ， 游侠 可 前往 【 和鸣商店 】 ， 以 【 八音窍 】 兑换 获得 。 敬请 注意 ， 「 栖彤霞 」 将 于 日 下架 。 武器 外观 和鸣 上架 「 藏音 · 韶光 四极 」 执扇 之间 ， 山河 锦绣 风景 不殊 ， 举目 有 山河 之 异 。 独 禀 宇宙 ， 解 天地 不平 之 气 。 全新 武器 外观 · 扇 「 藏音 · 韶光四极 」 将 限时 180天 上架 。 5：00 后 ， 游侠 可 前往 【 和鸣商店 】 ， 以 【 八音窍 】 兑换 获得 。 敬请 注意 ， 「 藏音 · 韶光四极 」 将 于 日 下架 。 此外 ， 武器 外观 · 扇 「 藏音 · 韶光四极 」 可 消耗 【 太一玄石 】 进行 武器 重铸 ， 重铸 将 会 改变 武器 的 颜色 、 扇面 、 扇饰 、 扇坠 和 明光 ， 其中 「 套装 · 瀚海 」 和 「 套装 · 九域 」 的 扇面 在 「 律格 明光 」 全明 后 将 开启 动态 效果 。 游侠 可 通过 不同 外观 组件 的 搭配 ， 打造 更为 华丽 心仪 的 武器 。 部分 重铸 效果 示意 晴空 一鹤 排云 上 ， 便 引 诗情 到 碧霄 。 版本 更新 后 ， 游侠 们 可 在 全新 限时 活动 【 鹤鸣 九皋 】 中 ， 使用 【 仙鹤翎 】 进行 鹤鸣 ， 并 有 机会 获得 外观 套装 「 瑞鹤仙 」 、 发型 「 玉霜翎 」 等 珍贵 奖励 。 敬请 注意 ， 该 活动 将 于 日 结束 。 武器 外观 和鸣 上架 「 瑞鹤仙 」 玉羽 云霞 ， 瑞鹤仙姿 便 裁却 、 轻衫 短羽 。 褪残红 、 飞过 溪桥 ， 同风 一 醉 清 晓 。 全新 套装 「 瑞鹤仙 」 及 全新 发型 「 玉霜翎 」 即将 上线 —— 捏脸 数据 来自 玩家 投稿 ： 麓牧 、 jaa 首次 进行 鹤鸣 不 消耗 【 仙鹤翎 】 ， 此外 可以 使用 【 长鸣玉 】 和 【 长鸣珠 】 来 兑换 【 仙鹤翎 】 ， 其中 【 长鸣玉 】 最多 可 兑换 18个 【 仙鹤翎 】 。 活动 分为 4个 奖池 【 玉 】 【 羽 】 【 云 】 【 霞 】 ， 奖池 之中 各 有 诸多 外观 和 道具 奖励 。 在 奖池 【 云 】 中 ， 游侠 们 获得 配饰 【 月影珠纱 】 的 同时 ， 还 可 同时 获得 配饰 【 荷歌清吟 】 哦 ~ 更 多 关于 【 鹤鸣 九皋 】 的 活动 详情 和 规则 ， 也 可 参考 下方 更新 公告 中 的 详情 。 除了 缤纷 外观 ， 还有 诸多 新 活动 、 新 玩法 、 新 优化 即将 上线 ， 十六巷 计划 于 进行 停服 维护 更新 ， 维护 期间 将 暂时 无法 登录 游戏 ， 开服 时间 将 根据 实际情况 可能 提前 或 延后 ， 请 游侠 合理 安排 游戏 进度 。 更 多 更新 内容 ， 欢迎 游侠 们 查看 下方 公告 —— ' ],2025-04,更新前瞻丨「黄金膝」五一上线，新外观速览！
['夏气重渊底，春光万象中。一周之后即是立夏，一年之中最火热的季节即将到来。在这个宜人初夏的美好假期，我们也为各位少东家准备了一系列全新活动。【迎立夏，启边声】热闹的夏天少不了一场热闹的集会，在-，一场盛大庆典将在河西举行！庆典将分为「鏖战群英」、「沙盘争夺战」、「化鲤逐沙」、「故影新叙」四大活动项目——「武·鏖战群英」边疆尚武之风盛行，讲究一个不打不尽欢。在「鏖战群英」中，将有不少故友强敌再临，引颈而望，欲再与游侠一较高下。而游侠们，也有机会以更强之姿，和他们来上一场更痛快的酣畅战斗！每位游侠在进行指定行为时，可给挑战目标叠加鏖战印记。鏖战印记层数达到上限时将被清空，目标将进入初始长达10秒的竭力状态，此时游侠的特定招式将得到大幅强化。此消彼长之间，战斗爽快度将大幅增加！为了让每个游侠都能享受到纯粹的战斗乐趣，活动中将开放指定满级武学、满重心法、满级奇术的随意试用，满级药匣和高级药品也已为大家备妥。装备上，我们也将提供当前赛季的最高配置，游侠们无需有多余顾虑，尽情发挥武道天赋！此外，活动中还可限时试用藏音武器外观及绝世武学特效。打得痛快，不妨也打得更炫！「谋·沙盘争夺战」久经边关沙场的战士，勇敢与谋略缺一不可。除了在鏖战群英中以武服人外，在沙盘之上以智取胜也是一条名扬边关的路。在「沙盘争夺战」中，全面升级的嫖姚棋玩法将限时开放！除了开放匹配对战之外，还将有更多的对战乐趣与策略深度。韩信将兵，多多益善，越是沙场将才，能统领指挥的士兵就越多。活动中，上阵的棋子数量将从5个上升到8个。更错综复杂的战场情况，将更考验游侠的谋略与智慧。并且，活动期间每2天将轮换一次局内机制，增强2~3个指定兵种属性。到底应该更多使用增强的兵种大力出奇迹，还是料敌机先进行预判反制？燕子已经开始期待，各位弈手能下出怎样的精彩好局！「速·化鲤逐沙」大漠沙海广阔无垠，对于彼时的商队乃至军伍来说，速度就是生命线，生死成败皆系于这一线之上。在「化鲤逐沙」中，游侠将化鱼为丝路使，驭沙疾行古道间，以身为舟，争锋沙海，跃门成鱼龙。活动期间，每天将开放一条赛道，共有3条地面赛道「沙径」、「燧旋」、「梦渊」及2条天空赛道「天河」、「云廊」任君驰骋。当然，正如前辈们所面临的困境，沙路赛道并非一路坦途。真正的竞速高手，可以机敏地躲避掉全部的障碍，并将可以利用的一切，转化为自己前进的速度。沙海漫漫，群侠并秀，何以解忧，唯有加速！「情·故影新叙」在河西冒险的侠路旅途中，想必游侠已遇到了不少曾并肩同行的故友，有过不少值得留恋的瞬间。立夏时，循旧俗，邻里之间交相问安。河西故地，亦有旧友翘首以盼，静待与君重逢。在「故影新叙」中，游侠们可跟随指引，与诸故人故景合影留恋，共谱新卷。相逢是缘得之不易，这一次，可要好好记录！【以及......】在本次更新中，除了上面的初夏火热之余，还有一丝凉意在等待着拂过游侠们的心尖。本次更新之后，隐雾林将出现新的面孔，完成【隐雾之牢】关卡后，再次来到关卡入口处，有一位接引人正在等候游侠，去开启一段新的探索经历。至于会经历什么？那就要靠游侠们自行发掘了（胆小勿入）以上内容之外，还有神秘奇术与趣味活动，即将在假期期间与大家见面。其中奥妙，待少东家假期自行探寻！，美酒与玉石之城凉州也将正式上线。在五月，还有更多全新玩法内容正在路上，更多详情我们将后续带来。行胜于言，期待与各位少东家们共度一个值得回忆的美好夏天！']。 —— 少东家的夏天，不如就从这里出发！-,《 少东家 的 夏天 ， 不如 就 从 这里 出发 ！ 》 : [ ' 夏气 重渊底 ， 春光万象 中 。 一周 之后 即 是 立夏 ， 一年 之中 最 火热 的 季节 即将 到来 。 在 这个 宜人 初夏 的 美好 假期 ， 我们 也 为 各位 少东家 准备 了 一系列 全新 活动 。 【 迎 立夏 ， 启边声 】 热闹 的 夏天 少不了 一 场 热闹 的 集会 ， 在 ， 一 场 盛大 庆典 将 在 河西 举行 ！ 庆典 将 分为 「 鏖战 群英 」 、 「 沙盘 争夺战 」 、 「 化 鲤 逐 沙 」 、 「 故影 新 叙 」 四 大 活动 项目 ——「 武 · 鏖战 群英 」 边疆 尚武 之 风 盛行 ， 讲究 一个 不 打 不尽 欢 。 在 「 鏖战 群英 」 中 ， 将 有 不少 故友 强敌 再 临 ， 引颈 而 望 ， 欲 再 与 游侠 一较高下 。 而 游侠 们 ， 也 有 机会 以 更 强 之 姿 ， 和 他们 来 上 一 场 更 痛快 的 酣畅 战斗 ！ 每 位 游侠 在 进行 指定 行为 时 ， 可 给 挑战 目标 叠加 鏖战 印记 。 鏖战 印记 层数 达到 上限 时 将 被 清空 ， 目标 将 进入 初始 长 达 10秒 的 竭力 状态 ， 此时 游侠 的 特定 招式 将 得到 大幅 强化 。 此 消 彼 长 之间 ， 战斗 爽快度 将 大幅 增加 ！ 为了 让 每个 游侠 都 能 享受 到 纯粹 的 战斗 乐趣 ， 活动 中 将 开放 指定 满级 武学 、 满重 心法 、 满级 奇术 的 随意 试用 ， 满级 药匣 和 高级 药品 也 已 为 大家 备妥 。 装备 上 ， 我们 也 将 提供 当前 赛季 的 最高 配置 ， 游侠 们 无需 有 多余 顾虑 ， 尽情 发挥 武道 天赋 ！ 此外 ， 活动 中 还 可 限时 试用 藏音 武器 外观 及 绝世 武学 特效 。 打 得 痛快 ， 不妨 也 打 得 更 炫 ！ 「 谋 · 沙盘 争夺战 」 久经 边关 沙场 的 战士 ， 勇敢 与 谋略 缺一不可 。 除了 在 鏖战 群英 中 以武服人 外 ， 在 沙盘 之上 以 智 取胜 也是 一 条 名 扬 边关 的 路 。 在 「 沙盘 争夺战 」 中 ， 全面 升级 的 嫖姚棋 玩法 将 限时 开放 ！ 除了 开放 匹配 对战 之外 ， 还 将 有 更 多 的 对战 乐趣 与 策略 深度 。 韩信 将兵 ， 多多益善 ， 越是 沙场 将才 ， 能 统领 指挥 的 士兵 就 越 多 。 活动 中 ， 上阵 的 棋子 数量 将 从 5个 上升 到 8个 。 更 错综复杂 的 战场 情况 ， 将 更 考验 游侠 的 谋略 与 智慧 。 并且 ， 活动 期间 每 2天 将 轮换 一次 局内 机制 ， 增强 2~3个 指定 兵种 属性 。 到底 应该 更 多 使用 增强 的 兵种 大力 出 奇迹 ， 还是 料 敌机 先 进行 预判 反制 ？ 燕子 已经 开始 期待 ， 各位 弈手 能 下 出 怎样 的 精彩 好局 ！ 「 速 · 化 鲤 逐 沙 」 大漠 沙海 广阔 无垠 ， 对于 彼时 的 商队 乃至 军伍 来说 ， 速度 就 是 生命线 ， 生死 成败 皆 系 于 这 一 线 之上 。 在 「 化鲤 逐 沙 」 中 ， 游侠 将 化 鱼 为 丝路 使 ， 驭 沙 疾行 古道 间 ， 以身为舟 ， 争锋 沙海 ， 跃 门 成 鱼龙 。 活动 期间 ， 每天 将 开放 一 条 赛道 ， 共有 3条 地面 赛道 「 沙径 」 、 「 燧旋 」 、 「 梦渊 」 及 2条 天空 赛道 「 天河 」 、 「 云廊 」 任 君 驰骋 。 当然 ， 正如 前辈 们 所 面临 的 困境 ， 沙路 赛道 并非 一路 坦途 。 真正 的 竞速 高手 ， 可以 机敏 地 躲避 掉 全部 的 障碍 ， 并 将 可以 利用 的 一切 ， 转化 为 自己 前进 的 速度 。 沙海 漫漫 ， 群侠 并 秀 ， 何以 解忧 ， 唯有 加速 ！ 「 情 · 故影 新叙 」 在 河西 冒险 的 侠路 旅途 中 ， 想必 游侠 已 遇到 了 不少 曾 并肩 同行 的 故友 ， 有 过 不少 值得 留恋 的 瞬间 。 立夏 时 ， 循 旧俗 ， 邻里 之间 交相问安 。 河西 故地 ， 亦 有 旧友 翘首 以 盼 ， 静待 与 君 重逢 。 在 「 故影 新叙 」 中 ， 游侠 们 可 跟随 指引 ， 与 诸 故人 故景 合影 留恋 ， 共 谱 新卷 。 相逢 是 缘 得 之 不易 ， 这 一次 ， 可 要 好好 记录 ！ 【 以及 ...... 】 在 本 次 更新 中 ， 除了 上面 的 初夏 火热 之余 ， 还有 一 丝 凉意 在 等待 着 拂 过 游侠 们 的 心尖 。 本 次 更新 之后 ， 隐雾林 将 出现 新 的 面孔 ， 完成 【 隐雾 之 牢 】 关卡 后 ， 再次 来到 关卡 入口处 ， 有 一 位 接引人 正在 等候 游侠 ， 去 开启 一段 新 的 探索 经历 。 至于 会 经历 什么 ？ 那 就要 靠 游侠 们 自行 发掘 了 （ 胆小勿入 ） 以上 内容 之外 ， 还有 神秘 奇术 与 趣味 活动 ， 即将 在 假期 期间 与 大家 见面 。 其中 奥妙 ， 待 少东家 假期 自行 探寻 ！ ， 美酒 与 玉石 之 城 凉州 也 将 正式 上线 。 在 五月 ， 还有 更 多 全新 玩法 内容 正 在 路上 ， 更 多 详情 我们 将 后续 带来 。 行胜于 言 ， 期待 与 各位 少东家 们 共度 一个 值得 回忆 的 美好 夏天 ！ ' ],2025-04,少东家的夏天，不如就从这里出发！
['武谚有云，一日练一日功。在推进新内容开发制作的同时，我们也在持续吸收游侠们的反馈，对燕云中的各项体验进行持续优化。本周五，我们迎来了1.8版本「南风知昼暖」的更新，其中就有诸多体验优化同步上线。在战斗与培养方面，本次更新中，我们进行了多项易用性的调整。包括优化了武器和技能在战斗中的镜头表现、动作表现和操作体验，以及「武库」界面展示与一键放入体验等。在后续，我们将继续深度优化装备与武学相关养成机制——装备与武学：养成减负、转换随心在86阶装备阶段，我们会进一步尝试降低养成压力，减少随机性带来的负面反馈。具体措施包括：优化转律体验，对部分流派的推荐词条库进行校准；优化变音体验，变音时将不再出现与当前定音词条类型相同，但数值无增长的词条；优化获取体验，闲置的金色品质装备在回收或作为调律材料消耗后，可返还一定数量的装备残音。希望借此可以帮游侠们疏解“运气差”带来的困扰，也祝游侠们早日获得自己想要的“毕业装备”。此前，为了让大家能充分体验不同流派的战斗乐趣，我们推出了心法转换等多项功能，以求游侠们转换流派更便捷低损。接下来，我们将升级心法转换功能，以支持游侠更灵活的转换流派。具体措施包括：缩短心法转换的冷却时间、增加转换次数上限（下半赛季开始时，将在保留上半赛季剩余免费次数的基础上，额外增加免费次数）、优化心法心得冻结机制以降低转换成本等。游侠们可以放心去尝试没玩过的新流派，甚至可以在流派间“反复横跳”，不用担心自己的战力会损失太多。养成更顺心，战斗更随心。以上两大项调整，预计将在正式上线。此外，我们也在计划给部分道具增加丢弃选项，可以丢弃多余材料，让背包更为有序实用。该功能预计也将在近期正式上线。拍照系统：真实光源、高清拍摄在1.8版本中，拍照功能的焕新升级也是一大重点更新，加入了真实光源、黑夜天气、一键剪影、高清拍摄等诸多新功能。欢迎游侠点击下方链接前往「拍照优化」功能速览中，查收更多优化细节——「拍照优化」抢鲜速览，还有新玩法“很刑”？各美其美，与侠共赏。优化上线后，我们也收到了非常多游侠们使用新功能拍摄的侠影大片——拍摄投稿来源：阿财模特:蹊还没尝试过新版高清拍摄的游侠，可以在拍照-设置-画质设置中选择极致品质进行体验。在五一期间，移动端拍照的角色精细度（包括玩家、npc）会进一步提升。并且，随着包体更新，移动端也会开放“极致拍照”的高清设置，燕子也提醒游侠们，可以在更新后第一时间将包体更新至最新版本。拍照功能还有一些明确的升级方向与计划，包括但不限于模板套用体验优化、更多可拍照动作与表情、滤镜后处理协助美化等。其中大世界棚拍功能也已在路上，且预计将支持多人棚拍与共同创作，甚至可以和同好们一起拍剧情短片。希望在这些新功能的助力下，更多游侠们的绝妙创意能够得以实现，演绎自己的武侠大片！其他模块的优化也在进行中：百业：规则优化、功能完善在百业模块，我们已对「百业战联赛」包括计分方式在内的多项规则进行了调整，不用再担心“摩拳擦掌准备一场大胜拿下40分，结果对手投降只能拿25分”的情况。下一步，我们将优先优化性能表现，重点解决性能引起的“看不见人”等问题。除了百业战之外，一些涉及到百业日常体验的新功能，如百业群发邮件、百业改名、变动日志等也正在路上。后续各位辛劳的百业管理们通知社众、发起活动将更为方便省心。社交：更少压力、更少打扰在社交模块，这次我们加入了消息置顶以及红点提醒自定义功能，再也不用担心漏掉重要的人的消息。对应的，全新陌生人消息盒子功能（设置-其他中开启）能帮助游侠免去各种意料之外的信息打扰。好友分组、隐身、燕语阁密码房间等功能也在有序开发中。后续游侠们江湖交友可以更轻松自由地在沉浸体验和与友同乐之间进行选择。外观：上下装拆分、搭配更自由在外观模块，本周我们优化了商店的展示效果，服装现可支持热门染色的预览甚至试染，游侠们可以更加方便的试穿染色高手们的“买家秀”。此外，首套支持上下装拆分的六元时装「芳时歇」也已上架，我们也在同步开发支持拆分的新时装，希望可以提供给游侠们更多穿搭的乐趣。还有更多功能优化细节，游侠们可以前往游戏内更新公告查看。我们也会继续勤勉优化，也请各位继续监督！优化之路，须积跬步。体验求精，内容也当求新。在推进每一模块优化的同时，我们也收到了很多游侠对于我们运营节奏、后续产能的关心。凉州相会，举目可及。游侠们的期待，也让我们更自省。后续，我们一定谨慎预计，提供更明确的消息给大家。夙夜赶路，竭尽所能。不放弃对内容的追求，也不放弃真诚沟通。，在那个与玉门截然不同，又一脉相承的全新时空「凉州」——看山与雪，筑梦与城，期待相见。']。 —— 优化动向丨持续打磨体验，多项关键优化现已上线-,《 优化 动向 丨 持续 打磨 体验 ， 多 项 关键 优化 现 已 上线 》 : [ ' 武谚 有云 ， 一日 练 一日 功 。 在 推进 新 内容 开发 制作 的 同时 ， 我们 也 在 持续 吸收 游侠 们 的 反馈 ， 对 燕云 中 的 各项 体验 进行 持续 优化 。 本周五 ， 我们 迎来 了 1.8 版本 「 南风 知昼暖 」 的 更新 ， 其中 就 有 诸多 体验 优化 同步 上线 。 在 战斗 与 培养 方面 ， 本 次 更新 中 ， 我们 进行 了 多 项 易用性 的 调整 。 包括 优化 了 武器 和 技能 在 战斗 中 的 镜头 表现 、 动作 表现 和 操作 体验 ， 以及 「 武库 」 界面 展示 与 一键 放入 体验 等 。 在 后续 ， 我们 将 继续 深度 优化 装备 与 武学 相关 养成 机制 —— 装备 与 武学 ： 养成 减负 、 转换 随心 在 86阶 装备 阶段 ， 我们 会 进一步 尝试 降低 养成 压力 ， 减少 随机性 带来 的 负面 反馈 。 具体 措施 包括 ： 优化 转律 体验 ， 对 部分 流派 的 推荐 词条库 进行 校准 ； 优化 变音 体验 ， 变音 时 将 不再 出现 与 当前 定音 词条 类型 相同 ， 但 数值 无 增长 的 词条 ； 优化 获取 体验 ， 闲置 的 金色 品质 装备 在 回收 或 作为 调律 材料 消耗 后 ， 可 返还 一定 数量 的 装备 残音 。 希望 借 此 可以 帮 游侠 们 疏解 “ 运气差 ” 带来 的 困扰 ， 也 祝 游侠 们 早日 获得 自己 想 要 的 “ 毕业 装备 ” 。 此前 ， 为了 让 大家 能 充分 体验 不同 流派 的 战斗 乐趣 ， 我们 推出 了 心法 转换 等 多 项 功能 ， 以求 游侠 们 转换 流派 更 便捷 低损 。 接下来 ， 我们 将 升级 心法 转换 功能 ， 以 支持 游侠 更 灵活 的 转换 流派 。 具体 措施 包括 ： 缩短 心法 转换 的 冷却 时间 、 增加 转换 次数 上限 （ 下 半 赛季 开始 时 ， 将 在 保留 上 半 赛季 剩余 免费 次数 的 基础 上 ， 额外 增加 免费 次数 ） 、 优化 心法 心得 冻结 机制 以 降低 转换 成本 等 。 游侠 们 可以 放心 去 尝试 没 玩 过 的 新 流派 ， 甚至 可以 在 流派 间 “ 反复 横跳 ” ， 不用 担心 自己 的 战力 会 损失 太 多 。 养成 更 顺心 ， 战斗 更 随心 。 以上 两 大 项 调整 ， 预计 将 在 正式 上线 。 此外 ， 我们 也 在 计划 给 部分 道具 增加 丢弃 选项 ， 可以 丢弃 多余 材料 ， 让 背包 更为 有序 实用 。 该 功能 预计 也 将 在 近期 正式 上线 。 拍照 系统 ： 真实 光源 、 高清 拍摄 在 1.8 版本 中 ， 拍照 功能 的 焕新 升级 也是 一 大 重点 更新 ， 加入 了 真实 光源 、 黑夜 天气 、 一键 剪影 、 高清 拍摄 等 诸多 新 功能 。 欢迎 游侠 点击 下方 链接 前往 「 拍照 优化 」 功能 速览 中 ， 查收 更 多 优化 细节 ——「 拍照 优化 」 抢鲜 速览 ， 还有 新 玩法 “ 很 刑 ” ？ 各美其美 ， 与 侠 共 赏 。 优化 上线 后 ， 我们 也 收到 了 非常 多 游侠 们 使用 新 功能 拍摄 的 侠影 大片 —— 拍摄 投稿 来源 ： 阿财 模特 : 蹊 还 没 尝试 过 新版 高清 拍摄 的 游侠 ， 可以 在 拍照 设置 画质 设置 中 选择 极致 品质 进行 体验 。 在 五一 期间 ， 移动端 拍照 的 角色 精细度 （ 包括 玩家 、 npc ） 会 进一步 提升 。 并且 ， 随着 包体 更新 ， 移动端 也 会 开放 “ 极致 拍照 ” 的 高清 设置 ， 燕子 也 提醒 游侠 们 ， 可以 在 更新 后 第一 时间 将 包体 更新 至 最新版本 。 拍照 功能 还有 一些 明确 的 升级 方向 与 计划 ， 包括 但 不 限于 模板 套用 体验 优化 、 更 多 可 拍照 动作 与 表情 、 滤镜 后 处理 协助 美化 等 。 其中 大 世界 棚拍 功能 也 已 在 路上 ， 且 预计 将 支持 多 人 棚拍 与 共同 创作 ， 甚至 可以 和 同好 们 一起 拍 剧情 短片 。 希望 在 这些 新 功能 的 助力 下 ， 更 多 游侠 们 的 绝妙 创意 能够 得以 实现 ， 演绎 自己 的 武侠 大片 ！ 其他 模块 的 优化 也 在 进行 中 ： 百业 ： 规则 优化 、 功能 完善 在 百业 模块 ， 我们 已 对 「 百业战 联赛 」 包括 计分 方式 在内 的 多 项 规则 进行 了 调整 ， 不用 再 担心 “ 摩拳擦掌 准备 一 场 大胜 拿 下 40分 ， 结果 对手 投降 只能 拿 25分 ” 的 情况 。 下一步 ， 我们 将 优先 优化 性能 表现 ， 重点 解决 性能 引起 的 “ 看 不 见 人 ” 等 问题 。 除了 百业战 之外 ， 一些 涉及 到 百业 日常 体验 的 新 功能 ， 如 百业 群发 邮件 、 百业 改名 、 变动 日志 等 也 正 在 路上 。 后续 各位 辛劳 的 百业管理 们 通知 社众 、 发起 活动 将 更为 方便 省心 。 社交 ： 更 少 压力 、 更 少 打扰 在 社交 模块 ， 这次 我们 加入 了 消息 置顶 以及 红点 提醒 自定义 功能 ， 再 也 不用 担心 漏掉 重要 的 人 的 消息 。 对应 的 ， 全新 陌生人 消息 盒子 功能 （ 设置 其他 中 开启 ） 能 帮助 游侠 免去 各种 意料 之外 的 信息 打扰 。 好友 分组 、 隐身 、 燕语阁 密码 房间 等 功能 也 在 有序 开发 中 。 后续 游侠 们 江湖 交友 可以 更 轻松 自由 地 在 沉浸 体验 和 与友同乐 之间 进行 选择 。 外观 ： 上下装 拆分 、 搭配 更 自由 在 外观 模块 ， 本周 我们 优化 了 商店 的 展示 效果 ， 服装 现 可 支持 热门 染色 的 预览 甚至 试染 ， 游侠 们 可以 更加 方便 的 试穿 染色 高手 们 的 “ 买家秀 ” 。 此外 ， 首套 支持 上下装 拆分 的 六元 时装 「 芳时歇 」 也 已 上架 ， 我们 也 在 同步 开发 支持 拆分 的 新 时装 ， 希望 可以 提供 给 游侠 们 更 多 穿搭 的 乐趣 。 还有 更 多 功能 优化 细节 ， 游侠 们 可以 前往 游戏 内 更新 公告 查看 。 我们 也 会 继续 勤勉 优化 ， 也 请 各位 继续 监督 ！ 优化 之 路 ， 须 积 跬步 。 体验 求 精 ， 内容 也 当 求新 。 在 推进 每 一 模块 优化 的 同时 ， 我们 也 收到 了 很多 游侠 对于 我们 运营 节奏 、 后续 产能 的 关心 。 凉州 相会 ， 举目可及 。 游侠 们 的 期待 ， 也 让 我们 更 自省 。 后续 ， 我们 一定 谨慎 预计 ， 提供 更 明确 的 消息 给 大家 。 夙夜 赶路 ， 竭尽所能 。 不 放弃 对 内容 的 追求 ， 也 不 放弃 真诚 沟通 。 ， 在 那个 与 玉门 截然不同 ， 又 一脉相承 的 全新 时空 「 凉州 」—— 看 山 与 雪 ， 筑 梦 与 城 ， 期待 相见 。 ' ],2025-04,优化动向丨持续打磨体验，多项关键优化现已上线
['南风暖昼夜，昼夜伴游侠。开发优化之路步履不停，在本周，我们也将迎来1.8版本「南风知昼暖」的更新。期待在这春末夏初的承启之际，奉上更多新玩法、新外观、新优化，盼与游侠们以更好的面貌，在广阔江湖中行至更高更远。六元时装上架商店「芳时歇」麦秀渐渐，禾黍油油。彼狡童兮，不与我好。乱世之中，理想与守诺最为可贵。素雅风度之下，同样也有坚韧的信念。更新后，游侠可前往【商店】，以「60长鸣珠」购得全新套装「芳时歇」。为了让游侠们日后搭配更为随心，「芳时歇」也将首次支持上下装拆分。捏脸数据来自玩家投稿：*舟、山遥水阔武器外观六元上新「月中诗」今人不见古时月，今月曾经照古人。古人今人若流水，共看明月皆如此。全新伞武器外观「月中诗」取意自诗仙笔下的满月，俯视若皎皎玉盘。更新后，游侠可前往【商店】，即可以「60长鸣珠」购得。伞面由上等轻纱制成，有独特的半透明效果。光线透过之时，剔透如玉，明澈如水，别有雅致。又有瑰丽诗词书写于上，哪怕是不懂诗文的人，被它击中时也能感受到文字的“力量”。武器外观上架商店「长安不见」玉门离弦，归心似箭愿以此身长报国，何须生入玉门。诗中的绣口一叹，道不尽英雄的壮阔豪情。再临沙场，有雄姿英发，无限侠意。亦有威武神兵，光辉熠熠。版本更新后，游侠前往【商店】，即可以【680长鸣珠】购得全新武器外观·弓箭「长安不见」。当箭离弦时，白发的将军看向了东方。最后看一眼吧，长安。武学外观和鸣上新「青鸾望月」九重春色，伞下望月春山藏凤，可召百羽，可衔朱英。纵云岫千叠，亦自鸣曙色，振翅于林，声彻瑶台九重春。版本更新后，游侠前往【和鸣商店】，即可通过【八音窍】兑换「九重春色」的全新武学特效「青鸾望月」。执伞进退的招式悠然间，可见江山锦绣，亦更显侠情骁勇。除了诸多新外观，本周更新后也将迎来包括拍照功能等在内的诸多优化。一直以来，我们都在密切关注大家在游戏中的各项体验，争取及时敏捷地推进各项功能的优化。比如在本周，针对游侠们对于社交功能的诉求和反馈，我们也进行了相关功能的优化。更新优化后，游侠可以将陌生人消息汇总显示，不再单独显示；好友申请也增加了申请理由填写选项；并可以把重要的私聊进行置顶，进一步便捷各位的使用。凡此种种，本次1.8版本更新中还有诸多新内容和新优化即将上线。十六巷计划于-进行停服维护更新，维护期间将暂时无法登录游戏，开服时间将根据实际情况可能提前或延后，请游侠合理安排游戏进度。因维护给游侠带来的不便，十六巷深表歉意！我们将在维护结束后，为游侠奉上一份歉礼，请诸位游侠在维护结束后登录游戏查收。此外，我们预计将在下周再次进行停服更新，届时将有诸多新活动、新外观及新奇术上线，与游侠们共同开启五月新程，敬请关注后续的官方动态！本周的具体更新内容详情，还请查看下方公告——']。 —— 更新前瞻丨1.8版本「南风知昼暖」即将开启-,《 更新 前瞻 丨 1.8 版本 「 南风 知 昼 暖 」 即将 开启 》 : [ ' 南风 暖 昼夜 ， 昼夜 伴 游侠 。 开发 优化 之 路 步履 不停 ， 在 本周 ， 我们 也 将 迎来 1.8 版本 「 南风 知昼暖 」 的 更新 。 期待 在 这 春末 夏初 的 承启 之际 ， 奉 上 更 多 新 玩法 、 新 外观 、 新 优化 ， 盼 与 游侠 们 以 更 好 的 面貌 ， 在 广阔 江湖 中 行 至 更 高 更 远 。 六元 时装 上架 商店 「 芳时歇 」 麦秀 渐渐 ， 禾黍 油油 。 彼 狡童 兮 ， 不 与 我 好 。 乱世 之中 ， 理想 与 守诺 最为 可贵 。 素雅 风度 之下 ， 同样 也 有 坚韧 的 信念 。 更新 后 ， 游侠 可 前往 【 商店 】 ， 以 「 60 长鸣珠 」 购得 全新 套装 「 芳时歇 」 。 为了 让 游侠 们 日后 搭配 更为 随心 ， 「 芳时歇 」 也 将 首次 支持 上下装 拆分 。 捏脸 数据 来自 玩家 投稿 ： * 舟 、 山 遥 水 阔 武器 外观 六元 上 新 「 月中诗 」 今人 不见 古时月 ， 今月 曾经 照 古人 。 古人 今人 若 流水 ， 共 看 明月 皆 如此 。 全新伞 武器 外观 「 月中诗 」 取意 自 诗仙 笔下 的 满月 ， 俯视 若 皎皎 玉盘 。 更新 后 ， 游侠 可 前往 【 商店 】 ， 即可 以 「 60 长鸣珠 」 购得 。 伞面 由 上等 轻纱 制成 ， 有 独特 的 半透明 效果 。 光线 透过 之 时 ， 剔透 如 玉 ， 明澈 如 水 ， 别 有 雅致 。 又 有 瑰丽 诗词 书写 于 上 ， 哪怕 是 不 懂 诗文 的 人 ， 被 它 击中 时 也 能 感受 到 文字 的 “ 力量 ” 。 武器 外观 上架 商店 「 长安 不见 」 玉门离弦 ， 归心似箭 愿 以 此 身长 报国 ， 何须 生 入 玉门 。 诗 中 的 绣口 一 叹 ， 道 不尽 英雄 的 壮阔 豪情 。 再 临 沙场 ， 有 雄姿英发 ， 无限 侠意 。 亦 有 威武 神兵 ， 光辉 熠熠 。 版本 更新 后 ， 游侠 前往 【 商店 】 ， 即 可以 【 680 长鸣珠 】 购得 全新 武器 外观 · 弓箭 「 长安 不见 」 。 当 箭 离 弦 时 ， 白发 的 将军 看 向 了 东方 。 最后 看 一 眼 吧 ， 长安 。 武学 外观 和鸣 上 新 「 青鸾 望月 」 九重春色 ， 伞 下 望月 春山 藏凤 ， 可 召 百 羽 ， 可 衔 朱英 。 纵 云 岫千 叠 ， 亦 自 鸣 曙色 ， 振翅 于 林 ， 声 彻 瑶台 九重春 。 版本 更新 后 ， 游侠 前往 【 和鸣商店 】 ， 即可 通过 【 八音窍 】 兑换 「 九重春色 」 的 全新 武学 特效 「 青鸾 望月 」 。 执伞 进退 的 招式 悠然 间 ， 可见 江山 锦绣 ， 亦 更 显 侠情 骁勇 。 除了 诸多 新 外观 ， 本周 更新 后 也 将 迎来 包括 拍照 功能 等 在内 的 诸多 优化 。 一直以来 ， 我们 都 在 密切 关注 大家 在 游戏 中 的 各项 体验 ， 争取 及时 敏捷 地 推进 各项 功能 的 优化 。 比如 在 本周 ， 针对 游侠 们 对于 社交 功能 的 诉求 和 反馈 ， 我们 也 进行 了 相关 功能 的 优化 。 更新 优化 后 ， 游侠 可以 将 陌生人 消息 汇总 显示 ， 不再 单独 显示 ； 好友 申请 也 增加 了 申请 理由 填写 选项 ； 并 可以 把 重要 的 私聊 进行 置顶 ， 进一步 便捷 各位 的 使用 。 凡此种种 ， 本 次 1.8 版本 更新 中 还有 诸多 新 内容 和 新 优化 即将 上线 。 十六巷 计划 于 进行 停服 维护 更新 ， 维护 期间 将 暂时 无法 登录 游戏 ， 开服 时间 将 根据 实际情况 可能 提前 或 延后 ， 请 游侠 合理 安排 游戏 进度 。 因 维护 给 游侠 带来 的 不便 ， 十六巷 深表 歉意 ！ 我们 将 在 维护 结束 后 ， 为 游侠 奉 上 一 份 歉礼 ， 请 诸位 游侠 在 维护 结束 后 登录 游戏 查收 。 此外 ， 我们 预计 将 在 下周 再次 进行 停服 更新 ， 届时 将 有 诸多 新 活动 、 新 外观 及 新 奇术 上线 ， 与 游侠 们 共同 开启 五月 新程 ， 敬请 关注 后续 的 官方 动态 ！ 本周 的 具体 更新 内容 详情 ， 还 请 查看 下方 公告 —— ' ],2025-04,更新前瞻丨1.8版本「南风知昼暖」即将开启
['春去夏来，转眼已近四月末。春夏交替之际，万物萌荫，正适合焕发活力，开启新篇。近日，我们收到了很多游侠对于新内容凉州、新玩法活动、新6元外观的关心。刚好，我们也希望借此机会，向游侠们介绍我们近期的开发动向，请各位游侠查阅——首先，是大家最为关心的河西新篇章「凉州」。作为河西的第二篇章，凉州在视觉上将保持一以贯之的写意浪漫。凉州的视觉核心，来源于“葡萄美酒夜光杯”，是由酒液和玉石组成的瑰丽奇观。飞扬在凉州上空的也不再是黄沙，而是无尽的飘雪。同样是边塞，我们也希望做出能让游侠耳目一新的风情。诸多奇景，皆是游侠们故事发生的舞台。而提到故事，凉州将是河西之旅中承上启下的关键主章，也有不少取材于真实历史中的人物即将登场。在这各方势力际会的汹涌暗流之中，游侠将有机会与先后两位传奇归义军节度使相遇，重新见证他们的智慧与勇气。同时，我们也在尝试更丰富的剧情主题与叙事表现方式，以提供更沉浸的剧情体验。目前，凉州的内容正有序开发中，将在正式与大家见面。后续，我们也会带来更多关于凉州篇章的前瞻情报，期待共赴！在凉州之旅开启前，我们也为大家准备了一系列大型主题玩法活动，希望能给游侠们的假日增添更多惬意与欢乐！立夏至，将军于河西设迎夏仪，犒军祈农。，全新活动「夏启边声」即将开启！集会之上，游侠可凭更强之姿与故友强敌再次对战，试炼身手；或是御鲤逐沙，与其他游侠争锋沙海，跃门成鱼龙；若是更想以智取胜，还可承名将遗风，以人为兵棋，和他人来上几局全新升级的多人嫖姚棋。若是不喜争胜，也能与多位故人重逢，交相问安，共织锦愿……游侠们参与集会，将军也会有诸多好礼相赠，切莫错过！不仅如此，五一假期还会有全新趣味活动上线，另有神秘新奇术将应各位呼声而来。夏启边声，万物并秀，静待各位游侠大驾光临！在上周，我们向大家分享了后续6元外观的前瞻情报。在本周五更新之后，就将有全新6元外观上架——全新外观「芳时歇」麦秀渐渐，禾黍油油。彼狡童兮，不与我好。捏脸数据来自玩家投稿：*舟、山遥水阔乱世之中，理想与守诺最为可贵。素雅风度之下，同样也有坚韧的信念。更新后，游侠可前往【商店】，以「60长鸣珠」购得全新套装「芳时歇」。为了让游侠们日后搭配更为随心，「芳时歇」将支持上下装拆分。正如我们之前所承诺，我们将会更多更快地为大家带来物美价廉的时装，并努力提升6元时装的风格审美和设计品质。欢迎大家继续给我们发来意见和反馈！全新武器外观「月中诗」今人不见古时月，今月曾经照古人。古人今人若流水，共看明月皆如此。全新伞武器外观「月中诗」取意自诗仙笔下的满月，俯视若皎皎玉盘。伞面由上等轻纱制成，有独特的半透明效果。光线透过之时，剔透如玉，明澈如水，别有雅致。又有瑰丽诗词书写于上，哪怕是不懂诗文的人，被它击中时也能感受到文字的“力量”。更新后，游侠可前往【商店】，即可以「60长鸣珠」购得。此外，「朔风雪·发型」、「藏音·千古断云」、「藏音·昆山玉碎」、「铁马金戈」等外观将在近期下架，「蝎心蛟影」限时折扣也即将结束。游侠若有心仪之物，建议关注游戏内的相关时间节点，避免错过！全新的篇章即将开启，我们与游侠们一样兴奋。我们将会第一时间带来更多前瞻情报，敬请关注后续官方动态。江湖壮阔无垠，还有诸多未览之美景、未见之侠事，期待与各位同途共享！']。 —— 开发动向丨「凉州」前瞻速报，6元外观本周上新！-,《 开发 动向 丨 「 凉州 」 前瞻 速报 ， 6元 外观 本周 上新 ！ 》 : [ ' 春 去夏 来 ， 转眼 已 近 四月末 。 春 夏 交替 之际 ， 万物 萌荫 ， 正 适合 焕发 活力 ， 开启 新篇 。 近日 ， 我们 收到 了 很多 游侠 对于 新 内容 凉州 、 新 玩法 活动 、 新 6元 外观 的 关心 。 刚好 ， 我们 也 希望 借 此 机会 ， 向 游侠 们 介绍 我们 近期 的 开发 动向 ， 请 各位 游侠 查阅 —— 首先 ， 是 大家 最为 关心 的 河西 新篇章 「 凉州 」 。 作为 河西 的 第二 篇章 ， 凉州 在 视觉 上 将 保持 一以 贯 之 的 写意 浪漫 。 凉州 的 视觉 核心 ， 来源于 “ 葡萄 美酒 夜光杯 ” ， 是 由 酒液 和 玉石 组成 的 瑰丽 奇观 。 飞扬 在 凉州 上空 的 也 不再 是 黄沙 ， 而是 无尽 的 飘雪 。 同样 是 边塞 ， 我们 也 希望 做出 能 让 游侠 耳目一新 的 风情 。 诸多 奇景 ， 皆 是 游侠 们 故事 发生 的 舞台 。 而 提到 故事 ， 凉州 将 是 河西 之 旅 中 承上启下 的 关键 主章 ， 也 有 不少 取材 于 真实 历史 中 的 人物 即将 登场 。 在 这 各方 势力 际会 的 汹涌 暗流 之中 ， 游侠 将 有 机会 与 先后 两位 传奇 归义军 节度 使 相遇 ， 重新 见证 他们 的 智慧 与 勇气 。 同时 ， 我们 也 在 尝试 更 丰富 的 剧情 主题 与 叙事 表现 方式 ， 以 提供 更 沉浸 的 剧情 体验 。 目前 ， 凉州 的 内容 正 有序 开发 中 ， 将 在 正式 与 大家 见面 。 后续 ， 我们 也 会 带来 更 多 关于 凉州 篇章 的 前瞻 情报 ， 期待 共 赴 ！ 在 凉州 之 旅 开启 前 ， 我们 也 为 大家 准备 了 一系列 大型 主题 玩法 活动 ， 希望 能 给 游侠 们 的 假日 增添 更 多 惬意 与 欢乐 ！ 立夏 至 ， 将军 于 河西 设 迎 夏仪 ， 犒军 祈 农 。 ， 全新 活动 「 夏 启 边声 」 即将 开启 ！ 集会 之上 ， 游侠 可 凭 更 强 之 姿 与 故友 强敌 再次 对战 ， 试 炼 身手 ； 或是 御鲤 逐 沙 ， 与 其他 游侠 争锋 沙海 ， 跃 门 成 鱼龙 ； 若是 更 想 以 智 取胜 ， 还 可 承 名将 遗风 ， 以 人 为 兵棋 ， 和 他人 来 上 几局 全新 升级 的 多 人 嫖姚棋 。 若是 不 喜 争胜 ， 也 能 与 多 位 故人 重逢 ， 交相 问安 ， 共 织 锦 愿 …… 游侠 们 参与 集会 ， 将军 也 会 有 诸多 好 礼 相 赠 ， 切 莫 错过 ！ 不仅 如此 ， 五一 假期 还 会 有 全新 趣味 活动 上线 ， 另 有 神秘 新 奇术 将 应 各位 呼声 而 来 。 夏启边声 ， 万物 并秀 ， 静待 各位 游侠 大驾光临 ！ 在 上周 ， 我们 向 大家 分享 了 后续 6元 外观 的 前瞻 情报 。 在 本周五 更新 之后 ， 就 将 有 全新 6元 外观 上架 —— 全新 外观 「 芳时歇 」 麦秀 渐渐 ， 禾黍 油油 。 彼狡 童 兮 ， 不 与 我 好 。 捏脸 数据 来自 玩家 投稿 ： *舟 、 山 遥 水 阔 乱世 之中 ， 理想 与 守诺 最为 可贵 。 素雅 风度 之下 ， 同样 也 有 坚韧 的 信念 。 更新 后 ， 游侠 可 前往 【 商店 】 ， 以 「 60 长鸣珠 」 购得 全新 套装 「 芳时歇 」 。 为了 让 游侠 们 日后 搭配 更为 随心 ， 「 芳时歇 」 将 支持 上下装 拆分 。 正如 我们 之前 所 承诺 ， 我们 将 会 更 多 更 快 地 为 大家 带来 物美价廉 的 时装 ， 并 努力 提升 6元 时装 的 风格 审美 和 设计 品质 。 欢迎 大家 继续 给 我们 发 来 意见 和 反馈 ！ 全新 武器 外观 「 月中诗 」 今人 不见 古时 月 ， 今月 曾经 照 古人 。 古人 今人 若 流水 ， 共 看 明月 皆 如此 。 全新 伞 武器 外观 「 月中诗 」 取意 自 诗仙 笔下 的 满月 ， 俯视 若 皎皎 玉盘 。 伞面 由 上等 轻纱 制成 ， 有 独特 的 半透明 效果 。 光线 透过 之 时 ， 剔透 如 玉 ， 明澈 如 水 ， 别有雅致 。 又 有 瑰丽 诗词 书写 于 上 ， 哪怕 是 不 懂 诗文 的 人 ， 被 它 击中 时 也 能 感受 到 文字 的 “ 力量 ” 。 更新 后 ， 游侠 可 前往 【 商店 】 ， 即可以 「 60 长 鸣珠 」 购得 。 此外 ， 「 朔风雪 · 发型 」 、 「 藏音 · 千古 断 云 」 、 「 藏音 · 昆山 玉 碎 」 、 「 铁马 金戈 」 等 外观 将 在 近期 下架 ， 「 蝎心 蛟影 」 限时 折扣 也 即将 结束 。 游侠 若 有 心仪 之 物 ， 建议 关注 游戏 内 的 相关 时间 节点 ， 避免 错过 ！ 全新 的 篇章 即将 开启 ， 我们 与 游侠 们 一样 兴奋 。 我们 将 会 第一 时间 带来 更 多 前瞻 情报 ， 敬请 关注 后续 官方 动态 。 江湖 壮阔 无垠 ， 还有 诸多 未 览 之 美景 、 未 见 之 侠事 ， 期待 与 各位 同途 共享 ！ ' ],2025-04,开发动向丨「凉州」前瞻速报，6元外观本周上新！
['三月季春，律中姑洗；四月孟夏，律中仲吕。春意三月的探游别有生趣，在声声不息的江湖行旅中，已是春夏交融之际。下周，仲吕四月将启，本周我们也将迎来1.8「南风知昼暖」版本更新，江湖上又将有很多新鲜事——众多新功能、新玩法、新外观即将登场，燕叽也会为大家陆续带来江湖的最新动态！江湖辽阔，生如旷野。要说武侠开放世界之路，旷野之中也不乏“狂野”——有路见不平，行侠仗义之狂，也有身其不拘，触令刑罚之野。于狂于野，当以规矩成方圆。如今江湖之上，已有入狱和游街减刑之律准，但仍有以身试法之行，出手“很刑”。在近期更新中，游戏内将上线全新玩法「阖家刑」。游侠们触犯律令被捕之后，将视情节轻重触发刑罚，不仅将按律入狱，还可能将株连侠友，务必多加谨慎——短期之内连续做恶，当以此刑！逃逸再犯而不自省，当以此刑！当某个游侠被判定阖家刑以后，其侠缘、结义、师徒、情义值达到16000以上的好友，将可能受到牵连而被连坐入狱。（但游侠不必担心游玩其他玩法时被意外打断：受到牵连后，游侠会收到确认提示，确认后才会继续触发连坐入狱的流程）连坐入狱后，主犯和从犯玩家可以开启连坐游街，一起接受百姓群众的劝诫和教诲，真心悔过，减少关押时间。燕叽特别提示：阖家当以乐，守法不得刑！——————————“很刑”预警之后，愿咱游侠不得刑罚，而是以潇洒江湖之姿，彰显“有型”。下周即将迎来“黄金周小长假”，值此出街旺季，定然也少不了“出片神器”加持——更新后，多项拍照功能即将迎来焕新优化！真实光源、黑夜天气、自拍壁纸、摄影模板......诸多新功能，敬请游侠们查阅下方优化速览长图——相信本周拍照功能优化上线之后，便能领略出自游侠们的侠影大片，欢迎大家在各平台及通过官方投稿邮箱：tougaoyysls@163.com分享给我们！除此之外，本周还有包括6元外观在内的诸多外观上新、新的立夏福利活动等诸多新内容即将登场，敬请关注我们的后续官方动态~姑洗音末，前路契阔。愿与游侠们侠影相照，共赴新篇！']。 —— 「拍照优化」抢鲜速览，还有新玩法“很刑”？-,《 「 拍照 优化 」 抢鲜 速览 ， 还有 新 玩法 “ 很 刑 ” ？ 》 : [ ' 三月 季 春 ， 律 中 姑洗 ； 四月 孟夏 ， 律 中 仲吕 。 春意 三月 的 探游 别有生趣 ， 在 声声 不息 的 江湖 行旅 中 ， 已 是 春夏交融 之际 。 下周 ， 仲吕 四月 将 启 ， 本周 我们 也 将 迎来 1.8 「 南风 知 昼暖 」 版本 更新 ， 江湖 上 又 将 有 很多 新鲜事 —— 众多 新 功能 、 新 玩法 、 新 外观 即将 登场 ， 燕叽 也 会 为 大家 陆续 带来 江湖 的 最新 动态 ！ 江湖 辽阔 ， 生 如 旷野 。 要 说 武侠 开放世界 之 路 ， 旷野 之中 也 不乏 “ 狂野 ” —— 有 路见 不平 ， 行侠 仗义 之 狂 ， 也 有 身 其 不拘 ， 触令 刑罚 之 野 。 于 狂 于 野 ， 当 以 规矩 成 方圆 。 如今 江湖 之上 ， 已 有 入狱 和 游街 减刑 之 律准 ， 但 仍 有 以 身 试 法 之 行 ， 出手 “ 很 刑 ” 。 在 近期 更新 中 ， 游戏 内 将 上线 全新 玩法 「 阖家刑 」 。 游侠 们 触犯 律令 被捕 之后 ， 将 视 情节 轻重 触发 刑罚 ， 不仅 将 按 律 入狱 ， 还 可能 将 株连 侠友 ， 务必 多加 谨慎 —— 短期 之内 连续 做恶 ， 当 以 此 刑 ！ 逃逸 再犯 而 不 自省 ， 当 以 此 刑 ！ 当 某个 游侠 被 判定 阖家刑 以后 ， 其 侠缘 、 结义 、 师徒 、 情义值 达到 16000 以上 的 好友 ， 将 可能 受到 牵连 而 被 连坐 入狱 。 （ 但 游侠 不必 担心 游玩 其他 玩法 时 被 意外 打断 ： 受到 牵连 后 ， 游侠 会 收到 确认 提示 ， 确认 后 才 会 继续 触发 连坐 入狱 的 流程 ） 连坐 入狱 后 ， 主犯 和 从犯 玩家 可以 开启 连坐 游街 ， 一起 接受 百姓 群众 的 劝诫 和 教诲 ， 真心 悔过 ， 减少 关押 时间 。 燕叽 特别 提示 ： 阖家 当 以 乐 ， 守法 不得 刑 ！ ———— — — — — —— “ 很 刑 ” 预警 之后 ， 愿 咱 游侠 不得 刑罚 ， 而是 以 潇洒 江湖 之 姿 ， 彰显 “ 有型 ” 。 下周 即将 迎来 “ 黄金周 小 长假 ” ， 值此 出街 旺季 ， 定然 也 少不了 “ 出片 神器 ” 加持 —— 更新 后 ， 多 项 拍照 功能 即将 迎来 焕新 优化 ！ 真实 光源 、 黑夜 天气 、 自 拍 壁纸 、 摄影 模板 ...... 诸多 新 功能 ， 敬请 游侠 们 查阅 下方 优化 速览 长图 —— 相信 本周 拍照 功能 优化 上线 之后 ， 便 能 领略 出自 游侠 们 的 侠影 大片 ， 欢迎 大家 在 各 平台 及 通过 官方 投稿 邮箱 ： tougaoyysls@163.com 分享 给 我们 ！ 除此之外 ， 本周 还有 包括 6元 外观 在内 的 诸多 外观 上新 、 新 的 立夏 福利 活动 等 诸多 新 内容 即将 登场 ， 敬请 关注 我们 的 后续 官方 动态 ~ 姑洗 音末 ， 前路 契阔 。 愿 与 游侠 们 侠影 相照 ， 共 赴 新篇 ！ ' ],2025-04,「拍照优化」抢鲜速览，还有新玩法“很刑”？
['春光此时，光阴如金。在游侠们骋怀闯荡的过程中，我们也希望第一时间对各项功能进行优化。今日，我们完成了1.7.5b版本的在线更新，多项优化现已上线，期待游侠们体验。在吸取游侠们反馈和建议的过程中，我们也关注到了大家对于外观功能、系统完善性等诸多模块优化的关注。侠心所向，日胜一日。燕叽今日也赶来和大家分享这些模块最新的优化动向~少东家们的侠影身姿，让江湖之上各美其美。而时装外观的自在搭配，也一直是大家追求个性审美的关键。我们在不断努力扩展时装的个性化功能，如在今日的更新后，「穿云游雪」套装也已开放染色功能。此外，在「裁造」「染色」等诸多外观定制化功能的基础上，我们也在尝试进一步丰富时装的配饰搭配选择。比如「蝎心蛟影」套装，在今日的在线更新后，就已新增套装的配饰选择——在保留原有裁造方案的基础上，套装中的部分组件将开放与其他时装的自由搭配，方便各位展现别样风采。此外，该配饰效果正持续优化中，将在近期的线上更新中进行最终效果的迭代。开发中配饰效果示意，请以游戏内后续更新为准除了开放更多配饰搭配选项，我们也想为游侠们带来更多风格多样的配饰选择。全新饰品外观「玉桂啾」现已正式上架游戏内「商店」。趣味灵动的玉桂啾，将在游侠们的江湖羁旅中常伴左右，不仅可以方寸移形，更能以周身飞舞身姿，与游侠们添情为伴。除了配饰搭配之外，首套可进行上下装拆分的套装即将在下周的更新中上线。未来，我们将在时装设计中加入更多可进行拆分搭配的选项，方便大家追求更个性化的外观呈现。也欢迎各位游侠继续给我们发来宝贵的建议和反馈。除了更加丰富的时装搭配功能，我们也在持续提升外观的质量和产能。以时装为例，当前一套时装的制作周期约为4-6个月，在燕云上线的这3个多月中，我们基于公测前的开发储备，推出了数套时装外观。在这期间，我们也在持续提升人力和产能，这也意味着燕云上线后的新增设计时装，预计将在后逐步和各位见面。我们也会继续强度拉满，唯快不破，在做得更好的期待中，和大家一起见证更多美好。当然，光做得好肯定还不够，还得让更多游侠享优惠——我们会继续推出6元档位的外观，下周就即将有包含6元外观在内的多套外观上新。除了外观功能优化，其他模块优化也在持续推进。如系统层面的功能优化、完善，满足大家多样的体验需求。比如在下周的更新中，拍照系统将进行优化，不仅将带来黑夜天气选项，还将提供更多的光源打光选项，可供游侠们自由调节。在多样的光影氛围中，希望能展现游侠们更丰富立体的身姿。同时，拍照系统也将支持更高品质的图片输出。在下周的版本更新中，我们还会进一步优化拍照系统的真实光源，争取达到npc受光、环境受光等更丰富真实的拍照效果，燕叽也将在下周带来更多拍照新功能的详情速报，也请游侠们关注我们的后续动态。除了这些“看得见”的功能优化，我们也一直推进着很多“不容易看见”的系统易用性优化——比如，已在的更新中实装的系统优化中，游侠们不仅可以身姿无拘地闯荡多人世界，也可以在多人世界中参与开宝箱、采集蹊跷等诸多单人玩法。而且在多人模式下完成的收集，相关的玩法进度统计等完全同步。所谓“独众皆乐”，我们希望无论是单人闯荡，还是与侠同游，都能有更多乐趣和可能。另外我们也在进一步拓展着多人玩法的系统丰富度，希望让游侠们的交会更加便利，留下更多江湖精彩。比如，在「同游-止戈」系统中，我们已拓展了「砺兵台」的多人房间功能，方便各位以武会友，让大家可以自行创建房间，容纳众多玩家战斗、观战。同时也提供了两种挑战模式选择，让游侠可以自由挑战，抑或是按照房间管理者的选择进行战斗。后续，燕叽也会给大家带来更多系统优化层面的新消息，也请各位持续关注我们。一日之计在于优化，未来我们也将继续即时、密集地推动在线优化修复，后续也将争取实现不停服的周维护更新。最近几日，还有诸多内容进行了在线优化，欢迎游侠们查看下方优化日志——【优化修复一览】1、修复了服装「红尘书」男主肩膀染色异常的问题。2、修复了服装「阮郎归」在移动端部分情况下染色异常的问题。3、修复了移动端「技能辅助」部分情况下普攻与重击施放异常的问题。4、修复了赛季更新后「百业繁荣度」异常重置导致「百业繁荣度-季前赛排行榜」显示错误的问题。【优化修复一览】1、优化了奇术「箫吟千浪」突破材料「霈骨花」的获取体验。不肝商店、战令商店和太平武墓·传承兑换商店将于上架新的「奇术突破支援箱」，同时此「奇术突破支援箱」新增了「霈骨花」的自选兑换。原「奇术突破支援箱」将于下架，之前已获得的「奇术突破支援箱」可自选兑换内容不变。在后续更新中，新区域相关的奇术突破材料也将优先通过大世界获取，并于新区域更新一段时间后再开放商店兑换。2、优化了外观套装「蝎心蛟影」，使其颈部裁造作为独立的饰品，便于游侠自由搭配。同时为已获得此外观套装的游侠进行补发，游侠重新登录即可获得。3、新增了外观套装「穿云游雪」的染色功能。4、修复了部分可以给目标附加效果的「武学」和「心法」，在多人模式特定情况下附加效果会失败的问题，包括武学「九曲惊神枪-惊神」、武学「粟子游尘-蚀骨」、心法「千山法-山移」等效果。游侠重新登录后即可恢复正常。5、修复了武学「积矩九剑」通过特殊技或纵横剑触发的高额流血效果，与队友在极短时间内同时触发会导致伤害异常丢失的问题。6、修复了服装「蝎心蛟影」男主颈部在特定动作下异常穿模的问题。7、修复了服装「蝎心蛟影」图标未正常显示披肩的问题。8、修复了发型「弄清影」在穿搭服装「白龙」时特定动作下异常穿模的问题。9、修复了发型「青丘千岁」女主链饰在结算演出「雪满川」中模型显示异常的问题。10、修复了服装「金池鲤」部分情况下模型显示异常的问题。优化跬步可致千里，精益之路有侠相伴。再次感谢少东家们的反馈和建议，感谢各位对我们的支持和理解。行胜于言，惟愿赤诚之心，彼此看见。']。 —— 优化日志丨在线更新完成，多项新功能上线-,《 优化 日志 丨 在线 更新 完成 ， 多 项 新 功能 上线 》 : [ ' 春光 此时 ， 光阴 如 金 。 在 游侠 们 骋怀 闯荡 的 过程 中 ， 我们 也 希望 第一 时间 对 各项 功能 进行 优化 。 今日 ， 我们 完成 了 1.7.5b 版本 的 在线 更新 ， 多 项 优化 现 已 上线 ， 期待 游侠 们 体验 。 在 吸取 游侠 们 反馈 和 建议 的 过程 中 ， 我们 也 关注 到 了 大家 对于 外观 功能 、 系统 完善性 等 诸多 模块 优化 的 关注 。 侠心所向 ， 日 胜 一日 。 燕叽 今日 也 赶来 和 大家 分享 这些 模块 最新 的 优化 动向 ~ 少 东家 们 的 侠影 身姿 ， 让 江湖 之上 各美其 美 。 而 时装 外观 的 自在 搭配 ， 也 一直 是 大家 追求 个性 审美 的 关键 。 我们 在 不断 努力 扩展 时装 的 个性化 功能 ， 如 在 今日 的 更新 后 ， 「 穿云游雪 」 套装 也 已 开放 染色 功能 。 此外 ， 在 「 裁造 」 「 染色 」 等 诸多 外观 定制化 功能 的 基础 上 ， 我们 也 在 尝试 进一步 丰富 时装 的 配饰 搭配 选择 。 比如 「 蝎心 蛟影 」 套装 ， 在 今日 的 在线 更新 后 ， 就 已 新增 套装 的 配饰 选择 —— 在 保留 原有 裁造 方案 的 基础 上 ， 套装 中 的 部分 组件 将 开放 与 其他 时装 的 自由 搭配 ， 方便 各位 展现 别样 风采 。 此外 ， 该 配饰 效果 正 持续 优化 中 ， 将 在 近期 的 线上 更新 中 进行 最终 效果 的 迭代 。 开发 中 配饰 效果 示意 ， 请 以 游戏 内 后续 更新 为 准 除了 开放 更 多 配饰 搭配 选项 ， 我们 也 想 为 游侠 们 带来 更 多 风格 多样 的 配饰 选择 。 全新 饰品 外观 「 玉桂啾 」 现 已 正式 上架 游戏 内 「 商店 」 。 趣味 灵动 的 玉桂啾 ， 将 在 游侠 们 的 江湖 羁旅 中 常伴 左右 ， 不仅 可以 方寸 移形 ， 更 能 以 周身 飞舞 身姿 ， 与 游侠 们 添情 为伴 。 除了 配饰 搭配 之外 ， 首套 可 进行 上下装 拆分 的 套装 即将 在 下周 的 更新 中 上线 。 未来 ， 我们 将 在 时装 设计 中 加入 更 多 可 进行 拆分 搭配 的 选项 ， 方便 大家 追求 更 个性化 的 外观 呈现 。 也 欢迎 各位 游侠 继续 给 我们 发 来 宝贵 的 建议 和 反馈 。 除了 更加 丰富 的 时装 搭配 功能 ， 我们 也 在 持续 提升 外观 的 质量 和 产能 。 以 时装 为 例 ， 当前 一套 时装 的 制作 周期 约 为 4-6个月 ， 在 燕云 上线 的 这 3个多月 中 ， 我们 基于 公测 前 的 开发 储备 ， 推出 了 数套 时装 外观 。 在 这 期间 ， 我们 也 在 持续 提升 人力 和 产能 ， 这 也 意味着 燕云 上线 后 的 新增 设计 时装 ， 预计 将 在 后 逐步 和 各位 见面 。 我们 也 会 继续 强度 拉 满 ， 唯 快 不 破 ， 在 做 得 更 好 的 期待 中 ， 和 大家 一起 见证 更 多 美好 。 当然 ， 光 做 得 好 肯定 还 不够 ， 还 得 让 更 多 游侠 享 优惠 —— 我们 会 继续 推出 6元 档位 的 外观 ， 下周 就 即将 有 包含 6元 外观 在内 的 多 套 外观 上 新 。 除了 外观 功能 优化 ， 其他 模块 优化 也 在 持续 推进 。 如 系统 层面 的 功能 优化 、 完善 ， 满足 大家 多样 的 体验 需求 。 比如 在 下周 的 更新 中 ， 拍照 系统 将 进行 优化 ， 不仅 将 带来 黑夜 天气 选项 ， 还 将 提供 更 多 的 光源 打光 选项 ， 可 供 游侠 们 自由 调节 。 在 多样 的 光影 氛围 中 ， 希望 能 展现 游侠 们 更 丰富 立体 的 身姿 。 同时 ， 拍照 系统 也 将 支持 更 高 品质 的 图片 输出 。 在 下周 的 版本 更新 中 ， 我们 还 会 进一步 优化 拍照 系统 的 真实 光源 ， 争取 达到 npc 受 光 、 环境 受 光 等 更 丰富 真实 的 拍照 效果 ， 燕叽 也 将 在 下周 带来 更 多 拍照 新 功能 的 详情 速报 ， 也 请 游侠 们 关注 我们 的 后续 动态 。 除了 这些 “ 看 得 见 ” 的 功能 优化 ， 我们 也 一直 推进 着 很多 “ 不 容易 看见 ” 的 系统 易用性 优化 —— 比如 ， 已 在 的 更新 中 实装 的 系统 优化 中 ， 游侠 们 不仅 可以 身姿无拘 地 闯荡 多 人 世界 ， 也 可以 在 多 人 世界 中 参与 开 宝箱 、 采集 蹊跷 等 诸多 单人 玩法 。 而且 在 多 人 模式 下 完成 的 收集 ， 相关 的 玩法 进度 统计 等 完全 同步 。 所谓 “ 独 众 皆 乐 ” ， 我们 希望 无论是 单人 闯荡 ， 还是 与 侠 同游 ， 都 能 有 更 多 乐趣 和 可能 。 另外 我们 也 在 进一步 拓展 着 多人玩法 的 系统 丰富度 ， 希望 让 游侠 们 的 交会 更加 便利 ， 留下 更 多 江湖 精彩 。 比如 ， 在 「 同游 止戈 」 系统 中 ， 我们 已 拓展 了 「 砺兵台 」 的 多 人 房间 功能 ， 方便 各位 以武会 友 ， 让 大家 可以 自行 创建 房间 ， 容纳 众多 玩家 战斗 、 观战 。 同时 也 提供 了 两种 挑战 模式 选择 ， 让 游侠 可以 自由 挑战 ， 抑或 是 按照 房间 管理者 的 选择 进行 战斗 。 后续 ， 燕叽 也 会 给 大家 带来 更 多 系统 优化 层面 的 新 消息 ， 也 请 各位 持续 关注 我们 。 一日 之 计 在于 优化 ， 未来 我们 也 将 继续 即时 、 密集 地 推动 在线 优化 修复 ， 后续 也 将 争取 实现 不 停服 的 周 维护 更新 。 最近 几日 ， 还有 诸多 内容 进行 了 在线 优化 ， 欢迎 游侠 们 查看 下方 优化 日志 —— 【 优化 修复 一览 】 1 、 修复 了 服装 「 红尘书 」 男主 肩膀 染色 异常 的 问题 。 2 、 修复 了 服装 「 阮郎归 」 在 移动端 部分 情况 下 染色 异常 的 问题 。 3 、 修复 了 移动端 「 技能 辅助 」 部分 情况 下 普攻 与 重击 施放 异常 的 问题 。 4 、 修复 了 赛季 更新 后 「 百业 繁荣度 」 异常 重置 导致 「 百业 繁荣度 季前赛 排行榜 」 显示 错误 的 问题 。 【 优化 修复 一览 】 1 、 优化 了 奇术 「 箫吟 千浪 」 突破 材料 「 霈骨花 」 的 获取 体验 。 不肝商店 、 战令商店 和 太平武墓 ·传承兑换商店 将 于 上架 新 的 「 奇术 突破 支援箱 」 ， 同时 此 「 奇术 突破 支援箱 」 新增 了 「 霈骨花 」 的 自选 兑换 。 原 「 奇术 突破 支援箱 」 将 于 下架 ， 之前 已 获得 的 「 奇术 突破 支援箱 」 可 自选 兑换 内容 不 变 。 在 后续 更新 中 ， 新 区域 相关 的 奇术 突破 材料 也 将 优先 通过 大 世界 获取 ， 并 于 新 区域 更新 一段 时间 后 再 开放 商店 兑换 。 2 、 优化 了 外观 套装 「 蝎心蛟影 」 ， 使 其 颈部 裁造 作为 独立 的 饰品 ， 便于 游侠 自由 搭配 。 同时 为 已 获得 此 外观 套装 的 游侠 进行 补发 ， 游侠 重新 登录 即可 获得 。 3 、 新增 了 外观 套装 「 穿云游雪 」 的 染色 功能 。 4 、 修复 了 部分 可以 给 目标 附加 效果 的 「 武学 」 和 「 心法 」 ， 在 多 人 模式 特定 情况 下 附加 效果 会 失败 的 问题 ， 包括 武学 「 九曲 惊神枪 惊神 」 、 武学 「 粟子游尘 蚀骨 」 、 心法 「 千山法 山移 」 等 效果 。 游侠 重新 登录 后 即可 恢复 正常 。 5 、 修复 了 武学 「 积矩 九剑 」 通过 特殊技 或 纵横剑 触发 的 高额 流血 效果 ， 与 队友 在 极 短 时间 内 同时 触发 会 导致 伤害 异常 丢失 的 问题 。 6 、 修复 了 服装 「 蝎心蛟影 」 男 主 颈部 在 特定 动作 下 异常 穿模 的 问题 。 7 、 修复 了 服装 「 蝎心蛟影 」 图标 未 正常 显示 披肩 的 问题 。 8 、 修复 了 发型 「 弄清影 」 在 穿搭 服装 「 白龙 」 时 特定 动作 下 异常 穿模 的 问题 。 9 、 修复 了 发型 「 青丘 千岁 」 女 主 链饰 在 结算 演出 「 雪满川 」 中 模型 显示 异常 的 问题 。 10 、 修复 了 服装 「 金池鲤 」 部分 情况 下 模型 显示 异常 的 问题 。 优化 跬步 可 致 千里 ， 精益 之 路 有 侠 相伴 。 再次 感谢 少东家 们 的 反馈 和 建议 ， 感谢 各位 对 我们 的 支持 和 理解 。 行 胜于 言 ， 惟愿 赤诚 之 心 ， 彼此 看见 。 ' ],2025-04,优化日志丨在线更新完成，多项新功能上线
['春眠不觉晓，处处闻啼鸟。诗人们在描绘春天时，总是非常乐于对这些可爱灵动的小生物投入笔墨。近日，江湖中也有一只小鸟乘春意而来，正在寻找合适的居所。有一处让它颇为满意，那就是——少东家的头发。相传此鸟多见于汴梁，浑圆可爱，也不知从哪学来几分雅致，喜衔玉桂枝做巢，因此得名「玉桂啾」。可不知为何，这只啾却对少东家的头发情有独钟。可能觉得少东家也有脱俗雅气，也有可能只是觉得少东家头上柔软舒适，但总之就是爱不释爪。子非啾，安知啾之乐也。全新饰品外观「玉桂啾」将于本周五正式上线，届时游侠们可前往「商店」，以680「长鸣珠」购得。有这样一只依人小鸟作伴，定会为这江湖路带来几分盎然生趣！此外，我们优化调整的脚步也未停歇。近期以下优化修复已陆续实装，欢迎大家查看下方优化日志，也请游侠们继续监督和鞭策，为我们继续建言——【-】◆体验优化◆1、优化了「自定义技能背景音乐」功能的体验，支持在未解锁奇术「箫吟千浪」时屏蔽他人自定义音乐的播放。2、调整了武学「嗟夫刀法」在已装备心法「山河绝韵」的前提下，防御成功才可触发特殊防反技的适用情景。受到非玩家单位伤害时，只要处于防御状态即可触发特殊防反技。游侠重新装备心法「山河绝韵」即可确保此次调整生效。3、优化了外观套装「蝎心蛟影」男主默认腰刀制式的选择。4、恢复了部分游侠遗失的纪念「邮件」，并自动存入「藏信匣」中。5、优化了「自定义技能背景音乐」功能的举报及审核机制。◆bug修复◆1、修复了武学「积矩九剑」在已装备六重心法「剑气纵横」的前提下，保留「流血」层数的效果重登录后有一定概率出现异常的问题。2、修复了武学「积矩九剑」天赋「流血机制强化」在造成高额流血后有一定概率未能返还10点耐力的问题。3、修复了武学「嗟夫刀法」感知技「移天换日」在「摧鼓」效果剩余时间较短时施放，未能正确添加「破阵」效果的问题。4、修复了「武器外观」部分情况下在其他游侠视角中无法显示的问题。5、修复了服装「沧海龙吟」袖子在移动端显示异常的问题。6、修复了河西主章「麻布袋」完成后技能面板有一定概率未能恢复正常的问题。7、修复了开封「达安村」和「隐雾林」天气部分情况下显示异常的问题。8、修复了「多人模式」部分情况下在同一位置同时刷新多名「三更天」长老的问题。9、修复了服装「落笔生花」手部在移动端模型显示异常的问题。10、修复了服装「松花玉兰」部分情况下手指模型显示异常的问题。11、修复了服装「花问春言」女主裙摆异常穿模的问题。12、修复了武学「嗟夫刀法」感知技「移天换日」施放后，如果通过「方案管理-切换方案」功能卸下此武学，其「破阵」效果未被正确移除的问题。13、修复了「百业战」界面筹备期界面显示错误的问题。14、修复了「百业-破军杀将」开启过程中有一定概率无法正常前往的问题。15、修复了「拍照-模板」部分情况下热门模板推送异常的问题。16、修复了武学「无名剑法」蓄力技「无以为家」剑气伤害结算异常的问题，以及二段蓄力剑气射程异常的问题。17、修复了武学「醉梦游春」武学技在多人场景中动画播放速度异常的问题。18、修复了武器外观·剑「藏音·千古断云」在「流火」词条下特效颜色显示异常的问题。19、修复了轻功奇术「一剑千里」、「玉扇游山」、「冯虚御风」第二段未能正常施放的问题。20、修复了河西主章「麻布袋」战斗结束后「弓箭」按钮在移动端无法显示的问题。21、修复了试剑榜「山河醉影·一期」和侠境榜「同悲红尘劫·极·一期」锁榜邮件内容错误的问题。22、修复了游侠在挑战「太平武墓-流派试炼」后，武器出现了装备状态异常的问题，受此影响的游侠重新应用「培养方案」即可恢复正常。23、修复了河西探游任务「风韵凌天起」玩法道具不生效的问题。24、修复了「销金窟」部分商品上架时界面背景显示异常的问题。25、修复了赛季更新后「百业-技艺」侧页显示异常的问题。26、修复了开封残章「天上来」回溯解锁条件错误的问题。27、修复了开封不平事「上山捷径」小孩无法使用飞来索的问题。28、修复了部分商人对话文本的问题。感谢游侠的理解与支持！若游侠遇到其他问题，均可通过游戏导航栏的【菜单】界面，点击【问题反馈】按钮提交宝贵意见，十六巷期待游侠们的反馈！']。 —— 全新外观丨汴梁有奇鸟，喜衔玉桂枝-,《 全新 外观 丨 汴梁 有 奇 鸟 ， 喜 衔 玉 桂枝 》 : [ ' 春眠 不觉 晓 ， 处处 闻 啼鸟 。 诗人 们 在 描绘 春天 时 ， 总是 非常 乐于 对 这些 可爱 灵动 的 小 生物 投入 笔墨 。 近日 ， 江湖 中 也 有 一 只 小鸟 乘 春意 而 来 ， 正在 寻找 合适 的 居所 。 有 一 处 让 它 颇为 满意 ， 那 就 是 — — 少东家 的 头发 。 相传 此 鸟 多 见于 汴梁 ， 浑圆 可爱 ， 也 不 知 从 哪 学 来 几分 雅致 ， 喜 衔 玉桂枝 做 巢 ， 因此 得名 「 玉桂啾 」 。 可 不 知 为何 ， 这 只 啾 却 对 少东家 的 头发 情有独钟 。 可能 觉得 少东家 也 有 脱俗 雅气 ， 也 有 可能 只是 觉得 少东家 头 上 柔软 舒适 ， 但 总之 就 是 爱不释爪 。 子非啾 ， 安知啾 之 乐 也 。 全新 饰品 外观 「 玉桂啾 」 将 于 本周五 正式 上线 ， 届时 游侠 们 可 前往 「 商店 」 ， 以 680 「 长鸣珠 」 购得 。 有 这样 一 只 依 人 小鸟 作伴 ， 定 会 为 这 江湖路 带来 几分 盎然 生趣 ！ 此外 ， 我们 优化 调整 的 脚步 也 未 停歇 。 近期 以下 优化 修复 已 陆续 实装 ， 欢迎 大家 查看 下方 优化 日志 ， 也 请 游侠 们 继续 监督 和 鞭策 ， 为 我们 继续 建言 —— 【 】 ◆ 体验 优化 ◆1 、 优化 了 「 自定义 技能 背景 音乐 」 功能 的 体验 ， 支持 在 未 解锁 奇术 「 箫吟 千 浪 」 时 屏蔽 他人 自定义 音乐 的 播放 。 2 、 调整 了 武学 「 嗟夫 刀法 」 在 已 装备 心法 「 山河 绝韵 」 的 前提 下 ， 防御 成功 才 可 触发 特殊 防 反技 的 适用 情景 。 受到 非玩家 单位 伤害 时 ， 只要 处于 防御 状态 即可 触发 特殊 防反技 。 游侠 重新 装备 心法 「 山河 绝韵 」 即可 确保 此次 调整 生效 。 3 、 优化 了 外观 套装 「 蝎心 蛟影 」 男主 默认 腰刀 制式 的 选择 。 4 、 恢复 了 部分 游侠 遗失 的 纪念 「 邮件 」 ， 并 自动 存入 「 藏信匣 」 中 。 5 、 优化 了 「 自定义 技能 背景 音乐 」 功能 的 举报 及 审核 机制 。 ◆bug 修复 ◆1 、 修复 了 武学 「 积矩 九剑 」 在 已 装备 六重 心法 「 剑气 纵横 」 的 前提 下 ， 保留 「 流血 」 层数 的 效果 重 登录 后 有 一定 概率 出现 异常 的 问题 。 2 、 修复 了 武学 「 积矩 九剑 」 天赋 「 流血 机制 强化 」 在 造成 高额 流血 后 有 一定 概率 未能 返还 10点 耐力 的 问题 。 3 、 修复 了 武学 「 嗟夫 刀法 」 感知技 「 移天换日 」 在 「 摧鼓 」 效果 剩余 时间 较 短 时 施放 ， 未能 正确 添加 「 破阵 」 效果 的 问题 。 4 、 修复 了 「 武器 外观 」 部分 情况 下 在 其他 游侠 视角 中 无法 显示 的 问题 。 5 、 修复 了 服装 「 沧海龙吟 」 袖子 在 移动端 显示 异常 的 问题 。 6 、 修复 了 河西 主章 「 麻布袋 」 完成 后 技能 面板 有 一定 概率 未能 恢复 正常 的 问题 。 7 、 修复 了 开封 「 达安村 」 和 「 隐雾林 」 天气 部分 情况 下 显示 异常 的 问题 。 8 、 修复 了 「 多 人 模式 」 部分 情况 下 在 同一 位置 同时 刷新 多 名 「 三更天 」 长老 的 问题 。 9 、 修复 了 服装 「 落笔生花 」 手部 在 移动端 模型 显示 异常 的 问题 。 10 、 修复 了 服装 「 松花 玉兰 」 部分 情况 下 手指 模型 显示 异常 的 问题 。 11 、 修复 了 服装 「 花问 春言 」 女 主 裙摆 异常 穿模 的 问题 。 12 、 修复 了 武学 「 嗟夫 刀法 」 感知技 「 移天换日 」 施放 后 ， 如果 通过 「 方案 管理 切换 方案 」 功能 卸下 此 武学 ， 其 「 破阵 」 效果 未 被 正确 移除 的 问题 。 13 、 修复 了 「 百业战 」 界面 筹备期 界面 显示 错误 的 问题 。 14 、 修复 了 「 百业 破军杀将 」 开启 过程 中 有 一定 概率 无法 正常 前往 的 问题 。 15 、 修复 了 「 拍照 模板 」 部分 情况 下 热门 模板 推送 异常 的 问题 。 16 、 修复 了 武学 「 无名 剑法 」 蓄力技 「 无以为 家 」 剑气 伤害 结算 异常 的 问题 ， 以及 二段 蓄力 剑气 射程 异常 的 问题 。 17 、 修复 了 武学 「 醉梦 游 春 」 武学技 在 多 人 场景 中 动画 播放 速度 异常 的 问题 。 18 、 修复 了 武器 外观 · 剑 「 藏音 · 千古 断云 」 在 「 流火 」 词条 下 特效 颜色 显示 异常 的 问题 。 19 、 修复 了 轻功 奇术 「 一剑千里 」 、 「 玉扇游山 」 、 「 冯虚御风 」 第二段 未能 正常 施放 的 问题 。 20 、 修复 了 河西 主章 「 麻布袋 」 战斗 结束 后 「 弓箭 」 按钮 在 移动端 无法 显示 的 问题 。 21 、 修复 了 试剑榜 「 山河 醉影 · 一期 」 和 侠境榜 「 同悲红尘 劫 · 极 ·一期 」 锁榜 邮件 内容 错误 的 问题 。 22 、 修复 了 游侠 在 挑战 「 太平武墓 流派 试炼 」 后 ， 武器 出现 了 装备 状态 异常 的 问题 ， 受 此 影响 的 游侠 重新 应用 「 培养 方案 」 即可 恢复 正常 。 23 、 修复 了 河西 探游 任务 「 风韵 凌天 起 」 玩法 道具 不 生效 的 问题 。 24 、 修复 了 「 销金窟 」 部分 商品 上架 时 界面 背景 显示 异常 的 问题 。 25 、 修复 了 赛季 更新 后 「 百业 技艺 」 侧页 显示 异常 的 问题 。 26 、 修复 了 开封 残章 「 天上来 」 回溯 解锁 条件 错误 的 问题 。 27 、 修复 了 开封 不 平事 「 上山 捷径 」 小孩 无法 使用 飞来索 的 问题 。 28 、 修复 了 部分 商人 对话 文本 的 问题 。 感谢 游侠 的 理解 与 支持 ！ 若 游侠 遇到 其他 问题 ， 均 可 通过 游戏 导航栏 的 【 菜单 】 界面 ， 点击 【 问题 反馈 】 按钮 提交 宝贵 意见 ， 十六巷 期待 游侠 们 的 反馈 ！ ' ],2025-04,全新外观丨汴梁有奇鸟，喜衔玉桂枝
['坎尔孜村旁，树立着一面不倒的唐旗。这面旗在周围环境中显得格外突兀，却又有一种别样的和谐。它的存在，与一位神秘侠客有关。坎尔孜村流传着一个传说，当有人在附近生命垂危时，总会得到神秘侠客的救助。可是却从没有人真正看到过这个侠客，只知道她叫杨小葫，又称杨三娘。当游侠在附近游历遇险之时，说不定也会被这位神秘的“小葫”所救。若有心追溯这段奇遇，可以对她的神秘过往有更多了解。不过其中的线索，竟然都与借条有关。相传三娘本是关内人，怀着一腔热血，要去那安西龟兹从军。可惜没过多久，吐蕃入侵，安西军失守，坎尔孜村的唐旗也被吐蕃人夺走。为夺回那面象征着家与国的唐旗，她以全身行囊做保，借斩马刀一把，从此成为了吐蕃人口中以武犯禁的沙匪。她确实干过“打劫”商队的事，只不过也留下了借条。若游侠继续探寻，会发现有越来越多的三娘借条出现。可是，哪怕她几乎从不露面，哪怕借条上的她如此窘迫，人们也愿意相信，“小葫的借条有借必还，就算是小葫不还也会有人帮她还。”那面没人知道何时归来的唐旗，在烈风中傲然而立，这就是最好的证明。其中还有诸多波折与故事细节，也静待游侠自行前往揭秘。杨小葫的故事，取材于上世纪我国出土的真实历史文书《杨三娘举钱契》。该文物是史学家们考据彼时河西一带历史的珍贵史料，游侠们若感兴趣，非常推荐前去了解相关背景。——————上周，我们的主创团队接受了中国青年报的采访。这依然要归功于各位少东家的喜爱与支持，让燕云能够被更多人看到、喜欢。正如文章中所说，我们真切地希望燕云能够成为连接各位游侠的桥梁。我们也会继续努力创作，相信无需刻意为之，我们的文化基因自会共鸣！']。 —— 一张薄薄的契纸，承载厚重的侠义-,《 一 张 薄薄 的 契纸 ， 承载 厚重 的 侠义 》 : [ ' 坎尔孜村 旁 ， 树立 着 一 面 不 倒 的 唐旗 。 这 面 旗 在 周围 环境 中 显得 格外 突兀 ， 却 又 有 一种 别样 的 和谐 。 它 的 存在 ， 与 一 位 神秘 侠客 有关 。 坎尔孜村 流传 着 一个 传说 ， 当 有人 在 附近 生命 垂危 时 ， 总 会 得到 神秘 侠客 的 救助 。 可是 却 从 没有 人 真正 看到 过 这个 侠客 ， 只 知道 她 叫 杨小葫 ， 又 称 杨三娘 。 当 游侠 在 附近 游历 遇险 之 时 ， 说不定 也 会 被 这 位 神秘 的 “ 小葫 ” 所 救 。 若 有心 追溯 这 段 奇遇 ， 可以 对 她 的 神秘 过往 有 更 多 了解 。 不过 其中 的 线索 ， 竟然 都 与 借条 有关 。 相传 三娘 本 是 关内人 ， 怀着 一腔 热血 ， 要 去 那 安西 龟兹 从军 。 可惜 没 过 多久 ， 吐蕃 入侵 ， 安西军 失守 ， 坎尔孜村 的 唐旗 也 被 吐蕃 人 夺 走 。 为 夺回 那 面 象征 着 家 与 国 的 唐旗 ， 她 以 全身 行囊 做保 ， 借 斩马刀 一 把 ， 从此 成为 了 吐蕃 人 口中 以武犯禁 的 沙匪 。 她 确实 干 过 “ 打劫 ” 商队 的 事 ， 只不过 也 留下 了 借条 。 若 游侠 继续 探寻 ， 会 发现 有 越来越 多 的 三娘 借条 出现 。 可是 ， 哪怕 她 几乎 从不 露面 ， 哪怕 借条 上 的 她 如此 窘迫 ， 人们 也 愿意 相信 ， “ 小葫 的 借条 有 借 必 还 ， 就算 是 小葫 不 还 也 会 有人 帮 她 还 。 ” 那面 没 人 知道 何时 归来 的 唐旗 ， 在 烈风 中 傲然 而 立 ， 这 就 是 最好 的 证明 。 其中 还有 诸多 波折 与 故事 细节 ， 也 静 待 游侠 自行 前往 揭秘 。 杨小葫 的 故事 ， 取材 于 上世纪 我国 出土 的 真实 历史 文书 《 杨三娘 举 钱契 》 。 该 文物 是 史学家 们 考据 彼时 河西 一带 历史 的 珍贵 史料 ， 游侠 们 若 感兴趣 ， 非常 推荐 前去 了解 相关 背景 。 —— — ——— 上周 ， 我们 的 主创 团队 接受 了 中国青年报 的 采访 。 这 依然 要 归功于 各位 少东家 的 喜爱 与 支持 ， 让 燕云 能够 被 更 多 人 看到 、 喜欢 。 正如 文章 中 所 说 ， 我们 真切 地 希望 燕云 能够 成为 连接 各位 游侠 的 桥梁 。 我们 也 会 继续 努力 创作 ， 相信 无需 刻意 为 之 ， 我们 的 文化 基因 自 会 共鸣 ！ ' ],2025-04,一张薄薄的契纸，承载厚重的侠义
['今日燕云迎来了1.7.5b版本的更新，在努力带来新玩法内容的同时，我们也在密切关注着游侠们的游戏体验与反馈。燕子也借此版本更新之际，带来了最新的热门答疑与优化动向，请游侠们查收！1本三更天长老在多人玩法过程中被发起断罪了，断罪的具体规则是怎样的？在游侠处于以下情况时，均不可被断罪：单人模式、单人模式联机、副本场景、单人模式被悬赏。多人模式中，也有部分不会被断罪的安全区域。三更天游侠可以通过查看小地图上的能力限制提示确认当前位置是否安全。考虑到部分机型同屏人数显示问题，目前断罪发起挑战距离为10米。此外，同一名长老被断罪后，将会有1000秒保护期。关于大家反馈的部分玩家【使用违规手段】在单人模式、单人联机及多人模式安全区域断罪长老的情况，我们也第一时间进行了排查与核实：目前上报的被断罪均发生在非安全区域的多人模式下，暂未发现使用违规手段的情况。后续若游侠对被断罪的区域有疑问，都可以通过游戏客服通道进行反馈，我们会帮您核实。多人模式不会被断罪的安全区域：清河：拜师收徒、结缘、结义社交玩法区域，以及五禽戏、福地修炼、红炉雅集、叶子戏、投壶同游玩法区域。开封：樊楼、春水阁、勾栏瓦肆多人聚集区域。河西：嫖姚棋同游玩法区域。此类玩法过程中不可断罪：百业战、福地修炼、五禽戏、红炉雅集、雀神争霸、钓鱼、斗财主、相扑、投壶、射覆。此类玩法过程中可被断罪：悬壶治疗、自由演奏、曲谱跟奏、即刻起舞、天泉特训。断罪发起成功后，将会打断此类玩法，避免游侠非预期地离开挑战区域。2我对npc长老发起断罪提示有上限，这是什么原因？全服长老人数设有上限，只有当现有长老人数减少时，才允许新增断罪npc长老。现有长老人数在以下情况下会减少：被断罪、退出门派或连续3天不上线。请各位游侠放心，目前三更天的长老人数上限与弟子数量的比例，与其他门派的晋升长老比例基本一致。3新奇术好玩！但为什么我的「箫吟千浪」没有增伤效果？奇术需要升级到三重才会解锁「对策强化」效果：对声漪中的敌人攻击时，根据距离差额外增伤。此增益针对全类型伤害都有效，包括奇术伤害，武学伤害等。此外，也要提醒游侠们，在使用新奇术的「背景音乐自定义」功能时，不得上传违法违规、违背公序良俗、侵犯版权的内容。我们将采取严格的审核机制，也欢迎游侠对漏网之鱼进行举报，我们会及时处理，共同守护游戏环境！4三小只给我写的信太可爱了，我想要收藏这些邮件！我们已经关注到了游侠们对于特定邮件收藏的需求，因此今日上线了藏信匣功能，便于玩家收藏、保存邮件。针对游侠们呼声较高但已经过期失效的邮件（需此前已收到过对应信件），我们今日将统一恢复，并自动存入藏信匣，确保邮件不再丢失！清明节活动邮件：道主送来的踏青礼元宵纸船邮件：驿卒舒如金的来信新年邮件：盈盈送来的除夕贺礼、姚药药转达的新春大礼包、窦豆豆寄来的新年贺礼、唐宝替人送来的新年礼、妙妙喵叼来的春节祝福、赵大哥备下的新春贺礼、福福送来的珍藏贺礼、龟奶奶留给你的压祟钱、秦弱兰赠与你的新岁礼。5移动端的卡顿、闪退以及兼容性问题还在持续修复吗？在的！关于闪退、卡顿、发热等各项性能问题，我们有一个长期的专项优化计划正在持续进行中。上周我们针对闪退问题做了专门的定向优化。本次更新中，我们对脸部出现异常条纹、远处看别的玩家会出现异常色块光点等显示异常问题做了集中修复。同时，我们也修复了部分黑屏问题，后续会继续攻坚，争取让各位游侠能够无阻畅游。请游侠们持续关注游戏客户端更新，也建议您将设备系统和游戏包体均更新至最新版本。我们也会毫不懈怠地努力推进，为给游侠们带来更流畅的体验。再次感激大家长久以来的支持与反馈，对于体验上的持续优化，我们绝不懈怠。行胜于言，也欢迎各位游侠继续监督与鞭策！行走江湖，最需知音！燕云游侠一看就懂的表情包现已上架！游侠们可前往添加使用！']。 —— 热门答疑丨最新优化动向速报-,《 热门 答疑 丨 最新 优化 动向 速报 》 : [ ' 今日 燕云 迎来 了 1.7.5b 版本 的 更新 ， 在 努力 带来 新 玩法 内容 的 同时 ， 我们 也 在 密切 关注 着 游侠 们 的 游戏 体验 与 反馈 。 燕子 也 借 此 版本 更新 之际 ， 带来 了 最新 的 热门 答疑 与 优化 动向 ， 请 游侠 们 查收 ！ 1 本 三更天 长老 在 多人玩法 过程 中 被 发起 断罪 了 ， 断罪 的 具体 规则 是 怎样 的 ？ 在 游侠 处于 以下 情况 时 ， 均 不可 被 断罪 ： 单人 模式 、 单人 模式 联机 、 副本 场景 、 单人 模式 被 悬赏 。 多 人 模式 中 ， 也 有 部分 不会 被 断罪 的 安全 区域 。 三更天 游侠 可以 通过 查看 小 地图 上 的 能力 限制 提示 确认 当前 位置 是否 安全 。 考虑 到 部分 机型 同屏 人数 显示 问题 ， 目前 断罪 发起 挑战 距离 为 10米 。 此外 ， 同 一 名 长老 被 断罪 后 ， 将 会 有 1000秒 保护期 。 关于 大家 反馈 的 部分 玩家 【 使用 违规 手段 】 在 单人 模式 、 单人 联机 及 多 人 模式 安全 区域 断罪 长老 的 情况 ， 我们 也 第一 时间 进行 了 排查 与 核实 ： 目前 上报 的 被 断罪 均 发生 在 非 安全 区域 的 多 人 模式 下 ， 暂 未 发现 使用 违规 手段 的 情况 。 后续 若 游侠 对 被 断罪 的 区域 有 疑问 ， 都 可以 通过 游戏 客服 通道 进行 反馈 ， 我们 会 帮 您 核实 。 多 人 模式 不会 被 断罪 的 安全 区域 ： 清河 ： 拜师 收徒 、 结缘 、 结义 社交 玩法 区域 ， 以及 五禽戏 、 福地 修炼 、 红炉 雅集 、 叶子戏 、 投壶 同游玩法 区域 。 开封 ： 樊楼 、 春水阁 、 勾栏 瓦肆 多 人 聚集 区域 。 河西 ： 嫖姚棋 同游 玩法 区域 。 此 类 玩法 过程 中 不可 断罪 ： 百业战 、 福地 修炼 、 五禽戏 、 红炉 雅集 、 雀神 争霸 、 钓鱼 、 斗财主 、 相扑 、 投壶 、 射覆 。 此 类 玩法 过程 中 可 被 断罪 ： 悬壶 治疗 、 自由 演奏 、 曲谱 跟奏 、 即刻 起舞 、 天泉 特训 。 断罪 发起 成功 后 ， 将 会 打断 此 类 玩法 ， 避免 游侠 非 预期 地 离开 挑战 区域 。 2 我 对 npc 长老 发起 断罪 提示 有 上限 ， 这是 什么 原因 ？ 全服 长老 人数 设有 上限 ， 只有 当 现有 长老 人数 减少 时 ， 才 允许 新增 断罪 npc 长老 。 现有 长老 人数 在 以下 情况 下 会 减少 ： 被 断罪 、 退出 门派 或 连续 3天 不 上线 。 请 各位 游侠 放心 ， 目前 三更天 的 长老 人数 上限 与 弟子 数量 的 比例 ， 与 其他 门派 的 晋升 长老 比例 基本 一致 。 3 新 奇术 好玩 ！ 但 为什么 我 的 「 箫吟 千 浪 」 没有 增伤 效果 ？ 奇术 需要 升级 到 三重 才 会 解锁 「 对策 强化 」 效果 ： 对 声漪 中 的 敌人 攻击 时 ， 根据 距离 差额外 增伤 。 此 增益 针对 全 类型 伤害 都 有效 ， 包括 奇术 伤害 ， 武学 伤害 等 。 此外 ， 也 要 提醒 游侠 们 ， 在 使用 新 奇术 的 「 背景 音乐 自定义 」 功能 时 ， 不得 上传 违法 违规 、 违背 公序 良俗 、 侵犯 版权 的 内容 。 我们 将 采取 严格 的 审核 机制 ， 也 欢迎 游侠 对 漏网之鱼 进行 举报 ， 我们 会 及时 处理 ， 共同 守护 游戏 环境 ！ 4三小 只 给 我 写 的 信 太 可爱 了 ， 我 想 要 收藏 这些 邮件 ！ 我们 已经 关注 到 了 游侠 们 对于 特定 邮件 收藏 的 需求 ， 因此 今日 上线 了 藏 信匣 功能 ， 便于 玩家 收藏 、 保存 邮件 。 针对 游侠 们 呼声 较高 但 已经 过期 失效 的 邮件 （ 需 此前 已 收到 过 对应 信件 ） ， 我们 今日 将 统一 恢复 ， 并 自动 存入 藏 信匣 ， 确保 邮件 不再 丢失 ！ 清明节 活动 邮件 ： 道主 送 来 的 踏青礼 元宵 纸船 邮件 ： 驿卒 舒如金 的 来信 新年 邮件 ： 盈盈 送 来 的 除夕 贺礼 、 姚药药 转达 的 新春 大礼包 、 窦豆豆 寄 来 的 新年 贺礼 、 唐宝 替 人 送 来 的 新年 礼 、 妙妙 喵 叼 来 的 春节 祝福 、 赵 大哥 备 下 的 新春 贺礼 、 福福 送 来 的 珍藏 贺礼 、 龟 奶奶 留给 你 的 压祟钱 、 秦弱兰 赠 与 你 的 新岁礼 。 5 移动端 的 卡顿 、 闪退 以及 兼容性 问题 还 在 持续 修复 吗 ？ 在的 ！ 关于 闪退 、 卡顿 、 发热 等 各项 性能 问题 ， 我们 有 一个 长期 的 专项 优化 计划 正在 持续 进行 中 。 上周 我们 针对 闪退 问题 做 了 专门 的 定向 优化 。 本 次 更新 中 ， 我们 对 脸部 出现 异常 条纹 、 远处 看 别的 玩家 会 出现 异常 色块 光点 等 显示 异常 问题 做 了 集中 修复 。 同时 ， 我们 也 修复 了 部分 黑屏 问题 ， 后续 会 继续 攻坚 ， 争取 让 各位 游侠 能够 无阻 畅游 。 请 游侠 们 持续 关注 游戏 客户端 更新 ， 也 建议 您 将 设备 系统 和 游戏 包体 均 更新 至 最新版本 。 我们 也 会 毫不 懈怠 地 努力 推进 ， 为 给 游侠 们 带来 更 流畅 的 体验 。 再次 感激 大家 长久以来 的 支持 与 反馈 ， 对于 体验 上 的 持续 优化 ， 我们 绝不 懈怠 。 行胜于 言 ， 也 欢迎 各位 游侠 继续 监督 与 鞭策 ！ 行走 江湖 ， 最 需 知音 ！ 燕云 游侠 一 看 就 懂 的 表情包 现 已 上架 ！ 游侠 们 可 前往 添加 使用 ！ ' ],2025-04,热门答疑丨最新优化动向速报
['河西开放已有半月，无数游侠在这里留下了新的侠迹，又获得了难忘的回忆。在少东家们游历期间，江湖也有不少变化发生。本周五，1.7.5b版本更新即将到来！以武入律，以声破敌。本次更新后，全新奇术「箫吟千浪」将正式登场。此奇术兼顾远程输出与辅助之能，集雅致与实用于一身，势必会在江湖上兴起新一轮风潮。有兴趣的游侠，可前往河西望安屯寻找机缘线索。除此之外，之前为大家预告过的新外观、百业战联赛等玩法内容也将悉数登场。还有诸多游侠关心的流派补充调整等大量体验优化也将在本次更新后实装。十六巷计划于-进行停服维护更新，维护期间将暂时无法登录游戏，开服时间将根据实际情况可能提前或延后，请游侠合理安排游戏进度。因维护给游侠带来的不便，十六巷深表歉意！我们将在维护结束后，为游侠奉上一份歉礼，请诸位游侠在维护结束后登录游戏查收。具体更新内容详情，还请查看下方公告——']。 —— 更新前瞻丨全新奇术上线，流派补充调整到来-,《 更新 前瞻 丨 全新 奇术 上线 ， 流派 补充 调整 到来 》 : [ ' 河西 开放 已 有 半月 ， 无数 游侠 在 这里 留下 了 新 的 侠迹 ， 又 获得 了 难忘 的 回忆 。 在 少东家 们 游历 期间 ， 江湖 也 有 不少 变化 发生 。 本周五 ， 1.7.5b 版本 更新 即将 到来 ！ 以武入律 ， 以 声 破敌 。 本 次 更新 后 ， 全新 奇术 「 箫吟 千 浪 」 将 正式 登场 。 此 奇术 兼顾 远程 输出 与 辅助 之 能 ， 集 雅致 与 实用 于 一身 ， 势必 会 在 江湖 上 兴起 新 一 轮 风潮 。 有 兴趣 的 游侠 ， 可 前往 河西 望安屯 寻找 机缘 线索 。 除此之外 ， 之前 为 大家 预告 过 的 新 外观 、 百业战 联赛 等 玩法 内容 也 将 悉数 登场 。 还有 诸多 游侠 关心 的 流派 补充 调整 等 大量 体验 优化 也 将 在 本 次 更新 后 实装 。 十六巷 计划 于 进行 停服 维护 更新 ， 维护 期间 将 暂时 无法 登录 游戏 ， 开服 时间 将 根据 实际情况 可能 提前 或 延后 ， 请 游侠 合理 安排 游戏 进度 。 因 维护 给 游侠 带来 的 不便 ， 十六巷 深表 歉意 ！ 我们 将 在 维护 结束 后 ， 为 游侠 奉 上 一 份 歉礼 ， 请 诸位 游侠 在 维护 结束 后 登录 游戏 查收 。 具体 更新 内容 详情 ， 还 请 查看 下方 公告 —— ' ],2025-04,更新前瞻丨全新奇术上线，流派补充调整到来
['在身赴河西的路途中，游侠们并非只是故事的见证者，也是各位其声的参与者。所谓侠有千声，亦有千面。游侠们的多样身姿，已经在江湖上留下了各具一格的身影。除了做好更具沉浸感的内容和玩法，我们也将持续优化外观，争取带给大家更多样随心的外观选择。在本周，即将有一套全新时装上线，以大漠之风，展焕然侠情。欢迎查看下方外观情报速览——全新外观限时折扣「蝎心蛟影」毒虺食人魂，雪霜断人骨鬼火昏黄，虺域难行；山中白骨，累累成行。在迷人的危险气息中，全新套装「蝎心蛟影」即将在本周更新后上架，并开启限时折扣——更新后，游侠前往【商店】，即可以「1280长鸣珠」的限时优惠购得全新套装「蝎心蛟影」。敬请注意，此优惠价将于日结束，届时「蝎心蛟影」将恢复原价「2580长鸣珠」。同时，该套时装也将支持裁造。捏脸数据来自玩家投稿：小*瞅瞅，新冬茶外观功能优化也在持续进行中。首套可进行上下装拆分的套装优化，将在四月下旬实装上线。我们会不断加快优化脚步，争取带给大家更丰富的个性化体验~此外，燕叽近期收到了游侠们关于vivo机型偶发闪退的集中反馈。目前我们已经排查定位到问题原因，并成立专项小组开启紧急修复，也建议游侠们将设备系统和游戏包体均更新至最新版本。后续，我们也会继续推进各项优化工作，争取给游侠们更好的体验，感谢大家的理解和支持！侠影新风，燕叽有礼。公众号积分商城“大鹅福利栈”将在明日上午11点上新，欢迎游侠们前往兑换诸多周边好物。【燕叽的特别提醒】近期，我们在部分玩家平台/社区/社群中发现了一些所谓的“优惠充值”、“低价道具”等内容和诱导，以上内容均可能存在虚假和欺诈的风险。官方未授权第三方进行优惠售卖等商业活动，请游侠们务必谨慎甄别，以官方充值渠道和官方动态通知为准，避免上当受骗。若不幸遭遇诈骗，财物受到侵害，也建议游侠们第一时间报警，用法律的武器维护自身合法权益。']。 —— 新时装「蝎心蛟影」，限时折扣上架-,《 新 时装 「 蝎心蛟影 」 ， 限时 折扣 上架 》 : [ ' 在 身 赴 河西 的 路途 中 ， 游侠 们 并非 只是 故事 的 见证者 ， 也是 各位 其 声 的 参与者 。 所谓 侠 有 千声 ， 亦 有 千 面 。 游侠 们 的 多样 身姿 ， 已经 在 江湖 上 留下 了 各 具一格 的 身影 。 除了 做好 更 具 沉浸感 的 内容 和 玩法 ， 我们 也 将 持续 优化 外观 ， 争取 带 给 大家 更 多样 随心 的 外观 选择 。 在 本周 ， 即将 有 一套 全新 时装 上线 ， 以 大漠 之 风 ， 展 焕然 侠情 。 欢迎 查看 下方 外观 情报 速览 —— 全新 外观 限时 折扣 「 蝎心蛟影 」 毒 虺 食人魂 ， 雪霜 断 人骨 鬼火 昏黄 ， 虺域 难 行 ； 山中 白骨 ， 累累 成行 。 在 迷人 的 危险 气息 中 ， 全新 套装 「 蝎心 蛟影 」 即将 在 本周 更新 后 上架 ， 并 开启 限时 折扣 —— 更新 后 ， 游侠 前往 【 商店 】 ， 即可 以 「 1280 长鸣珠 」 的 限时 优惠 购得 全新 套装 「 蝎心蛟影 」 。 敬请 注意 ， 此 优惠价 将 于日 结束 ， 届时 「 蝎心蛟影 」 将 恢复 原价 「 2580 长鸣珠 」 。 同时 ， 该 套 时装 也 将 支持 裁造 。 捏脸 数据 来自 玩家 投稿 ： 小* 瞅瞅 ， 新 冬茶 外观 功能 优化 也 在 持续 进行 中 。 首套 可 进行 上下装 拆分 的 套装 优化 ， 将 在 四月下旬 实装 上线 。 我们 会 不断 加快 优化 脚步 ， 争取 带 给 大家 更 丰富 的 个性化 体验 ~ 此外 ， 燕叽 近期 收到 了 游侠 们 关于 vivo 机型 偶发 闪退 的 集中 反馈 。 目前 我们 已经 排查 定位 到 问题 原因 ， 并 成立 专项 小组 开启 紧急 修复 ， 也 建议 游侠 们 将 设备 系统 和 游戏 包体 均 更新 至 最新版本 。 后续 ， 我们 也 会 继续 推进 各项 优化 工作 ， 争取 给 游侠 们 更 好 的 体验 ， 感谢 大家 的 理解 和 支持 ！ 侠影 新风 ， 燕叽 有 礼 。 公众号积分商城 “ 大鹅福利栈 ” 将 在 明日 上午11点 上新 ， 欢迎 游侠 们 前往 兑换 诸多 周边 好物 。 【 燕叽 的 特别 提醒 】 近期 ， 我们 在 部分 玩家 平台 / 社区 / 社群 中 发现 了 一些 所谓 的 “ 优惠 充值 ” 、 “ 低价 道具 ” 等 内容 和 诱导 ， 以上 内容 均 可能 存在 虚假 和 欺诈 的 风险 。 官方 未 授权 第三方 进行 优惠 售卖 等 商业 活动 ， 请 游侠 们 务必 谨慎 甄别 ， 以 官方 充值 渠道 和 官方 动态 通知 为 准 ， 避免 上当 受骗 。 若 不幸 遭遇 诈骗 ， 财物 受到 侵害 ， 也 建议 游侠 们 第一 时间 报警 ， 用 法律 的 武器 维护 自身 合法权益 。 ' ],2025-04,新时装「蝎心蛟影」，限时折扣上架
['上周，河西主章「问月长安」第一篇章已正式开放。同时也随着游侠们对河西·玉门关的探索日渐深入，有越来越多的故事从滚滚黄沙之中浮现。风沙会消磨和啃噬掉地表的一切，却总有希望的种子在这个艰苦环境里突围传承。虽然这些故事无关天降伟力，也无关超凡异人，但这种戏剧般的不真实都源自真实。真正的侠义，就是平凡人的不凡选择。主章故事中重要的考据文物大历铜钱，现藏于中国国家博物馆。无论是在游戏内外，这些千百年历史留下的回声都值得聆听，各位游侠若有兴趣，可前往进行参观。更多的主章故事，将伴随着河西后续新区域更新的节奏，以连载的形式逐步解锁。相信在河西的旅途中，游侠们已经有了许多难忘的经历。但更值得兴奋的是，这次旅途才刚刚开始！除了不断更新、且保质保量的单人内容以外，还有不少新的、持续打磨的玩法功能正在路上。其中，在本周五，百业新赛季就将正式启动——进入新赛季时，百业技艺、百业繁荣度及其排行榜将进行重置。其他如百业等级，百业产业等将进行保留。同时在本周五百业赛季更新时，本周已获得百业活跃奖励将直接返还，游侠无需担心。百业战联赛时间如下：筹备期：至，百业等级及繁荣度达标的百业将参与定级赛。后续符合要求的百业也无需担心，符合要求后可加入后续百业联赛。筹备期间，百业可在赤金小铺-战备商店中购买轰炸鸡等道具，战斗打响时，开局将直接在战场中召唤对应道具，先人一步。定级赛：至，每周六、日晚上8点半进行比赛，持续3周。定级赛结束后，将根据成绩将参赛的百业分至4个组别。常规赛：至，每周六、日晚上8点半进行比赛，每轮持续2周。每轮结束后，将根据成绩进行结算及升降级。经此在多轮对决中脱颖而出的百业，自是当之无愧的英雄豪杰！参加百业战还可获得百业声望、长鸣玉在内的诸多奖励。其中百业声望可用来兑换绕梁之音与专属时装【金吾卫】。特别值得一提的是，我们非常认同守护百业荣誉并非只有参与百业战一种方式。即便不参加百业战，也可以通过参与其他玩法获得百业声望。江湖自在，各位游侠莫有压力，放心游玩。在季前赛中，除了游侠们在钻研与开发战术以外，我们也在持续观察各种数据和玩法表现，力求给大家带来更好的体验。此前大家反馈较多的卡顿闪退等性能问题，我们进行了针对性的优化。同时，也对百业战中的玩法与平衡做了诸多调整。后续，我们也将持续关注大家的反馈，不断进行调整，争取给大家带来更多玩法乐趣与更好的体验。在本周五，还有一个玩法功能更新——试剑自选功能即将登场。除了每周一个具有额外奖励的随机试剑副本外，游侠们可以自由选择其他非轮换副本进行挑战。以此，希望可以让游侠们每周能有更新鲜、更自由的试剑体验。同时，如之前所说，我们在持续地观察各流派的数据表现与实战体验。在本周五的更新中，我们也有计划对流派进行补充调整，以求带来更好的战斗体验。更多详情我们会在后续带来，敬请各位期待！江湖此行，道阻且长。但我们相信只要朝着对的方向走好每一步，自能笃行致远。再次感谢各位游侠的支持，我们的优化之路不会懈怠，期待大家继续监督和见证！']。 —— 笃行不辍，多项玩法更新即将到来-,《 笃行 不 辍 ， 多 项 玩法 更新 即将 到来 》 : [ ' 上周 ， 河西 主章 「 问月长安  」 第一 篇章 已 正式 开放 。 同时 也 随着 游侠 们 对 河西 · 玉门 的 探索 日渐 深入 ， 有 越来越 多 的 故事 从 滚滚 黄沙 之中 浮现 。 风沙会 消磨 和 啃噬 掉 地表 的 一切 ， 却 总 有 希望 的 种子 在 这个 艰苦 环境 里 突围 传承 。 虽然 这些 故事 无关 天 降 伟力 ， 也 无关 超凡 异人 ， 但 这种 戏剧 般 的 不 真实 都 源自 真实 。 真正 的 侠义 ， 就 是 平凡人 的 不凡 选择 。 主章 故事 中 重要 的 考据 文物 大 历 铜钱 ， 现 藏 于 中国国家博物馆 。 无论是 在 游戏 内外 ， 这些 千百年 历史 留下 的 回声 都 值得 聆听 ， 各位 游侠 若 有 兴趣 ， 可 前往 进行 参观 。 更 多 的 主章 故事 ， 将 伴随 着 河西 后续 新 区域 更新 的 节奏 ， 以 连载 的 形式 逐步 解锁 。 相信 在 河西 的 旅途 中 ， 游侠 们 已经 有 了 许多 难忘 的 经历 。 但 更 值得 兴奋 的 是 ， 这次 旅途 才 刚刚 开始 ！ 除了 不断 更新 、 且 保质 保量 的 单人 内容 以外 ， 还有 不少 新 的 、 持续 打磨 的 玩法 功能 正 在 路上 。 其中 ， 在 本周五 ， 百业 新 赛季 就 将 正式 启动 —— 进入 新 赛季 时 ， 百业 技艺 、 百业 繁荣度 及其 排行榜 将 进行 重置 。 其他 如 百业 等级 ， 百业 产业 等 将 进行 保留 。 同时 在 本周五 百业 赛季 更新 时 ， 本周 已 获得 百业 活跃 奖励 将 直接 返还 ， 游侠 无需 担心 。 百业战 联赛 时间 如下 ： 筹备期 ： 至 ， 百业 等级 及 繁荣度 达标 的 百业 将 参与 定级赛 。 后续 符合 要求 的 百业 也 无需 担心 ， 符合 要求 后 可 加入 后续 百业 联赛 。 筹备 期间 ， 百业 可 在 赤金 小铺 战备 商店 中 购买 轰炸鸡 等 道具 ， 战斗 打响 时 ， 开局 将 直接 在 战场 中 召唤 对应 道具 ， 先人 一 步 。 定级赛 ： 至 ， 每 周六 、 日 晚上8点半 进行 比赛 ， 持续 3周 。 定级赛 结束 后 ， 将 根据 成绩 将 参赛 的 百业 分 至 4个 组别 。 常规赛 ： 至 ， 每 周六 、 日 晚上8点半 进行 比赛 ， 每 轮 持续 2周 。 每 轮 结束 后 ， 将 根据 成绩 进行 结算 及 升降级 。 经 此 在 多 轮 对决 中 脱颖而出 的 百业 ， 自是 当之无愧 的 英雄豪杰 ！ 参加 百业战 还 可 获得 百业 声望 、 长鸣玉 在内 的 诸多 奖励 。 其中 百业 声望 可 用来 兑换 绕梁之音 与 专属 时装 【 金吾卫 】 。 特别 值得 一 提 的 是 ， 我们 非常 认同 守护 百业 荣誉 并非 只有 参与 百业战 一种 方式 。 即便 不 参加 百业战 ， 也 可以 通过 参与 其他 玩法 获得 百业 声望 。 江湖 自在 ， 各位 游侠 莫 有 压力 ， 放心 游玩 。 在 季前赛 中 ， 除了 游侠 们 在 钻研 与 开发 战术 以外 ， 我们 也 在 持续 观察 各种 数据 和 玩法 表现 ， 力求 给 大家 带来 更 好 的 体验 。 此前 大家 反馈 较多 的 卡顿 闪退 等 性能 问题 ， 我们 进行 了 针对性 的 优化 。 同时 ， 也 对 百业战 中 的 玩法 与 平衡 做 了 诸多 调整 。 后续 ， 我们 也 将 持续 关注 大家 的 反馈 ， 不断 进行 调整 ， 争取 给 大家 带来 更 多 玩法 乐趣 与 更 好 的 体验 。 在 本周五 ， 还有 一个 玩法 功能 更新 —— 试剑 自选 功能 即将 登场 。 除了 每周 一个 具有 额外 奖励 的 随机 试剑 副本 外 ， 游侠 们 可以 自由 选择 其他 非 轮换 副本 进行 挑战 。 以此 ， 希望 可以 让 游侠 们 每周 能 有 更 新鲜 、 更 自由 的 试剑 体验 。 同时 ， 如 之前 所 说 ， 我们 在 持续 地 观察 各 流派 的 数据 表现 与 实战 体验 。 在 本周五 的 更新 中 ， 我们 也 有 计划 对 流派 进行 补充 调整 ， 以求 带来 更 好 的 战斗 体验 。 更 多 详情 我们 会 在 后续 带来 ， 敬请 各位 期待 ！ 江湖 此行 ， 道 阻 且 长 。 但 我们 相信 只要 朝着 对 的 方向 走 好 每 一 步 ， 自 能 笃行致远 。 再次 感谢 各位 游侠 的 支持 ， 我们 的 优化 之 路 不会 懈怠 ， 期待 大家 继续 监督 和 见证 ！ ' ],2025-04,笃行不辍，多项玩法更新即将到来
['清明时节，纷纷路上行人。河西·玉门关的故事和行旅已经开启数日，相信游侠们已经在骋怀自在的探索中，有了许多难忘的经历。何妨吟啸，且歌且行。河西幕中，各有共鸣——《燕云十六声》游戏原声音乐辑（河西卷），专辑现已上架网易云音乐。欢迎游侠们前往网易云音乐搜索，或前往 —— 听见「河西原声乐辑」和新奇术「箫吟千浪」-,《 听见 「 河西 原声 乐辑 」 和 新 奇术 「 箫 吟 千 浪 」 》 : [ ' 清明 时节 ， 纷纷 路上 行人 。 河西 · 玉门 的 故事 和 行旅 已经 开启 数日 ， 相信 游侠 们 已经 在 骋怀 自在 的 探索 中 ， 有 了 许多 难忘 的 经历 。 何妨 吟啸 ， 且 歌 且 行 。 河西 幕 中 ， 各 有 共鸣 —— 《 燕云十六声 》 游戏 原声 音乐辑 （ 河西 卷 ） ， 专辑 现 已 上架 网易云 音乐 。 欢迎 游侠 们 前往 网易云 音乐 搜索 ， 或 前往,2025-04,听见「河西原声乐辑」和新奇术「箫吟千浪」
['举目见日，不见长安。在今日，即使是稚童也知道，和太阳相比，长安离我们要近得多。可对于孤悬塞外的失乡人来说，太阳至少举头可见，故乡却是那么的遥不可及。但再远的路途也拦不住坚定的归心。虽然只是寻常之人，可不寻常总是发生在这条最艰难最凶险的归路上——他孑然一身，脚步踉跄，仅将一只麻布袋紧缚于背，不知又是为何？今日，河西主章「问月长安」第一篇章「麻布袋」现已开启。游侠可前往「坎尔孜」，跟随指引开启故事，见证这段归乡之路。完成任务，即可获得披挂、题跋、长鸣玉在内的丰厚奖励。后续随着河西其他区域解锁，「问月长安」的更多篇章也将以连载形式开启。陇头流水，流离山下。长安万里，何时还乡？此番漫漫归途，静待游侠前往丈量。在河西的旅途进行之时，江湖各处的生活也仍在继续。本周，就有一位故人以野外首领的身份再次现身。旌旗扬，锣鼓鸣，如今的赤龙堂堂主冯如之，正在开封北郊等待着各路游侠的挑战。游侠亦可前往「试炼」界面进行多种砺剑挑战，完成要求即可获得头像、徽章、长鸣玉在内的丰厚奖励。长戈飒秋，乱红如雨，擂台之上并无儿戏，且看武者争锋！今日恰逢清明，为踏青游春之时。自今日始，也将有神秘开封故友携踏青礼而来，与游侠共忆江湖芳华。踏青礼中包含纪念道具【甜团】、心力道具【五加散】等，只要满足参与条件，在活动结束前都可以收到邮件，即使游侠没时间登录也无需担心错过。此外，新活动「柳斜春晖」业已开放。携酒寻芳，浅尝春意，仅需在活动期间登录游戏，每日即可领取签到奖励，除了【心法心得·散本】、【长鸣玉】、【乌金铁·五级】外，累计签到3日和7日还可分别获得头像【青青】和头饰【浅尝春】。在1.7.5a版本「明月照玉门」更新的同时，我们也上线了一系列体验优化与bug修复。具体内容，游侠可前往官网及游戏内公告了解详情。我们也密切关注着每位游侠的意见与反馈，不断为游侠带来更好的体验。后续，包含「凉州」、「秦川」两大篇章在内，还有诸多新内容等待着各位游侠开启。期待继续与各位共赴侠路，江湖见！']。 —— 万里还乡，河西主章剧情现已开放-,《 万里还乡 ， 河西 主 章 剧情 现 已 开放 》 : [ ' 举目 见日 ， 不见长安 。 在 今日 ， 即使 是 稚童 也 知道 ， 和 太阳 相比 ， 长安 离 我们 要 近 得 多 。 可 对于 孤悬 塞外 的 失乡人 来说 ， 太阳 至少 举头 可见 ， 故乡 却 是 那么 的 遥不可及 。 但 再 远 的 路途 也 拦 不住 坚定 的 归心 。 虽然 只是 寻常 之 人 ， 可 不 寻常 总是 发生 在 这 条 最 艰难 最 凶险 的 归路 上 —— 他 孑然一身 ， 脚步 踉跄 ， 仅 将 一 只 麻布袋 紧 缚 于 背 ， 不 知 又是 为何 ？ 今日 ， 河西 主章 「 问月长安」 第一 篇章 「 麻布袋 」 现 已 开启 。 游侠 可 前往 「 坎尔孜 」 ， 跟随 指引 开启 故事 ， 见证 这 段 归乡 之 路 。 完成 任务 ， 即可 获得 披挂 、 题跋 、 长鸣玉 在内 的 丰厚 奖励 。 后续 随着 河西 其他 区域 解锁 ， 「 问月长安  」 的 更 多 篇章 也 将 以 连载 形式 开启 。 陇头 流水 ， 流离 山 下 。 长安 万里 ， 何时 还乡 ？ 此 番 漫漫 归途 ， 静待 游侠 前往 丈量 。 在 河西 的 旅途 进行 之 时 ， 江湖 各处 的 生活 也 仍 在 继续 。 本周 ， 就 有 一 位 故人 以 野外 首领 的 身份 再次 现身 。 旌旗 扬 ， 锣鼓 鸣 ， 如今 的 赤龙堂 堂主 冯如之 ， 正 在 开封 北郊 等待 着 各 路 游侠 的 挑战 。 游侠 亦 可 前往 「 试炼 」 界面 进行 多种 砺剑 挑战 ， 完成 要求 即可 获得 头像 、 徽章 、 长鸣玉 在内 的 丰厚 奖励 。 长戈 飒秋 ， 乱 红 如 雨 ， 擂台 之上 并 无 儿戏 ， 且 看 武者 争锋 ！ 今日 恰逢 清明 ， 为 踏青 游春 之 时 。 自 今日 始 ， 也 将 有 神秘 开封 故友 携 踏青礼 而 来 ， 与 游侠 共 忆 江湖 芳华 。 踏青礼 中 包含 纪念 道具 【 甜团 】 、 心力 道具 【 五加散 】 等 ， 只要 满足 参与 条件 ， 在 活动 结束 前 都 可以 收到 邮件 ， 即使 游侠 没 时间 登录 也 无需 担心 错过 。 此外 ， 新 活动 「 柳斜 春晖 」 业已 开放 。 携 酒 寻芳 ， 浅尝 春意 ， 仅 需 在 活动 期间 登录 游戏 ， 每日 即可 领取 签到 奖励 ， 除了 【 心法 心得 · 散本 】 、 【 长鸣玉 】 、 【 乌金铁 · 五级 】 外 ， 累计 签到 3日 和 7日 还 可 分别 获得 头像 【 青青 】 和 头饰 【 浅尝春 】 。 在 1.7.5a 版本 「 明月 照 玉门 」 更新 的 同时 ， 我们 也 上线 了 一系列 体验 优化 与 bug 修复 。 具体 内容 ， 游侠 可 前往 官网 及 游戏 内 公告 了解 详情 。 我们 也 密切 关注 着 每 位 游侠 的 意见 与 反馈 ， 不断 为 游侠 带来 更 好 的 体验 。 后续 ， 包含 「 凉州 」 、 「 秦川 」 两 大 篇章 在内 ， 还有 诸多 新 内容 等待 着 各位 游侠 开启 。 期待 继续 与 各位 共 赴 侠路 ， 江湖 见 ！ ' ],2025-04,万里还乡，河西主章剧情现已开放
['四月，是人间至美，亦是芳菲之尽。也有诗人曾说，“四月是最残忍的季节”。但因游侠们的到来，玉门的四月，春风吹度，万物生长。新的故事，也已经蓄势待发。在即将解锁的主线中，大家将化身时代的见证者，身临其境地体验各式人物在历史洪流下交织的命运轨迹。也许是生而微末的无名，但命运的弧光依然能穿透历史，照亮若干年后的此刻，最终照见我们自己。但是，截止到本文发出前的凌晨2点48分，河西主章剧情流程中仍有小部分表现不稳定的bug未能解决。为了保证良好的体验，我们将继续连夜测试调优。新的主线剧情即将于05：00解锁，感谢游侠们的理解和支持！除了新的主章剧情，在本次1.7.5a版本「明月照玉门」的更新中，还将有新野外boss、新活动、新外观等悉数登场。亦有诸多游戏优化，等待各位的体验和检验。十六巷计划于-进行停服维护更新，维护期间将暂时无法登录游戏，开服时间将根据实际情况可能提前或延后，请游侠合理安排游戏进度~停服维护期间，游侠将暂时无法登录游戏，因此给游侠带来的不便，十六巷深表歉意！我们将在维护结束后，为游侠奉上一份歉礼，请诸位游侠在维护结束后登录游戏查收。更多更新详情，请查看下图更新内容预告——结伴同游，游侠入梦，「共寻乱世侠影」活动仍在进行中——欢迎各位扫描下方小程序，参与活动不仅有机会获得游戏道具和周边好礼，组队更可获取河西专属徽章！（注：完成5人组队即可获取徽章；组齐不同身份可加速获得进度奖励）最后，「黄钟长鸣」赛季现已收官，网易大神特为各位游侠准备了专属赛季总结，查看并分享可领取「黄钟长鸣」赛季同名限定徽章，欢迎游侠们前往查看！']。 —— 更新前瞻丨新外观上线，河西主章开启-,《 更新 前瞻 丨 新 外观 上线 ， 河西 主章 4月4日 开启 》 : [ ' 四月 ， 是 人间 至 美 ， 亦 是 芳菲 之 尽 。 也 有 诗人 曾 说 ， “ 四月 是 最 残忍 的 季节 ” 。 但 因 游侠 们 的 到来 ， 玉门 的 四月 ， 春风 吹度 ， 万物 生长 。 新 的 故事 ， 也 已经 蓄势待发 。 在 即将 解锁 的 主线 中 ， 大家 将 化身 时代 的 见证者 ， 身临其境 地 体验 各 式 人物 在 历史 洪流 下 交织 的 命运 轨迹 。 也许 是 生 而 微末 的 无名 ， 但 命运 的 弧光 依然 能 穿透 历史 ， 照亮 若干 年 后 的 此刻 ， 最终 照见 我们 自己 。 但是 ， 截止 到 本文 发出 前 的 凌晨2点48分 ， 河西 主章 剧情 流程 中 仍 有 小部分 表现 不 稳定 的 bug 未能 解决 。 为了 保证 良好 的 体验 ， 我们 将 继续 连夜 测试 调优 。 新 的 主线 剧情 即将 于 05：00 解锁 ， 感谢 游侠 们 的 理解 和 支持 ！ 除了 新 的 主章 剧情 ， 在 本 次 1.7.5a 版本 「 明月 照 玉门 」 的 更新 中 ， 还 将 有 新 野外 boss 、 新 活动 、 新 外观 等 悉数 登场 。 亦 有 诸多 游戏 优化 ， 等待 各位 的 体验 和 检验 。 十六巷 计划 于 进行 停服 维护 更新 ， 维护 期间 将 暂时 无法 登录 游戏 ， 开服 时间 将 根据 实际情况 可能 提前 或 延后 ， 请 游侠 合理 安排 游戏 进度 ~ 停服 维护 期间 ， 游侠 将 暂时 无法 登录 游戏 ， 因此 给 游侠 带来 的 不便 ， 十六巷 深表 歉意 ！ 我们 将 在 维护 结束 后 ， 为 游侠 奉 上 一 份 歉礼 ， 请 诸位 游侠 在 维护 结束 后 登录 游戏 查收 。 更 多 更新 详情 ， 请 查看 下图 更新 内容 预告 —— 结伴 同游 ， 游侠 入梦 ， 「 共 寻 乱世 侠影 」 活动 仍 在 进行 中 —— 欢迎 各位 扫描 下方 小 程序 ， 参与 活动 不仅 有 机会 获得 游戏 道具 和 周边 好礼 ， 组队 更 可 获取 河西 专属 徽章 ！ （ 注 ： 完成 5 人 组队 即可 获取 徽章 ； 组 齐 不同 身份 可 加速 获得 进度 奖励 ） 最后 ， 「 黄钟 长鸣 」 赛季 现 已 收官 ， 网易 大神 特 为 各位 游侠 准备 了 专属 赛季 总结 ， 查看 并 分享 可 领取 「 黄钟 长鸣 」 赛季 同名 限定 徽章 ， 欢迎 游侠 们 前往 查看 ！ ' ],2025-04,更新前瞻丨新外观上线，河西主章4月4日开启
['少东家，还请留步！你是否还为打不过镇守而苦恼？你是否还为通不过试炼而低头？你是否还为推不过剧情而愤怒？我有一招，可助你天下无敌！哎哎哎，先别急着走呀，听我说完！拳谚有云，十拳不如一肘，十肘不如一膝。可你仔细想想，当今江湖里，是不是没有以膝制胜的招式？对吧！高手过招，最重要的就是信息差。对面不会的招式你会，那岂不是无往不利？为此，我九流门联合了夭泉、三更夫、醉花阳、狐云等多地名师高手组建专家团队，钻研古谱，耗资十亿长鸣玉匠心研制出了一招绝世神技。若有此招，天下无敌！少东家，我观你骨骼精奇，是难得的练武奇才。你先交五十通宝定金（不收唐钱），不日我就为你寻来专职名师，给你一对一教学，包你学会！咳咳，十六巷观测到今日“骗术”高发，九流门人高度活跃。还请各位游侠注意甄别，理性玩梗！以下内容，由正牌燕十六为大家播报——今天为四月首日，游戏中「朝夕共赏」活动也迎来了更新。游侠每日前往活动界面进行签到，即可领取【折音券】、【心法心得·散本】、【素裳染粉】等丰厚奖励，各位别忘了前往领取！同时，我们也计划在进行维护更新。届时除了河西主章上线以外，还将有新活动、新外观等诸多内容更新。其中，全新外观【紫薇阙】即将上架，更新后游侠们可前往「商店」，以680「长鸣珠」购得——【紫薇阙】一丛暗淡将何比，浅碧笼裙衬紫巾。除却微之见应爱，人间少有别花人。捏脸数据来自玩家投稿：*久离、刀*真经常冲浪的少东家都知道，在于其他游侠交流之时，若有一套别出心裁的表情包，将是倍儿有面儿的事情。为此，我们收集和制作了一套燕云玩家们一看就懂的表情包。我们将尽快上架，方便大家免费取用！尚未正式上架，后续敬请各位游侠关注在诸位新老朋友的见证下，河西侠路顺利启程。本周新的主线剧情就将开放，更多内容也敬请期待。再次感谢各位游侠一路支持，一路同行！']。 —— 全新奇术「黄金膝」不日上线！-,《 全新 奇术 「 黄金膝 」 不日 上线 ！ 》 : [ ' 少东家 ， 还 请 留步 ！ 你 是否 还 为 打 不 过 镇守 而 苦恼 ？ 你 是否 还 为 通 不 过 试炼 而 低头 ？ 你 是否 还 为 推 不 过 剧情 而 愤怒 ？ 我 有 一 招 ， 可 助 你 天下 无敌 ！ 哎 哎 哎 ， 先 别 急 着 走 呀 ， 听 我 说 完 ！ 拳谚 有 云 ， 十 拳 不如 一 肘 ， 十 肘 不如 一 膝 。 可 你 仔细 想想 ， 当今 江湖 里 ， 是不是 没有 以 膝 制胜 的 招式 ？ 对 吧 ！ 高手 过招 ， 最 重要 的 就 是 信息 差 。 对面 不会 的 招式 你 会 ， 那 岂不 是 无往 不利 ？ 为此 ， 我 九流门 联合 了 夭泉 、 三更夫 、 醉花阳 、 狐云 等 多 地 名师 高手 组建 专家 团队 ， 钻研 古谱 ， 耗资 十亿 长鸣 玉匠心 研制 出 了 一 招 绝世 神技 。 若 有 此 招 ， 天下 无敌 ！ 少东家 ， 我 观 你 骨骼 精奇 ， 是 难得 的 练武 奇才 。 你 先 交 五十 通宝 定金 （ 不 收 唐 钱 ） ， 不日 我 就 为 你 寻 来 专职 名师 ， 给 你 一对一 教学 ， 包 你 学会 ！ 咳咳 ， 十六巷 观测 到 今日 “ 骗术 ” 高发 ， 九流 门人 高度 活跃 。 还 请 各位 游侠 注意 甄别 ， 理性 玩 梗 ！ 以下 内容 ， 由 正牌 燕 十六 为 大家 播报 —— 今天 为 四月首日 ， 游戏 中 「 朝夕 共 赏 」 活动 也 迎来 了 更新 。 游侠 每日 前往 活动 界面 进行 签到 ， 即可 领取 【 折音券 】 、 【 心法 心得 · 散本 】 、 【 素裳染粉 】 等 丰厚 奖励 ， 各位 别 忘 了 前往 领取 ！ 同时 ， 我们 也 计划 在 进行 维护 更新 。 届时 除了 河西 主章 上线 以外 ， 还 将 有 新 活动 、 新 外观 等 诸多 内容 更新 。 其中 ， 全新 外观 【 紫薇阙 】 即将 上架 ， 更新 后 游侠 们 可 前往 「 商店 」 ， 以 680 「 长鸣珠 」 购得 —— 【 紫薇阙 】 一 丛 暗淡 将 何 比 ， 浅 碧笼裙衬 紫巾 。 除却 微 之 见 应爱 ， 人间 少有 别花人 。 捏脸 数据 来自 玩家 投稿 ： *久离 、 刀*真 经常 冲浪 的 少东家 都 知道 ， 在于 其他 游侠 交流 之 时 ， 若 有 一套 别出心裁 的 表情包 ， 将 是 倍儿 有 面儿 的 事情 。 为此 ， 我们 收集 和 制作 了 一套 燕云 玩家 们 一 看 就 懂 的 表情包 。 我们 将 尽快 上架 ， 方便 大家 免费 取用 ！ 尚未 正式 上架 ， 后续 敬请 各位 游侠 关注 在 诸位 新 老朋友 的 见证 下 ， 河西 侠路 顺利 启程 。 本周 新 的 主线 剧情 就 将 开放 ， 更 多 内容 也 敬请 期待 。 再次 感谢 各位 游侠 一路 支持 ， 一路 同行 ！ ' ],2025-04,全新奇术「黄金膝」不日上线！
['在浪漫写意的诗与吟之中，我们与游侠一同开启了河西·玉门的篇章。穿行沙海的骆驼商队、高耸威严的玉门关隘、隐于大漠的强敌挑战......在玉门游历的几日间，相信游侠们已经又闯出了新的天地。回过头去看，河西的这首“诗”，也因为游侠们的到来而变得完整——曾有一个概念叫“作者已死”，表达的是一个作品在完成之际，就不再属于作者，剩下的创发与解读，都是读者赋予的生命。在过去那段埋头开发的日子里，我们是尝试用游戏的载体去“写诗”的“作者”。在写意的路上，亦是写一场冒险。如今看，去写这份冒险，浪漫也值得。特别是当我们意识到，这份浪漫和值得，其实并不源于最初那份写诗的冲动和热情，而是此时此刻，有读诗的人。望向河西之旅的前路，还有更多未览之景、未尽之事、未见之人期待与各位同游共唱，同途共享。燕来不过三月三，在河西行旅初启之际，游侠们又发来了很多反馈和建议。燕子也火速赶来，与各位分享一些热门答疑和优化动向~q新的主线剧情何时解锁？急急急新的主线剧情即将于更新后解锁，期待与游侠们共同书写河西篇章的新故事和新见闻。为了给游侠们更丰富新鲜的剧情体验，我们在设计河西·玉门篇章的主线剧情时，也尝试了一些新的叙事手法。比如，在即将解锁的主线中，大家将化身时代的见证者，身临其境地体验各式人物在历史洪流下交织的命运轨迹。河西的剧情，也将分为四个篇章与一段尾声，将随着地图进度逐步解锁。正所谓见天地，见众生，见自己——在剧情解锁的过程中，游侠核心的视角是以身外身，去体验“他者”的命运与求索。而在河西的终章，游侠也将得到此行关于自己的最终答案。除了主线剧情之外，我们也希望继续用非线性、碎片化的叙事，让游侠们在探游之中收获更多新鲜的开放世界剧情体验。q河西的规划是怎样的，除了玉门，后续篇章何时解锁？三月末至六月，我们会逐步以“连载”的形式，持续解锁河西的不同篇章。也希望通过这种方式，不断探索新的长线运营节奏，带给大家更具可持续性的新内容和新体验。我们也看到了大家对于少东家“传奇耐晕王”的调侃，河西虽梦，但梦与写意只是在当前篇章选择的表现手法之一。江湖之大殊途同归，诗意与梦的基底仍然是现实，也终会回到武侠本质的内核与表现。玉门之后，就是河西的第二个篇章“凉州”，预计将在四月和大家见面。相对于玉门的风与沙，凉州则是“葡萄美酒夜光杯”的豪情中，另一番瑰奇的山与雪。届时又将有全新的场景和地图，全新的故事和挑战，也请大家持续关注我们的后续动态~q新版本上线后出现了一些bug，快点修！新版本上线后，我们也在持续吸收大家的反馈和建议，在线修复各种出现的问题。比如最近大家反馈比较集中的路牌自动播放表情的bug，现已敏捷修复。修复后的路牌，需要主动打开侧页，查看路牌时才会播放。我们也会基于大家的反馈，陆续把路牌更多的自定义功能进行开放，也欢迎大家持续发来宝贵的建议和反馈。河西初启，尚有诸多未尽完美之事，再次感谢游侠们的理解和支持！更多的疑问和反馈，也欢迎游侠们通过燕云客服专区 —— 热门答疑丨身赴玉门，再问河西-,《 热门 答疑 丨 身 赴 玉门 ， 再 问 河西 》 : [ ' 在 浪漫 写意 的 诗 与 吟 之中 ， 我们 与 游侠 一同 开启 了 河西 · 玉门 的 篇章 。 穿行 沙海 的 骆驼商队 、 高耸 威严 的 玉门 、 隐 于 大漠 的 强敌 挑战 ...... 在 玉门 游历 的 几日 间 ， 相信 游侠 们 已经 又 闯 出 了 新 的 天地 。 回过 头 去 看 ， 河西 的 这 首 “ 诗 ” ， 也 因为 游侠 们 的 到来 而 变得 完整 —— 曾 有 一个 概念 叫 “ 作者 已 死 ” ， 表达 的 是 一个 作品 在 完成 之际 ， 就 不再 属于 作者 ， 剩下 的 创发 与 解读 ， 都是 读者 赋予 的 生命 。 在 过去 那 段 埋头 开发 的 日子 里 ， 我们 是 尝试 用 游戏 的 载体 去 “ 写诗 ” 的 “ 作者 ” 。 在 写意 的 路上 ， 亦 是 写 一 场 冒险 。 如今 看 ， 去 写 这 份 冒险 ， 浪漫 也 值得 。 特别是 当 我们 意识到 ， 这 份 浪漫 和 值得 ， 其实 并不 源于 最初 那 份 写诗 的 冲动 和 热情 ， 而是 此时 此刻 ， 有 读诗 的 人 。 望 向 河西 之 旅 的 前路 ， 还有 更 多 未 览 之 景 、 未 尽 之 事 、 未 见 之 人 期待 与 各位 同游 共 唱 ， 同途 共享 。 燕来 不过 三月三 ， 在 河西 行旅 初 启 之际 ， 游侠 们 又 发 来 了 很多 反馈 和 建议 。 燕子 也 火速 赶来 ， 与 各位 分享 一些 热门 答疑 和 优化 动向 ~q 新 的 主线 剧情 何时 解锁 ？ 急急急新 的 主线 剧情 即将 于 更新 后 解锁 ， 期待 与 游侠 们 共同 书写 河西 篇章 的 新 故事 和 新 见闻 。 为了 给 游侠 们 更 丰富 新鲜 的 剧情 体验 ， 我们 在 设计 河西 · 玉门 篇章 的 主线 剧情 时 ， 也 尝试 了 一些 新 的 叙事 手法 。 比如 ， 在 即将 解锁 的 主线 中 ， 大家 将 化身 时代 的 见证者 ， 身临其境 地 体验 各 式 人物 在 历史 洪流 下 交织 的 命运 轨迹 。 河西 的 剧情 ， 也 将 分为 四个 篇章 与 一段 尾声 ， 将 随着 地图 进度 逐步 解锁 。 正 所谓 见 天地 ， 见 众生 ， 见 自己 —— 在 剧情 解锁 的 过程 中 ， 游侠 核心 的 视角 是 以 身外身 ， 去 体验 “ 他者 ” 的 命运 与 求索 。 而 在 河西 的 终章 ， 游侠 也 将 得到 此行 关于 自己 的 最终 答案 。 除了 主线 剧情 之外 ， 我们 也 希望 继续 用 非线性 、 碎片化 的 叙事 ， 让 游侠 们 在 探游 之中 收获 更 多 新鲜 的 开放世界 剧情 体验 。 q 河西 的 规划 是 怎样 的 ， 除了 玉门 ， 后续 篇章 何时 解锁 ？ 三月末 至 六月 ， 我们 会 逐步 以 “ 连载 ” 的 形式 ， 持续 解锁 河西 的 不同 篇章 。 也 希望 通过 这种 方式 ， 不断 探索 新 的 长线 运营 节奏 ， 带 给 大家 更 具 可 持续性 的 新 内容 和 新 体验 。 我们 也 看到 了 大家 对于 少东家 “ 传奇 耐 晕王 ” 的 调侃 ， 河西 虽 梦 ， 但 梦 与 写意 只是 在 当前 篇章 选择 的 表现 手法 之一 。 江湖 之 大 殊途同归 ， 诗意 与 梦 的 基底 仍然 是 现实 ， 也 终 会 回到 武侠 本质 的 内核 与 表现 。 玉门 之后 ， 就 是 河西 的 第二个 篇章 “ 凉州 ” ， 预计 将 在 四月 和 大家 见面 。 相对于 玉门 的 风 与 沙 ， 凉州 则 是 “ 葡萄 美酒 夜光杯 ” 的 豪情 中 ， 另 一番 瑰奇 的 山 与 雪 。 届时 又 将 有 全新 的 场景 和 地图 ， 全新 的 故事 和 挑战 ， 也 请 大家 持续 关注 我们 的 后续 动态 ~ q 新版本 上线 后 出现 了 一些 bug ， 快 点 修 ！ 新版本 上线 后 ， 我们 也 在 持续 吸收 大家 的 反馈 和 建议 ， 在线 修复 各种 出现 的 问题 。 比如 最近 大家 反馈 比较 集中 的 路牌 自动 播放 表情 的 bug ， 现 已 敏捷 修复 。 修复 后 的 路牌 ， 需要 主动 打开 侧页 ， 查看 路牌 时 才 会 播放 。 我们 也 会 基于 大家 的 反馈 ， 陆续 把 路牌 更 多 的 自定义 功能 进行 开放 ， 也 欢迎 大家 持续 发来 宝贵 的 建议 和 反馈 。 河西 初 启 ， 尚 有 诸多 未 尽 完美 之 事 ， 再次 感谢 游侠 们 的 理解 和 支持 ！ 更 多 的 疑问 和 反馈 ， 也 欢迎 游侠 们 通过 燕云 客服 专区,2025-03,热门答疑丨身赴玉门，再问河西
['虽有一些坎坷与波折，但万里长风还是吹抵了玉门。对于旅途上的意外给各位游侠带来的不便，我们深表歉意。我们也通过游戏内邮件给大家奉上了包含「挂饰·绿歌扇」*1、「袅袅之音·绑」*5等在内的一份歉礼，还请前往查收。最值得庆祝的是，这个大家与我们都期待已久的新篇章终于开启。少东家们，该出发啦！玉门地处大漠，风土与清河开封有诸多不同。各位一路风尘仆仆赶来的游侠们，虽然侠姿天成，但也不妨考虑换上一身心仪新装！这里燕子也为大家带来了本次更新的外观合集，敬请各位少东家查阅！初入险地，最好还是有利剑傍身。大漠风起，侠气入键！燕云十六声×百度输入法定制皮肤现已上线，诚邀各位游侠共赴河西，踏沙而行！游侠们的这次河西羁旅，还只是一个开始。除了28日开放的「玉门」世界探索与三卷侠迹外，29日全新镇守「白头城」即将开放；下周五，主线故事也将迎来新的篇章。河西的故事，也将在三月末至六月，以「玉门」、「凉州」、「秦川」三个篇章陆续展开。平均每月都会有一次新区域规模的更新。对于我们来说，这更只是一个开始。在新版本上线之后，我们也一直进行持续的优化调整，包括大家反馈的一些bug（如多人场景中陌刀伤害偶尔丢失的问题），我们也在进行加急修复。我们一定争取第一时间修复各类问题，有机会也会以官方公告等形式向大家同步进度。也请游侠们发现问题时积极向我们反馈，继续监督和鞭策，为我们建言。幸得同行，定不相负！']。 —— 河西启程丨春风终度玉门-,《 河西 启程 丨 春风 终度 玉门 》 : [ ' 虽 有一些 坎坷 与 波折 ， 但 万里 长风 还是 吹 抵 了 玉门 。 对于 旅途 上 的 意外 给 各位 游侠 带来 的 不便 ， 我们 深表 歉意 。 我们 也 通过 游戏 内 邮件 给 大家 奉 上 了 包含 「 挂饰 · 绿 歌扇 」 * 1 、 「 袅袅之音 · 绑 」 * 5 等 在内 的 一 份 歉礼 ， 还 请 前往 查收 。 最 值得 庆祝 的 是 ， 这个 大家 与 我们 都 期待 已 久 的 新篇章 终于 开启 。 少东家 们 ， 该 出发 啦 ！ 玉门 地处 大漠 ， 风土 与 清河 开封 有 诸多 不同 。 各位 一路 风尘仆仆 赶来 的 游侠 们 ， 虽然 侠姿天成 ， 但 也 不妨 考虑 换 上 一身 心仪 新装 ！ 这里 燕子 也 为 大家 带来 了 本 次 更新 的 外观 合集 ， 敬请 各位 少东家 查阅 ！ 初 入 险地 ， 最好 还是 有 利剑 傍身 。 大漠 风 起 ， 侠气 入 键 ！ 燕云十六声 × 百度 输入法 定制 皮肤 现 已 上线 ， 诚 邀 各位 游侠 共 赴 河西 ， 踏 沙 而 行 ！ 游侠 们 的 这次 河西 羁旅 ， 还 只是 一个 开始 。 除了 28日 开放 的 「 玉门 」 世界 探索 与 三卷 侠迹 外 ， 29日 全新 镇守 「 白头城 」 即将 开放 ； 下周五 ， 主线 故事 也 将 迎来 新 的 篇章 。 河西 的 故事 ， 也 将 在 三月末 至 六月 ， 以 「 玉门 」 、 「 凉州 」 、 「 秦川 」 三个 篇章 陆续 展开 。 平均 每月 都 会 有 一次 新 区域 规模 的 更新 。 对于 我们 来说 ， 这 更 只是 一个 开始 。 在 新版本 上线 之后 ， 我们 也 一直 进行 持续 的 优化 调整 ， 包括 大家 反馈 的 一些 bug （ 如 多 人 场景 中 陌刀 伤害 偶尔 丢失 的 问题 ） ， 我们 也 在 进行 加急 修复 。 我们 一定 争取 第一 时间 修复 各类 问题 ， 有 机会 也 会 以 官方 公告 等 形式 向 大家 同步 进度 。 也 请 游侠 们 发现 问题 时 积极 向 我们 反馈 ， 继续 监督 和 鞭策 ， 为 我们 建言 。 幸 得 同行 ， 定 不 相负 ！ ' ],2025-03,河西启程丨春风终度玉门关
['在飘摇的历史风沙中伫立的玉门，终于迎来了新的访客。就在几个小时后，燕云即将迎来1.7版本「明月照玉门」的更新，新区域“河西”的首个篇章「玉门」世界探索与三卷侠迹将正式开启；次日，全新镇守「白头城」开放；，全新的主线篇章亦将上线。羁旅将启，静侯侠音！玉门风起之际，也是赛季更迭之时。黄钟鸣罢，夹钟并作，江湖又启新声！本次更新后，第二赛季·夹钟并作即将开启。燕子也为大家带来了赛季更新的关键规则说明，助各位游侠安心备战——新赛季会更新哪些内容？按照目前计划，后续每个赛季时长会固定为84天。其中前42天为上半赛季，后42天为下半赛季。在每次84天完整赛季更新中，我们会对不肝境界、止戈玩法排名&奖励、百业战排名&奖励（本次将在百业战季前赛结束后）、流派目标挑战进行重置，同时也会对天赋系统进行更新。在每次42天半赛季更新中（包括本次赛季更迭），我们将会带来新单人模式等级、新战令、新副本、新装备等内容更新。叠音、调律、定音、武库等装备养成也将跟随新装备开放新的上限。本次新赛季，我们对装备系统随机性问题也做了针对性的优化，包括增加调整已有词条功能、优化金装随机获取体验、根据部位差异化定制词条库等，来减少随机带来的负面体验。同样，我们也将以84天及42天为节点，对武学体验（包括战斗反馈、实战手感、平衡性等）进行持续观察与定期调整。例如本次，我们就对全部的武学流派都进行了针对性调整与优化。我们也将持续观察各武学的数据与实战表现，力求给大家带来更好的战斗体验和乐趣。新赛季已有的养成进度会重置吗？上赛季原有的角色等级、心法、奇术、基础天赋、武库、装备、天工、五音启太平等基础养成进度都将保留，并不需要从零开始重复养成。首领天赋不会重置，待完成的游侠仍可继续获取永久侠名，新赛季也将开放新的首领天赋和挑战。不过需要注意的是，止戈天赋将会进行重置，并更换为新赛季的定制止戈天赋。具体的完整重置规则，游侠们可以前往游戏内查看。本次更新后，战令「夹钟并作·上」即将开放，游侠可以通过战令解锁获得套装「青玉案」等诸多奖励。另外，「战令商店」亦有更新，将有更丰富的商品可供游侠们兑换。十六巷计划于-进行停服维护，更新维护期间将暂时无法登录游戏，开服时间将根据实际情况可能提前或延后，请游侠合理安排游戏进度。停服维护期间，游侠将暂时无法登录游戏，因此给游侠带来的不便，十六巷深表歉意！我们将在维护结束后，为游侠奉上一份歉礼，请诸位游侠在维护结束后登录游戏查收。更多赛季更新内容详情，还请查阅下图更新公告——侠客同游，河西入梦，不妨先「共寻乱世侠影」——夜幕降临，当你沉沉睡去，一场神秘的梦境悄然降……在这诗情如梦的世界里，做出你的选择邂逅不同的人生，探寻河西大地的隐秘故事。欢迎各位扫描下方小程序，参与活动不仅有机会获得游戏道具和周边好礼，组队更可获取河西专属徽章！（注：完成5人组队即可获取徽章；组齐不同身份可加速获得进度奖励）']。 —— 赛季更新丨玉门风起，夹钟并作-,《 赛季 更新 丨 玉门风 起 ， 夹钟 并 作 》 : [ ' 在 飘摇 的 历史 风沙 中 伫立 的 玉门 ， 终于 迎来 了 新 的 访客 。 就 在 几个小时 后 ， 燕云 即将 迎来 1.7 版本 「 明月 照 玉门 」 的 更新 ， 新 区域 “ 河西 ” 的 首个 篇章 「 玉门 」 世界 探索 与 三卷 侠迹 将 正式 开启 ； 次日 ， 全新 镇守 「 白头城 」 开放 ； ， 全新 的 主线 篇章 亦 将 上线 。 羁旅 将 启 ， 静侯 侠音 ！ 玉门 风 起 之际 ， 也是 赛季 更迭 之 时 。 黄钟 鸣 罢 ， 夹钟 并作 ， 江湖 又 启 新声 ！ 本 次 更新 后 ， 第二 赛季 · 夹钟 并作 即将 开启 。 燕子 也 为 大家 带来 了 赛季 更新 的 关键 规则 说明 ， 助 各位 游侠 安心 备战 —— 新 赛季 会 更新 哪些 内容 ？ 按照 目前 计划 ， 后续 每个 赛季 时长 会 固定 为 84天 。 其中 前 42天 为 上 半 赛季 ， 后 42天 为 下 半 赛季 。 在 每次 84天 完整 赛季 更新 中 ， 我们 会 对 不肝 境界 、 止戈 玩法 排名 & 奖励 、 百业战 排名 & 奖励 （ 本 次 将 在 百业战 季前赛 结束 后 ） 、 流派 目标 挑战 进行 重置 ， 同时 也 会 对 天赋 系统 进行 更新 。 在 每次 42天 半 赛季 更新 中 （ 包括 本 次 赛季 更迭 ） ， 我们 将 会 带来 新 单人 模式 等级 、 新 战令 、 新 副本 、 新 装备 等 内容 更新 。 叠音 、 调律 、 定音 、 武库 等 装备 养成 也 将 跟随 新 装备 开放 新 的 上限 。 本 次 新 赛季 ， 我们 对 装备 系统 随机性 问题 也 做 了 针对性 的 优化 ， 包括 增加 调整 已 有 词条 功能 、 优化 金装 随机 获取 体验 、 根据 部位 差异化 定制 词条库 等 ， 来 减少 随机 带来 的 负面 体验 。 同样 ， 我们 也 将 以 84天 及 42天 为 节点 ， 对 武学 体验 （ 包括 战斗 反馈 、 实战 手感 、 平衡性 等 ） 进行 持续 观察 与 定期 调整 。 例如 本 次 ， 我们 就 对 全部 的 武学 流派 都 进行 了 针对性 调整 与 优化 。 我们 也 将 持续 观察 各 武学 的 数据 与 实战 表现 ， 力求 给 大家 带来 更 好 的 战斗 体验 和 乐趣 。 新 赛季 已 有 的 养成 进度 会 重置 吗 ？ 上 赛季 原有 的 角色 等级 、 心法 、 奇术 、 基础 天赋 、 武库 、 装备 、 天工 、 五音 启 太平 等 基础 养成 进度 都 将 保留 ， 并不 需要 从 零 开始 重复 养成 。 首领 天赋 不会 重置 ， 待 完成 的 游侠 仍 可 继续 获取 永久 侠名 ， 新 赛季 也 将 开放 新 的 首领 天赋 和 挑战 。 不过 需要 注意 的 是 ， 止戈 天赋 将 会 进行 重置 ， 并 更换 为 新 赛季 的 定制 止戈 天赋 。 具体 的 完整 重置 规则 ， 游侠 们 可以 前往 游戏 内 查看 。 本 次 更新 后 ， 战令 「 夹钟 并作 · 上 」 即将 开放 ， 游侠 可以 通过 战令 解锁 获得 套装 「 青玉案 」 等 诸多 奖励 。 另外 ， 「 战令商店 」 亦 有 更新 ， 将 有 更 丰富 的 商品 可 供 游侠 们 兑换 。 十六巷 计划 于 进行 停服 维护 ， 更新 维护 期间 将 暂时 无法 登录 游戏 ， 开服 时间 将 根据 实际情况 可能 提前 或 延后 ， 请 游侠 合理 安排 游戏 进度 。 停服 维护 期间 ， 游侠 将 暂时 无法 登录 游戏 ， 因此 给 游侠 带来 的 不便 ， 十六巷 深表 歉意 ！ 我们 将 在 维护 结束 后 ， 为 游侠 奉 上 一 份 歉礼 ， 请 诸位 游侠 在 维护 结束 后 登录 游戏 查收 。 更 多 赛季 更新 内容 详情 ， 还 请 查阅 下图 更新 公告 —— 侠客 同游 ， 河西 入梦 ， 不妨 先 「 共 寻 乱世 侠影 」 —— 夜幕 降临 ， 当 你 沉沉 睡 去 ， 一 场 神秘 的 梦境 悄然 降 …… 在 这 诗情如梦 的 世界 里 ， 做出 你 的 选择 邂逅 不同 的 人生 ， 探寻 河西 大地 的 隐秘 故事 。 欢迎 各位 扫描 下方 小 程序 ， 参与 活动 不仅 有 机会 获得 游戏 道具 和 周边 好礼 ， 组队 更 可 获取 河西 专属 徽章 ！ （ 注 ： 完成 5 人 组队 即可 获取 徽章 ； 组齐 不同 身份 可 加速 获得 进度 奖励 ） ' ],2025-03,赛季更新丨玉门风起，夹钟并作
['从清河，到开封，再到与这两处并不接壤的河西。一句“去江湖”，是地域的跨越，是诗意的跃迁，也是四海之内皆侠情的相约。期待在到，与千万游侠陆续踏入河西不同的篇章。有客自远方来，可为侠。今天下午我们在燕云工作室，举办了关于河西新版本的小型前瞻体验/测试活动。游侠们的热情如春风暖阳的三月，让我们更加期待新版本的开启。迎接游侠们的吊睛白额大鹅活动中，少东家们重点体验了河西·玉门篇章的boss战斗和大世界探索，并现场测试了最新的移动端手柄适配和移动端光追效果。ipadpro13英寸（m4）实机录制除了和少东家们的会面，也有远道而来的朋友，和我们一起分享这份“春风将度玉门”的期待——活动过程中，苹果公司ceo蒂姆·库克专程来到了《燕云十六声》制作组，并与网易公司ceo丁磊一同感受燕云在全新ipadair上领先的硬件光线追踪技术及画面呈现。两位也观摩了河西版本的抢鲜试玩，见证了燕云少东家们的侠情与风采。我们也期待在新版本中，为大家陆续带来更多新奇的、沉浸的、鲜活的武侠开放世界体验。蒂姆·库克与燕云工作室主要负责人合影为侠为客，共赴燕云。我们也会和厂商伙伴一起，不断让游戏画面和操作体验再上层楼，让燕云武侠更具沉浸感。也期待后续和全球更多玩家，共赴“全部人的武侠”。画师玩家现场绘制有侠自远方来，不亦乐乎。燕子也为大家带来了河西新版本免费探索时装和新战令外观的情报——河西探索免费奖励「旋舞流华」载舞载歌，异域风华西域善舞者之伶服。弦鼓一声双袖举，回雪飘飖转蓬舞。版本开启后，游侠们的河西探索度达到6000，即可免费获得「旋舞流华」时装奖励。此外，还有诸多外观将加入探索度奖励，敬请关注后续动态和游戏内奖励~捏脸数据来自玩家投稿：*叽兔、茨**子哟全新战令即将上线「青玉案」值此青绿，芳华温玉碧波无际，青山万里，又绿江南树。杨花风弄，柳絮天剪，休怪词人误。全新战令活动即将于更新后开启，夹钟并作之际，愿与各位共奏河西佳音。游侠们也可在更新后，通过战令奖励，获取包括套装「青玉案」在内的诸多奖励。同时特别提醒游侠们，上期战令活动现已结束，大家现在可以通过“战令商店”继续兑换各种珍稀道具，切莫错过！捏脸数据来自玩家投稿：笺纹*雪、应*雪距离河西新篇章开启仅有最后2天，无论是玉门，还是后续的凉州和秦川，河西处处皆有“侠情”和“诗意”。如「美赛·共绘河西」中少东家们留下的点点侠影一样，金叶成侠，各为其声。燕子也将和少东家们一起继续携手并进，带着这片江湖，走向更广阔的世界。，河西新篇章，不见不散！']。 —— 战令外观丨有客自远方来，也是少东家！-,《 战令 外观 丨 有 客 自 远方 来 ， 也是 少东家 ！ 》 : [ ' 从 清河 ， 到 开封 ， 再 到 与 这 两处 并不 接壤 的 河西 。 一 句 “ 去 江湖 ” ， 是 地域 的 跨越 ， 是 诗意 的 跃迁 ， 也是 四海 之内 皆 侠情 的 相约 。 期待 在 到 ， 与 千万 游侠 陆续 踏 入 河西 不同 的 篇章 。 有 客 自 远方 来 ， 可 为 侠 。 今天 下午 我们 在 燕云工作室 ， 举办 了 关于 河西 新版本 的 小型 前瞻 体验 / 测试 活动 。 游侠 们 的 热情 如 春风 暖阳 的 三月 ， 让 我们 更加 期待 新版本 的 开启 。 迎接 游侠 们 的 吊睛 白额 大 鹅 活动 中 ， 少东家 们 重点 体验 了 河西 ·玉门 篇章 的 boss 战斗 和 大世界 探索 ， 并 现场 测试 了 最新 的 移动端 手柄 适配 和 移动端 光追 效果 。 ipadpro13英寸 （ m4 ） 实机 录制 除了 和 少东家 们 的 会面 ， 也 有 远道 而 来 的 朋友 ， 和 我们 一起 分享 这 份 “ 春风 将 度 玉门 ” 的 期待 —— 活动 过程 中 ， 苹果公司 ceo 蒂姆 ·库克 专程 来到 了 《燕云十六声》制作组 ， 并 与 网易公司 ceo 丁磊 一同 感受 燕云 在 全新 ipadair 上 领先 的 硬件 光线 追踪 技术 及 画面 呈现 。 两位 也 观摩 了 河西 版本 的 抢鲜 试玩 ， 见证 了 燕云 少东家 们 的 侠情 与 风采 。 我们 也 期待 在 新版本 中 ， 为 大家 陆续 带来 更 多 新奇 的 、 沉浸 的 、 鲜活 的 武侠 开放世界 体验 。 蒂姆 ·库克 与 燕云工作室 主要 负责人 合影 为 侠 为 客 ， 共 赴 燕云 。 我们 也 会 和 厂商 伙伴 一起 ， 不断 让 游戏 画面 和 操作 体验 再 上 层 楼 ， 让 燕云 武侠 更 具 沉浸感 。 也 期待 后续 和 全球 更 多 玩家 ， 共 赴 “ 全部 人 的 武侠 ” 。 画师 玩家 现场 绘制 有侠 自 远方 来 ， 不亦乐乎 。 燕子 也 为 大家 带来 了 河西 新版本 免费 探索 时装 和 新 战令 外观 的 情报 —— 河西 探索 免费 奖励 「 旋舞流华 」 载舞载歌 ， 异域 风华 西域 善舞者 之 伶服 。 弦鼓 一 声 双 袖举 ， 回 雪 飘 飖 转蓬舞 。 版本 开启 后 ， 游侠 们 的 河西 探索度 达到 6000 ， 即可 免费 获得 「 旋舞流华 」 时装 奖励 。 此外 ， 还有 诸多 外观 将 加入 探索度 奖励 ， 敬请 关注 后续 动态 和 游戏 内 奖励 ~ 捏脸 数据 来自 玩家 投稿 ： * 叽兔 、 茨** 子哟 全新 战令 即将 上线 「 青玉案 」 值此 青绿 ， 芳华 温玉 碧波 无际 ， 青山 万里 ， 又 绿 江南 树 。 杨花 风弄 ， 柳絮 天剪 ， 休 怪 词 人 误 。 全新 战令 活动 即将 于 更新 后 开启 ， 夹钟 并作 之际 ， 愿 与 各位 共 奏 河西 佳音 。 游侠 们 也 可 在 更新 后 ， 通过 战令 奖励 ， 获取 包括 套装 「 青玉案 」 在内 的 诸多 奖励 。 同时 特别 提醒 游侠 们 ， 上期 战令 活动 现 已 结束 ， 大家 现在 可以 通过 “ 战令 商店 ” 继续 兑换 各种 珍稀 道具 ， 切 莫 错过 ！ 捏脸 数据 来自 玩家 投稿 ： 笺纹 * 雪 、 应 * 雪 距离 河西 新篇章 开启 仅 有 最后 2天 ， 无论是 玉门 ， 还是 后续 的 凉州 和 秦川 ， 河西 处处 皆 有 “ 侠情 ” 和 “ 诗意 ” 。 如 「 美赛 · 共 绘 河西 」 中 少东 家 们 留下 的 点点 侠影 一样 ， 金叶 成 侠 ， 各 为 其 声 。 燕子 也 将 和 少东家 们 一起 继续 携手 并进 ， 带 着 这 片 江湖 ， 走向 更 广阔 的 世界 。 ， 河西 新 篇章 ， 不见不散 ！ ' ],2025-03,战令外观丨有客自远方来，也是少东家！
['还有3天，千万游侠就将在河西的首个篇章「玉门」相会。初登玉门，侠之相会，自然也将有别具一格的风采。自清河、开封风尘仆仆赶往河西的游侠客，不妨换上一身心仪新装，共同开启玉门羁旅。燕子今日也飞越沙海，为大家带来了在新版本中即将上线的和鸣、商城直售等新外观情报，战令和免费探索外观将在后续揭晓——「铁马金戈」铁马冰河，金戈入梦黄沙卷日驼铃碎，孤骑穿云朔风催。从不问，故人几时回。作为颇具大漠侠风的纪念套装，这套与玉门雄姿相得益彰的“铁马金戈”，将在版本开启后限时上架——更新后至，游侠前往【商店】，即可以2580长鸣珠购得全新套装「铁马金戈」。捏脸数据来自玩家投稿：乱*、*阆「出竹意」以竹为枪，出其不意以竹隐居新竹所制，进可防身御敌，退可烧烤晾衣。版本更新后，前往【商店】，即可以60长鸣珠购得全新武器外观·枪「出竹意」。「伞-墨染尘」伞间墨宝，醉梦游春世无黑白，心知对错。人间如狱，长夜难明，此番我执墨先行。版本更新后，前往【商店】，即可以1280长鸣珠购得武学特效「墨染尘」。「绳镖-风戏万古」镖出风啸，粟子行云穿林打叶，吟啸纵行。弄鬼掉猴，舞袖啷当。小节无拘，大义当守。凡尘滚滚，万古戏游。版本更新后，前往【商店】，即可以1280长鸣珠购得武学特效「风戏万古」。和鸣上新大音希声「青丘千岁」青丘九尾，太平则出绥绥白狐，九尾痝痝。我家嘉夷，来宾为王。成家成室，我造彼昌。天人之际，于兹则行。全新绝世外观「青丘千岁」即将在更新后上架【和鸣商店】，时装动画等外观详情，敬请游侠关注后续官方动态。「弄清影」清影风姿，照见春光浮空片玉，素月清辉。银河西转，瑶台梦回。全新发型「弄清影」，将在更新后同步上架「和鸣商店」，游侠可以【八音窍】兑换获得。捏脸数据来自玩家投稿：沈括**长、*浮生云想衣裳花想容，春风拂槛露华浓。此身西行，定是焕然万相。风沙不停的玉门，也一直在等待着游侠们的风采降临，期待与各位河西相聚！']。 —— 新外观合集丨玉门相会，风采熠熠-,《 新 外观 合集 丨 玉门 相会 ， 风采 熠熠 》 : [ ' 还有 3天 ， 千万 游侠 就 将 在 河西 的 首个 篇章 「 玉门 」 相会 。 初 登 玉门 ， 侠 之 相会 ， 自然 也 将 有 别具一格 的 风采 。 自 清河 、 开封 风尘仆仆 赶往 河西 的 游侠客 ， 不妨 换 上 一身 心仪 新装 ， 共同 开启 玉门 羁旅 。 燕子 今日 也 飞越 沙海 ， 为 大家 带来 了 在 新版本 中 即将 上线 的 和鸣 、 商城 直 售 等 新 外观 情报 ， 战令 和 免费 探索 外观 将 在 后续 揭晓 ——「 铁马 金戈 」 铁马 冰河 ， 金戈 入梦 黄沙 卷日 驼铃 碎 ， 孤骑 穿云 朔 风 催 。 从 不 问 ， 故人 几时 回 。 作为 颇 具 大漠 侠风 的 纪念 套装 ， 这 套 与 玉门 雄姿 相得益彰 的 “ 铁马 金戈 ” ， 将 在 版本 开启 后 限时 上架 —— 更新 后 至 ， 游侠 前往 【 商店 】 ， 即可 以 2580 长鸣珠 购得 全新 套装 「 铁马 金戈 」 。 捏脸 数据 来自 玩家 投稿 ： 乱 * 、 * 阆 「 出竹意 」 以 竹 为 枪 ， 出其不意 以 竹隐居 新竹 所 制 ， 进 可 防身 御敌 ， 退 可 烧烤 晾衣 。 版本 更新 后 ， 前往 【 商店 】 ， 即可 以 60 长鸣珠 购得 全新 武器 外观 · 枪 「 出竹意 」 。 「 伞墨染尘 」 伞 间 墨宝 ， 醉梦游 春世 无 黑白 ， 心 知 对 错 。 人间 如 狱 ， 长夜 难 明 ， 此 番 我 执 墨 先行 。 版本 更新 后 ， 前往 【 商店 】 ， 即 可以 1280 长鸣珠 购得 武学 特效 「 墨染尘 」 。 「 绳镖 风戏万古 」 镖 出 风啸 ， 粟子 行云 穿 林 打 叶 ， 吟啸 纵行 。 弄鬼 掉 猴 ， 舞袖 啷当 。 小节 无拘 ， 大义当守 。 凡尘 滚滚 ， 万古 戏游 。 版本 更新 后 ， 前往 【 商店 】 ， 即 可以 1280 长鸣珠 购得 武学 特效 「 风戏万古 」 。 和鸣 上 新 大音希声 「 青丘 千岁 」 青丘 九 尾 ， 太平 则 出 绥绥 白狐 ， 九 尾 痝痝 。 我 家 嘉夷 ， 来宾 为 王 。 成家成室 ， 我 造 彼 昌 。 天人 之际 ， 于 兹 则 行 。 全新 绝世 外观 「 青丘 千岁 」 即将 在 更新 后 上架 【 和鸣商店 】 ， 时装 动画 等 外观 详情 ， 敬请 游侠 关注 后续 官方 动态 。 「 弄清影 」 清影 风姿 ， 照见 春光 浮空 片玉 ， 素月 清辉 。 银河 西 转 ， 瑶台 梦 回 。 全新 发型 「 弄清影 」 ， 将 在 更新 后 同步 上架 「 和鸣商店 」 ， 游侠 可以 【 八音窍 】 兑换 获得 。 捏脸 数据 来自 玩家 投稿 ： 沈括 ** 长 、 *浮生 云 想 衣裳 花 想 容 ， 春风 拂槛 露 华 浓 。 此身 西行 ， 定 是 焕然 万相 。 风沙 不停 的 玉门 ， 也 一直 在 等待 着 游侠 们 的 风采 降临 ， 期待 与 各位 河西 相聚 ！ ' ],2025-03,新外观合集丨玉门相会，风采熠熠
['还有5天，河西的首个篇章“玉门”就将率先开启。西出玉门，才发现让玉门雄伟亘古的，从不只是拔地的城、凛厉的风和倾盆的沙。而是车轮碾过、刀锋淬过、朔风吹过，时间又漫过，但仍然在此屹立的故事与人。虽然有人说，玉门的风沙会抹平一切，在历史的长河里，无数姓名像是一滴滴落在沙海里的雨。但是，一定有一些值得记住的东西——故事中的英雄和无名，将在河西的三个篇章中陆续现身。白头城内外，沙海漫游中，新的镇守boss和野外boss即将登场。汉家旌帜满阴山，不遣胡儿匹马还。愿得此身长报国，何须生入玉门。郭昕“寸土不让，身死不知”荒废许久的塞外关隘，「白头城」横绝在玉门和凉州之间，阻拦两边的通路。很久没有人能进去关隘里面，也很久没有见过有人出来，但是偶尔能听见号角声响起。当游侠以身入局，「安西军」的故事再次被诉说。万里孤城尽白发，安西最后一任大都护郭昕，用此身此生的宿命，与游侠们不战不休。在镇守关卡中，也将有全新机制和演出体验，静候游侠亲历。初见安西大都护，如传说般的不可侵蚀，生人勿近。以旌旗为器，以孤忠为勇，挥舞着岁月与执念，雄姿英发不减当年。英雄不死，只是凋零。当号令声起，须发皆白的老兵们，会如往常一样决绝地穿上铠甲、兵戎相见。时光难凉英雄们的热血，三人成阵，一招一式仍然不容小觑。我将归来，万马千军。孤勇的坚守可与时间匹敌，待到激战正酣，以身许国的热烈能撼动岁月、扭转时间。安西军，何在？当年那个令敌人闻风丧胆的“铁血郡王”，将率领着安西军全盛归来。中军列阵，箭旗并出，倾其毕生的进攻让人招架不及。在战斗中，游侠也可善用闪避和卸势与之周旋。敌人的千军万马，都无法围困一颗英雄的心。只是执念，让英雄成为了困在时间里的人。心向长安，以此安西。下一个镇守，也是他们的坚守。迷驿舟“月下有信，沙海迷舟”全新的野外boss迷驿舟将在沙海之中与游侠们不期而遇。他生前与悬泉驿息息相关，当年西域与大唐音书断绝的岁月里，有他最后一次的孤勇。但命运从未停止颠簸，在事与愿违的路上，很多的下落不明终究成为了心底的沉船。在沙海中寻找的执念变为束缚船身的胡杨，对故乡的思念则变为月亮灯。月亮照常升起，路上的人背井离乡。不休不眠的沙暴之中，庞大的船身仿佛可以冲破黑夜。极具视觉压迫感的同时，也需游侠们在远攻近交的过程中精准应对敌人薄弱，谨慎出招。月亮与月亮灯交相辉映，但战意并不允许这是一个温柔的良夜。迷驿舟将用出其不意的密集进攻持续覆盖，不仅要善用身法躲避，也须游侠们利用奇术，机敏应对。月下飞天镜，云生结海楼。仍怜故乡水，万里送行舟。在巍峨无言的玉门，寒风，胡杨，沙海将见证游侠们来此书写新的故事。距离玉门的开启越来越近，还有很多故事和人，期待在河西后续的篇章中和大家一同分享。当然，还将有更多新玩法、新奇术、新外观等即将与大家相见，也请游侠持续关注我们。游侠此去，玉门相见！注*近期游戏完成了包体更新，移动端icon显示有网易标识，代表您正在使用【网易官方版本】，将有24小时人工客服为您全程服务，感谢各位下载使用有网易标识的官方版本！']。 —— 全新boss丨将军百战，沙海行舟-,《 全新 BOSS 丨 将军 百战 ， 沙海 行舟 》 : [ ' 还有 5天 ， 河西 的 首个 篇章 “ 玉门 ” 就 将 率先 开启 。 西 出 玉门 ， 才 发现 让 玉门 雄伟 亘古 的 ， 从不 只是 拔地 的 城 、 凛厉 的 风 和 倾盆 的 沙 。 而是 车轮 碾 过 、 刀锋 淬 过 、 朔风 吹 过 ， 时间 又 漫过 ， 但 仍然 在此 屹立 的 故事 与 人 。 虽然 有人 说 ， 玉门 的 风沙 会 抹平 一切 ， 在 历史 的 长河 里 ， 无数 姓名 像 是 一 滴 滴落 在 沙海 里 的 雨 。 但是 ， 一定 有一些 值得 记住 的 东西 —— 故事 中 的 英雄 和 无名 ， 将 在 河西 的 三个 篇章 中 陆续 现身 。 白头城 内外 ， 沙海 漫游 中 ， 新 的 镇守 boss 和 野外 boss 即将 登场 。 汉家 旌帜 满 阴山 ， 不 遣 胡儿 匹 马 还 。 愿 得 此 身长 报国 ， 何须 生 入 玉门 。 郭昕 “ 寸土不让 ， 身死 不 知 ” 荒废 许久 的 塞外 关隘 ， 「 白头城 」 横绝 在 玉门 和 凉州 之间 ， 阻拦 两边 的 通路 。 很 久 没有 人 能 进去 关隘 里面 ， 也 很 久 没有 见 过 有人 出来 ， 但是 偶尔 能 听见 号角声 响起 。 当 游侠 以 身 入局 ， 「 安西军 」 的 故事 再次 被 诉说 。 万里 孤城 尽 白发 ， 安西 最后 一 任 大 都护 郭昕 ， 用 此身 此生 的 宿命 ， 与 游侠 们 不战不休 。 在 镇守 关卡 中 ， 也 将 有 全新 机制 和 演出 体验 ， 静候 游侠 亲历 。 初见 安西 大 都护 ， 如 传说 般 的 不可 侵蚀 ， 生人 勿 近 。 以 旌旗 为 器 ， 以 孤忠 为 勇 ， 挥舞 着 岁月 与 执念 ， 雄姿 英发 不 减 当年 。 英雄 不 死 ， 只是 凋零 。 当 号令声 起 ， 须发 皆 白 的 老兵 们 ， 会 如 往常 一样 决绝 地 穿 上 铠甲 、 兵戎相见 。 时光 难 凉 英雄 们 的 热血 ， 三 人成阵 ， 一 招 一 式 仍然 不容小觑 。 我 将 归来 ， 万马千军 。 孤勇 的 坚守 可 与 时间 匹敌 ， 待到 激战 正酣 ， 以身许国 的 热烈 能 撼动 岁月 、 扭转 时间 。 安西军 ， 何在 ？ 当年 那个 令 敌人 闻风丧胆 的 “ 铁血 郡王 ” ， 将 率领 着 安西军 全盛 归来 。 中军 列阵 ， 箭旗 并 出 ， 倾 其 毕生 的 进攻 让 人 招架 不及 。 在 战斗 中 ， 游侠 也 可 善用 闪避 和 卸势 与 之 周旋 。 敌人 的 千军万马 ， 都 无法 围困 一 颗 英雄 的 心 。 只是 执念 ， 让 英雄 成为 了 困 在 时间 里 的 人 。 心 向 长安 ， 以 此 安西 。 下 一个 镇守 ， 也是 他们 的 坚守 。 迷驿舟 “ 月 下 有 信 ， 沙海 迷舟 ” 全新 的 野外 boss 迷驿舟 将 在 沙海 之中 与 游侠 们 不期而遇 。 他 生前 与 悬泉驿 息息相关 ， 当年 西域 与 大唐 音书 断绝 的 岁月 里 ， 有 他 最后 一次 的 孤勇 。 但 命运 从未 停止 颠簸 ， 在 事与愿违 的 路上 ， 很多 的 下落不明 终究 成为 了 心底 的 沉船 。 在 沙海 中 寻找 的 执念 变为 束缚 船身 的 胡杨 ， 对 故乡 的 思念 则 变为 月亮灯 。 月亮 照常 升起 ， 路上 的 人 背井离乡 。 不休不眠 的 沙暴 之中 ， 庞大 的 船身 仿佛 可以 冲破 黑夜 。 极 具 视觉 压迫感 的 同时 ， 也 需 游侠 们 在 远攻 近交 的 过程 中 精准 应对 敌人 薄弱 ， 谨慎 出招 。 月亮 与 月亮灯 交相辉映 ， 但 战意 并不 允许 这是 一个 温柔 的 良夜 。 迷驿舟 将 用 出其不意 的 密集 进攻 持续 覆盖 ， 不仅 要 善用 身法 躲避 ， 也 须 游侠 们 利用 奇术 ， 机敏 应对 。 月下 飞天镜 ， 云 生 结海 楼 。 仍 怜 故乡 水 ， 万里 送 行舟 。 在 巍峨 无言 的 玉门 ， 寒风 ， 胡杨 ， 沙海 将 见证 游侠 们 来 此 书写 新 的 故事 。 距离 玉门 的 开启 越来越 近 ， 还有 很多 故事 和 人 ， 期待 在 河西 后续 的 篇章 中 和 大家 一同 分享 。 当然 ， 还 将 有 更 多 新 玩法 、 新 奇术 、 新 外观 等 即将 与 大家 相见 ， 也 请 游侠 持续 关注 我们 。 游侠 此 去 ， 玉门 相见 ！ 注 * 近期 游戏 完成 了 包体 更新 ， 移动端 icon 显示 有 网易 标识 ， 代表 您 正在 使用 【 网易 官方 版本 】 ， 将 有 24小时 人工 客服 为 您 全程 服务 ， 感谢 各位 下载 使用 有 网易 标识 的 官方 版本 ！ ' ],2025-03,全新BOSS丨将军百战，沙海行舟
['在河西版本中，除了以“连载”形式不断更新解锁的三大区域篇章之外，还会有更多丰富的新内容加入燕云。对于江湖中人来说，侠义是立身之本，而武技乃护道之锋。既然开启了新的冒险，怎能没有新的应敌之策。，全新流派「破竹·尘」及对应的两套新武学即将登场！伞武学「醉梦游春」如果说之前的伞武学更重轻盈从容，而本次的新武学「醉梦游春」则更具「破竹·尘」流派的风卷残云、狂风扫尘之意。开启武学技后，可多次掷出回旋的飞伞，打击沿途的敌人。而当伞飞回手中的那一刻，若能抓住准确时机接伞，还能使下一次回旋伞更具威力。在娴熟掌握之后，将有不息狂风般的重重威势。同时，「醉梦游春」也保留着伞武学灵动飘逸的特性。除了可以与场上的幻影伞进行神出鬼没的移形换影之外，甚至还能进行大范围的旋转牵引。若运用得当，衔接流畅，完全可以在戏耍敌人之后片叶不沾身地离开。相信经过游侠们的上手与开发后，它一定能在战斗中制造更多惊喜。绳镖武学「粟子行云」与同流派的「醉梦游春」类似，绳镖新武学「粟子行云」也长于大开大合的范围攻击，但也依然保留着“机敏狡黠”的特色。「粟子行云」的武学技与蓄力技均是大范围的攻击。两个招式联动之下，可强化自身获得【摄魂】效果，给对手附加【失魂】直至【失魂落魄】，受到额外的真气伤害。周围有【失魂落魄】的敌人时，自身主动技消耗资源还会减少，此消彼长，绵绵不绝。除此之外，「粟子行云」也有独特的终结手段。只需轻轻一打“响指”，便可对范围内的敌人造成可观的伤害与击倒效果。闲庭信步之间，对手应声而倒。真高手，从不回头看爆炸。以上两套新武学，除了本身具有新机制以外，也能在一定程度上和别的武学产生有趣的联动效果。我们希望可以提供更多选择，无论是新武学还是老武学，都可以由游侠们去发掘出它们的潜能。新武学之外，河西版本还有诸多新玩法、新剧情、新外观等内容，接下来燕子也将陆续为大家带来前瞻。新章将启，期待与各位继续共行侠路！']。 —— 全新武学丨伞风卷残云，镖声鸣彻野-,《 全新 武学 丨 伞风 卷 残云 ， 镖 声 鸣 彻 野 》 : [ ' 在 河西 版本 中 ， 除了 以 “ 连载 ” 形式 不断 更新 解锁 的 三 大 区域 篇章 之外 ， 还 会 有 更 多 丰富 的 新 内容 加入 燕云 。 对于 江湖 中 人 来说 ， 侠义 是 立身 之 本 ， 而 武技 乃 护道 之 锋 。 既然 开启 了 新 的 冒险 ， 怎 能 没有 新 的 应敌 之 策 。 ， 全新 流派 「 破竹 · 尘 」 及 对应 的 两套 新 武学 即将 登场 ！ 伞武学 「 醉梦游春 」 如果 说 之前 的 伞武学 更 重 轻盈 从容 ， 而 本 次 的 新 武学 「 醉梦游春 」 则 更 具 「 破竹 · 尘 」 流派 的 风 卷 残云 、 狂风 扫尘 之 意 。 开启 武学技 后 ， 可 多次 掷 出 回旋 的 飞伞 ， 打击 沿途 的 敌人 。 而 当 伞 飞 回 手中 的 那 一刻 ， 若 能 抓住 准确 时机 接 伞 ， 还 能 使 下 一次 回旋伞 更 具 威力 。 在 娴熟 掌握 之后 ， 将 有 不息 狂风 般 的 重重 威势 。 同时 ， 「 醉梦游春 」 也 保留 着 伞武学 灵动 飘逸 的 特性 。 除了 可以 与 场上 的 幻影伞 进行 神出鬼没 的 移形换影 之外 ， 甚至 还 能 进行 大 范围 的 旋转 牵引 。 若 运用 得当 ， 衔接 流畅 ， 完全 可以 在 戏耍 敌人 之后 片叶 不 沾身 地 离开 。 相信 经过 游侠 们 的 上手 与 开发 后 ， 它 一定 能 在 战斗 中 制造 更 多 惊喜 。 绳镖 武学 「 粟子行云 」 与 同 流派 的 「 醉梦游春 」 类似 ， 绳镖 新 武学 「 粟子行云 」 也 长于 大 开 大 合 的 范围 攻击 ， 但 也 依然 保留 着 “ 机敏 狡黠 ” 的 特色 。 「 粟子行云 」 的 武学技 与 蓄力技 均 是 大 范围 的 攻击 。 两个 招式 联动 之下 ， 可 强化 自身 获得 【 摄魂 】 效果 ， 给 对手 附加 【 失魂 】 直至 【 失魂落魄 】 ， 受到 额外 的 真气 伤害 。 周围 有 【 失魂落魄 】 的 敌人 时 ， 自身 主动技 消耗 资源 还 会 减少 ， 此 消 彼 长 ， 绵绵不绝 。 除此之外 ， 「 粟子行云 」 也 有 独特 的 终结 手段 。 只需 轻轻 一 打 “ 响指 ” ， 便 可 对 范围 内 的 敌人 造成 可观 的 伤害 与 击倒 效果 。 闲庭 信步 之间 ， 对手 应声而倒 。 真 高手 ， 从不 回头 看 爆炸 。 以上 两套 新 武学 ， 除了 本身 具有 新 机制 以外 ， 也 能 在 一定 程度 上 和 别的 武学 产生 有趣 的 联动 效果 。 我们 希望 可以 提供 更 多 选择 ， 无论是 新 武学 还是 老 武学 ， 都 可以 由 游侠 们 去 发掘 出 它们 的 潜能 。 新 武学 之外 ， 河西 版本 还有 诸多 新 玩法 、 新 剧情 、 新 外观 等 内容 ， 接下来 燕子 也 将 陆续 为 大家 带来 前瞻 。 新章 将 启 ， 期待 与 各位 继续 共 行 侠路 ！ ' ],2025-03,全新武学丨伞风卷残云，镖声鸣彻野
['长风几万里，吹度玉门。幸得游侠们支持，让我们有机会，打磨和验证如何在更长的时间跨度中，持续提供新的故事。三月末至六月，我们会以类似逐步“连载”的形式，持续解锁河西的不同篇章。从玉门到凉州再到秦川，这是献给游侠们的“三行诗”。七天后的，也将正式开启河西首个篇章——玉门。在风沙回荡的日与夜，在折叠时空中的诗与吟，从河西传来的声音，有似梦非梦的空灵和悠扬。奏春风，观玉门。在开发过程中，我们曾反复讨论，该用怎样的美术和场景设计，传达这样一个浪漫和现实交织的时空，能既看到时间与历史的脉络，也看到梦的延申和意象。最后我们捕捉到了那个关键词——“诗意”。诗意是“大漠孤烟直”的浪漫与雄阔，亦是“春风不度玉门”的残忍与决绝。我们相信，诗意会重构沙漠的血肉，侠意也会击穿时间和历史，再为其声。因此河西·玉门，将是一场基于现实的浪漫主义呈现。在奇观式的历史故事和武侠向往中，尝试表现那些荒芜但雄伟，破碎却瑰丽，孤寂也温柔。“天空绝塞闻边雁，叶尽孤村见夜灯。”旅人在沙海中穿行，路过「坎尔孜」，也在村中喝上一碗清水。瀚海无边，迷途之人可在这里寻得一盏明灯，觅着一夜安宁。“大漠穷秋塞草腓，孤城落日斗兵稀。”「城前隘」就在眼前，巍峨城阙春风不度，峥嵘号角秋霜飘零。那紧闭的城门，似是镇守，亦或是等待。“年年战骨埋荒外，空见蒲桃入汉家。”站在「英烈冢」，曾经战火燃尽天边，枯骨埋于烽烟。热血洒在忠烈的国土，空留一方无名石碑，一湾无源清泉。“榛草荒凉村落空，驱驰卒岁亦何功。”将军曾把此处叫做「望安屯」，曾经的烟火三餐，锤砧声声，如今的空井残垣，寒鸦泣血。战火带走了昔日的笑语，空留那一方方寻常屋瓦，望安屯何时再望平安？“青枥林深亦有人，一渠流水数家分。”沙漠深处的「马头村」，人们前赴后继，只为了寻得那潺潺流水；披星戴月，只为了建成那安居桃源。当时光在玉门流淌，除了月升天象的循环，亦有不期而遇的特殊天气和蜃景奇观，也静候游侠们游历发掘。历来战事纷纷的玉门，也不止有绵绵无休的风沙，还有更多兵诡人事，等待游侠们的际遇相逢。玉门绝景不可枚举、不止于此，还待游侠们亲往一探究竟。新版本预下载今日正式开启，游侠们可以前往游戏主界面内，提前下载相关游戏资源。本次预下载，移动端更新大小预计将在1-2g之间，pc端预期在5-10g之间，不同设备可能会有不同。也请游侠们持续关注我们，燕子将为大家带来更多新版本中新武学、新boss、新玩法、新外观等诸多情报。侠有千面，诗有千行。但凭真心，期待与游侠们一起写就河西的篇章。']。 —— 倒计时7天丨河西声起，玉门大观-,《 倒计时 7天 丨 河西 声 起 ， 玉门大观 》 : [ ' 长风 几万里 ， 吹 度 玉门 。 幸得 游侠 们 支持 ， 让 我们 有 机会 ， 打磨 和 验证 如何 在 更 长 的 时间 跨度 中 ， 持续 提供 新 的 故事 。 三月末 至 六月 ， 我们 会 以 类似 逐步 “ 连载 ” 的 形式 ， 持续 解锁 河西 的 不同 篇章 。 从 玉门 到 凉州 再 到 秦川 ， 这是 献给 游侠 们 的 “ 三行 诗 ” 。 七天 后 的 ， 也 将 正式 开启 河西 首个 篇章 —— 玉门 。 在 风沙 回荡 的 日 与 夜 ， 在 折叠 时空 中 的 诗 与 吟 ， 从 河西 传来 的 声音 ， 有 似 梦 非 梦 的 空灵 和 悠扬 。 奏 春风 ， 观 玉门 。 在 开发 过程 中 ， 我们 曾 反复 讨论 ， 该 用 怎样 的 美术 和 场景 设计 ， 传达 这样 一个 浪漫 和 现实 交织 的 时空 ， 能 既 看到 时间 与 历史 的 脉络 ， 也 看到 梦 的 延申 和 意象 。 最后 我们 捕捉 到 了 那个 关键词 —— “ 诗意 ” 。 诗意 是 “ 大漠 孤 烟 直 ” 的 浪漫 与 雄阔 ， 亦 是 “ 春风 不 度 玉门 ” 的 残忍 与 决绝 。 我们 相信 ， 诗意 会 重构 沙漠 的 血肉 ， 侠意 也 会 击穿 时间 和 历史 ， 再 为 其 声 。 因此 河西 · 玉门 ， 将 是 一 场 基于 现实 的 浪漫主义 呈现 。 在 奇观式 的 历史 故事 和 武侠 向往 中 ， 尝试 表现 那些 荒芜 但 雄伟 ， 破碎 却 瑰丽 ， 孤寂 也 温柔 。 “ 天空 绝 塞 闻 边 雁 ， 叶 尽 孤 村 见 夜灯 。 ” 旅人 在 沙海 中 穿行 ， 路过 「 坎尔孜 」 ， 也 在 村 中 喝 上 一 碗 清水 。 瀚海 无边 ， 迷途 之 人 可 在 这里 寻 得 一 盏 明灯 ， 觅 着 一夜 安宁 。 “ 大漠 穷 秋 塞 草 腓 ， 孤城 落日 斗 兵 稀 。 ” 「 城前隘 」 就 在 眼前 ， 巍峨 城阙 春风 不 度 ， 峥嵘 号角 秋霜 飘零 。 那 紧闭 的 城门 ， 似 是 镇守 ， 亦或 是 等待 。 “ 年年 战骨 埋 荒 外 ， 空 见 蒲桃 入 汉 家 。 ” 站 在 「 英烈冢 」 ， 曾经 战火 燃 尽 天边 ， 枯骨 埋 于 烽烟 。 热血 洒 在 忠烈 的 国土 ， 空 留 一方 无名 石碑 ， 一 湾 无源 清泉 。 “ 榛草 荒凉 村 落空 ， 驱驰卒 岁 亦 何 功 。 ” 将军 曾 把 此处 叫做 「 望安屯 」 ， 曾经 的 烟火 三餐 ， 锤砧 声声 ， 如今 的 空井残垣 ， 寒鸦 泣 血 。 战火 带 走 了 昔日 的 笑语 ， 空 留 那 一 方 方 寻常 屋瓦 ， 望 安屯 何时 再 望 平安 ？ “ 青枥林 深 亦 有人 ， 一 渠 流水 数家 分 。 ” 沙漠 深处 的 「 马头村 」 ， 人们 前赴后继 ， 只 为了 寻 得 那 潺潺 流水 ； 披星戴月 ， 只 为了 建成 那 安居 桃源 。 当 时光 在 玉门 流淌 ， 除了 月 升 天象 的 循环 ， 亦 有 不期而遇 的 特殊 天气 和 蜃景 奇观 ， 也 静候 游侠 们 游历 发掘 。 历来 战事 纷纷 的 玉门 ， 也 不止 有 绵绵 无休 的 风沙 ， 还有 更 多 兵诡 人事 ， 等待 游侠 们 的 际遇 相逢 。 玉门 绝景 不可 枚举 、 不止 于 此 ， 还 待 游侠 们 亲 往 一 探 究竟 。 新版本 预下载 今日 正式 开启 ， 游侠 们 可以 前往 游戏 主 界面 内 ， 提前 下载 相关 游戏 资源 。 本 次 预下载 ， 移动端 更新 大小 预计 将 在 1-2g 之间 ， pc端 预期 在 5-10g 之间 ， 不同 设备 可能 会 有 不同 。 也 请 游侠 们 持续 关注 我们 ， 燕子 将 为 大家 带来 更 多 新版本 中 新 武学 、 新 boss 、 新 玩法 、 新 外观 等 诸多 情报 。 侠 有 千 面 ， 诗 有 千 行 。 但 凭 真心 ， 期待 与 游侠 们 一起 写 就 河西 的 篇章 。 ' ],2025-03,倒计时7天丨河西声起，玉门大观
['今日正逢春分时节，春生美好，万物勃发。明日燕云将迎来1.6.5版本的更新，江湖一大盛事——首届燕云侠奥会将揭幕。而下周，河西区域的首个篇章「玉门」也即将开放。为了让游侠们的新旅程更为畅通，维护结束后我们将开放预下载功能。游侠们可以从游戏主界面进入，提前下载相关资源，届时与第一缕春风一起，远度玉门。移动端更新大小预计将在1-2g之间，pc端预期在5-10g之间，不同设备可能会有不同。每位完成预下载的游侠，我们也将有188长鸣玉薄礼奉上。与此同时，江湖之中又有诸多新功能、新外观登场——行走江湖，有一件称手的兵器非常重要。虽迟但到，本次更新后，燕云将新增对移动端使用手柄操控游玩的支持。游侠可通过ps手柄、xbox手柄的蓝牙与移动端进行连接，然后按照提示将控制设备切换为「手柄」，或者在「设置-基础设置-控制设备」选项处进行切换。希望这个新功能可以给游侠们带来更多“称手”的选择。我们也将持续努力优化各端的易用性体验，让游侠们可以更称心如意地畅游江湖！称手之外，风尚也很重要。在本次更新中，还有全新奇术特效即将上架！「天龙舞火」【神龙吐火】特效外观世间滔滔，业火炽然。九天之上，有龙名天。嘘气成云，怒而成火。惊魑魅，诛魍魉，一啸可灼天下。「龙战千山」【太白醉月】的特效外观龙战于野，其血玄黄，何惧耶？真的猛士，可蹈万军，摧其坚，夺其魁，解其体。执金龙于绝巅之上，只道一声——何人可战。明日更新后，将会开放新的「闻音商店」，游侠可将【八音窍】以1∶5的比例兑换为【音玉】。以上两款外观均可前往「闻音商店」，以限时特惠价2【音玉】兑换获得。42天后将恢复原价3【音玉】。敬请注意，【音玉】为绑定道具。从「闻音商店」获得的道具均不可寄售且无法进行赠送。江湖新篇章即将开启，我们与诸位一样兴奋。但正是如此，我们更知打好基本功，做好持续优化的重要性。本次的1.6.5版本还有诸多优化与更新，等待各位检验。十六巷计划于日~进行停服维护更新，维护期间将暂时无法登录游戏，开服时间将根据实际情况可能提前或延后，请游侠合理安排游戏进度。停服维护期间，游侠将暂时无法登录游戏，因此给游侠带来的不便，十六巷深表歉意！我们将在维护结束后，为游侠奉上一份歉礼，请诸位游侠在维护结束后登录游戏查收。更多更新详情，请查看下图更新内容预告——燕云时装模特征集活动仍在继续欢迎各位少东家积极投稿，大方展现侠士英姿注：投稿方式现已转为问卷投稿（此前投稿依然有效）更多详情敬请查阅↓↓↓']。 —— 移动端手柄支持！1.6.5版本更新日志-,《 移动端 手柄 支持 ！ 1.6.5 版本 更新 日志 》 : [ ' 今日 正 逢 春分 时节 ， 春生 美好 ， 万物 勃发 。 明日 燕云 将 迎来 1.6.5 版本 的 更新 ， 江湖 一 大 盛事 —— 首届 燕云侠 奥会 将 揭幕 。 而 下周 ， 河西 区域 的 首个 篇章 「 玉门 」 也 即将 开放 。 为了 让 游侠 们 的 新 旅程 更为 畅通 ， 维护 结束 后 我们 将 开放 预下载 功能 。 游侠 们 可以 从 游戏 主 界面 进入 ， 提前 下载 相关 资源 ， 届时 与 第一缕 春风 一起 ， 远 度 玉门 。 移动端 更新 大小 预计 将 在 1-2g 之间 ， pc端 预期 在 5-10g 之间 ， 不同 设备 可能 会 有 不同 。 每 位 完成 预下载 的 游侠 ， 我们 也 将 有 188 长鸣玉 薄礼 奉 上 。 与此同时 ， 江湖 之中 又 有 诸多 新 功能 、 新 外观 登场 —— 行走 江湖 ， 有 一件 称手 的 兵器 非常 重要 。 虽 迟 但 到 ， 本 次 更新 后 ， 燕云 将 新增 对 移动端 使用 手柄 操控 游玩 的 支持 。 游侠 可 通过 ps 手柄 、 xbox 手柄 的 蓝牙 与 移动端 进行 连接 ， 然后 按照 提示 将 控制 设备 切换 为 「 手柄 」 ， 或者 在 「 设置 基础 设置 控制 设备 」 选项处 进行 切换 。 希望 这个 新 功能 可以 给 游侠 们 带来 更 多 “ 称手 ” 的 选择 。 我们 也 将 持续 努力 优化 各端 的 易用性 体验 ， 让 游侠 们 可以 更 称心如意 地 畅游 江湖 ！ 称手 之外 ， 风尚 也 很 重要 。 在 本 次 更新 中 ， 还有 全新 奇术 特效 即将 上架 ！ 「 天龙舞火 」 【 神龙吐火 】 特效 外观 世间 滔滔 ， 业火 炽然 。 九天 之上 ， 有 龙 名 天 。 嘘气 成 云 ， 怒 而 成 火 。 惊 魑 魅 ， 诛 魍 魉 ， 一 啸 可 灼 天下 。 「 龙战千山 」 【 太白醉月 】 的 特效 外观 龙 战 于 野 ， 其 血 玄 黄 ， 何 惧 耶 ？ 真 的 猛士 ， 可 蹈 万 军 ， 摧 其 坚 ， 夺 其 魁 ， 解 其 体 。 执 金龙 于 绝巅 之上 ， 只 道 一 声 —— 何人 可 战 。 明日 更新 后 ， 将 会 开放 新 的 「 闻音商店 」 ， 游侠 可 将 【 八音窍 】 以 1∶5 的 比例 兑换 为 【 音玉 】 。 以上 两款 外观 均 可 前往 「 闻音商店 」 ， 以 限时 特惠价 2 【 音玉 】 兑换 获得 。 42天 后 将 恢复 原价 3 【 音玉 】 。 敬请 注意 ， 【 音玉 】 为 绑定 道具 。 从 「 闻音商店 」 获得 的 道具 均 不可 寄售 且 无法 进行 赠送 。 江湖 新篇章 即将 开启 ， 我们 与 诸位 一样 兴奋 。 但 正是 如此 ， 我们 更 知 打 好 基本功 ， 做好 持续 优化 的 重要性 。 本 次 的 1.6.5 版本 还有 诸多 优化 与 更新 ， 等待 各位 检验 。 十六巷 计划 于 日 ~ 进行 停服 维护 更新 ， 维护 期间 将 暂时 无法 登录 游戏 ， 开服 时间 将 根据 实际情况 可能 提前 或 延后 ， 请 游侠 合理 安排 游戏 进度 。 停服 维护 期间 ， 游侠 将 暂时 无法 登录 游戏 ， 因此 给 游侠 带来 的 不便 ， 十六巷 深表 歉意 ！ 我们 将 在 维护 结束 后 ， 为 游侠 奉 上 一 份 歉礼 ， 请 诸位 游侠 在 维护 结束 后 登录 游戏 查收 。 更 多 更新 详情 ， 请 查看 下 图 更新 内容 预告 —— 燕云 时装 模特 征集 活动 仍 在 继续 欢迎 各位 少东家 积极 投稿 ， 大方 展现 侠士 英姿 注 ： 投稿 方式 现 已 转为 问卷 投稿 （ 此前 投稿 依然 有效 ） 更 多 详情 敬请 查阅 ↓↓↓ ' ],2025-03,移动端手柄支持！1.6.5版本更新日志
['春风将度玉门，共赴「河西」的消息已江湖百晓。顺着江湖的风向，开封和清河也四处蠢蠢欲动——近日，禁军屡败于市井游侠，追敌不及、搏杀不敌。赵二屡闻“瞅瞅恁的兵”讥而震怒。遂设「燕云侠奥会」，明募豪杰，暗砺禁军。首届燕云侠奥会正式开幕，这江湖，就拜托给德智体美全面发展的少东家们了！首届燕云侠奥会的活动项目，将主要分为「德智体·赛」「群赛」「美赛·共绘河西」三个部分，以德智体美之意，静候少东家们大展身手。「德赛·疾速老侠」所谓侠必有德，少东家们的德义之举自然不必多说。路见不平事，善解老者忧——不论是助老者抢占“至尊牌位”，还是帮助老侠凑局搓麻，民之安乐少不了少东家们出的一份力。在“疾速老侠”项目中，游侠们可一展飞毛腿功法，背上老侠向前冲，德行之事唯快不破！在“疾速老侠”赛事中，游侠们可以选择清河和开封两条赛道，不同赛道将有难度和体验的差异，但皆是义举。进入赛事后，游侠不语，只须背上老侠，人人都可以换上“飞毛腿”向前冲！但须注意的是，赛道之上也将有诸多机关蹊跷，既有可以收集、能帮助游侠们振奋加速的麻将，也有在途中可造成干扰的障碍物和炸药/烟花！所以在奋勇争先的助人对局中，如何做到既快又稳，就且看游侠们的精彩发挥了。「智赛·斗财主」所谓行侠有智，少东家们的智行合一，可在“斗财主”项目中展现得淋漓尽致。传闻此项目是为筹军资，赵二特颁行《薅羊毛特别行动纲领》，盼游侠们智举夺魁，与财主“斗智斗勇”，彻夜“运筹帷幄”。“斗财主”亮相江湖至今，已受到了诸多游侠青睐喜爱，如今牌技小成，恰有此赛，岂不快哉！智赛·斗财主将于活动期间的每日6：00-次日2：00开启，60人的角逐中，将分为海选、小组赛、半决赛和决赛四个阶段，等待游侠们一路过关斩将，智斗财主，牌点江山！「体赛·平地起高人」所谓侠身健体，少东家们的体魄，可在“平地起高人”项目中精进历练。听闻新兵搭人梯捅蜂窝，叠高三丈便抖如筛糠。但这可正是咱们少东家齐心搭阵，彰显过人体魄的好机会。在开封南门大街将设置多个点位，可供少东家们在府衙之外，以身攀高，让江湖内外都好好瞧瞧游侠们的实力。在限定时间内叠起人梯，过程中既需要游侠的个人能力，也需要大家通力配合。每当有新游侠加入叠叠乐，人梯的稳定度便会下降，到了一定临界值则需要各位努力维持平衡，以敏捷体魄，助稳如泰山。如若游侠未能完成“维持平衡”，则这名游侠以及人梯中位置在这名游侠以上的大家都会跌落下来，前功尽弃须重新叠起。而待到最后时间耗尽，游侠们叠起的人梯会轰然倒塌，但相信攀得更高更远的新纪录也将在此刻诞生！「群赛·美赛·共绘河西」群侠毕至，共游侠奥，此次侠奥会之中还有赶赴河西的秘辛，盼与少东家们共探——老兵张叔失忆恍惚，持一家传神秘古图，虽已褪色模糊，却藏归家线索。现召集众人合力修复神秘古图望为张叔重现故乡记忆。参与活动获取颜料，共绘河西宏图，更有袅袅之音·绑、绕梁之音、侠名等好礼相赠。「侠奥会礼遇」德智体美全面发展的过程中，当然也少不了给少东家们准备的赠礼。在本次侠奥会活动中，除了参与各项目对局会有奖励，参加各项目更有机会获得“小红花”，使用道具小红花便可在“小卖部”中兑换包括面饰「不忍视」、帽子「迷藏」、「情境·置景」等诸多好礼！此外，百业也可领取诸多排行奖励，欢迎少东家们呼朋唤友，在百业战季前赛到来之前，摩拳擦掌共筑侠奥之盛、百业之兴！共赴河西途中，有幸见证少东家们各展才能，是江湖莫大幸事。与少东家们相见不厌，近期我们与开封文旅的快闪联动仍在进行之中，为了方便少东家们游赏打卡，快闪活动将延期至结束，感谢大家的支持和厚爱！也特别提醒有意前往的少东家，本次快闪联动活动为界碑打卡活动，供游侠前往开封旅游的同时，可在开封府、铁塔景区、万岁山 武侠城 、清明上河园景点（樊楼打卡点已取消）与燕云界碑打卡留念，没有任何加群、周边销售等其他安排，请各位少东家注意甄别，谨防受骗。河西将至，侠奥先会，少东家们见！']。 —— 少东家，「燕云侠奥会」本周即将开幕！-,《 少东家 ， 「 燕云 侠奥会 」 本周 即将 开幕 ！ 》 : [ ' 春风 将 度 玉门 ， 共 赴 「 河西 」 的 消息 已 江湖 百晓 。 顺着 江湖 的 风向 ， 开封 和 清河 也 四处 蠢蠢欲动 —— 近日 ， 禁军 屡 败 于 市井 游侠 ， 追 敌 不及 、 搏杀 不敌 。 赵二 屡 闻 “ 瞅瞅 恁 的 兵 ” 讥 而 震怒 。 遂 设 「 燕云侠 奥会 」 ， 明募 豪杰 ， 暗 砺 禁军 。 首届 燕云侠 奥会 正式 开幕 ， 这 江湖 ， 就 拜托 给 德智体美 全面 发展 的 少东家 们 了 ！ 首届 燕云侠 奥会 的 活动 项目 ， 将 主要 分为 「 德智体 ·赛 」 「 群赛 」「 美赛 · 共 绘 河西 」 三个 部分 ， 以 德智体美 之 意 ， 静候 少东家 们 大展身手 。 「 德赛 · 疾速 老侠 」 所谓 侠 必 有 德 ， 少东家 们 的 德义 之 举 自然 不必 多 说 。 路见 不平 事 ， 善 解 老者 忧 —— 不论是 助 老者 抢占 “ 至尊 牌位 ” ， 还是 帮助 老侠 凑局 搓 麻 ， 民 之 安乐 少不了 少东家 们 出 的 一 份 力 。 在 “ 疾速 老侠 ” 项目 中 ， 游侠 们 可 一 展 飞毛腿 功法 ， 背 上 老侠 向前 冲 ， 德行 之 事 唯 快 不 破 ！ 在 “ 疾速 老侠 ” 赛事 中 ， 游侠 们 可以 选择 清河 和 开封 两条 赛道 ， 不同 赛道 将 有 难度 和 体验 的 差异 ， 但 皆 是 义举 。 进入 赛事 后 ， 游侠 不 语 ， 只 须 背 上 老侠 ， 人人 都 可以 换 上 “ 飞毛腿 ” 向前 冲 ！ 但 须 注意 的 是 ， 赛道 之上 也 将 有 诸多 机关 蹊跷 ， 既有 可以 收集 、 能 帮助 游侠 们 振奋 加速 的 麻将 ， 也 有 在 途中 可 造成 干扰 的 障碍物 和 炸药 / 烟花 ！ 所以 在 奋勇 争先 的 助人 对局 中 ， 如何 做到 既 快 又 稳 ， 就 且 看 游侠 们 的 精彩 发挥 了 。 「 智赛 · 斗 财主 」 所谓 行侠 有 智 ， 少东家 们 的 智行 合一 ， 可 在 “ 斗 财主 ” 项目 中 展现 得 淋漓尽致 。 传闻 此 项目 是 为 筹 军资 ， 赵二 特 颁行 《 薅 羊毛 特别 行动 纲领 》 ， 盼 游侠 们 智举 夺魁 ， 与 财主 “ 斗智斗勇 ” ， 彻夜 “ 运筹帷幄 ” 。 “ 斗 财主 ” 亮相 江湖 至今 ， 已 受到 了 诸多 游侠 青睐 喜爱 ， 如今 牌技 小成 ， 恰 有 此 赛 ， 岂不 快 哉 ！ 智赛 · 斗 财主 将 于 活动 期间 的 每日 6：00 次日 2：00 开启 ， 60 人 的 角逐 中 ， 将 分为 海选 、 小组赛 、 半决赛 和 决赛 四个 阶段 ， 等待 游侠 们 一路 过关斩将 ， 智斗 财主 ， 牌 点 江山 ！ 「 体赛 · 平地 起 高人 」 所谓 侠身 健体 ， 少东家 们 的 体魄 ， 可 在 “ 平地 起 高人 ” 项目 中 精进 历练 。 听闻 新兵 搭 人梯 捅 蜂窝 ， 叠 高 三丈 便 抖 如 筛糠 。 但 这 可 正是 咱们 少东家 齐心 搭阵 ， 彰显 过人 体魄 的 好 机会 。 在 开封 南门大街 将 设置 多个 点位 ， 可 供 少东家 们 在 府衙 之外 ， 以 身 攀高 ， 让 江湖 内外 都 好好 瞧瞧 游侠 们 的 实力 。 在 限定 时间 内 叠 起 人梯 ， 过程 中 既 需要 游侠 的 个人 能力 ， 也 需要 大家 通力 配合 。 每当 有 新 游侠 加入 叠叠乐 ， 人梯 的 稳定度 便 会 下降 ， 到 了 一定 临界值 则 需要 各位 努力 维持 平衡 ， 以 敏捷 体魄 ， 助 稳如泰山 。 如若 游侠 未能 完成 “ 维持 平衡 ” ， 则 这 名 游侠 以及 人梯 中 位置 在 这 名 游侠 以上 的 大家 都 会 跌落 下来 ， 前功尽弃 须 重新 叠 起 。 而 待到 最后 时间 耗尽 ， 游侠 们 叠 起 的 人梯 会 轰然 倒塌 ， 但 相信 攀 得 更 高 更 远 的 新纪录 也 将 在 此刻 诞生 ！ 「群赛 ·美赛 · 共 绘 河西 」 群侠 毕 至 ， 共 游侠奥 ， 此次 侠奥会 之中 还有 赶赴 河西 的 秘辛 ， 盼 与 少东家 们 共 探 —— 老兵 张叔 失忆 恍惚 ， 持 一家 传 神秘 古图 ， 虽 已 褪色 模糊 ， 却 藏 归家 线索 。 现 召集 众人 合力 修复 神秘 古图 望 为 张叔 重现 故乡 记忆 。 参与 活动 获取 颜料 ， 共 绘 河西 宏图 ， 更 有 袅袅之音 · 绑 、 绕梁之音 、 侠名 等 好 礼 相 赠 。 「 侠奥会 礼遇 」 德智体 美 全面 发展 的 过程 中 ， 当然 也 少不了 给 少东家 们 准备 的 赠礼 。 在 本 次 侠奥会 活动 中 ， 除了 参与 各 项目 对 局会 有 奖励 ， 参加 各 项目 更 有 机会 获得 “ 小 红花 ” ， 使用 道具 小 红花 便 可 在 “ 小卖部 ” 中 兑换 包括 面饰 「 不忍视 」 、 帽子 「 迷藏 」 、 「 情境 · 置景 」 等 诸多 好礼 ！ 此外 ， 百业 也 可 领取 诸多 排行 奖励 ， 欢迎 少东家 们 呼朋唤友 ， 在 百业战 季前赛 到来 之前 ， 摩拳擦掌 共 筑 侠奥 之 盛 、 百业 之 兴 ！ 共 赴 河西 途中 ， 有幸 见证 少东家 们 各 展 才能 ， 是 江湖 莫大 幸事 。 与 少东家 们 相见不厌 ， 近期 我们 与 开封 文旅 的 快闪 联动 仍 在 进行 之中 ， 为了 方便 少东家 们 游赏 打卡 ， 快闪 活动 将 延期 至 结束 ， 感谢 大家 的 支持 和 厚爱 ！ 也 特别 提醒 有意 前往 的 少东家 ， 本 次 快闪 联动 活动 为 界碑 打卡 活动 ， 供 游侠 前往 开封 旅游 的 同时 ， 可 在 开封府 、 铁塔景区 、 万岁山 武侠城  、 清明 上河园 景点 （ 樊楼 打卡点 已 取消 ） 与 燕云界碑 打卡 留念 ， 没有 任何 加群 、 周边 销售 等 其他 安排 ， 请 各位 少东家 注意 甄别 ， 谨防 受骗 。 河西 将 至 ， 侠奥先会 ， 少东家 们 见 ！ ' ],2025-03,少东家，「燕云侠奥会」本周即将开幕！
['各位游侠，久等了！继清河的旷野微风、开封的市井烟火之后，吹自塞外的诗与梦也将来到燕云。全新区域河西将于3.28正式上线在河西，大家可以——看到，浪漫主义的奇景。大漠边陲并非新舞台，侠客踏上黄沙也不是新故事。在很多游戏乃至影视作品中，沙漠都已被反复歌颂描绘。但燕云的沙漠，我们想做一些不一样的设计。相比于写实，我们选择用更中式浪漫的方式去呈现塞外风光。河西的绝大部分场景设计，都取意于诗，师承于诗。我们想要去重现，千年之前的边塞诗人们描绘的壮丽画卷。大漠孤烟高悬，残阳雄关屹立，愿游侠们踏足于此时，可以享受这些充满诗意的边塞风情。听到，理想主义的故事。滚滚黄沙，其上承载着往来旅人侠客的足迹，其下也埋葬着无数的英雄与史诗。在河西，我们想要大胆地跳出时空的桎梏，回溯历史长河上的英雄侠迹。比如，你可以“魂穿”那个仅剩余晖的动乱时代，和那沙漠中坚守了五十年的孤军及传奇将军成为同袍；也可以从最普通的凡人视角，去感受那份独属于大漠的时代悲怆。大人物与小人物，生存与荣誉，传承与牺牲……河西并非只有写意的凭空幻想，也有大量取材自真实历史、人物的想象与挖掘。最后，是我们一贯致之的内核。那就是好好做游戏，做好玩的游戏，做高质量高沉浸感的武侠内容。在开发新内容之外，我们也在努力优化燕云的方方面面。比如，我们将为大家带来两套对应的新武学。它们将有着不俗的操作上限，给战斗带来更多的可能性与操作乐趣。比如，我们还将进一步完善门派玩法，开放更多的门派驻地与专属支线，提升大家的门派归属感和沉浸扮演乐趣。比如，我们也在继续尝试提升多人内容的丰富度。包括但绝不限于30v30的百业战，以及全新的副本与boss。河西的上线，标志着燕云步入了一个全新的阶段。幸得数千万少东家的支持，如今的我们，也有了更多腾挪的空间，得以从孤注一掷式的拼命绽放，转向思考长线与长青。大家经常调侃，少东家是“传奇耐睡王”。河西版本开启后，新主线篇章也将在正式上线，真挚地邀请各位少东家入“梦”一观！']。 —— ，「河西」以身入梦！-,《 3月28日 ， 「 河西 」 以 身 入梦 ！ 》 : [ ' 各位 游侠 ， 久等 了 ！ 继 清河 的 旷野 微风 、 开封 的 市井 烟火 之后 ， 吹 自 塞外 的 诗 与 梦 也 将 来到 燕云 。 全新 区域 河西 将 于 3.28 正式 上线 在 河西 ， 大家 可以 —— 看到 ， 浪漫主义 的 奇景 。 大漠 边陲 并非 新 舞台 ， 侠客 踏 上 黄沙 也 不是 新 故事 。 在 很多 游戏 乃至 影视 作品 中 ， 沙漠 都 已 被 反复 歌颂 描绘 。 但 燕云 的 沙漠 ， 我们 想 做 一些 不 一样 的 设计 。 相比 于 写实 ， 我们 选择 用 更 中式 浪漫 的 方式 去 呈现 塞外 风光 。 河西 的 绝大部分 场景 设计 ， 都 取意 于 诗 ， 师承 于 诗 。 我们 想 要 去 重现 ， 千年 之前 的 边塞 诗人 们 描绘 的 壮丽 画卷 。 大漠 孤烟 高悬 ， 残阳 雄关 屹立 ， 愿 游侠 们 踏足 于 此时 ， 可以 享受 这些 充满 诗意 的 边塞 风情 。 听到 ， 理想主义 的 故事 。 滚滚 黄沙 ， 其 上 承载 着 往来 旅人 侠客 的 足迹 ， 其下 也 埋葬 着 无数 的 英雄 与 史诗 。 在 河西 ， 我们 想 要 大胆 地 跳 出 时空 的 桎梏 ， 回溯 历史 长河 上 的 英雄 侠迹 。 比如 ， 你 可以 “ 魂穿 ” 那个 仅 剩 余晖 的 动乱 时代 ， 和 那 沙漠 中 坚守 了 五十年 的 孤军 及 传奇 将军 成为 同袍 ； 也 可以 从 最 普通 的 凡人 视角 ， 去 感受 那 份 独 属于 大漠 的 时代 悲怆 。 大人物 与 小人物 ， 生存 与 荣誉 ， 传承 与 牺牲 …… 河西 并非 只有 写意 的 凭空 幻想 ， 也 有 大量 取材 自 真实 历史 、 人物 的 想象 与 挖掘 。 最后 ， 是 我们 一贯 致 之 的 内核 。 那 就 是 好好 做 游戏 ， 做 好玩 的 游戏 ， 做 高质量 高 沉浸感 的 武侠 内容 。 在 开发 新 内容 之外 ， 我们 也 在 努力 优化 燕云 的 方方面面 。 比如 ， 我们 将 为 大家 带来 两套 对应 的 新 武学 。 它们 将 有着 不俗 的 操作 上限 ， 给 战斗 带来 更 多 的 可能性 与 操作 乐趣 。 比如 ， 我们 还 将 进一步 完善 门派 玩法 ， 开放 更 多 的 门派 驻地 与 专属 支线 ， 提升 大家 的 门派 归属感 和 沉浸 扮演 乐趣 。 比如 ， 我们 也 在 继续 尝试 提升 多 人 内容 的 丰富度 。 包括 但 绝不 限于 30v30 的 百业战 ， 以及 全新 的 副本 与 boss 。 河西 的 上线 ， 标志着 燕云 步入 了 一个 全新 的 阶段 。 幸得 数千万 少东家 的 支持 ， 如今 的 我们 ， 也 有 了 更 多 腾挪 的 空间 ， 得以 从 孤注一掷 式 的 拼命 绽放 ， 转向 思考 长线 与 长青 。 大家 经常 调侃 ， 少东家 是 “ 传奇 耐 睡王 ” 。 河西 版本 开启 后 ， 新 主线 篇章 也 将 在 正式 上线 ， 真挚 地 邀请 各位 少东家 入 “ 梦 ” 一 观 ！ ' ],2025-03,3月28日，「河西」以身入梦！
['游侠风度，或仗剑而立，或抱臂观云。以焕然身姿面向江湖前路，「待机姿态」功能即将正式上线！在一月刚上线时，我们在接到关于站姿个性化的诉求后，马上启动了开发优化计划，同时也在持续调研和关注大家的需求。在调研过程中，我们也发现了不同游侠对于不同风格待机姿态的喜好。最终经过反复讨论，我们在确定了基础方案的同时，也想给大家更丰富、个性化的选择，所以也反复打磨了多套站姿动作资源。在更新后，大家就可以在【外观-周边-待机姿态】中对角色站姿进行设置，并将有「默认」、「轩昂」、「侠骨」、「俊逸」四种姿态可进行自由选择和切换。在游戏状态中，待机姿态是一个非常重要的底层动作和资产，从静止站立到起步、跑步、跳跃、探索解密、游泳、上下坐骑、进战、脱战、双人交互等等动画资源，全部非战斗状态，都需要与待机站姿衔接。我们也在持续开发优化、不断打磨，争取后续让更多风格的待机姿态和大家在活动中见面，也欢迎大家继续给我们发来意见和建议，共铸各美其美的侠客之姿！新姿新相之中，也有新外观即将上架。游侠们不妨在此清音袅袅中，共看这江湖春日，风和景明——【清音晓】碧衣古韵，静谧雅致。非必丝与竹，山水有清音。捏脸数据来自玩家投稿:修*竹捏脸数据来自玩家投稿:花*棠全新套装「清音晓」，在清音悠扬中，奏众声有情，品江湖酣畅。，游侠即可前往「商店」，以680「长鸣珠」购得全新套装【清音晓】。三月春光好，燕子也将会在本周持续为大家带来后续河西版本的爆料。也想特别提醒游侠们，-《燕云十六声》“光影不羁”活动仍在进行中。线下活动现场限时衣柜全解锁、武学无限搭，还能抢先体验光追技术加持下的全新真实光影效果。欢迎各位预约活动，前往apple授权专营店线下完成挑战任务，还有机会免费获得定制角色徽章周边！活动即将截止，游侠切莫错过~更多活动详情，欢迎查看下图了解——']。 —— 侠姿自在！新外观&待机姿态功能本周上线-,《 侠姿 自在 ！ 新 外观 & 待机 姿态 功能 本周 上线 》 : [ ' 游侠 风度 ， 或 仗 剑 而 立 ， 或 抱 臂 观 云 。 以 焕然 身姿 面向 江湖 前路 ， 「 待机 姿态 」 功能 即将 正式 上线 ！ 在 一月 刚 上线 时 ， 我们 在 接到 关于 站姿 个性化 的 诉求 后 ， 马上 启动 了 开发 优化 计划 ， 同时 也 在 持续 调研 和 关注 大家 的 需求 。 在 调研 过程 中 ， 我们 也 发现 了 不同游侠 对于 不同 风格 待机 姿态 的 喜好 。 最终 经过 反复 讨论 ， 我们 在 确定 了 基础 方案 的 同时 ， 也 想 给 大家 更 丰富 、 个性化 的 选择 ， 所以 也 反复 打磨 了 多 套 站姿 动作 资源 。 在 更新 后 ， 大家 就 可以 在 【 外观 周边 待机 姿态 】 中 对 角色 站姿 进行 设置 ， 并 将 有 「 默认 」 、 「 轩昂 」 、 「 侠骨 」 、 「 俊逸 」 四种 姿态 可 进行 自由 选择 和 切换 。 在 游戏 状态 中 ， 待机 姿态 是 一个 非常 重要 的 底层 动作 和 资产 ， 从 静止 站立 到 起步 、 跑步 、 跳跃 、 探索 解密 、 游泳 、 上下 坐骑 、 进战 、 脱战 、 双 人 交互 等等 动画 资源 ， 全部 非 战斗 状态 ， 都 需要 与 待机 站姿 衔接 。 我们 也 在 持续 开发 优化 、 不断 打磨 ， 争取 后续 让 更 多 风格 的 待机 姿态 和 大家 在 活动 中 见面 ， 也 欢迎 大家 继续 给 我们 发 来 意见 和 建议 ， 共 铸 各 美 其 美 的 侠客 之 姿 ！ 新姿 新相 之中 ， 也 有 新 外观 即将 上架 。 游侠 们 不妨 在 此 清音 袅袅 中 ， 共 看 这 江湖 春日 ， 风 和 景 明 —— 【 清音晓 】 碧衣 古韵 ， 静谧 雅致 。 非必丝 与 竹 ， 山水 有 清音 。 捏脸 数据 来自 玩家 投稿 : 修*竹 捏脸 数据 来自 玩家 投稿 : 花*棠 全新 套装 「 清音晓 」 ， 在 清音 悠扬 中 ， 奏 众声 有情 ， 品 江湖 酣畅 。 ， 游侠 即可 前往 「 商店 」 ， 以 680 「 长鸣珠 」 购得 全新 套装 【 清音晓 】 。 三月 春光 好 ， 燕子 也 将 会 在 本周 持续 为 大家 带来 后续 河西 版本 的 爆料 。 也 想 特别 提醒 游侠 们 ， 《 燕云十六声 》 “ 光影 不羁 ” 活动 仍 在 进行 中 。 线下 活动 现场 限时 衣柜 全 解锁 、 武学 无限 搭 ， 还 能 抢先 体验 光追 技术 加持 下 的 全新 真实 光影 效果 。 欢迎 各位 预约 活动 ， 前往 apple 授权 专营店 线 下 完成 挑战 任务 ， 还有 机会 免费 获得 定制 角色 徽章 周边 ！ 活动 即将 截止 ， 游侠 切莫 错过 ~ 更 多 活动 详情 ， 欢迎 查看 下图 了解 —— ' ],2025-03,侠姿自在！新外观&待机姿态功能本周上线
['春风暖日夜，日夜近春分。在离春分节气越来越近的三月，本周我们将迎来1.6版本「暖风竞遨游」的更新。面向春天，江湖之中又有诸多新功能、新玩法、新外观登场。在阴阳调和的春分之际，也有备受游侠们期待的「性别转换」功能即将上线。集天地灵气，通阴阳造化。更新后，道具【阴阳易形丹】将上架「江湖百珍商店」，使用后即可转换性别以及重塑容貌。燕子也为大家带来了性别转换功能的小提示，希望能让游侠们在阴阳易形的过程中更得心应手。提示一：得良药，通易形游侠若想实现阴阳易形、性别转换，首先需要使用阴阳易形丹。而我们也将在更新后，通过邮件为自开服至日期间注册，且在日前登录的游侠，免费发放一个阴阳易形丹，让大家都能有一次转换性别、重塑容貌的体验，且首次转换性别七天内可无代价复原。此外，阴阳易形丹将上架「江湖百珍商店」，游侠们可以通过1280长鸣珠购得。游侠们获得该道具后也可在背包中使用，或通过衣柜-更多选项中开启性别转换。提示二：知规则，通转换易形大事，也需游侠们通晓规则，方能不拘于身。性别转换开启前，首先需要游侠满足特定的前置条件——另外由于性别转换关联众多，涉及多项游戏数据和道具的转化，也请游侠们在功能上线后前往规则说明界面进行详情查阅。其中，要特别提醒游侠们注意的是，部分外观道具将在转换至新性别时无法使用，但是该道具仍会保留在原性别数据中。当游侠转换到原来的性别时，仍可使用。此外，首次进行性别转换时，系统将会依照游侠最近一次的染色和染发情况，补偿对应的限时染色道具。上述道具将在7天内过期。当再次转换性别时，如果上述限时道具仍在背包中，将会被收回。另外需要游侠们注意的是，当前性别转换过程中可能有极少数外观存在男女不通用的情况，因此会导致风华值小范围变动。后续，我们也会针对差异性情况陆续补充，把大家因为转换性别导致的风华值差异补齐。更多详情，还请游侠们前往游戏内了解！提示三：转换成，知此身待一切了解妥当之后，便可正式确认进行性别转换。确认相关信息之后，游侠就可以转化至对应性别，并开启对应性别的捏脸等形象设置。而待设置完成后，则需要根据提示重新登录，性别转换才可生效。性别转换完成后，系统也将会向好友发送外观转换私聊通知消息。为了让游侠们的阴阳易形也能进退自如，首次转换性别后的7天内，可以通过衣柜-更多选项-性别转换中免费重置转换性别效果，重置转换性别不会退还道具“阴阳易形丹”。更多详情信息，也请游侠们以游戏内相关规则和提示为准~我们深知，游侠们的每个关切和期待都兹事甚大。我们也会持续听取大家的反馈和建议，不断做好游戏各项功能的开发和优化。而大家特别关注的移动端手柄适配，由于移动端设备机型众多，型号参数调试复杂，截止到本文发出前的23点45分，仍有小部分机型未能完美适配。为了保证全体游侠们的体验，相关功能将争取在下周的更新中再与大家见面，再次感谢各位的理解和支持。关于手柄的优化，我们将继续彻夜奋战。下周定会准时赴约，否则一定如此般“游街示众”——话虽取巧，但以真心。本周更新后，游戏内将上线全新玩法「游街减刑」，触犯律令，并处于衙狱关押状态的游侠可以选择开启「游街减刑」，接受百姓群众的劝诫和教诲，真心悔过，减少关押时间。其他游侠在此过程中也可前往观看，并选择「仗义出手」，略惩小戒，赠送鸡蛋和菜叶来减少对方游街的时长。1.6版本还有更多玩法和游戏优化，等待各位的体验和检验。十六巷计划于-进行停服维护更新，维护期间将暂时无法登录游戏，开服时间将根据实际情况可能提前或延后，请游侠合理安排游戏进度~停服维护期间，游侠将暂时无法登录游戏，因此给游侠带来的不便，十六巷深表歉意！我们将在维护结束后，为游侠奉上一份歉礼，请诸位游侠在维护结束后登录游戏查收。更多更新详情，请查看下图更新内容预告——']。 —— 更新前瞻丨1.6版本「暖风竞遨游」，性别转换开启-,《 更新 前瞻 丨 1.6 版本 「 暖风 竞 遨游 」 ， 性别 转换 开启 》 : [ ' 春风 暖 日夜 ， 日夜 近 春分 。 在 离 春分 节气 越来越 近 的 三月 ， 本周 我们 将 迎来 1.6 版本 「 暖风 竞 遨游 」 的 更新 。 面向 春天 ， 江湖 之中 又 有 诸多 新 功能 、 新 玩法 、 新 外观 登场 。 在 阴阳 调和 的 春分 之际 ， 也 有 备受 游侠 们 期待 的 「 性别 转换 」 功能 即将 上线 。 集 天地 灵气 ， 通 阴阳 造化 。 更新 后 ， 道具 【 阴阳 易形丹 】 将 上架 「 江湖百珍商店 」 ， 使用 后 即可 转换 性别 以及 重塑 容貌 。 燕子 也 为 大家 带来 了 性别 转换 功能 的 小 提示 ， 希望 能 让 游侠 们 在 阴阳 易形 的 过程 中 更 得心应手 。 提示 一 ： 得 良药 ， 通 易形 游侠 若 想 实现 阴阳 易形 、 性别 转换 ， 首先 需要 使用 阴阳 易形丹 。 而 我们 也 将 在 更新 后 ， 通过 邮件 为 自 开服 至日 期间 注册 ， 且 在 日前 登录 的 游侠 ， 免费 发放 一个 阴阳 易形丹 ， 让 大家 都 能 有 一次 转换 性别 、 重塑 容貌 的 体验 ， 且 首次 转换 性别 七天 内 可 无 代价 复原 。 此外 ， 阴阳 易形丹 将 上架 「 江湖百珍商店 」 ， 游侠 们 可以 通过 1280 长鸣珠 购得 。 游侠 们 获得 该 道具 后 也 可 在 背包 中 使用 ， 或 通过 衣柜 更 多 选项 中 开启 性别 转换 。 提示 二 ： 知 规则 ， 通 转换 易形 大事 ， 也 需 游侠 们 通晓 规则 ， 方 能 不拘于身 。 性别 转换 开启 前 ， 首先 需要 游侠 满足 特定 的 前置 条件 —— 另外 由于 性别 转换 关联 众多 ， 涉及 多 项 游戏 数据 和 道具 的 转化 ， 也 请 游侠 们 在 功能 上线 后 前往 规则 说明 界面 进行 详情 查阅 。 其中 ， 要 特别 提醒 游侠 们 注意 的 是 ， 部分 外观 道具 将 在 转换 至 新 性别 时 无法 使用 ， 但是 该 道具 仍 会 保留 在 原 性别 数据 中 。 当 游侠 转换 到 原来 的 性别 时 ， 仍 可 使用 。 此外 ， 首次 进行 性别 转换 时 ， 系统 将 会 依照 游侠 最近 一次 的 染色 和 染发 情况 ， 补偿 对应 的 限时 染色 道具 。 上述 道具 将 在 7天 内 过期 。 当 再次 转换 性别 时 ， 如果 上述 限时 道具 仍 在 背包 中 ， 将 会 被 收回 。 另外 需要 游侠 们 注意 的 是 ， 当前 性别 转换 过程 中 可能 有 极 少数 外观 存在 男女 不 通用 的 情况 ， 因此 会 导致 风华值 小 范围 变动 。 后续 ， 我们 也 会 针对 差异性 情况 陆续 补充 ， 把 大家 因为 转换 性别 导致 的 风华值 差异 补齐 。 更 多 详情 ， 还 请 游侠 们 前往 游戏 内 了解 ！ 提示 三 ： 转换 成 ， 知 此 身待 一切 了解 妥当 之后 ， 便 可 正式 确认 进行 性别 转换 。 确认 相关 信息 之后 ， 游侠 就 可以 转化 至 对应 性别 ， 并 开启 对应 性别 的 捏脸 等 形象 设置 。 而 待 设置 完成 后 ， 则 需要 根据 提示 重新 登录 ， 性别 转换 才 可 生效 。 性别 转换 完成 后 ， 系统 也 将 会 向 好友 发送 外观 转换 私聊 通知 消息 。 为了 让 游侠 们 的 阴阳 易形 也 能 进退自如 ， 首次 转换 性别 后 的 7天 内 ， 可以 通过 衣柜 更 多 选项 性别 转换 中 免费 重置 转换 性别 效果 ， 重置 转换 性别 不会 退还 道具 “ 阴阳 易形丹 ” 。 更 多 详情 信息 ， 也 请 游侠 们 以 游戏 内 相关 规则 和 提示 为准 ~ 我们 深知 ， 游侠 们 的 每个 关切 和 期待 都 兹事甚 大 。 我们 也 会 持续 听取 大家 的 反馈 和 建议 ， 不断 做好 游戏 各项 功能 的 开发 和 优化 。 而 大家 特别 关注 的 移动端 手柄 适配 ， 由于 移动端 设备 机型 众多 ， 型号 参数 调试 复杂 ， 截止 到 本文 发出 前 的 23点45分 ， 仍 有 小部分 机型 未能 完美 适配 。 为了 保证 全体 游侠 们 的 体验 ， 相关 功能 将 争取 在 下周 的 更新 中 再 与 大家 见面 ， 再次 感谢 各位 的 理解 和 支持 。 关于 手柄 的 优化 ， 我们 将 继续 彻夜 奋战 。 下周 定 会 准时 赴约 ， 否则 一定 如此 般 “ 游街 示众 ” —— 话 虽 取巧 ， 但 以 真心 。 本周 更新 后 ， 游戏 内 将 上线 全新 玩法 「 游街 减刑 」 ， 触犯 律令 ， 并 处于 衙狱 关押 状态 的 游侠 可以 选择 开启 「 游街 减刑 」 ， 接受 百姓 群众 的 劝诫 和 教诲 ， 真心 悔过 ， 减少 关押 时间 。 其他 游侠 在 此 过程 中 也 可 前往 观看 ， 并 选择 「 仗义 出手 」 ， 略 惩 小 戒 ， 赠送 鸡蛋 和 菜叶 来 减少 对方 游街 的 时长 。 1.6 版本 还有 更 多 玩法 和 游戏 优化 ， 等待 各位 的 体验 和 检验 。 十六巷 计划 于 进行 停服 维护 更新 ， 维护 期间 将 暂时 无法 登录 游戏 ， 开服 时间 将 根据 实际情况 可能 提前 或 延后 ， 请 游侠 合理 安排 游戏 进度 ~ 停服 维护 期间 ， 游侠 将 暂时 无法 登录 游戏 ， 因此 给 游侠 带来 的 不便 ， 十六巷 深表 歉意 ！ 我们 将 在 维护 结束 后 ， 为 游侠 奉 上 一 份 歉礼 ， 请 诸位 游侠 在 维护 结束 后 登录 游戏 查收 。 更 多 更新 详情 ， 请 查看 下图 更新 内容 预告 —— ' ],2025-03,更新前瞻丨1.6版本「暖风竞遨游」，性别转换开启
['词有云，“一梦繁华三千里”，说的就是开封。燕云里的开封城，也在勃勃生机中逐渐靠近那个繁华神京。而就在本周，也有一批新玩法内容即将来到江湖之上，开封城中！【开封，百业兴】开封城人来人往熙熙攘攘，乃是天下百业聚集之地。得友同游，已是江湖幸事。而与一群志同道合的游侠们组成百业，这种幸福的感觉也会超级加倍。为了帮助大家更好地维系及享受与社友们的羁绊，在同步对现有的百业玩法、机制进行不断调优的同时，我们也在努力为大家带来新的玩法及体验。在本周更新之后，全新玩法「百业战」季前赛也将开启！本次季前赛，将分为-的筹备阶段，以及-的赛事阶段。季前赛结束后，百业联赛也将开启。正所谓兵马未动，粮草先行。在-的季前赛筹备阶段中，全体百业成员可以通过武艺传授，获取百业战内专属的能力，不同武学的能力各有不同。同时，百业人数上限将从70扩增到80，社主可以广募人才，准备战术。而全部的这些人员与战术筹备，在-的赛事阶段中，都可能化为实打实的优势。在赛事阶段中，每周一、周三、周五、周日的指定时间，将开放季前赛的匹配。天下百业豪杰齐聚，孰能先声夺人，就看此战！可切莫以为百业战就是打打杀杀，大家虽然是江湖人，可也是文明人。百业战，是一场商战！而高端的商战，往往有着一个明确的目标，可以直击对手的命脉，比如抢夺对手的发财树。没错，一场百业战的争夺，将围绕双方的发财树来展开。这一路上你将面对大量的艰难险阻，包括但不限于威慑力十足的怪异人墙、以及镇守在发财树前的超级大鹅等。对应的，你也有各种制造变数破局的机会，比如投掷会爆炸的轰炸鸡队、或者驾乘哈士奇进行冲锋、又或者在月圆之时登上擂台，在众人围观之下上演一场关乎百业的论剑对决！后续，我们也会陆续带来更多超出想象的局内玩法。总而言之，在复杂的战场环境下，仅靠莽很难有出路。除了依靠各位社主和指挥们的运筹帷幄之外，我们也提供了丰富的战术以供选择。狭路相逢，智勇双全者胜！同时，我们也为积极守护百业荣誉的社众们准备了一套全新外观【金吾卫】，届时各位游侠可以通过参与百业战获得对应声望进行兑换！【开封，尽玩乐】开封城不仅是商业的聚集地，更是休闲玩乐的风向标。本次更新中，除了30个人的百业战玩法以外，还有一个呼声很高的三人玩法也将同步登场。那就是——「斗财主」！羊毛薅得好，炸得财主连夜跑！你出对三我来炸！薅秃财主不眨眼，决战到天明！作为江湖中最为经典隽永的娱乐方式之一，它的到来可谓是众望所归。精于计算，何尝不是一种智慧；敢于加倍，何尝不是一种勇气；能驾驭这种同时考验智慧勇气游戏的游侠们，一定是真正的江湖高手！那么，如何让自己更具牌桌高手风范呢？这款以叶子戏为主题的全新武器外观【大满贯】也许就是个不错的选项。本周五更新后，游侠们可前往「商店」，以60「长鸣珠」购得。【开封，见一面】在燕云的开封城里留下侠踪之后，游侠们不妨也去现实中的开封领略古都魅力！即日起，我们与开封文旅开启限时快闪合作！活动期间，玩家可前往开封府、万岁山 武侠城 、樊楼和铁塔景区，与燕云界碑合影，还可以收集限定联名印章！同时，参加开封文旅的征稿活动还可以赢取包括冰裂杯盏，温感马克杯，樊楼烟花立体贺卡等官方周边。更多详情，可以前往@开封文旅官方社媒查看。未来，我们也会给大家带来更多合作活动，也欢迎各位游侠通过游戏内问卷给我们提建议与想法！无论在游戏内外，我们都非常期望给大家带来更多高沉浸感的优质内容。在本月，也会有更多全新的玩法内容即将与大家见面，更多详情后续带来！']。 —— 人在开封，带来了新玩法和外观最新情报-,《 人 在 开封 ， 带来 了 新 玩法 和 外观 最新 情报 》 : [ ' 词 有云 ， “ 一 梦 繁华 三千里 ” ， 说 的 就 是 开封 。 燕云里 的 开封城 ， 也 在 勃勃生机 中 逐渐 靠近 那个 繁华 神京 。 而 就 在 本周 ， 也 有 一批 新 玩法 内容 即将 来到 江湖 之上 ， 开封城 中 ！ 【 开封 ， 百业 兴 】 开封城 人来人往 熙熙攘攘 ， 乃是 天下 百业 聚集 之 地 。 得 友 同游 ， 已 是 江湖 幸事 。 而 与 一群 志同道合 的 游侠 们 组成 百业 ， 这种 幸福 的 感觉 也 会 超级 加倍 。 为了 帮助 大家 更 好 地 维系 及 享受 与 社友 们 的 羁绊 ， 在 同步 对 现有 的 百业 玩法 、 机制 进行 不断 调优 的 同时 ， 我们 也 在 努力 为 大家 带来 新 的 玩法 及 体验 。 在 本周 更新 之后 ， 全新 玩法 「 百业战 」 季前赛 也 将 开启 ！ 本 次 季前赛 ， 将 分为 的 筹备 阶段 ， 以及 的 赛事 阶段 。 季前赛 结束 后 ， 百业 联赛 也 将 开启 。 正 所谓 兵马 未 动 ， 粮草 先行 。 在 的 季前赛 筹备 阶段 中 ， 全体 百业 成员 可以 通过 武艺 传授 ， 获取 百业战 内 专属 的 能力 ， 不同 武学 的 能力 各 有 不同 。 同时 ， 百业 人数 上限 将 从 70 扩增 到 80 ， 社主 可以 广 募 人才 ， 准备 战术 。 而 全部 的 这些 人员 与 战术 筹备 ， 在 的 赛事 阶段 中 ， 都 可能 化为 实 打 实 的 优势 。 在 赛事 阶段 中 ， 每 周一 、 周三 、 周五 、 周日 的 指定 时间 ， 将 开放 季前赛 的 匹配 。 天下 百业 豪杰 齐聚 ， 孰 能 先声夺人 ， 就 看 此战 ！ 可 切 莫 以为 百业战 就 是 打打杀杀 ， 大家 虽然 是 江湖 人 ， 可 也是 文明人 。 百业战 ， 是 一 场 商战 ！ 而 高端 的 商战 ， 往往 有着 一个 明确 的 目标 ， 可以 直击 对手 的 命脉 ， 比如 抢夺 对手 的 发财树 。 没错 ， 一 场 百业战 的 争夺 ， 将 围绕 双方 的 发财树 来 展开 。 这 一路上 你 将 面对 大量 的 艰难险阻 ， 包括 但 不 限于 威慑力 十足 的 怪异 人墙 、 以及 镇守 在 发财树 前 的 超级 大 鹅 等 。 对应 的 ， 你 也 有 各种 制造 变数 破局 的 机会 ， 比如 投掷 会 爆炸 的 轰炸 鸡队 、 或者 驾 乘 哈士奇 进行 冲锋 、 又 或者 在 月圆 之 时 登上 擂台 ， 在 众人 围观 之下 上演 一 场 关乎 百业 的 论 剑 对决 ！ 后续 ， 我们 也 会 陆续 带来 更 多 超出 想象 的 局内 玩法 。 总而言之 ， 在 复杂 的 战场 环境 下 ， 仅 靠 莽 很难 有 出路 。 除了 依靠 各位 社主 和 指挥 们 的 运筹帷幄 之外 ， 我们 也 提供 了 丰富 的 战术 以 供 选择 。 狭路相逢 ， 智勇双全 者 胜 ！ 同时 ， 我们 也 为 积极 守护 百业 荣誉 的 社众 们 准备 了 一套 全新 外观 【 金吾卫 】 ， 届时 各位 游侠 可以 通过 参与 百业战 获得 对应 声望 进行 兑换 ！ 【 开封 ， 尽 玩乐 】 开封城 不仅 是 商业 的 聚集地 ， 更 是 休闲 玩乐 的 风向标 。 本 次 更新 中 ， 除了 30个 人 的 百业战 玩法 以外 ， 还有 一个 呼声 很 高 的 三 人 玩法 也 将 同步 登场 。 那 就 是 ——「 斗 财主 」 ！ 羊毛 薅 得 好 ， 炸 得 财主 连夜 跑 ！ 你 出 对 三 我 来 炸 ！ 薅 秃 财主 不 眨眼 ， 决战 到 天明 ！ 作为 江湖 中 最为 经典 隽永 的 娱乐 方式 之一 ， 它 的 到来 可谓 是 众望所归 。 精于 计算 ， 何尝 不是 一种 智慧 ； 敢于 加倍 ， 何尝 不是 一种 勇气 ； 能 驾驭 这种 同时 考验 智慧 勇气 游戏 的 游侠 们 ， 一定 是 真正 的 江湖 高手 ！ 那么 ， 如何 让 自己 更 具 牌桌 高手 风范 呢 ？ 这 款 以 叶子戏 为 主题 的 全新 武器 外观 【 大满贯 】 也许 就 是 个 不错 的 选项 。 本周五 更新 后 ， 游侠 们 可 前往 「 商店 」 ， 以 60 「 长鸣珠 」 购得 。 【 开封 ， 见 一 面 】 在 燕云 的 开封城里 留下 侠踪 之后 ， 游侠 们 不妨 也 去 现实 中 的 开封 领略 古都 魅力 ！ 即日 起 ， 我们 与 开封文旅 开启 限时 快闪 合作 ！ 活动 期间 ， 玩家 可 前往 开封府 、 万岁山 武侠城  、 樊楼 和 铁塔景区 ， 与 燕云界碑 合影 ， 还 可以 收集 限定 联名 印章 ！ 同时 ， 参加 开封文旅 的 征稿 活动 还 可以 赢取 包括 冰裂 杯盏 ， 温感 马克杯 ， 樊楼 烟花 立体 贺卡 等 官方 周边 。 更 多 详情 ， 可以 前往 @ 开封文旅 官方 社媒 查看 。 未来 ， 我们 也 会 给 大家 带来 更 多 合作 活动 ， 也 欢迎 各位 游侠 通过 游戏 内 问卷 给 我们 提 建议 与 想法 ！ 无论 在 游戏 内外 ， 我们 都 非常 期望 给 大家 带来 更 多 高 沉浸感 的 优质 内容 。 在 本月 ， 也 会 有 更 多 全新 的 玩法 内容 即将 与 大家 见面 ， 更 多 详情 后续 带来 ！ ' ],2025-03,人在开封，带来了新玩法和外观最新情报
['三月，脚下新泥裹着蛰伏的种子说：该启程了。这个三月，我们达成了三千万少东家的里程碑，游戏内也将迎来多个版本更新，新篇章“河西”就快要揭开面纱。在江湖行旅中，近期大家又发来了很多反馈和建议，燕子火速赶来，抢鲜与各位分享一些热门答疑和优化动向~1.开封最终boss预计什么时间可以更新？我们正紧锣密鼓地筹备，但确实还需要点时间。开封最终boss，是游侠们所期待的尾声和高潮，我们也格外关注其各个方面的设计和表现。由于boss战斗、美术设计细节等还在不断的打磨调试，所以暂时不能与大家见面。制作组在全力以赴，会在力求品质的基础上，争取在5-呈现给大家。河西版本的开发优化正在优化冲刺，希望届时大家先踏上河西的旅程，也将开封的这份念念不忘，在更遥远的共鸣中奏起回响。再次感谢大家的理解和支持！2.燕云周边会有直售通贩的规划么？会的，会尽快上线。大家对周边的热情远远超出了我们的预期。为了不辜负游侠们的喜爱，我们也想争取做得更好一些。目前我们已着手准备更多款式周边的制作，对大家喜欢周边也进行了加量补货，后续将尽快开启直售通贩。但由于授权、设计、制作、质检、仓储等环节较多，还请各位游侠耐心等待，理性消费，也欢迎大家继续给我们发来更多关于周边的建议和想法。3.梨园门规有预计的上线时间么？正在开发优化中！未来2个月会争取上线。在对河西版本的规划中，除了梨园之外，九流门也会有全新的驻地上新，游侠们敬请期待。4.目前对于路牌审核的机制是怎样的?后续有优化的规划么？为维护路牌交流环境的和谐有序，给大家提供优质体验，我们持续优化，采用了严格的审核机制。审核流程：双重审核，ai过滤和人工二次复核，审核范围包含文字、图片、链接等。若发现违规内容，将直接删掉；对于多次违规者，会限制其路牌玩法，时长从短期到永久不等。违规内容界定：路牌严禁出现人身攻击/辱骂言论/色情/暴力/违法/广告信息，以及虚假谣言、恶意刷屏等内容。举报与申诉：若您发现违规路牌，可点击路牌-玩家头像-更多进行举报，也能通过游戏客服通道并附上截图举报。若对处理结果有争议，可通过游戏客服通道反馈申诉。优化方向：后续我们会持续优化ai模型，提升识别准确率，加强审核人员培训，还会依据大家的举报和申诉，进一步细化违规判定标准。我们也会定期公示违规案例，让规则更清晰透明。燕子会与游侠们一起共同维护良好的路牌交流环境，畅享快意江湖！5.百业在打竞速时，还在加载黑屏就开始计时，什么时候优化？收到！我们正在加速修复中。预计在下个赛季，我们将对试剑/侠境的竞速计时方式进行优化，从而避免设备等其他原因对游侠竞速产生影响。为了持续提升游侠的竞速体验，未来上榜的规则也将更加完善，也欢迎各位继续给我们发来建议。6.性别转化、站姿自选、移动端手柄有具体的上线时间么？可以保证的是，以上大家关心的功能优化，都会在三月内上线。目前，这几项备受期待的功能均已进入最后的冲刺验收阶段——其中，移动端手柄将在本周的更新中正式上线，站姿自选功能预计将在的更新中上线。此外大家关心的性别转化功能，正在进行最后的测试调优，也将在与大家相见！再次感激大家长久以来的支持与反馈，游侠们的每一条意见，对我们而言都至关重要。除了将陆续上线的功能和优化，游戏在三月内也将迎来诸多新内容更新。燕子为大家奉上【三月版本内容预告】，欢迎查看下方长图，洞悉江湖新风！']。 —— 热门答疑速报，三月更新抢鲜看-,《 热门 答疑 速报 ， 三月 更新 抢鲜 看 》 : [ ' 三月 ， 脚下 新 泥 裹 着 蛰伏 的 种子 说 ： 该 启程 了 。 这个 三月 ， 我们 达成 了 三千万 少东家 的 里程碑 ， 游戏 内 也 将 迎来 多个 版本 更新 ， 新篇章 “ 河西 ” 就 快要 揭开 面纱 。 在 江湖 行旅 中 ， 近期 大家 又 发 来 了 很多 反馈 和 建议 ， 燕子 火速 赶来 ， 抢鲜 与 各位 分享 一些 热门 答疑 和 优化 动向 ~ 1 . 开封 最终 boss 预计 什么 时间 可以 更新 ？ 我们 正 紧锣密鼓 地 筹备 ， 但 确实 还 需要 点 时间 。 开封 最终 boss ， 是 游侠 们 所 期待 的 尾声 和 高潮 ， 我们 也 格外 关注 其 各个 方面 的 设计 和 表现 。 由于 boss 战斗 、 美术 设计 细节 等 还 在 不断 的 打磨 调试 ， 所以 暂时 不能 与 大家 见面 。 制作组 在 全力以赴 ， 会 在 力求 品质 的 基础 上 ， 争取 在 5 呈现 给 大家 。 河西 版本 的 开发 优化 正在 优化 冲刺 ， 希望 届时 大家 先 踏 上 河西 的 旅程 ， 也 将 开封 的 这 份 念念不忘 ， 在 更 遥远 的 共鸣 中 奏 起 回响 。 再次 感谢 大家 的 理解 和 支持 ！ 2 . 燕云 周边 会 有 直售 通贩 的 规划 么 ？ 会 的 ， 会 尽快 上线 。 大家 对 周边 的 热情 远远 超出 了 我们 的 预期 。 为了 不 辜负 游侠 们 的 喜爱 ， 我们 也 想 争取 做 得 更 好 一些 。 目前 我们 已 着手 准备 更 多 款式 周边 的 制作 ， 对 大家 喜欢 周边 也 进行 了 加量 补货 ， 后续 将 尽快 开启 直售 通贩 。 但 由于 授权 、 设计 、 制作 、 质检 、 仓储 等 环节 较多 ， 还 请 各位 游侠 耐心 等待 ， 理性 消费 ， 也 欢迎 大家 继续 给 我们 发 来 更 多 关于 周边 的 建议 和 想法 。 3 . 梨园 门规 有 预计 的 上线 时间 么 ？ 正在 开发 优化 中 ！ 未来 2个月 会 争取 上线 。 在 对 河西 版本 的 规划 中 ， 除了 梨园 之外 ， 九流门 也 会 有 全新 的 驻地 上新 ， 游侠 们 敬请 期待 。 4 . 目前 对于 路牌 审核 的 机制 是 怎样 的 ? 后续 有 优化 的 规划 么 ？ 为 维护 路牌 交流 环境 的 和谐 有序 ， 给 大家 提供 优质 体验 ， 我们 持续 优化 ， 采用 了 严格 的 审核 机制 。 审核 流程 ： 双重 审核 ， ai 过滤 和 人工 二次 复核 ， 审核 范围 包含 文字 、 图片 、 链接 等 。 若 发现 违规 内容 ， 将 直接 删掉 ； 对于 多次 违规者 ， 会 限制 其 路牌 玩法 ， 时长 从 短期 到 永久 不等 。 违规 内容 界定 ： 路牌 严禁 出现 人身 攻击 / 辱骂 言论 / 色情 / 暴力 / 违法 / 广告 信息 ， 以及 虚假 谣言 、 恶意 刷屏 等 内容 。 举报 与 申诉 ： 若 您 发现 违规 路牌 ， 可 点击 路牌 玩家 头像 更 多 进行 举报 ， 也 能 通过 游戏 客服 通道 并 附 上 截图 举报 。 若 对 处理 结果 有 争议 ， 可 通过 游戏 客服 通道 反馈 申诉 。 优化 方向 ： 后续 我们 会 持续 优化 ai 模型 ， 提升 识别 准确率 ， 加强 审核 人员 培训 ， 还 会 依据 大家 的 举报 和 申诉 ， 进一步 细化 违规 判定 标准 。 我们 也 会 定期 公示 违规 案例 ， 让 规则 更 清晰 透明 。 燕子 会 与 游侠 们 一起 共同 维护 良好 的 路牌 交流 环境 ， 畅享 快意 江湖 ！ 5 . 百业 在 打 竞速 时 ， 还 在 加载 黑屏 就 开始 计时 ， 什么 时候 优化 ？ 收到 ！ 我们 正在 加速 修复 中 。 预计 在 下 个 赛季 ， 我们 将 对 试剑 / 侠境 的 竞速 计时 方式 进行 优化 ， 从而 避免 设备 等 其他 原因 对 游侠 竞速 产生 影响 。 为了 持续 提升 游侠 的 竞速 体验 ， 未来 上榜 的 规则 也 将 更加 完善 ， 也 欢迎 各位 继续 给 我们 发来 建议 。 6 . 性别 转化 、 站姿 自选 、 移动端 手柄 有 具体 的 上线 时间 么 ？ 可以 保证 的 是 ， 以上 大家 关心 的 功能 优化 ， 都 会 在 三月 内 上线 。 目前 ， 这 几项 备受 期待 的 功能 均 已 进入 最后 的 冲刺 验收 阶段 —— 其中 ， 移动端 手柄 将 在 本周 的 更新 中 正式 上线 ， 站姿 自选 功能 预计 将 在 的 更新 中 上线 。 此外 大家 关心 的 性别 转化 功能 ， 正在 进行 最后 的 测试 调优 ， 也 将 在 与 大家 相见 ！ 再次 感激 大家 长久以来 的 支持 与 反馈 ， 游侠 们 的 每 一 条 意见 ， 对 我们 而言 都 至关重要 。 除了 将 陆续 上线 的 功能 和 优化 ， 游戏 在 三月 内 也 将 迎来 诸多 新 内容 更新 。 燕子 为 大家 奉 上 【 三月 版本 内容 预告 】 ， 欢迎 查看 下方 长图 ， 洞悉 江湖 新风 ！ ' ],2025-03,热门答疑速报，三月更新抢鲜看
['江湖所成，精于夙夜。1.5.5版本开启以来，我们收到了少东家们的众多宝贵建议与反馈。承蒙大家的支持和厚爱，我们将对游戏持续优化调整，争取第一时间修复各类问题，望少东家海涵！以下优化修复已陆续实装，欢迎大家查看下方优化日志，也请各位继续监督和鞭策，为我们继续建言——【日~优化修复】◆体验优化◆1、优化了「赠礼」的安全性，应安全合规要求，为更好地限制违规支付，赠送「太一玄石」将纳入赠礼额度统计。2、优化了活动「酒肆探奇-莽沙角斗」的体验，存活退出后不再获得「酒铢」。3、优化了「酒肆探奇-莽沙角斗」的体验，战斗失败也不会降低装备耐久。4、优化了活动「官财坊」活动任务的体验，降低了部分活动任务的难度。5、优化了玩法「试炼」部分首领跳过过场演出的体验，减少了等待时间。6、优化了同游玩法「闲趣-丝竹雅韵」部分开封曲谱的难度。◆bug修复◆1、修复了外观套装「一心三藏」有一定概率显示异常的问题。2、修复了外观套装「云遥鹤影」女主裙摆在特定动作下显示异常的问题。3、修复了外观套装「九间当铺」在特定动作下部分模型显示异常的问题。4、修复了发型「瀚海千山」佩戴部分帽子时有一定概率颜色显示异常的问题。5、修复了外观套装「蜀戏春」披风有一定概率无法共同染色的问题。6、修复了外观套装「蜀戏春」披风在衣柜和大世界有一定概率出现染色不一致的问题。7、修复了披风「恨飞霜」风华值错误的问题，并为修复前已获得该披风的游侠补发了风华值差额。8、修复了武学特效「一斩绛天」部分文本描述错误的问题。9、修复了「多人玩法」在部分设备有一定概率出现音画不同步的问题。10、修复了活动「酒肆探奇」场景中部分动物异常掉落的问题。11、修复了活动「酒肆探奇」组队界面中游侠模型显示异常的问题。12、修复了活动「酒肆探奇」中游侠的个人名片有一定概率显示异常的问题。13、修复了活动「酒肆探奇」组队相关提示文本没有匿名的问题。14、修复了活动「酒肆探奇-莽沙角斗」有一定概率无法看到场上游侠的问题。15、修复了活动「酒肆探奇-莽沙角斗」准备阶段认输后可以攻击其他游侠的问题。16、修复了活动「酒肆探奇-莽沙角斗」人机对局有一定概率无法正常退出的问题。17、修复了活动「酒肆探奇-莽沙角斗」暂离后有一定概率未能正常刷新界面状态的问题。18、修复了活动「酒肆探奇-夜宿谜影」专属聊天频道没有匿名的问题。19、修复了活动「官财坊」单人游玩时部分任务有一定概率无法完成的问题。20、修复了活动「官财坊」天气有一定概率显示异常的问题。21、修复了「背包」筛选选项错误重置为全部，容易导致误操作的问题。22、修复了探索技能「寻龙见宝」在小地图上有一定概率未能正常显示宝箱的问题。23、修复了游侠和智能助战「射箭」后疾跑有一定概率出现动作异常的问题。24、修复了武学「嗟夫刀法-天赋-蓄力结算强化」造成会心伤害提升效果未能正常生效的问题。25、修复了奇术「流星坠火」下砸时有一定概率未能造成伤害的问题。26、修复了心法「无名心法」六重气涌效果的多道剑气无法正常触发零重额外消耗耐力提升伤害，以及四重可连续发射剑气时限重置的问题，且本次修复不会影响气涌剑气无蓄力消耗耐力、可享受蓄力技增伤的原有设定。27、修复了心法「花上月令」六重效果中，除了武学技「抛春恨」以外的其他技能也可以错误触发冷却时间减少效果的问题。28、修复了心法「花上月令」六重效果中，武学技「抛春恨」在部分环境命中没有添加连中效果的敌方目标时也有一定概率触发冷却时间减少效果的问题。29、修复了「流派试炼-鸣金·虹」挑战中，「佛像释放的气团对拥有真气护盾的单位造成伤害降低90%」增益未能正常生效的问题。30、修复了「流派试炼-牵丝·霖」武墓初级增益说明文本中出现「友方单位低气血时造成伤害降低」的错误提示。31、修复了「流派试炼-牵丝·霖」武墓初级增益效果中，「场上友方单位在气血高于80%时，造成伤害提升30%」增益未能正常生效的问题。32、修复了「流派试炼-裂石·威」挑战中，「战火轰炸对拥有护盾的单位造成伤害降低80%」增益未能正常生效的问题。33、修复了「联机邀请理由」在弱网环境下未能正常生效的问题。34、修复了「门派-往届首席」首届首席列表未能正常显示，以及部分文本显示异常的问题。35、修复了门派「梨园」与「孤云」长老头衔错误显示的问题。36、修复了「诬陷悬赏」被完成后，游侠违律行为有一定概率未被清除的问题。37、修复了游侠「缩骨功」状态被悬赏入狱后，在牢房时模型表现异常，且完成悬赏的游侠无法获取奖励的问题。38、修复了「同游」界面前往按钮有一定概率显示异常的问题。39、修复了「同游」界面说明文本有一定概率未能正常显示的问题。40、修复了同游玩法「侠境」与「试剑」匹配时有一定概率无法组队的问题。41、修复了同游玩法「侠境-同悲红尘劫」中，未解锁「开封」区域的游侠出现位置异常的问题。42、修复了同游玩法「止戈」在使用「加分符」提升段位后，止戈段位显示异常的问题。43、修复了同游玩法「止戈」弓箭攻击动作同步异常的问题。44、修复了同游玩法「止戈-觉障林」中，武学特效「一斩绛天」未能正常显示的问题。45、修复了同游玩法「闯荡-天泉特训」领跑弟子有一定概率原地卡住的问题。46、修复了同游玩法「闯荡-天泉特训」有一定概率未能正常发送口号的问题。47、修复了同游玩法「闲趣-雀神争霸」专属聊天频道有一定概率消失的问题。48、修复了「百业燕语阁」有一定概率未能正常显示的问题。49、修复了玩法「百业货运」出售货物时有一定概率出现错误提示的问题。50、修复了玩法「百业-破军杀将」无法聊天的问题。51、修复了「燕语阁」连麦时房主的个人名片有一定概率显示异常的问题。52、修复了「万相集-留言」有一定概率显示异常的问题。53、修复了「营生-文士」话术卡牌一键升级实际消耗材料与描述不一致的问题。54、修复了「世界-人物」部分语音的解锁条件异常的问题。55、修复了「世界-人物」沈义伦部分语音异常的问题。56、修复了「世界-人物」热门评论有一定概率显示异常的问题。57、修复了清河奇遇「道人梦驴」有一定概率无法触发的问题，再次参与「试炼-睡道人」也可达成触发条件。58、修复了开封万事知「兰香余韵」有一定概率未能正常触发的问题，再次与云华楼的秦弱兰对话即可解锁万事知「兰香余韵」。◆移动端专项优化◆1、新增了移动端「桌面小组件」的添加教程，可在「活动-桌面小组件」界面进行查看，后续将支持更多机型。2、修复了外观套装「封侯」在部分移动端的「商店」与「衣柜」界面显示异常的问题。3、修复了武学特效「一斩绛天」在部分移动端未能正常显示花瓣的问题。4、修复了「活动-太平武墓」部分文本在移动端显示超框的问题。5、修复了部分「界面」在移动端传送后有一定概率异常消失的问题。6、修复了部分「交互按钮」在移动端有一定概率大小显示异常的问题。7、修复了「基础武学-伞」漂浮按钮在移动端未能正常显示的问题。8、修复了开封主章「大义熔炉」部分剧情演出中金火都头模型在移动端异常消失的问题。9、修复了清河残章「暮云何物」在移动端使用轻功时教学显示错误的问题。10、修复了开封「博浪沙」区域部分石头模型在移动端颜色异常的问题。除了以上已经陆续实装的优化外，游戏内也迎来上新，不仅有全新的6元外观「松花玉兰」，全新活动「万物有数」将同步上线——参与活动有机会换取全新头饰【莫菇负】、置景【咸鱼架】以及长鸣玉、绕梁之音等丰厚奖励！此外，三月还有诸多新活动、新外观、新玩法，以及新区域“河西”整装待发，即将在后续版本更新中和大家见面，大家期待的性别转化、站姿自选、移动端手柄等功能，也将在的更新中实装。也请游侠们继续关注近日游戏内即将发布的【三月预告一览】，将为大家带来更全面详细的更新情报。万物生长，幸有侠伴。侠精于勤，来日可期！']。 —— 江湖步履不停，1.5.5版本优化日志-,《 江湖 步履 不停 ， 1.5.5 版本 优化 日志 》 : [ ' 江湖 所 成 ， 精于 夙夜 。 1.5.5 版本 开启 以来 ， 我们 收到 了 少东家 们 的 众多 宝贵 建议 与 反馈 。 承蒙 大家 的 支持 和 厚爱 ， 我们 将 对 游戏 持续 优化 调整 ， 争取 第一 时间 修复 各类 问题 ， 望 少东家 海涵 ！ 以下 优化 修复 已 陆续 实装 ， 欢迎 大家 查看 下方 优化 日志 ， 也 请 各位 继续 监督 和 鞭策 ， 为 我们 继续 建言 —— 【 日 ~ 优化 修复 】 ◆ 体验 优化 ◆1 、 优化 了 「 赠礼 」 的 安全性 ， 应 安全 合规 要求 ， 为 更 好 地 限制 违规 支付 ， 赠送 「 太一玄石 」 将 纳入 赠礼 额度 统计 。 2 、 优化 了 活动 「 酒肆 探奇 莽沙 角斗 」 的 体验 ， 存活 退出 后 不再 获得 「 酒铢 」 。 3 、 优化 了 「 酒肆 探奇 莽沙 角斗 」 的 体验 ， 战斗 失败 也 不会 降低 装备 耐久 。 4 、 优化 了 活动 「 官财坊 」 活动 任务 的 体验 ， 降低 了 部分 活动 任务 的 难度 。 5 、 优化 了 玩法 「 试炼 」 部分 首领 跳 过 过场 演出 的 体验 ， 减少 了 等待 时间 。 6 、 优化 了 同游 玩法 「 闲趣 丝竹 雅韵 」 部分 开封 曲谱 的 难度 。 ◆bug 修复 ◆1 、 修复 了 外观 套装 「 一心 三藏 」 有 一定 概率 显示 异常 的 问题 。 2 、 修复 了 外观 套装 「 云遥鹤影 」 女 主 裙摆 在 特定 动作 下 显示 异常 的 问题 。 3 、 修复 了 外观 套装 「 九间 当铺 」 在 特定 动作 下 部分 模型 显示 异常 的 问题 。 4 、 修复 了 发型 「 瀚海 千山 」 佩戴 部分 帽子 时 有 一定 概率 颜色 显示 异常 的 问题 。 5 、 修复 了 外观 套装 「 蜀戏春 」 披风 有 一定 概率 无法 共同 染色 的 问题 。 6 、 修复 了 外观 套装 「 蜀戏春 」 披风 在 衣柜 和 大世界 有 一定 概率 出现 染色 不 一致 的 问题 。 7 、 修复 了 披风 「 恨飞霜 」 风华值 错误 的 问题 ， 并 为 修复 前 已 获得 该 披风 的 游侠 补发 了 风华值 差额 。 8 、 修复 了 武学 特效 「 一斩绛天 」 部分 文本 描述 错误 的 问题 。 9 、 修复 了 「 多人玩法 」 在 部分 设备 有 一定 概率 出现 音画 不 同步 的 问题 。 10 、 修复 了 活动 「 酒肆 探奇 」 场景 中 部分 动物 异常 掉落 的 问题 。 11 、 修复 了 活动 「 酒肆 探奇 」 组队 界面 中 游侠 模型 显示 异常 的 问题 。 12 、 修复 了 活动 「 酒肆 探奇 」 中 游侠 的 个人 名片 有 一定 概率 显示 异常 的 问题 。 13 、 修复 了 活动 「 酒肆 探奇 」 组队 相关 提示 文本 没有 匿名 的 问题 。 14 、 修复 了 活动 「 酒肆 探奇 莽沙 角斗 」 有 一定 概率 无法 看到 场上 游侠 的 问题 。 15 、 修复 了 活动 「 酒肆 探奇 莽沙角斗 」 准备 阶段 认输 后 可以 攻击 其他 游侠 的 问题 。 16 、 修复 了 活动 「 酒肆 探奇 莽沙角斗 」 人机对局 有 一定 概率 无法 正常 退出 的 问题 。 17 、 修复 了 活动 「 酒肆 探奇 莽沙角斗 」 暂离 后 有 一定 概率 未能 正常 刷新 界面 状态 的 问题 。 18 、 修复 了 活动 「 酒肆 探奇 夜宿 谜影 」 专属 聊天 频道 没有 匿名 的 问题 。 19 、 修复 了 活动 「 官财坊 」 单人 游玩 时 部分 任务 有 一定 概率 无法 完成 的 问题 。 20 、 修复 了 活动 「 官财坊 」 天气 有 一定 概率 显示 异常 的 问题 。 21 、 修复 了 「 背包 」 筛选 选项 错误 重置 为 全部 ， 容易 导致 误 操作 的 问题 。 22 、 修复 了 探索 技能 「 寻龙见宝 」 在 小 地图 上 有 一定 概率 未能 正常 显示 宝箱 的 问题 。 23 、 修复 了 游侠 和 智能 助战 「 射箭 」 后 疾跑 有 一定 概率 出现 动作 异常 的 问题 。 24 、 修复 了 武学 「 嗟夫 刀法 天赋 蓄力 结算 强化 」 造成 会心 伤害 提升 效果 未能 正常 生效 的 问题 。 25 、 修复 了 奇术 「 流星 坠火 」 下 砸 时 有 一定 概率 未能 造成 伤害 的 问题 。 26 、 修复 了 心法 「 无名 心法 」 六重 气涌 效果 的 多 道 剑气 无法 正常 触发 零重 额外 消耗 耐力 提升 伤害 ， 以及 四重 可 连续 发射 剑气 时限 重置 的 问题 ， 且 本 次 修复 不会 影响 气涌 剑气 无 蓄力 消耗 耐力 、 可 享受 蓄力技 增伤 的 原有 设定 。 27 、 修复 了 心法 「 花 上 月令 」 六重 效果 中 ， 除了 武学技 「 抛春恨 」 以外 的 其他 技能 也 可以 错误 触发 冷却 时间 减少 效果 的 问题 。 28 、 修复 了 心法 「 花 上月 令 」 六重 效果 中 ， 武学技 「 抛春恨 」 在 部分 环境命中 没有 添加 连中 效果 的 敌方 目标 时 也 有 一定 概率 触发 冷却 时间 减少 效果 的 问题 。 29 、 修复 了 「 流派 试炼 鸣金 ·虹 」 挑战 中 ， 「 佛像 释放 的 气团 对 拥有 真气 护盾 的 单位 造成 伤害 降低 90% 」 增益 未能 正常 生效 的 问题 。 30 、 修复 了 「 流派 试炼 牵丝 ·霖」 武墓 初级 增益 说明 文本 中 出现 「 友方 单位 低 气血 时 造成 伤害 降低 」 的 错误 提示 。 31 、 修复 了 「 流派 试炼 牵丝 ·霖 」 武墓 初级 增益 效果 中 ， 「 场上 友方 单位 在 气血 高于 80% 时 ， 造成 伤害 提升 30% 」 增益 未能 正常 生效 的 问题 。 32 、 修复 了 「 流派 试炼 裂石 ·威 」 挑战 中 ， 「 战火 轰炸 对 拥有 护盾 的 单位 造成 伤害 降低 80% 」 增益 未能 正常 生效 的 问题 。 33 、 修复 了 「 联机 邀请 理由 」 在 弱网 环境 下 未能 正常 生效 的 问题 。 34 、 修复 了 「 门派 往届 首席 」 首届 首席 列表 未能 正常 显示 ， 以及 部分 文本 显示 异常 的 问题 。 35 、 修复 了 门派 「 梨园 」 与 「 孤云 」 长老 头衔 错误 显示 的 问题 。 36 、 修复 了 「 诬陷 悬赏 」 被 完成 后 ， 游侠 违律行为 有 一定 概率 未 被 清除 的 问题 。 37 、 修复 了 游侠 「 缩骨功 」 状态 被 悬赏 入狱 后 ， 在 牢房 时 模型 表现 异常 ， 且 完成 悬赏 的 游侠 无法 获取 奖励 的 问题 。 38 、 修复 了 「 同游 」 界面 前往 按钮 有 一定 概率 显示 异常 的 问题 。 39 、 修复 了 「 同游 」 界面 说明 文本 有 一定 概率 未能 正常 显示 的 问题 。 40 、 修复 了 同游玩法 「 侠境 」 与 「 试剑 」 匹配 时 有 一定 概率 无法 组队 的 问题 。 41 、 修复 了 同游玩法 「 侠境 同 悲 红尘劫 」 中 ， 未 解锁 「 开封 」 区域 的 游侠 出现 位置 异常 的 问题 。 42 、 修复 了 同游玩法 「 止戈 」 在 使用 「 加分符 」 提升 段位 后 ， 止戈 段位 显示 异常 的 问题 。 43 、 修复 了 同游玩法 「 止戈 」 弓箭 攻击 动作 同步 异常 的 问题 。 44 、 修复 了 同游玩法 「 止戈 觉障林 」 中 ， 武学 特效 「 一斩绛天 」 未能 正常 显示 的 问题 。 45 、 修复 了 同游玩法 「 闯荡 天泉特训 」 领跑 弟子 有 一定 概率 原地 卡 住 的 问题 。 46 、 修复 了 同游玩法 「 闯荡 天泉特训 」 有 一定 概率 未能 正常 发送 口号 的 问题 。 47 、 修复 了 同游玩法 「 闲趣 雀神 争霸 」 专属 聊天 频道 有 一定 概率 消失 的 问题 。 48 、 修复 了 「 百业 燕语阁 」 有 一定 概率 未能 正常 显示 的 问题 。 49 、 修复 了 玩法 「 百业 货运 」 出售 货物 时 有 一定 概率 出现 错误 提示 的 问题 。 50 、 修复 了 玩法 「 百业 破军杀将 」 无法 聊天 的 问题 。 51 、 修复 了 「 燕语阁 」 连 麦 时 房主 的 个人 名片 有 一定 概率 显示 异常 的 问题 。 52 、 修复 了 「 万相集 留言 」 有 一定 概率 显示 异常 的 问题 。 53 、 修复 了 「 营生 文士 」 话术 卡牌 一 键 升级 实际 消耗 材料 与 描述 不 一致 的 问题 。 54 、 修复 了 「 世界 人物 」 部分 语音 的 解锁 条件 异常 的 问题 。 55 、 修复 了 「 世界 人物 」 沈义伦 部分 语音 异常 的 问题 。 56 、 修复 了 「 世界 人物 」 热门 评论 有 一定 概率 显示 异常 的 问题 。 57 、 修复 了 清河 奇遇 「 道人 梦驴 」 有 一定 概率 无法 触发 的 问题 ， 再次 参与 「 试炼 睡道人 」 也 可 达成 触发 条件 。 58 、 修复 了 开封 万事知 「 兰香余韵 」 有 一定 概率 未能 正常 触发 的 问题 ， 再次 与 云华楼 的 秦弱兰 对话 即可 解锁 万事知 「 兰香余韵 」 。 ◆ 移动端 专项 优化 ◆1 、 新增 了 移动端 「 桌面 小组件 」 的 添加 教程 ， 可 在 「 活动 桌面 小组件 」 界面 进行 查看 ， 后续 将 支持 更 多 机型 。 2 、 修复 了 外观 套装 「 封侯 」 在 部分 移动端 的 「 商店 」 与 「 衣柜 」 界面 显示 异常 的 问题 。 3 、 修复 了 武学 特效 「 一斩绛天 」 在 部分 移动端 未能 正常 显示 花瓣 的 问题 。 4 、 修复 了 「 活动 太平武墓 」 部分 文本 在 移动端 显示 超框 的 问题 。 5 、 修复 了 部分 「 界面 」 在 移动端 传送 后 有 一定 概率 异常 消失 的 问题 。 6 、 修复 了 部分 「 交互 按钮 」 在 移动端 有 一定 概率 大小 显示 异常 的 问题 。 7 、 修复 了 「 基础 武学 伞 」 漂浮 按钮 在 移动端 未能 正常 显示 的 问题 。 8 、 修复 了 开封 主章 「 大义 熔炉 」 部分 剧情 演出 中 金火 都头 模型 在 移动端 异常 消失 的 问题 。 9 、 修复 了 清河 残章 「 暮云 何物 」 在 移动端 使用 轻功 时 教学 显示 错误 的 问题 。 10 、 修复 了 开封 「 博浪沙 」 区域 部分 石头 模型 在 移动端 颜色 异常 的 问题 。 除了 以上 已经 陆续 实装 的 优化 外 ， 游戏 内 也 迎来 上新 ， 不仅 有 全新 的 6元 外观 「 松花 玉兰 」 ， 全新 活动 「 万物有数 」 将 同步 上线 —— 参与 活动 有 机会 换取 全新 头饰 【 莫菇负 】 、 置景 【 咸鱼架 】 以及 长鸣玉 、 绕梁之音 等 丰厚 奖励 ！ 此外 ， 三月 还有 诸多 新 活动 、 新 外观 、 新 玩法 ， 以及 新 区域 “ 河西 ” 整装待发 ， 即将 在 后续 版本 更新 中 和 大家 见面 ， 大家 期待 的 性别 转化 、 站姿 自选 、 移动端 手柄 等 功能 ， 也 将 在 的 更新 中 实装 。 也 请 游侠 们 继续 关注 近日 游戏 内 即将 发布 的 【 三月 预告 一览 】 ， 将 为 大家 带来 更 全面 详细 的 更新 情报 。 万物 生长 ， 幸 有 侠伴 。 侠精于勤 ， 来日 可期 ！ ' ],2025-03,江湖步履不停，1.5.5版本优化日志
['今日恰逢惊蛰，春雷始动，草木逢春，江湖内外的风都带着嫩叶的气息。春日已至，山河回暖，也正是外出踏春游戏的好时节。在本周五，全新活动「万物有数」将同步上线！各位少东家上山采摘花草，下水快乐摸鱼之时，可以将所得物资提交到这孤云的“斤斤计较匣”中，换取全新头饰【莫菇负】、置景【咸鱼架】以及长鸣玉、绕梁之音等丰厚奖励！摸鱼有奖，摸鱼万岁！活动奖励头饰【莫菇负】草木风雅，与四时为宜。比如那黄昏近紫时的松柏，与夜色正浓下的玉兰。在本周五，将有一套以此为主题的全新外观上架，届时游侠们可前往「商店」，以60「长鸣珠」购得——【松花玉兰】四时皆风景，草木尽成诗捏脸数据来自玩家投稿：行*夜，冒*菜大王风雅之物，亦不止于松柏与玉兰。在，也将有另一套全新直售外观上架——【浣溪沙】别君只有相思梦，遮莫千山与万山。捏脸数据来自玩家投稿：白茶脆*鲨，度*入夏偏宜淡薄妆，越罗衣褪郁青明，翠钿檀注助容光。后，游侠们可前往「商店」，以1280「长鸣珠」购得。就在本周，还有apple授权专营店的线下主题活动即将开启！-，感兴趣的游侠可选择身边的apple授权店参与《燕云十六声》“光影不羁”活动，现场衣柜全解锁、武学无限搭，还能抢先体验光追技术加持下的全新真实光影效果。扫码预约活动，线下完成挑战任务，还有机会免费获得定制角色徽章周边！同时，活动期间，微博带话题#燕云十六声×apple授权专营店活动#，分享apple授权专营店线下活动任意体验内容照片或者视频，即可参与抽奖活动，随机抽取5位幸运玩家送出「被甩飞的熊」1个、5位幸运玩家送出「惹不起的鹅」1个！']。 —— 全新外观丨四时皆风景，草木尽成诗-,《 全新 外观 丨 四时 皆 风景 ， 草木 尽 成 诗 》 : [ ' 今日 恰逢 惊蛰 ， 春雷 始 动 ， 草木 逢春 ， 江湖 内外 的 风 都 带 着 嫩叶 的 气息 。 春日 已 至 ， 山河 回暖 ， 也 正是 外出 踏春 游戏 的 好 时节 。 在 本周五 ， 全新 活动 「 万物有数 」 将 同步 上线 ！ 各位 少东家 上山 采摘 花草 ， 下水 快乐 摸鱼 之 时 ， 可以 将 所得 物资 提交 到 这 孤云 的 “ 斤斤计较 匣 ” 中 ， 换取 全新 头饰 【 莫菇负 】 、 置景 【 咸鱼架 】 以及 长鸣玉 、 绕梁之音 等 丰厚 奖励 ！ 摸鱼 有奖 ， 摸鱼 万岁 ！ 活动 奖励 头饰 【 莫菇 负 】 草木 风雅 ， 与 四时 为宜 。 比如 那 黄昏 近 紫 时 的 松柏 ， 与 夜色 正 浓 下 的 玉兰 。 在 本周五 ， 将 有 一套 以 此 为 主题 的 全新 外观 上架 ， 届时 游侠 们 可 前往 「 商店 」 ， 以 60 「 长鸣珠 」 购得 —— 【 松花 玉兰 】 四时 皆 风景 ， 草木 尽 成 诗 捏脸 数据 来自 玩家 投稿 ： 行 * 夜 ， 冒 * 菜 大王 风雅 之 物 ， 亦 不止 于 松柏 与 玉兰 。 在 ， 也 将 有 另 一套 全新 直售 外观 上架 —— 【 浣溪沙 】 别君 只有 相思梦 ， 遮 莫 千 山 与 万 山 。 捏 脸 数据 来自 玩家 投稿 ： 白茶 脆 * 鲨 ， 度 * 入 夏 偏 宜 淡 薄妆 ， 越罗 衣 褪 郁 青明 ， 翠钿 檀 注 助 容光 。 后 ， 游侠 们 可 前往 「 商店 」 ， 以 1280 「 长鸣珠 」 购得 。 就 在 本周 ， 还有 apple 授权 专营店 的 线下 主题 活动 即将 开启 ！ ， 感兴趣 的 游侠 可 选择 身边 的 apple 授权店 参与 《 燕云十六声 》 “ 光影 不羁 ” 活动 ， 现场 衣柜 全 解锁 、 武学 无限 搭 ， 还 能 抢先 体验 光追 技术 加持 下 的 全新 真实 光影 效果 。 扫码 预约 活动 ， 线下 完成 挑战 任务 ， 还有 机会 免费 获得 定制 角色 徽章 周边 ！ 同时 ， 活动 期间 ， 微博 带 话题 # 燕云十六声 ×apple 授权 专营店 活动 # ， 分享 apple 授权 专营店 线下 活动 任意 体验 内容 照片 或者 视频 ， 即可 参与 抽奖 活动 ， 随机 抽取 5位 幸运 玩家 送 出 「 被 甩飞 的 熊 」 1 个 、 5位 幸运 玩家 送 出 「 惹 不 起 的 鹅 」 1 个 ！ ' ],2025-03,全新外观丨四时皆风景，草木尽成诗
['风起竹林间，仗剑入世行。截至今日——已有3000万少东家踏上江湖之路！走过清河的青山，遍览开封的市井，于此方山水间相逢，少东家已脱去稚气，侠骨初成。而燕云这片江湖也在和游侠们一起成长，能有今日相逢盛景，皆仰仗各位的支持和包容。江湖之旅并非坦途，但赤子心热、拙意拳拳绝不会变。我们会继续倾听各位少东家的建议和鞭策，以真心回报。在此，我们献上一份薄礼「绕梁之音*10+心法心得·散本*10」，欢迎游侠们登录游戏，前往邮件查收领取。（玩家达到5级以上可领取）少年意气，一如既往。天地浩荡，与君同行。江湖之大，有文学家、美术家、艺术家......也有「少东家」！公测至今，千万少东家也让我们看到了很多从未设想过的燕云——自发的“飞毛腿大赛”、“雀神比拼”、“燕语阁歌会”......到处都是少东家们充满创造力的言行和身影。有的少东家苦练杀敌技巧，用各种暗杀偷袭侠从天降，无伤通关一个个据点关卡；另外有少东家横行开封府衙，且以战集兵马，浩浩荡荡仿佛开启“江湖无双”；更有少东家堪称摄影家，不仅能以万象之姿拍出武侠感大片，还能操刀执导还原各种武侠影视名场面；甚至各种“宗门”也在江湖之上百花齐放——有热衷以兽制敌的“御兽宗”，大鹅？黑熊？皆为我所用攻打据点，堪称“江湖动物学家”。有擅长以敌制敌的“赶尸宗”，面对游荡的在野之敌，不怕先拉仇恨，再以敌攻敌人海制胜，堪称“战略军事家”。还有擅长囤积炸药火箭的少东家，狠狠堆料引敌集聚，配以一发火箭，艺术就是爆炸，堪称“江湖化学家”。更有江湖上的“建筑学家”，不仅能匠心还原诸多建筑地标，甚至突破江湖之大，连“登月电梯”都能安排上！德智体美劳全面发展的少东家们，用各种创意与巧思，把燕云玩成了真正开放与自由的江湖。最近，我们也有幸联络上了一些在游戏中各具天赋的玩家。值此3000万少东家欢聚之际，通过一组少东家海报，共展少东家风采，德、智、体、美、劳全面发展！少东家有「德」，以侠义之言，助文明之举。少东家有「智」，江湖之大不只武，智趣亦能称英雄。少东家得「体」，优化之路快马加鞭，黄毛策划义不容辞。少东家真「美」，千面至善真纯，万相皆是美好。少东家有「劳」，广厦之间造侠情，江湖万象筑大同。期待各位少东家在游戏内外继续大展才华，也欢迎各位在各平台分享自己在燕云的经历和见闻。各内容平台现已发起“少东家大会”征集激励活动，只要带上#燕云少东家话题，一眼便知少东家！我们也将继续向少东家们学习，努力将大家的脑洞与建议，变成更多有趣的内容和玩法。燕子也会继续努力，在更多地方与少东家们真诚相见。三月春已至，燕子衔福利而归——至每天中午11点，公众号积分商城将每日上架“燕云十六声江无浪徽章-竹林款”，欢迎少东家们前往使用积分兑换（预计初发货）~']。 —— 3000万少东家谢礼，德智体美劳全面发展！-,《 3000万 少东家 谢礼 ， 德智体 美劳 全面 发展 ！ 》 : [ ' 风 起 竹林 间 ， 仗 剑 入世行 。 截至 今日 —— 已 有 3000万 少东家 踏 上 江湖 之 路 ！ 走过 清河 的 青山 ， 遍览 开封 的 市井 ， 于 此方 山水 间 相逢 ， 少东家 已 脱去 稚气 ， 侠骨 初 成 。 而 燕云 这 片 江湖 也 在 和 游侠 们 一起 成长 ， 能 有 今日 相逢 盛景 ， 皆 仰仗 各位 的 支持 和 包容 。 江湖 之 旅 并非 坦途 ， 但 赤子 心 热 、 拙意 拳拳 绝 不会 变 。 我们 会 继续 倾听 各位 少东家 的 建议 和 鞭策 ， 以 真心 回报 。 在此 ， 我们 献上 一 份 薄礼 「 绕梁之音 * 10 + 心法 心得 · 散 本 * 10 」 ， 欢迎 游侠 们 登录 游戏 ， 前往 邮件 查收 领取 。 （ 玩家 达到 5级 以上 可 领取 ） 少年 意气 ， 一如既往 。 天地 浩荡 ， 与 君 同行 。 江湖 之 大 ， 有 文学家 、 美术家 、 艺术家 ..... . 也 有 「 少东家 」 ！ 公测 至今 ， 千万 少东家 也 让 我们 看到 了 很多 从未 设想 过 的 燕云 —— 自发 的 “ 飞毛腿 大赛 ” 、 “ 雀神 比拼 ” 、 “ 燕语阁 歌会 ” ...... 到处 都是 少东家 们 充满 创造力 的 言行 和 身影 。 有的 少东家 苦练 杀敌 技巧 ， 用 各种 暗杀 偷袭 侠 从 天降 ， 无伤通关 一个个 据点 关卡 ； 另外 有 少东家 横行 开封 府衙 ， 且 以 战集 兵马 ， 浩浩荡荡 仿佛 开启 “ 江湖 无双 ” ； 更 有 少东家 堪称 摄影家 ， 不仅 能 以 万象 之 姿 拍 出 武侠感 大片 ， 还 能 操刀 执导 还原 各种 武侠 影视 名 场面 ； 甚至 各种 “ 宗门 ” 也 在 江湖 之上 百花齐放 —— 有 热衷 以 兽 制 敌 的 “ 御兽宗 ” ， 大 鹅 ？ 黑熊 ？ 皆 为 我 所 用 攻打 据点 ， 堪称 “ 江湖 动物学家 ” 。 有 擅长 以 敌 制 敌 的 “ 赶尸宗 ” ， 面对 游荡 的 在野 之 敌 ， 不怕 先 拉 仇恨 ， 再 以 敌攻 敌 人海制胜 ， 堪称 “ 战略 军事家 ” 。 还有 擅长 囤积 炸药 火箭 的 少东家 ， 狠狠 堆料 引敌 集聚 ， 配 以 一 发 火箭 ， 艺术 就 是 爆炸 ， 堪称 “ 江湖 化学家 ” 。 更 有 江湖 上 的 “ 建筑学家 ” ， 不仅 能 匠心 还原 诸多 建筑 地标 ， 甚至 突破 江湖 之 大 ， 连 “ 登月 电梯 ” 都 能 安排 上 ！ 德智体 美劳 全面 发展 的 少东家 们 ， 用 各种 创意 与 巧思 ， 把 燕云 玩 成 了 真正 开放 与 自由 的 江湖 。 最近 ， 我们 也 有幸 联络 上 了 一些 在 游戏 中 各 具 天赋 的 玩家 。 值 此 3000万 少东家 欢聚 之际 ， 通过 一 组 少东家 海报 ， 共 展 少东家 风采 ， 德 、 智 、 体 、 美 、 劳 全面 发展 ！ 少东家 有 「 德 」 ， 以 侠义 之 言 ， 助 文明 之 举 。 少东家 有 「 智 」 ， 江湖 之 大 不只 武 ， 智趣 亦 能 称 英雄 。 少东家 得 「 体 」 ， 优化 之 路 快马加鞭 ， 黄毛 策划 义不容辞 。 少东家 真 「 美 」 ， 千 面 至 善 真 纯 ， 万相 皆 是 美好 。 少东家 有 「 劳 」 ， 广厦 之间 造 侠情 ， 江湖 万象 筑 大同 。 期待 各位 少东家 在 游戏 内外 继续 大 展 才华 ， 也 欢迎 各位 在 各 平台 分享 自己 在 燕云 的 经历 和 见闻 。 各 内容 平台 现 已 发起 “ 少东家 大会 ” 征集 激励 活动 ， 只要 带 上 # 燕云 少东家 话题 ， 一 眼 便 知 少东家 ！ 我们 也 将 继续 向 少东家 们 学习 ， 努力 将 大家 的 脑洞 与 建议 ， 变成 更 多 有趣 的 内容 和 玩法 。 燕子 也 会 继续 努力 ， 在 更 多 地方 与 少东家 们 真诚 相见 。 三月春 已 至 ， 燕子 衔 福利 而 归 —— 至 每天 中午11点 ， 公众号积分商城 将 每日 上架 “ 燕云十六声 江无 浪 徽章 竹林 款 ” ， 欢迎 少东家 们 前往 使用 积分 兑换 （ 预计 初 发货 ） ~ ' ],2025-03,3000万少东家谢礼，德智体美劳全面发展！
['游侠们好！首先要向各位游侠说一声抱歉，在昨天更新维护之后，部分游侠出现了诸如网络波动、闪退、游戏内卡顿等问题，给大家带来了不好的体验。目前相关的问题已经修复，我们也在昨日通过游戏内邮件给大家发放了一份薄礼，请各位游侠记得上线领取，还望各位海涵。其他如部分武学技能异常、部分外观部件显示错误等bug，我们也在持续加紧修复中，再次对给大家带来的不便深表歉意，也欢迎游侠们继续鞭策我们！今日，我们也有幸通过问卷征集，邀请到了20位游侠来到杭州。不少游侠都收集了亲友们的意见，甚至现场提供了建议材料，给项目组来了一次现场面对面的“鞭策”。在交流的过程中，项目组向到场游侠展示了部分河西版本的开发进度。包括新武学、百业战等新玩法内容，也即将与游侠们见面。除了河西，我们也整理了部分现场答疑实录，第一时间与各位分享——q多人部分希望有更丰富好玩的玩法，而且多人玩法的卡顿bug太多了！未来我们会在保质保量地拓展单人体验内容的同时，且在兼顾单人玩家游戏体验的前提下，在pve、pvp、休闲等各个方面，进一步扩增多人玩法的种类和数量。在pve方面，未来我们会拓展具有不同难度梯度的多人玩法、多人共同参与的太平武墓等等。同时我们也在考虑提供更具挑战性的多人镇守内容，来满足不同玩家群体的需求。多人镇守的boss拓展、产能扩充也已经在进行中了，很快会有更多全新boss以更高的频率与大家见面。在pvp方面，我们会尽快支持自定义开房间、自定义赛事等玩法，玩家期待的gvg玩法百业战也即将上线。我们也在百业战中加入了很多独具燕云特色、有趣的玩法元素，比如游侠们可以组成人墙来抵挡敌人攻击、可以使用局内经济购买“轰炸鸡队”等等。希望在内容符合调性的情况下，让游戏更加有趣。在休闲玩法方面，未来计划结合建造系统拓展家园类的玩法，同时在版本间提供更多集合门派、世界观设定具有强代入感或是独特“抽象有趣”调性的活动玩法，期望能给大家带来更多全新的体验。而关于卡顿、bug等问题，我们也在做持续的优化。目前卡顿主要集中在两部分：一个是音画不同步，我们通过缓存措施进行了部分缓解，但是还没彻底解决，目前会分两次持续解决。第一批先完成加载和播放的分线程，内，预计会解决90%的音画不同步bug；第二批彻底完成引擎结构的调整，预计内，彻底解决。另一个是实际的卡顿。目前，我们已针对部分pc端和移动端手机的卡顿高发区域进行了集中优化。我们搭建了针对平均帧率、卡顿频次、卡顿热点区域等进行监控分析的系统，以便于我们及时发现并优化高发的卡顿问题，进行持续性的优化。q为什么金装掉率小！调律难度高！日常的心力不够玩！关于降低随机性带来的负面体验问题，我们已经有相关的优化放出，比如增加了定向获取金装的途径等，装备调律定音的随机性优化也是未来方向之一。接下来的黄钟赛季下半段，装备稳定期会比较长，我们会持续关注游侠们的反馈，及时地进行优化调整。关于心力这个问题，我们的初衷是希望能做到不肝。后续也会考虑在保持不肝及无数值付费原则的前提下，开放可根据自身需求免费额外获取心力的渠道。q你们做武学平衡的思路和依据到底是什么？让每一个流派的玩家都玩得爽。我们做平衡调整的初衷是保持流派武学特色、减少玩家强度焦虑，基于使用率、胜率等线上数据和循环手感、操作难度、策略深度、趣味性等玩家体验反馈，经过反复研讨后，进行平衡性调整；在调整方式上，以优化为主，鼓励流派百花齐放。原则上不进行定向的削弱，但是对于一些明显超模、偏离原有定位、对流派多样性产生较大影响的内容，会从增加边界条件、控制影响范围、聚焦优势能力等角度来确保在不会明显影响体验的前提下进行调整；此外，武学的操作手感也在持续优化。比如粟子游尘的特殊技鼠鼠生威，在最近的调整中技能释放变得更敏捷了，能更好的衔接后续技能。q目前百业有一些要优化的点。比如目前百业的人数上限太少，希望能够增加；比如百业活动可能轮不上，比如破军杀将要排队，很多人来晚了赶不上；比如百业驻地里还有空地，能玩的比较少，希望增加常驻的擂台等；百业人数上限、活动排队这些问题，我们会尽快规划优化方案。百业驻地相关的玩法的需求我们也已收到，我们后续还会以游戏内问卷向大家征集关于百业的意见。q目前拍照打光太死板了，只有固定的打光对拍摄影响很大。拍照摆好了姿势会被npc撞开。运镜不太灵活，尤其是pc端转动只能鼠标，还有视线跟随经常失效，还需要视频编辑器。我们正在增加多点光源和自由光源的功能，让光源强度、方向、色相、饱和度、角度能够自由调节。同时也会增加天气模式，不管是拍大世界还是自己的氛围图都能更方便、更好出图。移动端和pc端的相机ui交互我们也在做优化，会更便捷易用。编辑器这个功能也是在规划中。我们最近看到了很多玩家制作的视频效果特别好，但是我们判断，在现有功能下，游戏里录这样一段视频可能有一定难度。后续会采用编辑器的方式让这种录视频的体验变得更好。（为方便阅读，现场答疑内容有所归纳调整）行胜于言，欢迎监督！']。 —— 刚结束的游侠直面会，听听策划怎么说-,《 刚 结束 的 游侠 直面会 ， 听听 策划 怎么 说 》 : [ ' 游侠 们 好 ！ 首先 要 向 各位 游侠 说 一 声 抱歉 ， 在 昨天 更新 维护 之后 ， 部分 游侠 出现 了 诸如 网络 波动 、 闪退 、 游戏 内 卡顿 等 问题 ， 给 大家 带来 了 不好 的 体验 。 目前 相关 的 问题 已经 修复 ， 我们 也 在 昨日 通过 游戏 内 邮件 给 大家 发放 了 一 份 薄礼 ， 请 各位 游侠 记得 上线 领取 ， 还 望 各位 海涵 。 其他 如 部分 武学 技能 异常 、 部分 外观 部件 显示 错误 等 bug ， 我们 也 在 持续 加紧 修复 中 ， 再次 对 给 大家 带来 的 不便 深表 歉意 ， 也 欢迎 游侠 们 继续 鞭策 我们 ！ 今日 ， 我们 也 有幸 通过 问卷 征集 ， 邀请 到 了 20位 游侠 来到 杭州 。 不少 游侠 都 收集 了 亲友 们 的 意见 ， 甚至 现场 提供 了 建议 材料 ， 给 项目组 来 了 一次 现场 面对面 的 “ 鞭策 ” 。 在 交流 的 过程 中 ， 项目组 向 到场 游侠 展示 了 部分 河西 版本 的 开发 进度 。 包括 新 武学 、 百业战 等 新 玩法 内容 ， 也 即将 与 游侠 们 见面 。 除了 河西 ， 我们 也 整理 了 部分 现场 答疑 实录 ， 第一 时间 与 各位 分享 —— q 多 人 部分 希望 有 更 丰富 好玩 的 玩法 ， 而且 多人玩法 的 卡顿 bug 太 多 了 ！ 未来 我们 会 在 保质 保量 地 拓展 单人 体验 内容 的 同时 ， 且 在 兼顾 单人 玩家 游戏 体验 的 前提 下 ， 在 pve 、 pvp 、 休闲 等 各个 方面 ， 进一步 扩增 多人 玩法 的 种类 和 数量 。 在 pve 方面 ， 未来 我们 会 拓展 具有 不同 难度 梯度 的 多人玩法 、 多 人 共同 参与 的 太平武墓 等等 。 同时 我们 也 在 考虑 提供 更 具 挑战性 的 多 人 镇守 内容 ， 来 满足 不同 玩家 群体 的 需求 。 多 人 镇守 的 boss 拓展 、 产能 扩充 也 已经 在 进行 中 了 ， 很快 会 有 更 多 全新 boss 以 更 高 的 频率 与 大家 见面 。 在 pvp 方面 ， 我们 会 尽快 支持 自定义 开 房间 、 自定义 赛事 等 玩法 ， 玩家 期待 的 gvg 玩法 百业战 也 即将 上线 。 我们 也 在 百业战 中 加入 了 很多 独具 燕云 特色 、 有趣 的 玩法 元素 ， 比如 游侠 们 可以 组成 人墙 来 抵挡 敌人 攻击 、 可以 使用 局内 经济 购买 “ 轰炸 鸡队 ” 等等 。 希望 在 内容 符合 调性 的 情况 下 ， 让 游戏 更加 有趣 。 在 休闲 玩法 方面 ， 未来 计划 结合 建造 系统 拓展 家园类 的 玩法 ， 同时 在 版本 间 提供 更 多 集合 门派 、 世界观 设定 具有 强 代入感 或是 独特 “ 抽象 有趣 ” 调性 的 活动 玩法 ， 期望 能 给 大家 带来 更 多 全新 的 体验 。 而 关于 卡顿 、 bug 等 问题 ， 我们 也 在 做 持续 的 优化 。 目前 卡顿 主要 集中 在 两 部分 ： 一个 是 音画 不 同步 ， 我们 通过 缓存 措施 进行 了 部分 缓解 ， 但是 还 没 彻底 解决 ， 目前 会 分 两次 持续 解决 。 第一批 先 完成 加载 和 播放 的 分线程 ， 内 ， 预计 会 解决 90% 的 音画 不 同步 bug ； 第二批 彻底 完成 引擎 结构 的 调整 ， 预计 内 ， 彻底 解决 。 另一个 是 实际 的 卡顿 。 目前 ， 我们 已 针对 部分 pc端 和 移动端 手机 的 卡顿 高发 区域 进行 了 集中 优化 。 我们 搭建 了 针对 平均 帧率 、 卡顿 频次 、 卡顿 热点 区域 等 进行 监控 分析 的 系统 ， 以便于 我们 及时 发现 并 优化 高发 的 卡顿 问题 ， 进行 持续性 的 优化 。 q 为什么 金装 掉率 小 ！ 调律 难度 高 ！ 日常 的 心力 不够 玩 ！ 关于 降低 随机性 带来 的 负面 体验 问题 ， 我们 已经 有 相关 的 优化 放出 ， 比如 增加 了 定向 获取 金装 的 途径 等 ， 装备 调律 定音 的 随机性 优化 也是 未来 方向 之一 。 接下来 的 黄钟 赛季 下 半 段 ， 装备 稳定期 会 比较 长 ， 我们 会 持续 关注 游侠 们 的 反馈 ， 及时 地 进行 优化 调整 。 关于 心力 这个 问题 ， 我们 的 初衷 是 希望 能 做到 不 肝 。 后续 也 会 考虑 在 保持 不 肝 及 无数值 付费 原则 的 前提 下 ， 开放 可 根据 自身 需求 免费 额外 获取 心力 的 渠道 。 q 你们 做 武学 平衡 的 思路 和 依据 到底 是 什么 ？ 让 每 一个 流派 的 玩家 都 玩 得 爽 。 我们 做 平衡 调整 的 初衷 是 保持 流派 武学 特色 、 减少 玩家 强度 焦虑 ， 基于 使用率 、 胜率 等 线上 数据 和 循环 手感 、 操作 难度 、 策略 深度 、 趣味性 等 玩家 体验 反馈 ， 经过 反复 研讨 后 ， 进行 平衡性 调整 ； 在 调整 方式 上 ， 以 优化 为主 ， 鼓励 流派 百花齐放 。 原则上 不 进行 定向 的 削弱 ， 但是 对于 一些 明显 超模 、 偏离 原有 定位 、 对 流派 多样性 产生 较大 影响 的 内容 ， 会 从 增加 边界 条件 、 控制 影响 范围 、 聚焦 优势 能力 等 角度 来 确保 在 不会 明显 影响 体验 的 前提 下 进行 调整 ； 此外 ， 武学 的 操作 手感 也 在 持续 优化 。 比如 粟子游尘 的 特殊 技鼠鼠 生威 ， 在 最近 的 调整 中 技能 释放 变得 更 敏捷 了 ， 能 更 好 的 衔接 后续 技能 。 q 目前 百业 有 一些 要 优化 的 点 。 比如 目前 百业 的 人数 上限 太 少 ， 希望 能够 增加 ； 比如 百业 活动 可能 轮 不 上 ， 比如 破军 杀 将要 排队 ， 很多 人 来 晚 了 赶不上 ； 比如 百业 驻地 里 还有 空地 ， 能 玩 的 比较 少 ， 希望 增加 常驻 的 擂台 等 ； 百业 人数 上限 、 活动 排队 这些 问题 ， 我们 会 尽快 规划 优化 方案 。 百业 驻地 相关 的 玩法 的 需求 我们 也 已 收到 ， 我们 后续 还 会 以 游戏 内 问卷 向 大家 征集 关于 百业 的 意见 。 q 目前 拍照 打 光 太 死板 了 ， 只有 固定 的 打光 对 拍摄 影响 很 大 。 拍照 摆 好 了 姿势 会 被 npc 撞 开 。 运镜 不 太 灵活 ， 尤其是 pc端 转动 只能 鼠标 ， 还有 视线 跟随 经常 失效 ， 还 需要 视频 编辑器 。 我们 正在 增加 多 点 光源 和 自由 光源 的 功能 ， 让 光源 强度 、 方向 、 色相 、 饱和度 、 角度 能够 自由 调节 。 同时 也 会 增加 天气 模式 ， 不管是 拍 大 世界 还是 自己 的 氛围图 都 能 更 方便 、 更 好 出 图 。 移动端 和 pc端 的 相机 ui 交互 我们 也 在 做 优化 ， 会 更 便捷 易用 。 编辑器 这个 功能 也是 在 规划 中 。 我们 最近 看到 了 很多 玩家 制作 的 视频 效果 特别 好 ， 但是 我们 判断 ， 在 现有 功能 下 ， 游戏 里 录 这样 一段 视频 可能 有 一定 难度 。 后续 会 采用 编辑器 的 方式 让 这种 录视频 的 体验 变得 更 好 。 （ 为 方便 阅读 ， 现场 答疑 内容 有所 归纳 调整 ） 行胜于 言 ， 欢迎 监督 ！ ' ],2025-03,刚结束的游侠直面会，听听策划怎么说
['二月初一，燕子来时。1.5.5版本现已正式开启，诸多新的玩法、活动、外观、优化均已实装上线。风沙酒肆之外，和鸣之音奏响，诸多新外观现已上线「和鸣商店」。【一斩绛天】天高地迥，宇宙无穷；兴尽悲来，盈虚有数。此为天命，却非人命。吾辈观天道，识天数，浴碧血。纵危楼百尺，亦可一斩以绛天。「积矩九剑」的全新武学特效【一斩绛天】现已上架。游侠现可前往「和鸣商店」，以【八音窍】兑换获得。【雪满川】太行雪满，黄河冰川。无边无际的冰寒之下，也曾有盼望孕育新生的春水。全新外观套装【雪满川】，现已限时90天上架。游侠现可前往「和鸣商店」，以【八音窍】兑换获得。【瀚海千山】霜发三千丈，烟花一万重。上都闻战马，穷海看飞龙。全新发型【瀚海千山】，现已限时90天上架。游侠现可前往「和鸣商店」，以【八音窍】兑换获得。捏脸数据来自玩家投稿：星河*霁，將烟*柳随着1.5.5版本正式开启，不知不觉间，燕云上线已超过两个月。再看来时路，一点一滴如燕子筑巢，因游侠们的支持鞭策，江湖雏形才日益成长。斯是陋室，优化不停。我们有信心，让我们共同的江湖与家不断变得更好。而这份信心，也来自各位游侠——我们的少东家。在上线后的这些日子里，各种创意与巧思、创作与分享，我们看到大家把燕云真正玩成了开放与自由的江湖。自发的⻜⽑腿⼤赛、雀神比拼、玩法二创、建筑分享、自制大片、各种脑洞开发......「少东家」，是游侠们初入江湖时的身份，也是在江湖游历中，不断诠释和丰富的形容。现实中，有文学家、美术家、艺术家......在江湖，也有我们的“少东家”！欢迎各位少东家继续在各平台分享自己在燕云的经历和见闻，也敬请关注我们在各内容平台发起的“少东家大会”有奖征集活动——不论是外观捏脸、⻛景拍照、游戏整活、硬核攻略......只要带上#燕云少东家话题，一眼便知少东家！我们也会努力将大家的脑洞与建议，变成更多有趣的内容和玩法。江湖春回，我们也想邀请少东家一起开起一场“春招”，希望大家把燕云分享给身边的朋友，共赴江湖精彩。头饰·江上燕燕子特备薄礼——参与下方小程序活动，邀请新人加入燕云，便有机会获得全新头饰“江上燕”和诸多好礼！接下来，不管是面对面畅谈江湖的“游侠直面会”，还是在游戏内外都玩出精彩的“少东家大会”，我们期待能和大家有更多机会交流，也期待在更大的舞台上，见证燕云少东家们的风采。不负春光，亦不负少东家！']。 —— 恭迎各位少东家：1.5.5版本现已开启！-,《 恭迎 各位 少东家 ： 1.5.5 版本 现 已 开启 ！ 》 : [ ' 二月初一 ， 燕子 来 时 。 1.5.5 版本 现 已 正式 开启 ， 诸多 新 的 玩法 、 活动 、 外观 、 优化 均 已 实装 上线 。 风沙酒肆 之外 ， 和鸣之音 奏响 ， 诸多 新 外观 现 已 上线 「 和鸣商店 」 。 【 一斩绛天 】 天 高 地 迥 ， 宇宙 无穷 ； 兴 尽 悲 来 ， 盈虚 有数 。 此 为 天命 ， 却 非 人命 。 吾辈 观 天道 ， 识 天数 ， 浴 碧血 。 纵 危楼 百尺 ， 亦 可 一 斩 以 绛天 。 「 积矩 九 剑 」 的 全新 武学 特效 【 一斩绛天 】 现 已 上架 。 游侠 现 可 前往 「 和鸣商店 」 ， 以 【 八音窍 】 兑换 获得 。 【 雪满川 】 太行 雪 满 ， 黄河 冰川 。 无边无际 的 冰寒 之下 ， 也曾 有 盼望 孕育 新生 的 春水 。 全新 外观 套装 【 雪满川 】 ， 现 已 限时 90天 上架 。 游侠 现 可 前往 「 和鸣商店 」 ， 以 【 八音窍 】 兑换 获得 。 【 瀚海 千山 】 霜发 三千丈 ， 烟花 一万 重 。 上 都 闻 战马 ， 穷 海 看 飞龙 。 全新 发型 【 瀚海 千山 】 ， 现 已 限时 90天 上架 。 游侠 现 可 前往 「 和鸣商店 」 ， 以 【 八音窍 】 兑换 获得 。 捏 脸 数据 来自 玩家 投稿 ： 星河 * 霁 ， 將 烟 * 柳 随着 1.5.5 版本 正式 开启 ， 不知不觉 间 ， 燕云 上线 已 超过 两个月 。 再 看 来时 路 ， 一点一滴 如 燕子 筑巢 ， 因 游侠 们 的 支持 鞭策 ， 江湖 雏形 才 日益 成长 。 斯 是 陋室 ， 优化 不停 。 我们 有 信心 ， 让 我们 共同 的 江湖 与 家 不断 变得 更 好 。 而 这 份 信心 ， 也 来自 各位 游侠 —— 我们 的 少东家 。 在 上线 后 的 这些 日子 里 ， 各种 创意 与 巧思 、 创作 与 分享 ， 我们 看到 大家 把 燕云 真正 玩 成 了 开放 与 自由 的 江湖 。 自发 的 ⻜⽑ 腿 ⼤ 赛 、 雀神 比拼 、 玩法 二 创 、 建筑 分享 、 自制 大片 、 各种 脑洞 开发 ...... 「 少东家 」 ， 是 游侠 们 初 入 江湖 时 的 身份 ， 也是 在 江湖 游历 中 ， 不断 诠释 和 丰富 的 形容 。 现实 中 ， 有 文学家 、 美术家 、 艺术家 ...... 在 江湖 ， 也 有 我们 的 “ 少东家 ” ！ 欢迎 各位 少东家 继续 在 各 平台 分享 自己 在 燕云 的 经历 和 见闻 ， 也 敬请 关注 我们 在 各 内容 平台 发起 的 “ 少东家 大会 ” 有奖 征集 活动 —— 不论是 外观 捏脸 、 ⻛景 拍照 、 游戏 整活 、 硬核 攻略 ...... 只要 带 上 # 燕云 少东家 话题 ， 一 眼 便 知 少东家 ！ 我们 也 会 努力 将 大家 的 脑洞 与 建议 ， 变成 更 多 有趣 的 内容 和 玩法 。 江湖 春回 ， 我们 也 想 邀请 少东家 一起 开 起 一 场 “ 春招 ” ， 希望 大家 把 燕云 分享 给 身边 的 朋友 ， 共 赴 江湖 精彩 。 头饰 · 江上燕燕子 特备 薄礼 —— 参与 下方 小 程序 活动 ， 邀请 新人 加入 燕云 ， 便 有 机会 获得 全新 头饰 “ 江上燕 ” 和 诸多 好礼 ！ 接下来 ， 不管是 面对面 畅谈 江湖 的 “ 游侠 直面会 ” ， 还是 在 游戏 内外 都 玩 出 精彩 的 “ 少东家 大会 ” ， 我们 期待 能 和 大家 有 更 多 机会 交流 ， 也 期待 在 更 大 的 舞台 上 ， 见证 燕云 少东家 们 的 风采 。 不 负 春光 ， 亦 不 负 少东家 ！ ' ],2025-02,恭迎各位少东家：1.5.5版本现已开启！
['正月至末，春风吹拂着江湖客，也卷起大漠深处的重重沙。当游侠们向朔北去，「风沙酒肆」横亘途中，但这里不一定是抚慰风沙的醉梦乡，也许是更多江湖秘闻的先导章。白昼将尽，赶路途中。游侠们，1.5.5版本明日开启，收拾行囊准备出发——在1.5.5版本的更新中，除了在风沙之地将有诸多新的经历，还有更多新活动、外观、玩法、优化即将陆续上线！十六巷计划于-进行停服维护更新，维护期间将暂时无法登录游戏，开服时间将根据实际情况可能提前或延后，请游侠合理安排游戏进度~停服维护期间，游侠将暂时无法登录游戏，因此给游侠带来的不便，十六巷深表歉意！我们将在维护结束后，为游侠奉上一份歉礼，请诸位游侠在维护结束后登录游戏查收。更多更新详情，请查看下图更新内容预告。游侠，里边儿请——']。 —— 更新前瞻丨1.5.5版本春风起，探风沙-,《 更新 前瞻 丨 1.5.5 版本 春风 起 ， 探 风沙 》 : [ ' 正月 至 末 ， 春风 吹拂 着 江湖客 ， 也 卷 起 大漠 深处 的 重重沙 。 当 游侠 们 向 朔北 去 ， 「 风沙酒肆 」 横亘 途中 ， 但 这里 不一定 是 抚慰 风沙 的 醉梦乡 ， 也许 是 更 多 江湖 秘闻 的 先导章 。 白昼 将 尽 ， 赶路 途中 。 游侠 们 ， 1.5.5 版本 明日 开启 ， 收拾 行囊 准备 出发 —— 在 1.5.5 版本 的 更新 中 ， 除了 在 风沙 之 地 将 有 诸多 新 的 经历 ， 还有 更 多 新 活动 、 外观 、 玩法 、 优化 即将 陆续 上线 ！ 十六巷 计划 于 进行 停服 维护 更新 ， 维护 期间 将 暂时 无法 登录 游戏 ， 开服 时间 将 根据 实际情况 可能 提前 或 延后 ， 请 游侠 合理 安排 游戏 进度 ~ 停服 维护 期间 ， 游侠 将 暂时 无法 登录 游戏 ， 因此 给 游侠 带来 的 不便 ， 十六巷 深表 歉意 ！ 我们 将 在 维护 结束 后 ， 为 游侠 奉 上 一 份 歉礼 ， 请 诸位 游侠 在 维护 结束 后 登录 游戏 查收 。 更 多 更新 详情 ， 请 查看 下图 更新 内容 预告 。 游侠 ， 里边儿 请 — — ' ],2025-02,更新前瞻丨1.5.5版本春风起，探风沙
['燕云之中高手如云，强者如林。若要论谁武功最高，那答案必然五花八门；可若要论江湖路上谁最难缠，有一个答案必然上榜，那就是——大鹅。清河乡间传闻，在「神仙渡西」至「不羡仙」路中，常常有鹅霸在耀武扬威，欺凌弱小，打得不知多少游侠丢盔弃甲，多少少东家抱头鼠窜。不过有道是人定胜天，也有人从大鹅的一举一动中悟出了武学真理。后经江湖中人传播改进，时至今日，又一全新奇术「以鹅之鸣」问世了！此招起手，乃是扼住鹅霸的咽喉控制其向前鸣叫，借其威势震慑敌手，营造出可观的屏息时间以供输出。正所谓拼搏半辈子，比不过鹅霸一嗓子。不但如此，鹅霸从少东家手上逃脱胡乱挣扎之时，还将对着正前方猛扑猛踢造成外功伤害，动物凶猛，莫要小觑！「以鹅之鸣」奇术将于更新后正式开放。若想习得此居家旅行打宝刷本必备之奇术，欢迎前往清河寻求机缘！在，还将有一套全新直售外观同步上线，届时游侠们可前往「商店」，以2580「长鸣珠」购得——【白龙】银鳞如甲，游龙若枪捏脸数据来自游侠投稿：星河*霁捏脸数据来自游侠投稿：將烟*柳除此之外，和鸣商店也将在这次更新中同步上新，更多详情，欢迎关注我们的后续公告！']。 —— 这一次，人类终于驯服了大鹅-,《 这 一次 ， 人类 终于 驯服 了 大 鹅 》 : [ ' 燕云 之中 高手如云 ， 强者 如 林 。 若要 论 谁 武功 最高 ， 那 答案 必然 五花八门 ； 可 若要 论 江湖路 上 谁 最 难缠 ， 有 一个 答案 必然 上榜 ， 那 就 是 —— 大 鹅 。 清河 乡间 传闻 ， 在 「 神仙 渡 西 」 至 「 不羡仙 」 路 中 ， 常常 有 鹅霸 在 耀武扬威 ， 欺凌 弱小 ， 打 得 不 知 多少 游侠 丢盔弃甲 ， 多少 少东家 抱头鼠窜 。 不过 有道是 人定胜天 ， 也 有人 从 大 鹅 的 一举一动 中 悟出 了 武学 真理 。 后 经 江湖 中 人 传播 改进 ， 时至今日 ， 又 一 全新 奇术 「 以 鹅 之 鸣 」 问世 了 ！ 此 招 起手 ， 乃是 扼住 鹅霸 的 咽喉 控制 其 向前 鸣叫 ， 借 其 威势 震慑 敌手 ， 营造 出 可观 的 屏息 时间 以 供 输出 。 正 所谓 拼搏 半辈子 ， 比不过 鹅霸 一 嗓子 。 不但 如此 ， 鹅霸 从 少东家 手 上 逃脱 胡乱 挣扎 之 时 ， 还 将 对着 正 前方 猛扑 猛 踢 造成 外功 伤害 ， 动物 凶猛 ， 莫 要 小觑 ！ 「 以 鹅 之 鸣 」 奇术 将 于 更新 后 正式 开放 。 若 想 习 得 此 居家 旅行 打宝 刷本 必备 之 奇术 ， 欢迎 前往 清河 寻求 机缘 ！ 在 ， 还 将 有 一套 全新 直售 外观 同步 上线 ， 届时 游侠 们 可 前往 「 商店 」 ， 以 2580 「 长鸣珠 」 购得 —— 【 白龙 】 银 鳞 如 甲 ， 游龙 若 枪 捏 脸 数 据 来自 游侠 投稿 ： 星河 * 霁 捏脸 数据 来自 游侠 投稿 ： 將 烟*柳 除 此 之外 ， 和鸣商店 也 将 在 这次 更新 中 同步 上新 ， 更 多 详情 ， 欢迎 关注 我们 的 后续 公告 ！ ' ],2025-02,这一次，人类终于驯服了大鹅
['边城沙漠，天然就是故事发生的舞台。狂沙烈酒、西风骏马、奇人异客，种种神秘又豪放的要素齐聚，可以组成不少引人入胜的武侠名场面。而近日燕云里，也有这样一个地方即将现世。「风沙酒肆」乃是一处隐匿于沙暴之中的情报圣地，号称可探天下万事之秘，往来江湖人士众多。往来的江湖客，将在此处获得随机的身份，或为侠客浪人，或为贩夫走卒，但凭这些身份走到何处，就各看游侠本事了。酒肆之中可进行诸多交际，比如与萍水相逢者划拳拼酒，推杯换盏间，也许得知了不为人知的秘辛，也许结交了气味相投的知己。另外还有专门的擂台，供江湖客们切磋武艺。不过此地风俗与中原武林不同，将会支持独有的三人pk模式。对热衷切磋娱乐的游侠来说，也将是别开生面的体验。暮色四合，狂风骤起之时，未能及时离去的游侠们，也可以下榻此处。夜深人静之时，被敲门声惊醒。门外，求助声有之，威胁声有之，喵喵汪汪声有之——究竟怎样做，才能不违内心的选择？「风沙酒肆」限时活动将于正式向游侠们开放，在酒肆中游历并参与活动，还能赢取全新成就、侠名以及配饰外观等奖励。若是得闲，不妨前往一观！除了这些即将登场的新内容，在近期的问卷调研中，我们收到了很多游侠的热情留言。感谢大家真诚的建议与鼓励，我们也想先对其中一些反馈，做快速回复。关于功能的优化——上线的这将近两个月的时间里，我们在优化上付出的精力，是不亚于对新内容的开发的。感谢大家，在不可一日而成的江湖，一直对燕云支持和包容。为了快速响应大家的反馈，目前游戏的优化，除了相对固定的周期更新，还有逐步增多的敏捷优化。比如，针对大家集中反馈的“装备获取难度高”“调律随机体验不佳”等问题，在本周，我们已快速为71阶金装增加了武器自选的功能，并预计在下周的更新中，继续实装优化：在消耗心力时可额外获得兑换道具，可用于兑换71阶指定部位和套装的金色装备、必定金色品质的调律材料，给大家提供更稳定的成长体验，同时会根据达到单人模式等级10级后消耗的全部心力，发放兑换道具补偿，保障此项优化对全部游侠都是公平的。同时，在后续版本中还会考虑通过增设保底、根据装备部位和武器类型差异化定制调律词条库等方式，在保障全部游侠权益的前提下，来继续优化装备培养体验。当然也有不少优化，确实不是靠敏捷行动就能实现的。在像战斗、硬件优化等模块中，有很多功能大家一直在催，我们一直在做。以“移动端手柄适配”为例，对我们来说这也是一个长期复杂的工程，需要从引擎层面重新开发和测试。比如，在做移动端的手柄适配的时候，曾有两个方案：一是将已经做好手柄适配的pc端界面移植到移动设备上，二是将移动端的页面上的按钮和功能模块替换为支持手柄操作的组件——但这都不可能做到全部界面都正好适配移动端，都需要再人工调整和适配ui界面。而为了更好地为大家带来移动端的手柄适配，我们分别尝试了两种方案，也测试了各个ui页面的手柄操作情况。在充分测试后，分别针对两种方案进行了部分界面的实际制作，根据体验效果，再选定正式方案为移动端适配。在从技术层面修复各个ui界面上的问题时，纯手工修改既耗时，又不可避免地会产生新的bug，甚至影响到原界面的功能。因此我们还基于这个需求敏捷开发了一个工具，能根据修改产生一个修改文件，只在特定条件下才让这个修改生效，能更便利精准地修复bug。好消息是，预计更新后，移动端的手柄优化将首次实装，欢迎大家测试体验，并给我们发来建议和反馈。另外，在刚上线时接到游侠关于站姿个性化诉求的反馈后，我们马上就确定了优化方案并且启动修改。在游戏状态中，基础站姿是一个非常重要的底层资产，从静止站立到起步、跑步、跳跃、探索解密、游泳、上下坐骑、进战、脱战、双人交互等等动画资源，全部非战斗状态，都需要与待机站姿衔接。即任何一个非战斗动作，都要制作从基础站姿到该动作的启动过渡动画，和从该动作到基础站姿的恢复过渡动画。其中，也涉及大量3c方面资源的调整，我们需要反复校验比较新老资源的帧数位移节奏等区别，非常担心3c模块资源有微弱的差别影响手感变化，3c体验如果不流畅，将极度影响游侠沉浸体验。为了保证尽快实装上线，一月中旬我们就已经进行批量修改测试，同时我们也在持续调研和关注大家对新站姿的需求。最终我们经过反复讨论，确定了基础的站姿方案，同时衔接多个不同的个性站姿允许玩家选择新的方案，这将在原定工作量上增加更长的开发周期。在开发过程中，我们也在持续吸收大家的意见和建议，后续也将在线上问卷回收/线下见面会等渠道，持续和大家沟通交流，首批站姿优化预计将内实装。江湖路远，想成为大侠确实需要时间与磨练。但以侠之名——答应大家的，一定会努力实现。关于接下来的河西——关于未来的内容，大家问得最多的就是“河西”。无论是在燕云的蓝图构想里，还是在我们团队的心中，河西都有着比较特别的位置。河西将是燕云公测后的第一个大版本更新，这里也有着截然不同的风光和充满新鲜感的体验。比如，在河西，我们大胆的以一种全新的形式突破了当下的框架，构建了一个“梦与诗”的世界，与以往的极致写实相比，河西将尝试写实与写意的结合，在历史的基础上，尝试描绘燕云迄今最浪漫的地图与最瑰丽的想象。与其说是这是一个新区域，这里更像是一个新故事和新概念。远在塞外的人外人与身外身，一切都是新奇的。三月下旬，我们就会正式抵达河西。（河西·玉门，开发中效果）河西将分为三个篇章/区域陆续展开。而第一个将开放的区域，我们称其为“玉门”。在风沙之中的遐想与希望，在诗情之中的归来与奇遇，还有众多新剧情、新挑战迫不及待想和大家分享。请再给我们一点时间，积沙成塔滴水石穿，我们会好好优化，速来相见。关于时装的优化——时装的设计和功能我们一直在不断尝试。未来的时装设计和开发中，我们会坚持燕云特有的武侠风格，也会努力在多样、丰富的个性化需求中做好写实与个性的平衡。针对当前时装系统的优化也在同步进行中，为了追求细致真实的材质与流畅的布料表现，我们选择了真实的物理引擎，但也带来了很多需要适配游戏复杂场景而进行的参数调整。因为有动作游戏的玩法，我们会在确保动作连贯与流畅表现的基础上，尽力解决穿插、不美观的问题，将陆续为更多时装提供更多自由拆分/搭配的部位，如“上下装拆分”搭配等，为大家提供更多自由搭配外观风格的可能性。包括新内容、新外观的预告，也有很多玩家在持续追问我们——为何更新预告总是最后才发？为何爆料时间总是很晚？为何剧情/玩法/外观等更新总是很慢？让喜欢和期待我们的玩家燥候，非常抱歉。当前千万级的玩家涌入，远超公司在上线前对燕云的预期。我们确实想要做得更好。但也难免要面对人手不足的困境。在目前的优化和开发流程中，很多事情确实要到最后一刻才能做到最好。甚至到了最后一秒的程度。所以从结果上来看，很多时候和游侠们的沟通确实会太晚了。包括有许多内容和优化，我们早就决定要做或是正在做的，因为还没有预研出完美的方案，或没达到我们心中的标准，就不愿意把一个半成品或是不确定结果的设想过早拿出来“画饼”。但是我们敢保证，不论是多晚的时间，都是我们在争取的第一时间。我们公开承诺了的，也都是会尽力做到的。强迫症是我们做内容的底气，但确实也是我们在工业化和流程化运行中的阵痛和困扰。但我们有信心解决这些问题，一定会尽快做出改变，通过更多样的方式和大家保持交流。比如下周即将进行的“游侠直面会”，以及还在规划中的“少东家大会”，后续我们会定时地办下去，在更多地方、更多城市和游侠们见面，也给更多玩家传达谢意。我们的团队一定不会在手忙脚乱中陷入盲目，一定会继续在各个方面成长，也欢迎全部热爱燕云和游戏行业的人士加入我们。关于我们的最近——玉门有迎面而来的风沙，也有新来的燕子，没那么娴熟地扑腾着翅膀赶往春天。燕云是一个成长中的团队，这点没有变过。在艰难的创作和上线过程之后，我们更加珍视游戏内容，也更加珍视游戏玩家。从过去到未来，我们坚定地反对一切歧视、仇恨、极端的言论。我们曾说过一句狂言——做“全部人的武侠”，这很难，但我们想试试。公测之前我们曾经说过不卖数值，外观付费。也说过我们希望降低游戏的紧迫感，不绑架日常。还说过我们希望用涌现化的叙事，带给大家真正沉浸感的武侠开放世界。但在当时真心话会被当作套路话。我们曾经为此痛苦。但也明白在没有看到游戏上线内容时，即使给出真心承诺，狂言不成为现实，就只能是狂言。我们还想再证明一次，和各位游侠一起。侠为其声，且听且看，行胜于言。']。 —— 「风沙酒肆」即将现世，制作组问卷调研回信-,《 「 风沙酒肆 」 即将 现世 ， 制作组 问卷 调研 回信 》 : [ ' 边城 沙漠 ， 天然 就 是 故事 发生 的 舞台 。 狂沙 烈酒 、 西风 骏马 、 奇人异客 ， 种种 神秘 又 豪放 的 要素 齐聚 ， 可以 组成 不少 引人入胜 的 武侠名 场面 。 而 近日 燕云 里 ， 也 有 这样 一个 地方 即将 现世 。 「 风沙酒肆 」 乃是 一 处 隐匿 于 沙暴 之中 的 情报 圣地 ， 号称 可 探 天下 万事 之 秘 ， 往来 江湖 人士 众多 。 往来 的 江湖客 ， 将 在 此处 获得 随机 的 身份 ， 或 为 侠客 浪人 ， 或 为 贩夫走卒 ， 但 凭 这些 身份 走 到 何处 ， 就 各 看 游侠 本事 了 。 酒肆 之中 可 进行 诸多 交际 ， 比如 与 萍水相逢 者 划拳 拼酒 ， 推杯换盏 间 ， 也许 得知 了 不 为 人 知 的 秘辛 ， 也许 结交 了 气味相投 的 知己 。 另外 还有 专门 的 擂台 ， 供 江湖客 们 切磋 武艺 。 不过 此地 风俗 与 中原 武林 不同 ， 将 会 支持 独有 的 三 人 pk 模式 。 对 热衷 切磋 娱乐 的 游侠 来说 ， 也 将 是 别开生面 的 体验 。 暮色 四合 ， 狂风 骤起 之 时 ， 未能 及时 离去 的 游侠 们 ， 也 可以 下榻 此处 。 夜深人静 之 时 ， 被 敲门声 惊醒 。 门外 ， 求助声 有 之 ， 威胁声 有 之 ， 喵喵汪汪 声 有 之 —— 究竟 怎样 做 ， 才 能 不 违 内心 的 选择 ？ 「 风沙酒肆 」 限时 活动 将 于 正式 向 游侠 们 开放 ， 在 酒肆 中 游历 并 参与 活动 ， 还 能 赢取 全新 成就 、 侠名 以及 配饰 外观 等 奖励 。 若是 得闲 ， 不妨 前往 一 观 ！ 除了 这些 即将 登场 的 新 内容 ， 在 近期 的 问卷 调研 中 ， 我们 收到 了 很多 游侠 的 热情 留言 。 感谢 大家 真诚 的 建议 与 鼓励 ， 我们 也 想 先 对 其中 一些 反馈 ， 做 快速 回复 。 关于 功能 的 优化 —— 上线 的 这 将近 两个月 的 时间 里 ， 我们 在 优化 上 付出 的 精力 ， 是 不亚于 对 新 内容 的 开发 的 。 感谢 大家 ， 在 不可 一日 而 成 的 江湖 ， 一直 对 燕云 支持 和 包容 。 为了 快速 响应 大家 的 反馈 ， 目前 游戏 的 优化 ， 除了 相对 固定 的 周期 更新 ， 还有 逐步 增多 的 敏捷 优化 。 比如 ， 针对 大家 集中 反馈 的 “ 装备 获取 难度 高 ” “ 调律 随机 体验 不佳 ” 等 问题 ， 在 本周 ， 我们 已 快速 为 71阶 金装 增加 了 武器 自选 的 功能 ， 并 预计 在 下周 的 更新 中 ， 继续 实装 优化 ： 在 消耗 心力 时 可 额外 获得 兑换 道具 ， 可 用于 兑换 71阶 指定 部位 和 套装 的 金色 装备 、 必定 金色 品质 的 调律 材料 ， 给 大家 提供 更 稳定 的 成长 体验 ， 同时 会 根据 达到 单人 模式 等级 10级 后 消耗 的 全部 心力 ， 发放 兑换 道具 补偿 ， 保障 此 项 优化 对 全部 游侠 都是 公平 的 。 同时 ， 在 后续 版本 中 还 会 考虑 通过 增设 保底 、 根据 装备 部位 和 武器 类型 差异化 定制 调律词 条库 等 方式 ， 在 保障 全部 游侠 权益 的 前提 下 ， 来 继续 优化 装备 培养 体验 。 当然 也 有 不少 优化 ， 确实 不是 靠 敏捷 行动 就 能 实现 的 。 在 像 战斗 、 硬件 优化 等 模块 中 ， 有 很多 功能 大家 一直 在 催 ， 我们 一直 在 做 。 以 “ 移动端 手柄 适配 ” 为 例 ， 对 我们 来说 这 也是 一个 长期 复杂 的 工程 ， 需要 从 引擎 层面 重新 开发 和 测试 。 比如 ， 在 做 移动端 的 手柄 适配 的 时候 ， 曾 有 两个 方案 ： 一 是 将 已经 做好 手柄 适配 的 pc端 界面 移植 到 移动端 上 ， 二 是 将 移动端 的 页面 上 的 按钮 和 功能 模块 替换 为 支持 手柄 操作 的 组件 —— 但 这 都 不可能 做到 全部 界面 都 正好 适配 移动端 ， 都 需要 再 人工 调整 和 适配 ui 界面 。 而 为了 更 好 地 为 大家 带来 移动端 的 手柄 适配 ， 我们 分别 尝试 了 两种 方案 ， 也 测试 了 各个 ui 页面 的 手柄 操作 情况 。 在 充分 测试 后 ， 分别 针对 两种 方案 进行 了 部分 界面 的 实际 制作 ， 根据 体验 效果 ， 再 选定 正式 方案 为 移动端 适配 。 在 从 技术 层面 修复 各个 ui 界面 上 的 问题 时 ， 纯 手工 修改 既 耗时 ， 又 不可 避免 地 会 产生 新 的 bug ， 甚至 影响 到 原 界面 的 功能 。 因此 我们 还 基于 这个 需求 敏捷 开发 了 一个 工具 ， 能 根据 修改 产生 一个 修改 文件 ， 只 在 特定 条件 下 才 让 这个 修改 生效 ， 能 更 便利 精准 地 修复 bug 。 好消息 是 ， 预计 更新 后 ， 移动端 的 手柄 优化 将 首次 实装 ， 欢迎 大家 测试 体验 ， 并 给 我们 发 来 建议 和 反馈 。 另外 ， 在 刚 上线 时 接到 游侠 关于 站姿 个性化 诉求 的 反馈 后 ， 我们 马上 就 确定 了 优化 方案 并且 启动 修改 。 在 游戏 状态 中 ， 基础 站姿 是 一个 非常 重要 的 底层 资产 ， 从 静止 站立 到 起步 、 跑步 、 跳跃 、 探索 解密 、 游泳 、 上下 坐骑 、 进战 、 脱战 、 双 人 交互 等等 动画 资源 ， 全部 非 战斗 状态 ， 都 需要 与 待机 站姿 衔接 。 即 任何 一个 非 战斗 动作 ， 都 要 制作 从 基础 站姿 到 该 动作 的 启动 过渡 动画 ， 和 从 该 动作 到 基础 站姿 的 恢复 过渡 动画 。 其中 ， 也 涉及 大量 3c 方面 资源 的 调整 ， 我们 需要 反复 校验 比较 新 老 资源 的 帧数 位移 节奏 等 区别 ， 非常 担心 3c 模块 资源 有 微弱 的 差别 影响 手感 变化 ， 3c 体验 如果 不 流畅 ， 将 极度 影响 游侠 沉浸 体验 。 为了 保证 尽快 实装 上线 ， 一月中旬 我们 就 已经 进行 批量 修改 测试 ， 同时 我们 也 在 持续 调研 和 关注 大家 对 新 站姿 的 需求 。 最终 我们 经过 反复 讨论 ， 确定 了 基础 的 站姿 方案 ， 同时 衔接 多个 不同 的 个性 站姿 允许 玩家 选择 新 的 方案 ， 这 将 在 原定 工作量 上 增加 更 长 的 开发 周期 。 在 开发 过程 中 ， 我们 也 在 持续 吸收 大家 的 意见 和 建议 ， 后续 也 将 在 线上 问卷 回收 / 线下 见面会 等 渠道 ， 持续 和 大家 沟通 交流 ， 首批 站姿 优化 预计 将 内 实装 。 江湖 路 远 ， 想 成为 大侠 确实 需要 时间 与 磨练 。 但 以 侠 之 名 —— 答应 大家 的 ， 一定 会 努力 实现 。 关于 接下来 的 河西 —— 关于 未来 的 内容 ， 大家 问 得 最多 的 就 是 “ 河西 ” 。 无论是 在 燕云 的 蓝图 构想 里 ， 还是 在 我们 团队 的 心中 ， 河西 都 有着 比较 特别 的 位置 。 河西 将 是 燕云 公测 后 的 第一个 大 版本 更新 ， 这里 也 有着 截然不同 的 风光 和 充满 新鲜感 的 体验 。 比如 ， 在 河西 ， 我们 大胆 的 以 一种 全新 的 形式 突破 了 当下 的 框架 ， 构建 了 一个 “ 梦 与 诗 ” 的 世界 ， 与 以往 的 极致 写实 相比 ， 河西 将 尝试 写实 与 写意 的 结合 ， 在 历史 的 基础 上 ， 尝试 描绘 燕云 迄今 最 浪漫 的 地图 与 最 瑰丽 的 想象 。 与其 说 是 这是 一个 新 区域 ， 这里 更 像 是 一个 新 故事 和 新 概念 。 远在 塞外 的 人外人 与 身外身 ， 一切 都是 新奇 的 。 三月下旬 ， 我们 就 会 正式 抵达 河西 。 （ 河西 · 玉门 ， 开发 中 效果 ） 河西 将 分为 三个 篇章 / 区域 陆续 展开 。 而 第一个 将 开放 的 区域 ， 我们 称 其 为 “ 玉门 ” 。 在 风沙 之中 的 遐想 与 希望 ， 在 诗情 之中 的 归来 与 奇遇 ， 还有 众多 新 剧情 、 新 挑战 迫不及待 想 和 大家 分享 。 请 再 给 我们 一点 时间 ， 积沙成塔 滴水 石穿 ， 我们 会 好好 优化 ， 速 来 相见 。 关于 时装 的 优化 —— 时装 的 设计 和 功能 我们 一直 在 不断 尝试 。 未来 的 时装 设计 和 开发 中 ， 我们 会 坚持 燕云 特有 的 武侠 风格 ， 也 会 努力 在 多样 、 丰富 的 个性化 需求 中 做好 写实 与 个性 的 平衡 。 针对 当前 时装 系统 的 优化 也 在 同步 进行 中 ， 为了 追求 细致 真实 的 材质 与 流畅 的 布料 表现 ， 我们 选择 了 真实 的 物理 引擎 ， 但 也 带来 了 很多 需要 适配 游戏 复杂 场景 而 进行 的 参数 调整 。 因为 有 动作 游戏 的 玩法 ， 我们 会 在 确保 动作 连贯 与 流畅 表现 的 基础 上 ， 尽力 解决 穿插 、 不 美观 的 问题 ， 将 陆续 为 更 多 时装 提供 更 多 自由 拆分 / 搭配 的 部位 ， 如 “ 上下装 拆分 ” 搭配 等 ， 为 大家 提供 更 多 自由 搭配 外观 风格 的 可能性 。 包括 新 内容 、 新 外观 的 预告 ， 也 有 很多 玩家 在 持续 追问 我们 —— 为何 更新 预告 总是 最后 才 发 ？ 为何 爆料 时间 总是 很 晚 ？ 为何 剧情 / 玩法 / 外观 等 更新 总是 很 慢 ？ 让 喜欢 和 期待 我们 的 玩家 燥候 ， 非常 抱歉 。 当前 千万级 的 玩家 涌入 ， 远超公司 在 上线 前 对 燕云 的 预期 。 我们 确实 想 要 做 得 更 好 。 但 也 难免 要 面对 人手 不足 的 困境 。 在 目前 的 优化 和 开发 流程 中 ， 很多 事情 确实 要 到 最后 一刻 才 能 做到 最好 。 甚至 到 了 最后 一 秒 的 程度 。 所以 从 结果 上 来看 ， 很多 时候 和 游侠 们 的 沟通 确实 会 太 晚 了 。 包括 有 许多 内容 和 优化 ， 我们 早就 决定 要 做 或是 正在 做 的 ， 因为 还 没有 预研 出 完美 的 方案 ， 或 没 达到 我们 心中 的 标准 ， 就 不 愿意 把 一个 半成品 或是 不 确定 结果 的 设想 过早 拿 出来 “ 画饼 ” 。 但是 我们 敢 保证 ， 不论是 多 晚 的 时间 ， 都是 我们 在 争取 的 第一 时间 。 我们 公开 承诺 了 的 ， 也 都是 会 尽力 做到 的 。 强迫症 是 我们 做 内容 的 底气 ， 但 确实 也是 我们 在 工业化 和 流程化 运行 中 的 阵痛 和 困扰 。 但 我们 有 信心 解决 这些 问题 ， 一定 会 尽快 做出 改变 ， 通过 更 多样 的 方式 和 大家 保持 交流 。 比如 下周 即将 进行 的 “ 游侠 直面会 ” ， 以及 还 在 规划 中 的 “ 少东家 大会 ” ， 后续 我们 会 定时 地 办 下去 ， 在 更 多 地方 、 更 多 城市 和 游侠 们 见面 ， 也 给 更 多 玩家 传达 谢意 。 我们 的 团队 一定 不会 在 手忙脚乱 中 陷入 盲目 ， 一定 会 继续 在 各个 方面 成长 ， 也 欢迎 全部 热爱 燕云 和 游戏 行业 的 人士 加入 我们 。 关于 我们 的 最近 —— 玉门 有 迎面 而 来 的 风沙 ， 也 有 新 来 的 燕子 ， 没 那么 娴熟 地 扑腾 着 翅膀 赶往 春天 。 燕云 是 一个 成长 中 的 团队 ， 这点 没有 变 过 。 在 艰难 的 创作 和 上线 过程 之后 ， 我们 更加 珍视 游戏 内容 ， 也 更加 珍视 游戏 玩家 。 从 过去 到 未来 ， 我们 坚定 地 反对 一切 歧视 、 仇恨 、 极端 的 言论 。 我们 曾 说 过 一 句 狂言 —— 做 “ 全部 人 的 武侠 ” ， 这 很难 ， 但 我们 想 试试 。 公测 之前 我们 曾经 说 过 不 卖 数值 ， 外观 付费 。 也 说 过 我们 希望 降低 游戏 的 紧迫感 ， 不 绑架 日常 。 还 说 过 我们 希望 用 涌现化 的 叙事 ， 带 给 大家 真正 沉浸感 的 武侠 开放世界 。 但 在 当时 真心话 会 被 当作 套路话 。 我们 曾经 为此 痛苦 。 但 也 明白 在 没有 看到 游戏 上线 内容 时 ， 即使 给 出 真心 承诺 ， 狂言 不 成为 现实 ， 就 只能 是 狂言 。 我们 还 想 再 证明 一次 ， 和 各位 游侠 一起 。 侠为其声 ， 且 听 且 看 ， 行胜于 言 。 ' ],2025-02,「风沙酒肆」即将现世，制作组问卷调研回信
['承蒙游侠们厚爱，1.5版本「灯火暖千家」开启以来，我们收到了众多宝贵的建议与反馈。不负春光，亦不负游侠。我们一定会继续好好做游戏，踏实搞优化。在1.5版本上线后，我们也对游戏进行了持续的优化调整，争取第一时间修复各类问题。以下优化修复已陆续实装，欢迎大家查看下方优化日志，也请游侠们继续监督和鞭策，为我们继续建言——【-】◆体验优化◆1、优化了活动「福舟寄彩宵」的体验，可以跳过任务对话，任务对话时可以屏蔽其他游侠的显示。2、优化了活动「官财坊」的匹配体验，支持3人匹配，并且在达到4人后可以直接开始，同时游侠在匹配成功后可以直接落座。3、优化了活动「官财坊」在「动作模式」的体验，可以唤起鼠标进行操作。4、优化了活动「官财坊」在移动端的操作体验。5、优化了活动「官财坊」在移动端的显示效果，提高了模型精度。6、优化了活动「官财坊」自动质疑的提示文本，原因说明将更加精确。7、优化了「心法转换」的提示，心法进度互换的提示将更加精确，并且在转换确认时增加了5秒倒计时，减少误操作。8、优化了同游玩法「闲趣-雀神争霸」的胡牌提示，避免遮挡牌面。9、优化了开封残章「乘龙弄月」在移动端跟随萧史逃跑的体验，提升交互操作的容错。10、优化了清河奇遇「死生错」的体验，适当降低了部分战斗的难度。◆bug修复◆1、修复了装备被放入「武库」后异常遗失的问题，遗失的装备正在紧急处理中。2、修复了时装「云遥鹤影」服装在蹲下时异常穿模的问题。3、修复了时装「白衣修罗」在穿戴发型时会错误显示面饰「修罗业」的问题。4、修复了「外观-染色」按钮在移动端未能生效的问题。5、修复了时装「九间当铺」服装部分区域染色异常的问题6、修复了活动「福舟寄彩宵」任务有一定概率无法完成的问题。7、修复了活动「福舟寄彩宵」福舟模型有一定概率异常消失的问题。8、修复了活动「官财坊」成功匹配后有一定概率未能正常加入，以及无法落座的问题。9、修复了活动「官财坊」部分奖励未能正常重置的问题。10、修复了活动「官财坊」周常任务有一定概率刷新异常的问题。11、修复了活动「官财坊」在三个或以上对手的手牌出完后，轮到游侠时有一定概率阻塞的问题。12、修复了活动「官财坊」有一定概率看不到手的问题。13、修复了活动「官财坊」在惩罚喝酒时酒壶数量异常的问题。14、修复了活动「官财坊」在移动端有一定概率出现白板牌面的问题。15、修复了「提升指南-培养指引」部分提升条目在点击后未能正确跳转的问题。16、修复了「单人模式等级」在突破十级后仍旧有一定概率掉落「61阶装备」的问题。17、修复了「装备调律」在同时使用增加调律经验的材料与指定调律词条品质的材料时，会错误提示只生效一个的问题。18、修复了部分「71阶装备」在进行「调律」时有一定概率失败的问题，并已通过邮件返还全部异常消耗的材料。19、修复了部分「装备」词条的品质颜色在临界状态时显示异常的问题。20、修复了武学「无名枪法-天赋-会意伤害提升」在耐力低于60%时未正常生效的问题。21、修复了心法「逐狼心经」0重连击数增加效果在多人情况下有一定概率无法生效的问题。22、修复了奇术「狮吼正声」引爆蟾毒时伤害异常的问题。23、修复了同游玩法「侠境-同悲红尘劫」和「试剑-赤霄惊梦·极」中，游侠选择补位二阶段首领匹配时有一定概率导致队伍通关时间统计异常的问题。24、修复了同游玩法「侠境-同悲红尘劫」首领「舞狮兄弟」的铜钱球有一定概率无法打破的问题。25、修复了同游玩法「侠境-同悲红尘劫」中，首领「鬼公子」有一定概率被拉入水中的问题，以及轿子有一定概率卡住游侠的问题。26、修复了同游玩法「侠境-同悲红尘劫」首领「鬼公子」天赋解锁条件失效的问题，击杀全部抬轿子纸人的统计将恢复正常。27、修复了同游玩法「止戈-觉障林」在退出后，武林造诣有一定概率降低的问题。28、修复了同游玩法「闯荡-福地修炼」进入区域后有一定概率无法开始修炼的问题。29、修复了「试炼」玩法中首领「容鸢」有一定概率无法挑战的问题。30、修复了「试炼-切换搭配」有一定概率切换失败的问题。31、修复了门派「青溪」与「孤云」在误触发违反门规时，守律值错误扣除的问题。32、修复了「百业-破军杀将」的增益效果在「试炼」玩法异常生效的问题。33、修复了「海捕悬赏」有一定概率无法正常进入场景，以及传送坐标异常的问题。34、修复了「诬陷悬赏」点赞数量统计异常的问题。35、修复了玩法「有囚必应」游侠被邀请加入后，其阵营有一定概率错误的问题。36、修复了「画舫」点击传音时有一定概率领取红包的问题。37、修复了「聊天-通知-系统消息」道具说明弹窗一定概率使未能正常显示的问题。38、修复了「群聊房间」名称使用颜色代码时有一定概率显示异常的问题。39、修复了「赠礼」通知有一定概率重复发送的问题。40、修复了「剧情回溯」有一定概率出现地图回溯错误剧情、回溯结束异常、动画播放异常、传送坐标错误、场景天气异常、进战异常、移动端资源异常、黑屏时间过长、任务图标异常等问题。41、修复了市买商人乔红药在开封侠迹「瓦肆奇人」过程中未能正常显示的问题。42、修复了清河奇遇「道人梦驴」有一定概率阻塞的问题，道具「黑心驴肉火烧」将可以重复购买获得。43、修复了开封万事知「鲁墨之辩」在帮助船工寻回钱袋后有一定概率无法触发后续剧情的问题。游侠可以前往「梓匠居-鲁班祠」，与神秘人对话开启后续剧情。44、修复了成就「春色争妍四和香」有一定概率无法完成的问题。45、修复了侠名「小红娘」获取路径描述错误的问题。除了以上已经陆续实装的优化外，游戏内也将迎来商店上新——游侠可在后前往「商店」，以680【长鸣珠】购得【黄钟蕴声·二选一宝箱】，其中包含外观套装【封侯】或外观套装【云遥鹤影】。此外，游侠们也可以在上线的新活动“冬辞春迎”中，获得袅袅之音、置景【奇石人·七】等奖励。「演练场」玩法也将于开启，具体开启时间请以游戏内为准！游侠在与首领进行战斗后，即可通过「试炼-首领」界面进入该首领的「演练场」玩法。游侠可以与首领反复进行战斗练习（部分首领支持选择特定阶段），战斗时也不会消耗自身携带的「药品」与「天工开物」。同时，首领的伤害数值较低，即使战斗失败也不会降低装备耐久度。下周，我们也将开启1.5.5版本的更新，诸多新的外观、玩法、活动、功能优化将陆续登场。此外，下周我们也将开启一场小型的线下游侠直面会，欢迎大家填写游戏内问卷报名。未来我们不仅想与游侠们有更多持续交流的机会，也希望在更多的舞台上，和少东家们共同见证燕云的未来。冬辞春归，燕子会带着更多好消息归来，也请关注我们的后续的动态！']。 —— 1.5版本优化日志，踏实搞优化！-,《 1.5 版本 优化 日志 ， 踏实 搞 优化 ！ 》 : [ ' 承蒙 游侠 们 厚爱 ， 1.5 版本 「 灯火 暖 千家 」 开启 以来 ， 我们 收到 了 众多 宝贵 的 建议 与 反馈 。 不 负 春光 ， 亦 不 负 游侠 。 我们 一定 会 继续 好好 做 游戏 ， 踏实 搞 优化 。 在 1.5 版本 上线 后 ， 我们 也 对 游戏 进行 了 持续 的 优化 调整 ， 争取 第一 时间 修复 各类 问题 。 以下 优化 修复 已 陆续 实装 ， 欢迎 大家 查看 下方 优化 日志 ， 也 请 游侠 们 继续 监督 和 鞭策 ， 为 我们 继续 建言 —— 【 】 ◆ 体验 优化 ◆1 、 优化 了 活动 「 福舟 寄 彩宵 」 的 体验 ， 可以 跳 过 任务 对话 ， 任务 对话 时 可以 屏蔽 其他 游侠 的 显示 。 2 、 优化 了 活动 「 官财坊 」 的 匹配 体验 ， 支持 3 人 匹配 ， 并且 在 达到 4 人 后 可以 直接 开始 ， 同时 游侠 在 匹配 成功 后 可以 直接 落座 。 3 、 优化 了 活动 「 官财坊 」 在 「 动作 模式 」 的 体验 ， 可以 唤起 鼠标 进行 操作 。 4 、 优化 了 活动 「 官财坊 」 在 移动端 的 操作 体验 。 5 、 优化 了 活动 「 官财坊 」 在 移动端 的 显示 效果 ， 提高 了 模型 精度 。 6 、 优化 了 活动 「 官财坊 」 自动 质疑 的 提示 文本 ， 原因 说明 将 更加 精确 。 7 、 优化 了 「 心法 转换 」 的 提示 ， 心法 进度 互换 的 提示 将 更加 精确 ， 并且 在 转换 确认 时 增加 了 5秒 倒计时 ， 减少 误 操作 。 8 、 优化 了 同游玩法 「 闲趣 雀神 争霸 」 的 胡牌 提示 ， 避免 遮挡 牌面 。 9 、 优化 了 开封 残章 「 乘龙弄月 」 在 移动端 跟随 萧史 逃跑 的 体验 ， 提升 交互 操作 的 容错 。 10 、 优化 了 清河 奇遇 「 死 生 错 」 的 体验 ， 适当 降低 了 部分 战斗 的 难度 。 ◆bug 修复 ◆1 、 修复 了 装备 被 放 入 「 武库 」 后 异常 遗失 的 问题 ， 遗失 的 装备 正在 紧急 处理 中 。 2 、 修复 了 时装 「 云遥鹤影 」 服装 在 蹲 下 时 异常 穿模 的 问题 。 3 、 修复 了 时装 「 白衣修罗 」 在 穿戴 发型 时 会 错误 显示 面饰 「 修罗业 」 的 问题 。 4 、 修复 了 「 外观 染色 」 按钮 在 移动端 未能 生效 的 问题 。 5 、 修复 了 时装 「 九间 当铺 」 服装 部分 区域 染色 异常 的 问题 6 、 修复 了 活动 「 福舟 寄 彩宵 」 任务 有 一定 概率 无法 完成 的 问题 。 7 、 修复 了 活动 「 福舟 寄彩宵 」 福舟 模型 有 一定 概率 异常 消失 的 问题 。 8 、 修复 了 活动 「 官财坊 」 成功 匹配 后 有 一定 概率 未能 正常 加入 ， 以及 无法 落座 的 问题 。 9 、 修复 了 活动 「 官财坊 」 部分 奖励 未能 正常 重置 的 问题 。 10 、 修复 了 活动 「 官财坊 」 周常 任务 有 一定 概率 刷新 异常 的 问题 。 11 、 修复 了 活动 「 官财坊 」 在 三个 或 以上 对手 的 手牌 出 完 后 ， 轮 到 游侠 时 有 一定 概率 阻塞 的 问题 。 12 、 修复 了 活动 「 官财坊 」 有 一定 概率 看 不 到 手 的 问题 。 13 、 修复 了 活动 「 官财坊 」 在 惩罚 喝酒 时 酒壶 数量 异常 的 问题 。 14 、 修复 了 活动 「 官财坊 」 在 移动端 有 一定 概率 出现 白板 牌面 的 问题 。 15 、 修复 了 「 提升 指南 培养 指引 」 部分 提升 条目 在 点击 后 未能 正确 跳 转 的 问题 。 16 、 修复 了 「 单人 模式 等级 」 在 突破 十级 后 仍旧 有 一定 概率 掉落 「 61阶 装备 」 的 问题 。 17 、 修复 了 「 装备 调律 」 在 同时 使用 增加 调律 经验 的 材料 与 指定 调律 词条 品质 的 材料 时 ， 会 错误 提示 只 生效 一个 的 问题 。 18 、 修复 了 部分 「 71阶 装备 」 在 进行 「 调律 」 时 有 一定 概率 失败 的 问题 ， 并 已 通过 邮件 返还 全部 异常 消耗 的 材料 。 19 、 修复 了 部分 「 装备 」 词条 的 品质 颜色 在 临界 状态 时 显示 异常 的 问题 。 20 、 修复 了 武学 「 无名 枪法 天赋 会意 伤害 提升 」 在 耐力 低于 60% 时 未 正常 生效 的 问题 。 21 、 修复 了 心法 「 逐 狼 心经 」 0 重 连击数 增加 效果 在 多 人 情况 下 有 一定 概率 无法 生效 的 问题 。 22 、 修复 了 奇术 「 狮吼正声 」 引爆 蟾毒 时 伤害 异常 的 问题 。 23 、 修复 了 同游玩法 「 侠境 同悲 红尘劫 」 和 「 试剑 赤霄 惊梦 · 极 」 中 ， 游侠 选择 补位 二 阶段 首领 匹配 时 有 一定 概率 导致 队伍 通关 时间 统计 异常 的 问题 。 24 、 修复 了 同游玩法 「 侠境 同悲 红尘劫 」 首领 「 舞狮 兄弟 」 的 铜钱球 有 一定 概率 无法 打破 的 问题 。 25 、 修复 了 同游玩法 「 侠境 同悲 红尘劫 」 中 ， 首领 「 鬼 公子 」 有 一定 概率 被 拉 入 水 中 的 问题 ， 以及 轿子 有 一定 概率 卡 住 游侠 的 问题 。 26 、 修复 了 同游玩法 「 侠境 同悲 红尘劫 」 首领 「 鬼 公子 」 天赋 解锁 条件 失效 的 问题 ， 击杀 全部 抬轿子 纸人 的 统计 将 恢复 正常 。 27 、 修复 了 同游玩法 「 止戈 觉障林 」 在 退出 后 ， 武林 造诣 有 一定 概率 降低 的 问题 。 28 、 修复 了 同游玩法 「 闯荡 福地 修炼 」 进入 区域 后 有 一定 概率 无法 开始 修炼 的 问题 。 29 、 修复 了 「 试炼 」 玩法 中 首领 「 容鸢 」 有 一定 概率 无法 挑战 的 问题 。 30 、 修复 了 「 试炼 切换 搭配 」 有 一定 概率 切换 失败 的 问题 。 31 、 修复 了 门派 「 青溪 」 与 「 孤云 」 在 误 触发 违反 门规 时 ， 守律值 错误 扣除 的 问题 。 32 、 修复 了 「 百业 破军杀将 」 的 增益 效果 在 「 试炼 」 玩法 异常 生效 的 问题 。 33 、 修复 了 「 海捕 悬赏 」 有 一定 概率 无法 正常 进入 场景 ， 以及 传送 坐标 异常 的 问题 。 34 、 修复 了 「 诬陷 悬赏 」 点赞 数量 统计 异常 的 问题 。 35 、 修复 了 玩法 「 有 囚 必 应 」 游侠 被 邀请 加入 后 ， 其 阵营 有 一定 概率 错误 的 问题 。 36 、 修复 了 「 画舫 」 点击 传音 时 有 一定 概率 领取 红包 的 问题 。 37 、 修复 了 「 聊天 通知 系统 消息 」 道具 说明 弹窗 一定 概率 使 未能 正常 显示 的 问题 。 38 、 修复 了 「 群聊 房间 」 名称 使用 颜色 代码 时 有 一定 概率 显示 异常 的 问题 。 39 、 修复 了 「 赠礼 」 通知 有 一定 概率 重复 发送 的 问题 。 40 、 修复 了 「 剧情 回溯 」 有 一定 概率 出现 地图 回溯 错误 剧情 、 回溯 结束 异常 、 动画 播放 异常 、 传送 坐标 错误 、 场景 天气 异常 、 进战 异常 、 移动端 资源 异常 、 黑屏 时间 过 长 、 任务 图标 异常 等 问题 。 41 、 修复 了 市 买 商人 乔红药 在 开封 侠迹 「 瓦肆 奇人 」 过程 中 未能 正常 显示 的 问题 。 42 、 修复 了 清河 奇遇 「 道人 梦驴 」 有 一定 概率 阻塞 的 问题 ， 道具 「 黑心 驴肉 火烧 」 将 可以 重复 购买 获得 。 43 、 修复 了 开封 万事 知 「 鲁墨 之 辩 」 在 帮助 船工 寻回 钱袋 后 有 一定 概率 无法 触发 后续 剧情 的 问题 。 游侠 可以 前往 「 梓匠居 鲁班祠 」 ， 与 神秘人 对话 开启 后续 剧情 。 44 、 修复 了 成就 「 春色 争 妍 四 和 香 」 有 一定 概率 无法 完成 的 问题 。 45 、 修复 了 侠名 「 小 红娘 」 获取 路径 描述 错误 的 问题 。 除了 以上 已经 陆续 实装 的 优化 外 ， 游戏 内 也 将 迎来 商店 上 新 —— 游侠 可 在 后 前往 「 商店 」 ， 以 680 【 长鸣珠 】 购得 【 黄钟 蕴声 · 二 选 一 宝箱 】 ， 其中 包含 外观 套装 【 封侯 】 或 外观 套装 【 云遥鹤影 】 。 此外 ， 游侠 们 也 可以 在 上线 的 新 活动 “ 冬辞 春迎 ” 中 ， 获得 袅袅之音 、 置景 【 奇石人 · 七 】 等 奖励 。 「 演练场 」 玩法 也 将 于 开启 ， 具体 开启 时间 请 以 游戏 内 为 准 ！ 游侠 在 与 首领 进行 战斗 后 ， 即可 通过 「 试炼 首领 」 界面 进入 该 首领 的 「 演练场 」 玩法 。 游侠 可以 与 首领 反复 进行 战斗 练习 （ 部分 首领 支持 选择 特定 阶段 ） ， 战斗 时 也 不会 消耗 自身 携带 的 「 药品 」 与 「 天工开物 」 。 同时 ， 首领 的 伤害 数值 较低 ， 即使 战斗 失败 也 不会 降低 装备 耐久度 。 下周 ， 我们 也 将 开启 1.5.5 版本 的 更新 ， 诸多 新 的 外观 、 玩法 、 活动 、 功能 优化 将 陆续 登场 。 此外 ， 下周 我们 也 将 开启 一 场 小型 的 线下 游侠 直面会 ， 欢迎 大家 填写 游戏 内 问卷 报名 。 未来 我们 不仅 想 与 游侠 们 有 更 多 持续 交流 的 机会 ， 也 希望 在 更 多 的 舞台 上 ， 和 少东家 们 共同 见证 燕云 的 未来 。 冬辞 春 归 ， 燕子 会 带 着 更 多 好消息 归来 ， 也 请 关注 我们 的 后续 的 动态 ！ ' ],2025-02,1.5版本优化日志，踏实搞优化！
['游侠们好！在大家的支持与鞭策下，燕云也成长到了1.5版本。除了后续河西等新内容正在加速开发外，我们也有很多线上功能在努力调整。今天，游戏内发放了新一期的官方外观调研问卷，向大家收集更多外观风格与功能的诉求，诚挚邀请大家前往游戏内填写。填写完成后，有一份长鸣玉薄礼相送。项目组周期性会通过游戏内问卷与游侠直接对话，每个选择都将通过本渠道直达开发团队，这也是最直接官方的反馈途径。我们会认真倾听每一位游侠的声音。不仅是外观，我们理解游侠们还有很多关心的问题期望得到解答，我们也非常渴望与玩家进行深入的交流。为此，项目组计划在下周六（）举办上线后第一期小型游侠直面会，邀请一批游侠来到杭州线下，和主创团队进行坦率交流。无论是对于当下的游戏体验，还是后续的内容方向，游侠们都可以畅所欲言。线下直面会的招募将通过上述游戏问卷进行，有兴趣的游侠可以留下报名信息与联系方式。若确认入选邀请名单，我们预计将在下周三（）之前与您确认信息。行走江湖，还请游侠们不吝赐教，帮助我们做得更好。直面会我们也会多办常办，和各位游侠做最直接的交流。同时，也请大家放心，游戏内问卷和线下反馈不会有轻重之分。本次直面会后，会上内容也将以推文形式公告，敬请游侠关注！长路漫漫，唯有游侠们的支持，才是支撑燕子前行的羽翼。幸得同舟，定不辜负！']。 —— 燕云游侠直面会，诚邀再会！-,《 燕云 游侠 直面 会 ， 诚邀 再会 ！ 》 : [ ' 游侠 们 好 ！ 在 大家 的 支持 与 鞭策 下 ， 燕云 也 成长 到 了 1.5 版本 。 除了 后续 河西 等 新 内容 正在 加速 开发 外 ， 我们 也 有 很多 线上 功能 在 努力 调整 。 今天 ， 游戏 内 发放 了 新 一 期 的 官方 外观 调研 问卷 ， 向 大家 收集 更 多 外观 风格 与 功能 的 诉求 ， 诚挚 邀请 大家 前往 游戏 内 填写 。 填写 完成 后 ， 有 一 份 长鸣玉 薄礼 相送 。 项目组 周期性 会 通过 游戏 内 问卷 与 游侠 直接 对话 ， 每个 选择 都 将 通过 本 渠道 直达 开发 团队 ， 这 也是 最 直接 官方 的 反馈 途径 。 我们 会 认真 倾听 每 一 位 游侠 的 声音 。 不仅 是 外观 ， 我们 理解 游侠 们 还有 很多 关心 的 问题 期望 得到 解答 ， 我们 也 非常 渴望 与 玩家 进行 深入 的 交流 。 为此 ， 项目组 计划 在 下周六 （ ） 举办 上线 后 第一期 小型 游侠 直面会 ， 邀请 一批 游侠 来到 杭州 线 下 ， 和 主创 团队 进行 坦率 交流 。 无论是 对于 当下 的 游戏 体验 ， 还是 后续 的 内容 方向 ， 游侠 们 都 可以 畅所欲言 。 线下 直面会 的 招募 将 通过 上述 游戏 问卷 进行 ， 有 兴趣 的 游侠 可以 留下 报名 信息 与 联系 方式 。 若 确认 入选 邀请 名单 ， 我们 预计 将 在 下周三 （ ） 之前 与 您 确认 信息 。 行走 江湖 ， 还 请 游侠 们 不吝 赐教 ， 帮助 我们 做 得 更 好 。 直面会 我们 也 会 多 办 常 办 ， 和 各位 游侠 做 最 直接 的 交流 。 同时 ， 也 请 大家 放心 ， 游戏 内 问卷 和 线下 反馈 不会 有 轻重 之 分 。 本 次 直面会 后 ， 会上 内容 也 将 以 推文 形式 公告 ， 敬请 游侠 关注 ！ 长路 漫漫 ， 唯有 游侠 们 的 支持 ， 才是 支撑 燕子 前行 的 羽翼 。 幸得 同舟 ， 定 不 辜负 ！ ' ],2025-02,燕云游侠直面会，诚邀再会！
['幸得游侠们的支持，燕云的优化之路，摸着石头过河，也一步一个脚印。我们知道，所谓“听劝”，不是人设，而是一个个具体的回音，一处处具体的改变。江湖路远，愿与游侠们相伴，继续上下求索——诸多优化正在稳步推进中，燕子火速赶来，想抢鲜与各位分享一些热门的优化动向~1.严厉打击外挂等不当行为，维护和谐的游戏环境！自公测开服至今，我们在持续监测使用第三方辅助软件的行为，包括但不限于：外挂、加速器或其他破坏游戏公平性的软件。我们将会对违规账号进行严厉打击，依据具体违规情况，对其进行清除全部排行榜成绩、暂时禁止登录、永久禁止登录等处罚。此外，其他违规行为我们也会持续打击，再次提醒各位游侠知晓：《燕云十六声》公平运营公告 —— 优化动向丨除了功能优化，专项整治推进中！-,《 优化 动向 丨 除了 功能 优化 ， 专项 整治 推进 中 ！ 》 : [ ' 幸 得 游侠 们 的 支持 ， 燕云 的 优化 之 路 ， 摸着石头过河 ， 也 一步一个脚印 。 我们 知道 ， 所谓 “ 听劝 ” ， 不是 人 设 ， 而是 一个个 具体 的 回音 ， 一 处处 具体 的 改变 。 江湖 路 远 ， 愿 与 游侠 们 相伴 ， 继续 上下 求索 —— 诸多 优化 正在 稳步 推进 中 ， 燕子 火速 赶来 ， 想 抢鲜 与 各位 分享 一些 热门 的 优化 动向 ~ 1 . 严厉 打击 外挂 等 不当 行为 ， 维护 和谐 的 游戏 环境 ！ 自 公测 开服 至今 ， 我们 在 持续 监测 使用 第三方 辅助 软件 的 行为 ， 包括 但 不 限于 ： 外挂 、 加速器 或 其他 破坏 游戏 公平性 的 软件 。 我们 将 会 对 违规 账号 进行 严厉 打击 ， 依据 具体 违规 情况 ， 对 其 进行 清除 全部 排行榜 成绩 、 暂时 禁止 登录 、 永久 禁止 登录 等 处罚 。 此外 ， 其他 违规 行为 我们 也 会 持续 打击 ， 再次 提醒 各位 游侠 知晓 ： 《 燕云十六声 》 公平 运营 公告,2025-02,优化动向丨除了功能优化，专项整治推进中！
['今日燕云迎来了1.5版本「灯火暖万家」的更新。本次版本更新内容较大，涉及平衡性体验调整较多，我们已经在密切关注着游侠们的游戏体验和反馈。也借此机会，针对游侠们关心的问题，带来我们的最新的优化动向，请游侠们查收！1.在本次平衡调整中，我玩的流派短板没有得到加强、战斗体验发生了较大变化我们正在持续观察更新后各流派的体验反馈与数据表现，计划于对部分流派体验进行补充调整。在进行武学平衡性相关的调整时，我们秉持的设计原则是：突出流派武学特色、减少玩家强度焦虑。针对游侠们反馈比较多的点，有一些改动计划已经提上日程——包括但不限于通过技能与心法调整，让两套武学联动就能打出足够的连击数，简化原来的循环等等。补充改动的详情后续将通过公告形式发布，敬请游侠们关注。大家可以放心的是，我们做平衡调整的最终目的永远是提升大家的游戏体验，也欢迎大家持续向我们发来反馈。2.除了流派以外，战斗体验还会继续优化吗？会的。战斗是燕云的核心游戏体验之一，我们会持续做好优化。大家反馈的诸如部分技能寻敌方向不准、部分奇术对大体型首领命中判定、联机玩法中卸势体感不准确等问题，我们都将在近期进行优化。同时，我们也关注到了剧情模式中部分单人boss难度过高的问题，我们也将进一步优化boss的部分技能，尽量让全部玩家都能完整地体验到燕云的战斗乐趣。3.有一些见闻的触发似乎有bug，这个有修复计划吗？有的。已有专人对全部见闻进行测试和验证，已完成了第一批见闻bug的集中修复，还有部分遗留的见闻bug正在修复中，将通过不停服更新和后续版本更新的形式进行修复。4.移动端手柄的适配有计划吗？什么时候上线？预计在内完成。我们很早就关注到了大家对于移动端手柄的诉求，我们也在第一时间启动了相关功能的开发。不过因为各个玩法和操作场景适配的工作量较大，也恳请大家再给我们一些时间。我们也会争取，比预定时间更早给大家端上来。5.匹配进行多人副本的时候，中途散队带来的体验不太好，这个后续会改吗？缺员补人机制已在计划中。除此之外，对于部分副本机制较难带来的挫败感问题，我们也有了一些初步的解决方向，后续有了更多细节之后，会再跟大家专门分享。6.我的角色面部突然多了些亮片，我不喜欢的话要如何去掉？可以免费修改！亮片为原有功能，本次调优了表现，更新后默认进行了开启。游侠们可以在妆容界面，找到眼妆眼影的妆效，选择关闭亮片即可，无需花费长鸣玉。再次感谢游侠们一直以来的建议和反馈，是你们一直以来的赏识和鞭策，在让我们变得更好！也欢迎大家持续在各平台持续和我们交流，我们会继续保持倾听，努力为游侠们带来更好的游戏体验！']。 —— 热门答疑丨拒绝强度焦虑，流派补充调整已在路上-,《 热门 答疑 丨 拒绝 强度 焦虑 ， 流派 补充 调整 已 在 路上 》 : [ ' 今日 燕云 迎来 了 1.5 版本 「 灯火 暖 万家 」 的 更新 。 本 次 版本 更新 内容 较大 ， 涉及 平衡性 体验 调整 较多 ， 我们 已经 在 密切 关注 着 游侠 们 的 游戏 体验 和 反馈 。 也 借 此 机会 ， 针对 游侠 们 关心 的 问题 ， 带来 我们 的 最新 的 优化 动向 ， 请 游侠 们 查收 ！ 1 . 在 本 次 平衡 调整 中 ， 我 玩 的 流派 短板 没有 得到 加强 、 战斗 体验 发生 了 较大 变化 我们 正在 持续 观察 更新 后 各 流派 的 体验 反馈 与 数据 表现 ， 计划 于 对 部分 流派 体验 进行 补充 调整 。 在 进行 武学 平衡性 相关 的 调整 时 ， 我们 秉持 的 设计 原则 是 ： 突出 流派 武学 特色 、 减少 玩家 强度 焦虑 。 针对 游侠 们 反馈 比较 多 的 点 ， 有一些 改动 计划 已经 提 上 日程 —— 包括 但 不 限于 通过 技能 与 心法 调整 ， 让 两套 武学 联动 就 能 打 出 足够 的 连击数 ， 简化 原来 的 循环 等等 。 补充 改动 的 详情 后续 将 通过 公告 形式 发布 ， 敬请 游侠 们 关注 。 大家 可以 放心 的 是 ， 我们 做 平衡 调整 的 最终 目的 永远 是 提升 大家 的 游戏 体验 ， 也 欢迎 大家 持续 向 我们 发来 反馈 。 2 . 除了 流派 以外 ， 战斗 体验 还 会 继续 优化 吗 ？ 会 的 。 战斗 是 燕云 的 核心 游戏 体验 之一 ， 我们 会 持续 做好 优化 。 大家 反馈 的 诸如 部分 技能 寻敌 方向 不准 、 部分 奇术 对 大 体型 首领 命中 判定 、 联机 玩法 中 卸势 体感 不 准确 等 问题 ， 我们 都 将 在 近期 进行 优化 。 同时 ， 我们 也 关注 到 了 剧情 模式 中 部分 单人 boss 难度 过高 的 问题 ， 我们 也 将 进一步 优化 boss 的 部分 技能 ， 尽量 让 全部 玩家 都 能 完整 地 体验 到 燕云 的 战斗 乐趣 。 3 . 有一些 见闻 的 触发 似乎 有 bug ， 这个 有 修复 计划 吗 ？ 有的 。 已 有 专人 对 全部 见闻 进行 测试 和 验证 ， 已 完成 了 第一批 见闻 bug 的 集中 修复 ， 还有 部分 遗留 的 见闻 bug 正在 修复 中 ， 将 通过 不 停服 更新 和 后续 版本 更新 的 形式 进行 修复 。 4 . 移动端 手柄 的 适配 有 计划 吗 ？ 什么 时候 上线 ？ 预计 在内 完成 。 我们 很 早 就 关注 到 了 大家 对于 移动端 手柄 的 诉求 ， 我们 也 在 第一 时间 启动 了 相关 功能 的 开发 。 不过 因为 各个 玩法 和 操作 场景 适配 的 工作量 较大 ， 也 恳请 大家 再 给 我们 一些 时间 。 我们 也 会 争取 ， 比 预定 时间 更 早 给 大家 端 上来 。 5 . 匹配 进行 多 人 副本 的 时候 ， 中途 散队 带来 的 体验 不 太 好 ， 这个 后续 会 改 吗 ？ 缺员 补 人 机制 已 在 计划 中 。 除此之外 ， 对于 部分 副本 机制 较 难 带来 的 挫败感 问题 ， 我们 也 有 了 一些 初步 的 解决 方向 ， 后续 有 了 更 多 细节 之后 ， 会 再 跟 大家 专门 分享 。 6 . 我 的 角色 面部 突然 多 了 些 亮片 ， 我 不 喜欢 的话 要 如何 去掉 ？ 可以 免费 修改 ！ 亮片 为 原有 功能 ， 本 次 调优 了 表现 ， 更新 后 默认 进行 了 开启 。 游侠 们 可以 在 妆容 界面 ， 找到 眼妆 眼影 的 妆效 ， 选择 关闭 亮片 即可 ， 无需 花费 长鸣玉 。 再次 感谢 游侠 们 一直以来 的 建议 和 反馈 ， 是 你们 一直以来 的 赏识 和 鞭策 ， 在 让 我们 变得 更 好 ！ 也 欢迎 大家 持续 在 各 平台 持续 和 我们 交流 ， 我们 会 继续 保持 倾听 ， 努力 为 游侠 们 带来 更 好 的 游戏 体验 ！ ' ],2025-02,热门答疑丨拒绝强度焦虑，流派补充调整已在路上
['刚刚过去的元宵节，江湖内外万家灯火。二月，向来充满期待和浪漫。元宵启明，未来可期。我们也会持续为游侠们带来更多的新内容，1.5版本更新在即，事不宜迟，马上出发！本次更新中，不仅有新时装【白衣修罗】的酷飒上新，还有许多新活动、新奇遇、新门派玩法，和诸多优化修复与平衡性调整一同实装上线。下面是燕叽从十六巷为游侠衔来的新内容和体验优化情报，请游侠查阅！【白衣修罗】承轮回罪业，渡孽障极乐。全新套装「白衣修罗」，华灯之夜的暗面，也有禁军“修罗”待命——双宿双煞，江湖狠绝。更新后，游侠即可前往「商店」，以1280「长鸣珠」购得全新套装【白衣修罗】。十六巷计划于-进行停服维护更新，维护期间将暂时无法登录游戏，开服时间将根据实际情况可能提前或延后，请游侠合理安排游戏进度~停服维护期间，游侠将暂时无法登录游戏，因此给游侠带来的不便，十六巷深表歉意！我们将在维护结束后，为游侠奉上一份歉礼，请诸位游侠在维护结束后登录游戏查收。更多更新详情，请查看下图更新内容预告，感谢游侠们的理解和支持！']。 —— 更新前瞻丨1.5版本「灯火暖千家」明日开启-,《 更新 前瞻 丨 1.5 版本 「 灯火 暖 千家 」 明日 开启 》 : [ ' 刚刚 过去 的 元宵节 ， 江湖 内外 万家灯火 。 二月 ， 向来 充满 期待 和 浪漫 。 元宵 启明 ， 未来 可期 。 我们 也 会 持续 为 游侠 们 带来 更 多 的 新 内容 ， 1.5 版本 更新 在即 ， 事不宜迟 ， 马上 出发 ！ 本 次 更新 中 ， 不仅 有 新 时装 【 白衣修罗 】 的 酷飒 上新 ， 还有 许多 新 活动 、 新 奇遇 、 新 门派 玩法 ， 和 诸多 优化 修复 与 平衡性 调整 一同 实装 上线 。 下面 是 燕叽 从 十六巷 为 游侠 衔 来 的 新 内容 和 体验 优化 情报 ， 请 游侠 查阅 ！ 【 白衣修罗 】 承 轮回 罪业 ， 渡孽障 极 乐 。 全新 套装 「 白衣修罗 」 ， 华灯 之 夜 的 暗面 ， 也 有 禁军 “ 修罗 ” 待命 —— 双宿 双煞 ， 江湖 狠绝 。 更新 后 ， 游侠 即可 前往 「 商店 」 ， 以 1280 「 长鸣珠 」 购得 全新 套装 【 白衣修罗 】 。 十六巷 计划 于 进行 停服 维护 更新 ， 维护 期间 将 暂时 无法 登录 游戏 ， 开服 时间 将 根据 实际情况 可能 提前 或 延后 ， 请 游侠 合理 安排 游戏 进度 ~ 停服 维护 期间 ， 游侠 将 暂时 无法 登录 游戏 ， 因此 给 游侠 带来 的 不便 ， 十六巷 深表 歉意 ！ 我们 将 在 维护 结束 后 ， 为 游侠 奉 上 一 份 歉礼 ， 请 诸位 游侠 在 维护 结束 后 登录 游戏 查收 。 更 多 更新 详情 ， 请 查看 下图 更新 内容 预告 ， 感谢 游侠 们 的 理解 和 支持 ！ ' ],2025-02,更新前瞻丨1.5版本「灯火暖千家」明日开启
['今日恰逢正月十五，元宵佳节，在此先诚挚祝愿各位游侠元宵快乐，诸事顺遂！“东风夜放花千树。更吹落，星如雨。”元宵节素来与团圆祈福、游乐欢庆有关。也就在本周，燕云将迎来一系列全新的玩法内容！限时活动【福舟寄彩宵】——福舟共庆，彩宵寄福。造福舟放彩灯，是眼下开封城里最时兴的祈福活动。当前活动现已上线，诸位游侠可以通过游历、交换获得福舟材料，打造承载着心愿的祈福纸船。建造完成后，可以领取配饰【梦星河】、情境姿态【放灯】、题跋【心想事成】等众多好礼！福舟虽然不大，心愿一个不落！燃灯祈福，轻舟送愿，顺遂安宁，心想事成！全新支线【乘龙弄月】——凤凰于飞，情意绵长。在（本周五）更新之后，一个全新支线将正式开放。开封城中一对性格迥异的年轻男女，正在为各自的人生走向而烦恼。当他们的命运轨迹交会之时，又会碰撞出什么样的火花？“笼中雀——去了上头那个竹字头，便是龙字了。”——笼中雀，真能如愿振翅高飞吗？他们的故事，静待游侠们前往见证。全新限时玩法【官财坊】——牛头马面，赌生赌死。除了祈福与剧情探索以外，游乐活动也不能少。本周五更新之后，还将有一种全新刺激的找乐子方式同步上线！开封素有传闻，地底鬼市子中，藏有一诡谲的狂欢之所，人称“官财坊”。其间最受欢迎的，便是风靡地上的叶子戏。但这里的叶子戏，和地上有诸多不同。例如，此处只许以牛头马面之姿示人。与这种人纵酒斗叶，切记招子放亮，小心防备。再比如，此处牌局节奏大幅加快，更显紧张刺激。此处所罚之酒更是剧毒无匹，据称一饮入喉，生死莫测。外来者若敢将生死置之度外，不妨前往一探。除了以上玩法活动以外，本周还将有包括孤云门规玩法、全新战令与外观等诸多内容更新。更多详情还请游侠们关注后续官方公告。也再次祝愿游侠们元宵快乐，不负良辰！']。 —— 燃灯祈福，酣饮打牌！全新活动玩法本周上线！-,《 燃灯 祈福 ， 酣饮 打牌 ！ 全新 活动 玩法 本周 上线 ！ 》 : [ ' 今日 恰逢 正月十五 ， 元宵 佳节 ， 在此 先 诚挚 祝愿 各位 游侠 元宵 快乐 ， 诸事 顺遂 ！ “ 东风 夜 放 花 千 树 。 更 吹 落 ， 星 如 雨 。 ” 元宵节 素来 与 团圆 祈福 、 游乐 欢庆 有关 。 也 就 在 本周 ， 燕云 将 迎来 一系列 全新 的 玩法 内容 ！ 限时 活动 【 福舟 寄 彩宵 】 —— 福舟 共 庆 ， 彩宵 寄福 。 造福舟 放 彩灯 ， 是 眼下 开封 城里 最 时兴 的 祈福 活动 。 当前 活动 现 已 上线 ， 诸位 游侠 可以 通过 游历 、 交换 获得 福舟 材料 ， 打造 承载 着 心愿 的 祈福 纸船 。 建造 完成 后 ， 可以 领取 配饰 【 梦星河 】 、 情境 姿态 【 放灯 】 、 题跋 【 心想事成 】 等 众多 好 礼 ！ 福舟 虽然 不大 ， 心愿 一个 不 落 ！ 燃灯 祈福 ， 轻舟 送愿 ， 顺遂 安宁 ， 心想事成 ！ 全新 支线 【 乘龙弄月 】 —— 凤凰于飞 ， 情意 绵长 。 在 （ 本周五 ） 更新 之后 ， 一个 全新 支线 将 正式 开放 。 开封 城 中 一对 性格 迥异 的 年轻 男女 ， 正在 为 各自 的 人生 走向 而 烦恼 。 当 他们 的 命运 轨迹 交会 之 时 ， 又 会 碰撞 出 什么样 的 火花 ？ “ 笼 中 雀 —— 去 了 上头 那个 竹字头 ， 便是 龙 字 了 。 ” —— 笼 中 雀 ， 真 能 如愿 振翅高飞 吗 ？ 他们 的 故事 ， 静待 游侠 们 前往 见证 。 全新 限时 玩法 【 官财坊 】 —— 牛头马面 ， 赌 生 赌 死 。 除了 祈福 与 剧情 探索 以外 ， 游乐 活动 也 不能 少 。 本周五 更新 之后 ， 还 将 有 一种 全新 刺激 的 找 乐子 方式 同步 上线 ！ 开封 素有 传闻 ， 地 底 鬼 市子 中 ， 藏 有 一 诡谲 的 狂欢 之 所 ， 人 称 “ 官财坊 ” 。 其间 最 受 欢迎 的 ， 便是 风靡 地上 的 叶子戏 。 但 这里 的 叶子戏 ， 和 地上 有 诸多 不同 。 例如 ， 此处 只 许 以 牛头马面 之 姿 示人 。 与 这种 人 纵酒 斗 叶 ， 切记 招子 放亮 ， 小心 防备 。 再 比如 ， 此处 牌局 节奏 大幅 加快 ， 更 显 紧张 刺激 。 此处 所 罚 之 酒 更 是 剧毒 无匹 ， 据称 一 饮 入喉 ， 生死莫测 。 外来者 若 敢 将 生死 置之度外 ， 不妨 前往 一 探 。 除了 以上 玩法 活动 以外 ， 本周 还 将 有 包括 孤云 门规 玩法 、 全新 战令 与 外观 等 诸多 内容 更新 。 更 多 详情 还 请 游侠 们 关注 后续 官方 公告 。 也 再次 祝愿 游侠 们 元宵 快乐 ， 不 负 良辰 ！ ' ],2025-02,燃灯祈福，酣饮打牌！全新活动玩法本周上线！
['新春巳意佳节又至，明天就是元宵佳节啦！在侠意团圆中共度良宵，本周的江湖之上，也将上线一系列新活动、新内容——去往河西之前，值此佳节燃灯寄情，无限向往中亦有诸多福利先行；佳节闲趣，长乐博坊的叶子戏饮将迎来焕然一新的博弈乐趣；江湖之大也不乏浪漫缘故，新支线故事等待各位近观真情；江湖之上，门派动向亦有新风，孤云既出，新的门规号令戒律，俯察世间命数......燕子将会继续为各位一一揭晓，也请游侠和我们继续见证这些江湖跬步，前路精彩。新装至，共元宵。在出发共赏花灯之前，不妨换上一身新衣，与这良宵佳夜尽兴而归——【鹊衔夜】梦题三秋雁字，闲披五岳风袍。浮云若问归何处，青山漆羽生潮。全新套装「鹊衔夜」，在深邃丰羽之中惊鸣现世，如神鹊啼夜，熠熠生辉。5：00后，游侠即可前往「商店」，以2580「长鸣珠」购得全新套装【鹊衔夜】。上周，我们对后续内容进行了前瞻长图预告，其中在展现预研版的战令外观时出现了失误，很抱歉给大家带来不好的感受。因此，本期战令的外观奖励，将特别调整为“时装自选包”的形式，各位可以根据个人喜好在【封侯】或【云遥鹤影】两套外观中自由选择。此外，大家也可以在后续的「商店」更新中，以680「长鸣珠」购买这两套新时装的自选包。后续我们也会避免此类错误的发生，感谢游侠们的理解和支持！同时特别提醒各位游侠，上期战令活动已于结束，大家现在可以通过“战令商店”继续兑换各种珍稀道具，切莫错过！下一期战令也将于开启，在黄钟长鸣中，期待与各位共赴下一段精彩——【封侯】莫话封侯事，功成万骨枯。全新套装「封侯」，称王之气外露，雄姿英发好逑。更新后，游侠即可在新一期战令奖励中，获得全新套装【封侯】。【云遥鹤影】有鹤西北来，飞飞凌太清。全新套装「云遥鹤影」，曾有仙人于嵩山驾白鹤登仙而去，乘云倏忽，飘颻紫微。更新后，游侠即可在新一期战令奖励中，获得全新套装【云遥鹤影】。此外，关于时装外观的优化也在持续推进之中，游侠们的反馈燕子也都看到啦。如「上青云」套装，我们正在紧急优化中，在冬去春来的开春之际，争取尽快让其更换掉厚重的紧身裤，找回该有的潇洒飘逸！最后，再次感谢各位游侠们对于外观的持续建言，未来我们一定更加努力，让江湖各有其美。而江湖之美，美美与共，方能大同——我们将开启一个捏脸容貌征集活动，诚邀游侠们成为未来新外观发布的最佳代“颜”人！参与征集不仅能在后续的官方宣传中惊艳亮相，还可获赠精美周边礼，请查看下方长图了解活动详情！']。 —— 全新套装「鹊衔夜」即将上线，共度此良宵！-,《 全新 套装 「 鹊衔夜 」 即将 上线 ， 共度 此 良宵 ！ 》 : [ ' 新春 巳意 佳节 又 至 ， 明天 就 是 元宵 佳节 啦 ！ 在 侠意 团圆 中 共度 良宵 ， 本周 的 江湖 之上 ， 也 将 上线 一系列 新 活动 、 新 内容 —— 去往 河西 之前 ， 值 此 佳节 燃灯 寄情 ， 无限 向往 中 亦 有 诸多 福利 先行 ； 佳节 闲趣 ， 长乐博坊 的 叶子 戏饮 将 迎来 焕然一新 的 博弈 乐趣 ； 江湖 之 大 也 不乏 浪漫 缘故 ， 新 支线 故事 等待 各位 近观 真情 ； 江湖 之上 ， 门派 动向 亦 有 新风 ， 孤云 既 出 ， 新 的 门规 号令 戒律 ， 俯察 世间 命数 .. . . . . 燕子 将 会 继续 为 各位 一一 揭晓 ， 也 请 游侠 和 我们 继续 见证 这些 江湖 跬步 ， 前路 精彩 。 新装 至 ， 共 元宵 。 在 出发 共 赏 花灯 之前 ， 不妨 换 上 一身 新 衣 ， 与 这 良宵 佳夜 尽兴 而 归 —— 【 鹊衔夜 】 梦 题 三秋 雁字 ， 闲 披 五 岳 风袍 。 浮云 若 问 归 何处 ， 青山 漆羽 生潮 。 全新 套装 「 鹊衔夜 」 ， 在 深邃 丰羽 之中 惊鸣 现世 ， 如 神鹊 啼 夜 ， 熠熠生辉 。 5：00 后 ， 游侠 即可 前往 「 商店 」 ， 以 2580 「 长鸣珠 」 购得 全新 套装 【 鹊衔夜 】 。 上周 ， 我们 对 后续 内容 进行 了 前瞻 长图 预告 ， 其中 在 展现 预研版 的 战令 外观 时 出现 了 失误 ， 很 抱歉 给 大家 带来 不好 的 感受 。 因此 ， 本 期 战令 的 外观 奖励 ， 将 特别 调整 为 “ 时装 自选包 ” 的 形式 ， 各位 可以 根据 个人 喜好 在 【 封侯 】 或 【 云遥鹤影 】 两套 外观 中 自由 选择 。 此外 ， 大家 也 可以 在 后续 的 「 商店 」 更新 中 ， 以 680 「 长鸣珠 」 购买 这 两套 新 时装 的 自选包 。 后续 我们 也 会 避免 此 类 错误 的 发生 ， 感谢 游侠 们 的 理解 和 支持 ！ 同时 特别 提醒 各位 游侠 ， 上期 战令 活动 已 于 结束 ， 大家 现在 可以 通过 “ 战令 商店 ” 继续 兑换 各种 珍稀 道具 ， 切 莫 错过 ！ 下 一 期 战令 也 将 于 开启 ， 在 黄钟 长鸣 中 ， 期待 与 各位 共 赴 下 一段 精彩 —— 【 封侯 】 莫 话 封侯 事 ， 功 成 万 骨 枯 。 全新 套装 「 封侯 」 ， 称王 之 气 外露 ， 雄姿 英 发 好 逑 。 更新 后 ， 游侠 即可 在 新 一 期 战令 奖励 中 ， 获得 全新 套装 【 封侯 】 。 【 云遥鹤影 】 有 鹤 西北 来 ， 飞飞 凌太清 。 全新 套装 「 云遥鹤影 」 ， 曾 有 仙人 于 嵩山 驾 白鹤 登 仙 而 去 ， 乘 云 倏忽 ， 飘 颻 紫微 。 更新 后 ， 游侠 即可 在 新 一 期 战令 奖励 中 ， 获得 全新 套装 【 云遥鹤影 】 。 此外 ， 关于 时装 外观 的 优化 也 在 持续 推进 之中 ， 游侠 们 的 反馈 燕子 也 都 看到 啦 。 如 「 上青云 」 套装 ， 我们 正在 紧急 优化 中 ， 在 冬去春来 的 开春 之际 ， 争取 尽快 让 其 更换 掉 厚重 的 紧身裤 ， 找回 该 有 的 潇洒 飘逸 ！ 最后 ， 再次 感谢 各位 游侠 们 对于 外观 的 持续 建言 ， 未来 我们 一定 更加 努力 ， 让 江湖 各有其美 。 而 江湖 之 美 ， 美美与共 ， 方 能 大同 —— 我们 将 开启 一个 捏 脸 容貌 征集 活动 ， 诚 邀 游侠 们 成为 未来 新 外观 发布 的 最佳 代 “ 颜 ” 人 ！ 参与 征集 不仅 能 在 后续 的 官方 宣传 中 惊艳 亮相 ， 还 可 获赠 精美 周边礼 ， 请 查看 下方 长图 了解 活动 详情 ！ ' ],2025-02,全新套装「鹊衔夜」即将上线，共度此良宵！
['昨日我们进行了蛇年的第一次更新。刚好也借此机会，和游侠们分享一下我们最新的工作动态，加班赶制的除了有新内容，也有现有功能的优化。请游侠们查收！1.剧情回放、慢走功能上线大家呼声很高的两个功能均已接近开发完毕，计划于份正式上线。并且，除了剧情中的cg过场回看以外，我们还在同步制作任务回溯功能，预计于晚些时候上线。后续，游侠们可以更方便地重温江湖来路上的重要时刻。2.仇名悬赏体验继续优化为了进一步提升相关玩法体验，我们计划在近期对悬赏玩法做进一步优化。主要调整点包括延长每个玩家被仇名的冷却时间、增加对同一个玩家发布仇名的次数限制、以及增加被频繁仇名的应对措施等，来提升被仇名玩家的游戏体验。我们也将持续观察和收集相关的玩法反馈，让游侠们能够更沉浸地享受江湖乐趣。3.持续减负，心法转换功能即将实装自上线以来，我们对心法系统进行了多次调整，核心目的依然是减少游侠们的养成负担和强度焦虑。在年前我们给大家预告过即将推出【心法转换】功能，可以将两个同品质心法的进度以及心得数量进行互换。这一功能也计划在版本中实装。通过这一功能，游侠们可以更轻松地去体验其他的武学流派，获得更多样的战斗体验。不过，需要注意的是，心法转换在每个赛季周期里有次数上限，还是建议游侠们进行合理规划哦！4.装备掉落优化，71阶金装武器将新增自选功能针对游侠们反馈的掉落金色武器不是自己想要培养的武器的问题，我们已制定优化计划。首先请游侠们放心，我们绝对不会在装备掉落上做特殊的处理来减少目标装备的掉率。之所以体感上金色武器“歪”的概率比较高，与燕云有7种不同的武器有关。为了减少这种随机性带来的体验问题，在本赛季的毕业装备——71阶装备开放时，我们将增加金装武器自选功能，可以在掉落71阶金色武器时自行选择武器的种类。我们后续也将持续关注并优化随机性相关的问题，以提升大家的游戏体验。5.玩法内容持续更新，新区域河西上线预计在，我们曾多次预告的新区域河西就将正式与大家见面。但在此之前，我们也不会停下更新的脚步。除了新外观、新等级、新多人boss以外，就在下周，我们还将进行含新支线剧情、孤云门派玩法、新限时玩法在内的诸多玩法内容更新。后续，还将有全新大型玩法活动、系列福利主题活动等正蓄势待发，敬请游侠们期待！虽然转眼已到1.4.5版本，但燕云和游侠们的故事才刚刚起步。感谢游侠们一直以来的真诚建言，欢迎游侠们继续向我们发来反馈，我们会继续努力，为大家带来更好的游戏体验！同时，也请游侠们查收本次1.4.5更新内容一览以及【二月版本内容预告】更多详情后续带来，敬请关注！']。 —— 优化动向丨减负脱非！诸多受期待功能即将实装-,《 优化 动向 丨 减负 脱非 ！ 诸多 受 期待 功能 即将 实装 》 : [ ' 昨日 我们 进行 了 蛇年 的 第一次 更新 。 刚好 也 借 此 机会 ， 和 游侠 们 分享 一下 我们 最新 的 工作 动态 ， 加班 赶制 的 除了 有 新 内容 ， 也 有 现有 功能 的 优化 。 请 游侠 们 查收 ！ 1 . 剧情 回放 、 慢走 功能 上线 大家 呼声 很 高 的 两个 功能 均 已 接近 开发 完毕 ， 计划 于 份 正式 上线 。 并且 ， 除了 剧情 中 的 cg 过场 回看 以外 ， 我们 还 在 同步 制作 任务 回溯 功能 ， 预计 于 晚 些 时候 上线 。 后续 ， 游侠 们 可以 更 方便 地 重温 江湖 来路 上 的 重要 时刻 。 2 . 仇名 悬赏 体验 继续 优化 为了 进一步 提升 相关 玩法 体验 ， 我们 计划 在 近期 对 悬赏 玩法 做 进一步 优化 。 主要 调整点 包括 延长 每个 玩家 被 仇名 的 冷却 时间 、 增加 对 同 一个 玩家 发布 仇名 的 次数 限制 、 以及 增加 被 频繁 仇名 的 应对 措施 等 ， 来 提升 被 仇名 玩家 的 游戏 体验 。 我们 也 将 持续 观察 和 收集 相关 的 玩法 反馈 ， 让 游侠 们 能够 更 沉浸 地 享受 江湖 乐趣 。 3 . 持续 减负 ， 心法 转换 功能 即将 实装 自 上线 以来 ， 我们 对 心法 系统 进行 了 多次 调整 ， 核心 目的 依然 是 减少 游侠 们 的 养成 负担 和 强度 焦虑 。 在 年前 我们 给 大家 预告 过 即将 推出 【 心法 转换 】 功能 ， 可以 将 两个 同 品质 心法 的 进度 以及 心得 数量 进行 互换 。 这 一 功能 也 计划 在 版本 中 实装 。 通过 这 一 功能 ， 游侠 们 可以 更 轻松 地 去 体验 其他 的 武学 流派 ， 获得 更 多样 的 战斗 体验 。 不过 ， 需要 注意 的 是 ， 心法 转换 在 每个 赛季 周期 里 有 次数 上限 ， 还是 建议 游侠 们 进行 合理 规划 哦 ！ 4 . 装备 掉落 优化 ， 71阶 金装 武器 将 新增 自选 功能 针对 游侠 们 反馈 的 掉落 金色 武器 不是 自己 想 要 培养 的 武器 的 问题 ， 我们 已 制定 优化 计划 。 首先 请 游侠 们 放心 ， 我们 绝对 不会 在 装备 掉落 上 做 特殊 的 处理 来 减少 目标 装备 的 掉率 。 之所以 体感 上 金色 武器 “ 歪 ” 的 概率 比较 高 ， 与 燕云 有 7种 不同 的 武器 有关 。 为了 减少 这种 随机性 带来 的 体验 问题 ， 在 本 赛季 的 毕业 装备 —— 71阶 装备 开放 时 ， 我们 将 增加 金装 武器 自选 功能 ， 可以 在 掉落 71阶 金色 武器 时 自行 选择 武器 的 种类 。 我们 后续 也 将 持续 关注 并 优化 随机性 相关 的 问题 ， 以 提升 大家 的 游戏 体验 。 5 . 玩法 内容 持续 更新 ， 新 区域 河西 上线 预计 在 ， 我们 曾 多次 预告 的 新 区域 河西 就 将 正式 与 大家 见面 。 但 在此 之前 ， 我们 也 不会 停下 更新 的 脚步 。 除了 新 外观 、 新 等级 、 新 多 人 boss 以外 ， 就 在 下周 ， 我们 还 将 进行 含 新 支线 剧情 、 孤云 门派 玩法 、 新 限时 玩法 在内 的 诸多 玩法 内容 更新 。 后续 ， 还 将 有 全新 大型 玩法 活动 、 系列 福利 主题 活动 等 正 蓄势待发 ， 敬请 游侠 们 期待 ！ 虽然 转眼 已 到 1.4.5 版本 ， 但 燕云 和 游侠 们 的 故事 才 刚刚 起步 。 感谢 游侠 们 一直以来 的 真诚 建言 ， 欢迎 游侠 们 继续 向 我们 发 来 反馈 ， 我们 会 继续 努力 ， 为 大家 带来 更 好 的 游戏 体验 ！ 同时 ， 也 请 游侠 们 查收 本 次 1.4.5 更新 内容 一览 以及 【 二月 版本 内容 预告 】 更 多 详情 后续 带来 ， 敬请 关注 ！ ' ],2025-02,优化动向丨减负脱非！诸多受期待功能即将实装
['新岁相伴，故园新声：新春假期后，燕云将在明日迎来蛇年首次内容更新！在假期中，开发组又推进了不少功能优化和bug修复，比如剧情cg回放功能，都将在陆续实装上线。在本周即将到来的内容更新中，全新的6元套装“上青云”也即将上架——【上青云】青云之志，白首之心，莫负好时光。全新套装“上青云”一身凛然英气，充满细节的裁绣中，皆是锦绣呈祥的美好寓意。更新完成后，游侠们可前往「商店」，即可以60「长鸣珠」购买。此外，元宵新活动、新外观、新玩法，以及新区域“河西”前瞻均蓄势待发，即将在后续的版本更新中和大家见面，大家期待的剧情cg回放等功能，也将在的更新中实装。也请游侠们继续关注游戏内即将发布的【预告一览】，将为大家带来更全面、更详细的更新情报。我们也将在明日进行一次例行停服维护更新——停服维护将于开始，预计于左右完成，如未能按时完成，开服时间将会顺延。停服维护期间，游侠将暂时无法登录游戏，因此给游侠带来的不便，十六巷深表歉意！我们将在维护结束后，为游侠奉上一份歉礼，请诸位游侠在维护结束后登录游戏查收。更多更新详情请查看下图更新内容预告，感谢游侠们的理解和支持！']。 —— 更新前瞻丨新岁望故园，明日上青云！-,《 更新 前瞻 丨 新岁 望 故园 ， 明日 上 青云 ！ 》 : [ ' 新岁 相伴 ， 故园 新声 ： 新春 假期 后 ， 燕云 将 在 明日 迎来 蛇年 首次 内容 更新 ！ 在 假期 中 ， 开发组 又 推进 了 不少 功能 优化 和 bug 修复 ， 比如 剧情 cg 回放 功能 ， 都 将 在 陆续 实装 上线 。 在 本周 即将 到来 的 内容 更新 中 ， 全新 的 6元 套装 “ 上 青云 ” 也 即将 上架 —— 【 上 青云 】 青云 之 志 ， 白首 之 心 ， 莫 负 好 时光 。 全新 套装 “ 上 青云 ” 一身 凛然 英气 ， 充满 细节 的 裁绣 中 ， 皆 是 锦绣 呈祥 的 美好 寓意 。 更新 完成 后 ， 游侠 们 可 前往 「 商店 」 ， 即可 以 60 「 长鸣珠 」 购买 。 此外 ， 元宵 新 活动 、 新 外观 、 新 玩法 ， 以及 新 区域 “ 河西 ” 前瞻 均 蓄势待发 ， 即将 在 后续 的 版本 更新 中 和 大家 见面 ， 大家 期待 的 剧情 cg 回放 等 功能 ， 也 将 在 的 更新 中 实装 。 也 请 游侠 们 继续 关注 游戏 内 即将 发布 的 【 预告 一览 】 ， 将 为 大家 带来 更 全面 、 更 详细 的 更新 情报 。 我们 也 将 在 明日 进行 一次 例行 停服 维护 更新 —— 停服 维护 将 于 开始 ， 预计 于 左右 完成 ， 如 未能 按时 完成 ， 开服 时间 将 会 顺延 。 停服 维护 期间 ， 游侠 将 暂时 无法 登录 游戏 ， 因此 给 游侠 带来 的 不便 ， 十六巷 深表 歉意 ！ 我们 将 在 维护 结束 后 ， 为 游侠 奉 上 一 份 歉礼 ， 请 诸位 游侠 在 维护 结束 后 登录 游戏 查收 。 更 多 更新 详情 请 查看 下图 更新 内容 预告 ， 感谢 游侠 们 的 理解 和 支持 ！ ' ],2025-02,更新前瞻丨新岁望故园，明日上青云！
['各位游侠们，新年好！今天是大年初一，新春伊始，燕云项目组全体成员祝各位游侠股东新春快乐，在新的一年里心想事成，幸运随身相伴，幸福永盈心间！游侠们是我们的贵人。在过去这一个多月里，多亏了游侠们的赏识与一路同行，让初出江湖的雏燕能够快速成长。不说已有不惧风雨的羽翼，但至少有了直面未来的勇气。虽是辞旧迎新之时，但不是每一件旧物都会被忘记。我们不会忘记旧情，不会忘记旧时的初心。在清河与开封之后，遍布梦与诗的新区域河西也即将与大家见面，我们马上就会给大家带来新内容的消息。燕子和游侠们的江湖路才刚刚开始，相信我们可以一起迎接一个又一个新春佳节，不辜负这段相遇！新年新气象，过年没点新年货怎么行。今日，我们将在公众号积分商城上架一大批周边福利，欢迎游侠们前往公众号积分商城“大鹅福利栈”兑换！当然，再多的库存跟各位游侠的热情相比都会尽显单薄，没有抢到的游侠可以再等等，我们后续会继续上新！此外，微信小程序鹅毛积分商城也上线啦，内含游戏道具、周边上新！春节期间限时折扣兑换，欢迎参与！']。 —— 新春启瑞，燕子给各位游侠拜年啦！-,《 新春 启瑞 ， 燕子 给 各位 游侠 拜年 啦 ！ 》 : [ ' 各位 游侠 们 ， 新年 好 ！ 今天 是 大年初一 ， 新春 伊始 ， 燕云项目组 全体 成员 祝 各位 游侠 股东 新春 快乐 ， 在 新 的 一年 里 心想事成 ， 幸运 随身 相伴 ， 幸福 永 盈 心间 ！ 游侠 们 是 我们 的 贵人 。 在 过去 这 一个多月 里 ， 多亏 了 游侠 们 的 赏识 与 一路 同行 ， 让 初 出 江湖 的 雏燕 能够 快速 成长 。 不 说 已 有 不 惧 风雨 的 羽翼 ， 但 至少 有 了 直面 未来 的 勇气 。 虽 是 辞旧迎新 之 时 ， 但 不是 每 一件 旧物 都 会 被 忘记 。 我们 不会 忘记 旧情 ， 不会 忘记 旧时 的 初心 。 在 清河 与 开封 之后 ， 遍布 梦 与 诗 的 新 区域 河西 也 即将 与 大家 见面 ， 我们 马上 就 会 给 大家 带来 新 内容 的 消息 。 燕子 和 游侠 们 的 江湖路 才 刚刚 开始 ， 相信 我们 可以 一起 迎接 一个 又 一个 新春 佳节 ， 不 辜负 这 段 相遇 ！ 新年 新气象 ， 过年 没 点 新 年货 怎么 行 。 今日 ， 我们 将 在 公众号积分商城 上 架 一大批 周边 福利 ， 欢迎 游侠 们 前往 公众号积分商城 “ 大鹅福利栈 ” 兑换 ！ 当然 ， 再 多 的 库存 跟 各位 游侠 的 热情 相比 都 会 尽 显 单薄 ， 没有 抢 到 的 游侠 可以 再 等等 ， 我们 后续 会 继续 上新 ！ 此外 ， 微信 小 程序 鹅毛积分商城 也 上线 啦 ， 内含 游戏 道具 、 周边 上新 ！ 春节 期间 限时 折扣 兑换 ， 欢迎 参与 ！ ' ],2025-01,新春启瑞，燕子给各位游侠拜年啦！
['今日除夕，从清河到开封，处处皆是新春的喜庆氛围。火树银花不夜天，今宵尽兴不归眠，一场和游侠们相约的江湖盛会即将开启——除夕至初五期间，游戏内每晚19：30都会举办盛大的新春烟火大会！一起看千灯如昼火树银花，盼与游侠们共度良辰此刻。盛于樊楼的“醉花阴”也是这光景的常客，不仅如此，醉花阴还给各位游侠通过邮件发来了烟花赠礼【银花乐未央*2】，这十六巷与醉花阴联名特制的高档烟花，可将心愿与祝福化为文字，燃放在夜空之上。各位花间客可前往多人模式，艳湖之畔，与天下好友同赏烟火之盛景。醉花阴还为众位花间客备下了利是红封，各式烟花，以散新春之福。这场烟花盛景，游侠是否已有想共赏之人？请记得，无论身处何处，来者何人，这江湖中有人始终惦念着你——从除夕一直到年初八，都将有江湖故友在每日0点携礼来贺，与游侠共忆江湖无数芳华。贺岁礼包括情境姿态【花火】、【绕梁之音】、【长鸣玉】等丰厚奖励，游侠们达到5级以上后，便可以前往邮件查收。*若游侠在后登录也不用担心错过，只要满足参与条件，在活动结束前都可以收到江湖故友的贺岁邮件。除此之外，燕叽也为各位游侠额外准备了每日新春贺礼，-，每天都会通过邮件为游侠们派送“枕中散”，帮助游侠们快速补充心力，活力满满地挥别旧岁，喜向新篇！(本次发放的枕中散为燕叽特供版，有一定的使用时限，请及时前往包裹使用哦)']。 —— 除夕佳节丨今古同此夜，烟花大会邀您出席！-,《 除夕 佳节 丨 今 古 同 此夜 ， 烟花 大会 邀 您 出席 ！ 》 : [ ' 今日 除夕 ， 从 清河 到 开封 ， 处处 皆 是 新春 的 喜庆 氛围 。 火树银花 不夜天 ， 今宵 尽兴 不 归 眠 ， 一 场 和 游侠 们 相约 的 江湖 盛会 即将 开启 —— 除夕 至 初五 期间 ， 游戏 内 每 晚 19：30 都 会 举办 盛大 的 新春 烟火 大会 ！ 一起 看 千 灯 如 昼 火树银花 ， 盼 与 游侠 们 共度 良辰 此刻 。 盛 于 樊楼 的 “ 醉花阴 ” 也是 这 光景 的 常客 ， 不仅 如此 ， 醉花阴 还给 各位 游侠 通过 邮件 发 来 了 烟花 赠礼 【 银花 乐未央 * 2 】 ， 这 十六巷 与 醉花阴 联名 特制 的 高档 烟花 ， 可 将 心愿 与 祝福 化为 文字 ， 燃放 在 夜空 之上 。 各位 花间客 可 前往 多 人 模式 ， 艳湖 之 畔 ， 与 天下 好友 同 赏 烟火 之 盛景 。 醉花阴 还 为 众位 花间客 备 下 了 利是 红封 ， 各 式 烟花 ， 以 散 新春 之 福 。 这 场 烟花 盛景 ， 游侠 是否 已 有 想 共 赏 之 人 ？ 请 记得 ， 无论 身 处 何处 ， 来者 何人 ， 这 江湖 中 有人 始终 惦念 着 你 —— 从 除夕 一直 到 年初八 ， 都 将 有 江湖 故友 在 每日 0点 携 礼 来 贺 ， 与 游侠 共 忆 江湖 无数 芳华 。 贺岁礼 包括 情境 姿态 【 花火 】 、 【 绕梁之音 】 、 【 长鸣玉 】 等 丰厚 奖励 ， 游侠 们 达到 5级 以上 后 ， 便 可以 前往 邮件 查收 。 * 若 游侠 在 后 登录 也 不用 担心 错过 ， 只要 满足 参与 条件 ， 在 活动 结束 前 都 可以 收到 江湖 故友 的 贺岁 邮件 。 除此之外 ， 燕叽 也 为 各位 游侠 额外 准备 了 每日 新春 贺礼 ， ， 每天 都 会 通过 邮件 为 游侠 们 派送 “ 枕中 散 ” ， 帮助 游侠 们 快速 补充 心力 ， 活力 满满 地 挥别 旧岁 ， 喜 向 新篇 ！ ( 本 次 发放 的 枕 中 散 为 燕叽 特供版 ， 有 一定 的 使用 时限 ， 请 及时 前往 包裹 使用 哦 ) ' ],2025-01,除夕佳节丨今古同此夜，烟花大会邀您出席！
['1.4版本现已开启，除了缤纷的新春活动之外，诸多实用优化也已悉数上线。闯向新春，这片江湖将继续步履不停。而游侠们一路的支持，就是我们最大的底气和笃定。未来还有诸多优化正在路上，敬请游侠们一同监督见证！1、如游侠们所愿！单账号多角色功能已经上线啦我们于1.4版本更新中正式上线了单账号多角色的功能。江湖广阔，以后要更自由地行侠！为了帮助大家快速了解该功能，我们也准备了一些小tips，希望能帮大家答疑解惑——1）如何创建多角色？在新账号第一次进入游戏客户端时，是默认直接创立新角色开始游戏的。当游侠已经创建了1名角色以后，再次进入游戏就能看到“选择角色”入口，进入后即可创建新角色。当前版本，每个账号最多能建立6个角色。2）新角色是否可以选择不同的难度？新角色是否能跳过新手剧情？每个新角色都可以选择不同的难度、指引模式、操作模式等，不同角色间互不影响，游侠们可以放心体验。当前版本还不支持跳过新手剧情哦~制作组们正在加班加点赶制该功能中，预期不久后就将会与大家见面。3）新角色可以领取预约奖励和充值返利吗？新创建的角色可以领取全民预约礼，包括时装·霓荷花影、饰品·千秋、饰品·千金重，奖励将在5级时通过邮件发放。300万游侠同聚之礼、1500万游侠同聚之礼也将通过邮件自动发放至新角色。但是，测试期充值返利一个账号只能领取一次，如果之前已经领取过，新角色无法再次领取哦。4）如何删掉角色？在删掉倒计时的过程中可以撤回吗？在角色选择界面选择角色后，点击删除键，输入“我要退隐江湖”，进行二次确认后，就会进入为期7天的角色倒计时。当7天倒计时结束后，登录游戏时会再次让游侠确认是否删掉。当游侠再次输入“我要退隐江湖”之后，才会真的将角色删掉。在倒计时结束前，只要直接使用删掉倒计时中的角色进入游戏，就会直接解除删掉倒计时状态啦！注意：目前完全删掉的角色是不可以恢复，请各位游侠在删掉角色的时候三思哦~2、帮游侠们减负！心法转换功能正在路上为了给游侠们带来更丰富多样、轻松不肝的游戏体验，减轻转流派相关的负担，我们计划在春节后的更新中增加【心法转换】功能，可以将两个同品质心法的进度以及心得数量进行互换，帮助游侠快速切换武学流派（其中通用心法只能与通用心法互换）。心法转换功能每个赛季会有转换次数上限，每赛季的免费转换次数使用完毕后需消耗一定数量长鸣玉，合并计算次数。更详细的心法转换规则，也请游侠们关注后续的公告。3、丰富外观选择！裁造/拆件功能持续提升我们看到了游侠们对于外观的不同需求，为了带给大家更自由随心的搭配选择，我们将在的版本更新中，首先为“沧海龙吟”增加时装裁造的功能，后续也将持续优化，让更多外观都能充满可能性。除此之外，在后续的更新中，“蜀戏春”也将增加披风可拆选项。我们将持续推进外观的功能优化，陆续给更多时装带来丰富的个性化选项。这个新春假期，我们也一定分秒必争，争取尽快让更多优化能尽早落地，未来也会持续带给大家高品质的外观选择！4、听游侠们的话！大家关心的功能都快来了本次更新中，我们新增了「设置-二级密码」功能，在交易操作、百业管理、外观自定义、浴血难度调整等方面进一步保障角色的安全性。此外，性别转换、剧情回溯、角色慢走等热门的优化建议我们都在加速落地了！请游侠们再给我们一点点时间，这个假期我们会持续努力，争取让各项功能在年后的版本更新中陆续落地。其中，角色慢走的功能预计将于的周版本更新中正式上线。除此之外，各项战斗相关的优化、移动端手柄适配、设备性能提升等模块优化也在持续推进中，敬请游侠们期待！5、持续优化体验！移动端体验稳步提升为了让双端燕云都不打折扣，我们也在持续提升移动端的性能优化和体验。在近期的优化更新中，我们还持续提升部分手机机型的分辨率\\帧率上限。除此之外，我们也在持续提升平板设备上的体验。在近期的更新中，我们优化了ipad「画质等级-原生」的体验，「帧率」默认选项为超高；同时优化了「视野距离」、「植被质量」等设置项为超高选项时的显示效果，提升了开封城组件、野外植被等内容的视觉体验；提升了npc的同屏数量与加载速度。更多画质优化持续改进中，感谢游侠们的理解和支持！江湖所成，侠为其声。感谢游侠们一直以来的建议和反馈，也欢迎大家持续在各平台持续和我们交流。自公测开服至今，我们也在持续监测使用第三方辅助软件的行为，包括但不限于：外挂、加速器或其他破坏游戏公平性的软件。为了维护江湖清朗，我们将会对违规账号进行严厉打击，依据具体违规情况，对其进行清除全部排行榜成绩、暂时禁止登录、永久禁止登录等处罚。此外，其他违规行为我们也会持续打击，再次提醒各位游侠知晓： —— 优化动向丨多角色功能上线，诸多优化在路上-,《 优化 动向 丨 多 角色 功能 上线 ， 诸多 优化 在 路上 》 : [ ' 1.4 版本 现 已 开启 ， 除了 缤纷 的 新春 活动 之外 ， 诸多 实用 优化 也 已 悉数 上线 。 闯 向 新春 ， 这 片 江湖 将 继续 步履 不停 。 而 游侠 们 一路 的 支持 ， 就 是 我们 最大 的 底气 和 笃定 。 未来 还有 诸多 优化 正 在 路上 ， 敬请 游侠 们 一同 监督 见证 ！ 1 、 如 游侠 们 所 愿 ！ 单 账号 多 角色 功能 已经 上线 啦 我们 于 1.4 版本 更新 中 正式 上线 了 单 账号 多 角色 的 功能 。 江湖 广阔 ， 以后 要 更 自由 地 行侠 ！ 为了 帮助 大家 快速 了解 该 功能 ， 我们 也 准备 了 一些 小tips ， 希望 能 帮 大家 答疑 解惑 —— 1 ） 如何 创建 多 角色 ？ 在 新 账号 第一次 进入 游戏 客户端 时 ， 是 默认 直接 创立 新 角色 开始 游戏 的 。 当 游侠 已经 创建 了 1 名 角色 以后 ， 再次 进入 游戏 就 能 看到 “ 选择 角色 ” 入口 ， 进入 后 即可 创建 新 角色 。 当前 版本 ， 每个 账号 最多 能 建立 6个 角色 。 2 ） 新 角色 是否 可以 选择 不同 的 难度 ？ 新 角色 是否 能 跳 过 新手 剧情 ？ 每个 新 角色 都 可以 选择 不同 的 难度 、 指引 模式 、 操作 模式 等 ， 不同 角色 间 互不 影响 ， 游侠 们 可以 放心 体验 。 当前 版本 还 不 支持 跳 过 新手 剧情 哦 ~ 制作组 们 正在 加班加点 赶制 该 功能 中 ， 预期 不久 后 就 将 会 与 大家 见面 。 3 ） 新 角色 可以 领取 预约 奖励 和 充值 返利 吗 ？ 新 创建 的 角色 可以 领取 全民 预约礼 ， 包括 时装 · 霓荷花影 、 饰品 · 千秋 、 饰品 · 千金 重 ， 奖励 将 在 5级 时 通过 邮件 发放 。 300万 游侠 同聚 之 礼 、 1500万 游侠 同聚 之 礼 也 将 通过 邮件 自动 发放 至 新 角色 。 但是 ， 测试期 充值 返利 一个 账号 只能 领取 一次 ， 如果 之前 已经 领取 过 ， 新 角色 无法 再次 领取 哦 。 4 ） 如何 删掉 角色 ？ 在 删掉 倒计时 的 过程 中 可以 撤回 吗 ？ 在 角色 选择 界面 选择 角色 后 ， 点击 删掉 键 ， 输入 “ 我 要 退隐江湖 ” ， 进行 二次 确认 后 ， 就 会 进入 为期 7天 的 角色 倒计时 。 当 7天 倒计时 结束 后 ， 登录 游戏 时 会 再次 让 游侠 确认 是否 删掉 。 当 游侠 再次 输入 “ 我 要 退隐 江湖 ” 之后 ， 才 会 真 的 将 角色 删掉 。 在 倒计时 结束 前 ， 只要 直接 使用 删掉 倒计时 中 的 角色 进入 游戏 ， 就 会 直接 解除 删掉 倒计时 状态 啦 ！ 注意 ： 目前 完全 删掉 的 角色 是 不 可以 恢复 ， 请 各位 游侠 在 删掉 角色 的 时候 三思 哦 ~ 2 、 帮 游侠 们 减负 ！ 心法 转换 功能 正 在 路上 为了 给 游侠 们 带来 更 丰富 多样 、 轻松 不肝 的 游戏 体验 ， 减轻 转流派 相关 的 负担 ， 我们 计划 在 春节 后 的 更新 中 增加 【 心法 转换 】 功能 ， 可以 将 两个 同 品质 心法 的 进度 以及 心得 数量 进行 互换 ， 帮助 游侠 快速 切换 武学 流派 （ 其中 通用 心法 只能 与 通用 心法 互换 ） 。 心法 转换 功能 每个 赛季 会 有 转换 次数 上限 ， 每 赛季 的 免费 转换 次数 使用 完毕 后 需 消耗 一定 数量 长鸣玉 ， 合并 计算 次数 。 更 详细 的 心法 转换 规则 ， 也 请 游侠 们 关注 后续 的 公告 。 3 、 丰富 外观 选择 ！ 裁造 / 拆件 功能 持续 提升 我们 看到 了 游侠 们 对于 外观 的 不同 需求 ， 为了 带 给 大家 更 自由 随心 的 搭配 选择 ， 我们 将 在 的 版本 更新 中 ， 首先 为 “ 沧海龙吟 ” 增加 时装 裁造 的 功能 ， 后续 也 将 持续 优化 ， 让 更 多 外观 都 能 充满 可能性 。 除此之外 ， 在 后续 的 更新 中 ， “ 蜀戏春 ” 也 将 增加 披风 可 拆 选项 。 我们 将 持续 推进 外观 的 功能 优化 ， 陆续 给 更 多 时装 带来 丰富 的 个性化 选项 。 这个 新春 假期 ， 我们 也 一定 分秒必争 ， 争取 尽快 让 更 多 优化 能 尽早 落地 ， 未来 也 会 持续 带 给 大家 高 品质 的 外观 选择 ！ 4 、 听 游侠 们 的 话 ！ 大家 关心 的 功能 都 快 来 了 本 次 更新 中 ， 我们 新增 了 「 设置 二级 密码 」 功能 ， 在 交易 操作 、 百业 管理 、 外观 自定义 、 浴血 难度 调整 等 方面 进一步 保障 角色 的 安全性 。 此外 ， 性别 转换 、 剧情 回溯 、 角色 慢走 等 热门 的 优化 建议 我们 都 在 加速 落地 了 ！ 请 游侠 们 再 给 我们 一点点 时间 ， 这个 假期 我们 会 持续 努力 ， 争取 让 各项 功能 在 年后 的 版本 更新 中 陆续 落地 。 其中 ， 角色 慢走 的 功能 预计 将 于 的周 版本 更新 中 正式 上线 。 除此之外 ， 各项 战斗 相关 的 优化 、 移动端 手柄 适配 、 设备 性能 提升 等 模块 优化 也 在 持续 推进 中 ， 敬请 游侠 们 期待 ！ 5 、 持续 优化 体验 ！ 移动端 体验 稳步 提升 为了 让 双端 燕云 都 不 打折扣 ， 我们 也 在 持续 提升 移动端 的 性能 优化 和 体验 。 在 近期 的 优化 更新 中 ， 我们 还 持续 提升 部分 手机 机型 的 分辨率 \ \ 帧率 上限 。 除此之外 ， 我们 也 在 持续 提升 平板 设备 上 的 体验 。 在 近期 的 更新 中 ， 我们 优化 了 ipad 「 画质 等级 原生 」 的 体验 ， 「 帧率 」 默认 选项 为 超高 ； 同时 优化 了 「 视野 距离 」 、 「 植被 质量 」 等 设置项 为 超高 选项 时 的 显示 效果 ， 提升 了 开封城 组件 、 野外 植被 等 内容 的 视觉 体验 ； 提升 了 npc 的 同屏 数量 与 加载 速度 。 更 多 画质 优化 持续 改进 中 ， 感谢 游侠 们 的 理解 和 支持 ！ 江湖 所 成 ， 侠 为其 声 。 感谢 游侠 们 一直以来 的 建议 和 反馈 ， 也 欢迎 大家 持续 在 各 平台 持续 和 我们 交流 。 自 公测 开服 至今 ， 我们 也 在 持续 监测 使用 第三方 辅助 软件 的 行为 ， 包括 但 不 限于 ： 外挂 、 加速器 或 其他 破坏 游戏 公平性 的 软件 。 为了 维护 江湖 清朗 ， 我们 将 会 对 违规 账号 进行 严厉 打击 ， 依据 具体 违规 情况 ， 对 其 进行 清除 全部 排行榜 成绩 、 暂时 禁止 登录 、 永久 禁止 登录 等 处罚 。 此外 ， 其他 违规 行为 我们 也 会 持续 打击 ， 再次 提醒 各位 游侠 知晓 ：,2025-01,优化动向丨多角色功能上线，诸多优化在路上
['新春将至，佳音不断——截至目前，已有超1500万位游侠来到燕云！江湖之大，能与游侠们同途共赴，我们无比荣幸。佳节当前，我们也期待继续在大家的见证和鞭策下，迎新辞旧，不断蜕变。为了感谢各位的热情支持，我们也将在更新后，在游戏内通过邮件发放限定坐骑“盗骊”和绕梁之音*10（玩家5级以上可领取），欢迎各位上线查收。新春意味着万象更新，我们也在即将到来的1.4版本中上新了诸多全新外观。同时，也请各位游侠放心，「聆音」为一年两期的限时活动，并不影响和鸣（即日常池子）的八音窍兑换。和鸣商店和八音窍兑换也会持续上新，敬请关注！另外，新春活动中也将会产出【拾音券·蜀戏春】，感兴趣的游侠们记得领取和使用哦！接下来，新春外观上新一图流，请查收——和海量外观上新一起，游戏也将迎来1.4版本的更新。新的外观、新的奇术、新的等级......均已蓄势待发，盼与游侠们闯出新春新境界！本次更新停服维护预计将于开始，预计于左右完成，如未能按时完成，开服时间将会顺延。停服维护期间，游侠将暂时无法登录游戏，因此给游侠带来的不便，十六巷深表歉意！我们将在维护结束后，为游侠奉上一份歉礼，请诸位游侠在维护结束后登录游戏查收。更多更新详情，请以游戏内为准。感谢游侠们的理解和支持，江湖见！']。 —— 停服维护公告丨1.4版本开启，1500万游侠谢礼！-,《 停服 维护 公告 丨 1.4 版本 开启 ， 1500万 游侠 谢礼 ！ 》 : [ ' 新春 将 至 ， 佳音 不断 —— 截至 目前 ， 已 有 超 1500万位 游侠 来到 燕云 ！ 江湖 之 大 ， 能 与 游侠 们 同途共赴 ， 我们 无比 荣幸 。 佳节 当前 ， 我们 也 期待 继续 在 大家 的 见证 和 鞭策 下 ， 迎新辞旧 ， 不断 蜕变 。 为了 感谢 各位 的 热情 支持 ， 我们 也 将 在 更新 后 ， 在 游戏 内 通过 邮件 发放 限定 坐骑 “ 盗骊 ” 和 绕梁之音 * 10 （ 玩家 5级 以上 可 领取 ） ， 欢迎 各位 上线 查收 。 新春 意味着 万象更新 ， 我们 也 在 即将 到来 的 1.4 版本 中 上 新 了 诸多 全新 外观 。 同时 ， 也 请 各位 游侠 放心 ， 「 聆音 」 为 一年 两期 的 限时 活动 ， 并不 影响 和鸣 （ 即 日常 池子 ） 的 八音窍 兑换 。 和鸣商店 和 八音窍 兑换 也 会 持续 上新 ， 敬请 关注 ！ 另外 ， 新春 活动 中 也 将 会 产出 【 拾音券 · 蜀戏春 】 ， 感兴趣 的 游侠 们 记得 领取 和 使用 哦 ！ 接下来 ， 新春 外观 上 新 一 图流 ， 请 查收 —— 和 海量 外观 上 新 一 起 ， 游戏 也 将 迎来 1.4 版本 的 更新 。 新 的 外观 、 新 的 奇术 、 新 的 等级 .... . . 均 已 蓄势待发 ， 盼 与 游侠 们 闯 出 新春 新 境界 ！ 本 次 更新 停服 维护 预计 将 于 开始 ， 预计 于 左右 完成 ， 如 未能 按时 完成 ， 开服 时间 将 会 顺延 。 停服 维护 期间 ， 游侠 将 暂时 无法 登录 游戏 ， 因此 给 游侠 带来 的 不便 ， 十六巷 深表 歉意 ！ 我们 将 在 维护 结束 后 ， 为 游侠 奉 上 一 份 歉礼 ， 请 诸位 游侠 在 维护 结束 后 登录 游戏 查收 。 更 多 更新 详情 ， 请 以 游戏 内 为准 。 感谢 游侠 们 的 理解 和 支持 ， 江湖 见 ！ ' ],2025-01,停服维护公告丨1.4版本开启，1500万游侠谢礼！
['今日恰逢小年，正宜扫尘迎新。在这里先给各位游侠股东们拜个早年！周三上午，我们的黄毛策划顺利完成了徒步16公里并直播送礼的任务。路途说远不远，但确实是一步步走出来的。我们也会继续拿出真诚的态度，来倾听和回应游侠们的声音。就在本周五，燕云还会迎来一次重要的内容更新，有一大批新玩法、新活动、新外观即将上线！直接为大家展开，海量长图预警！新春专属活动「聆音春闹」十连聆音道具、折音券免费赠送！6元拿下限定外观、二十连抽等海量道具！更新后，游戏内将上线全新限时活动「聆音春闹」。6元即可解锁额外奖励里程碑，立即解锁限定时装【丹雀】，一路拿下20个限定聆音道具【生生之音】、【拾音券·蜀戏春】、限定称号等丰富奖励！即使完全免费参与，也可以获得10个【生生之音】、【拾音券·蜀戏春】、素裳染粉等最多19项稀有道具。燕子主打实诚，能送。同时，游戏中也将同步上线「贺岁“邮”礼」、心力&战令减负等系列活动，内含全新动作、【绕梁之音】、【长鸣玉】等多重奖励。让游侠们这个春节轻松减负、愉快收礼！【丹雀】上线即开放染色，期待游侠们的万相集作品！「聆音」限时活动同步开放！全新可交易绝世外观【沧海龙吟】外观套装【西极坠日】同步登陆「聆音」奖池！一年两度聆音时，其一在岁首。岁首之际，三星高照，于此聆音，物至神应。游侠们可以使用【生生之音】进行和鸣，有机会获得丰富奖励以及可用于奖池兑换的【贺春鼓】。奖池之中，两套春节限时外观瞩目而至——【沧海龙吟】月化五白龙，翻飞凌九天。九叠云霄上，飞出白浪起。贵客身着此衣，或可如苍龙出云入海，飞潜昇降。龙大可兴云吐雾，小可隐介藏形贵客既有江湖人眼中的真龙之姿那身边也少不了真龙相伴后续我们还会为大家展示【沧海龙吟】的更多形态，敬请期待！【西极坠日】金乌欲上海如血，翠色一点蓬莱光。西天之极，金乌坠落。楼兰遗梦，生彼月窟。贵客身批此衣时，或许仍可听到金乌之声。和鸣商店惊喜上新！「无名枪法」「泥犁三垢」新增绝世武学特效！全新发型【朔风雪】限时上架！【龙腾九霄】其形缈缈，其威赫赫。人心有龙，可断混沌，可分洪荒。纵天昏地暗，亦可乘时变，或跃于渊，气冲霄汉九万里。【一雷惊蛰】煌煌执天威，斩业亦除罪。鳞介虫豸以雷惊之，魑魅魍魉以雷震之，待到斩罪三万万，毁灭亦是重生。同时，还有全新白发发型【朔风雪】限时90天上架。此三款外观均可在「和鸣商店」，以【八音窍】兑换获得。全新直售外观上架！全新套装【蜀戏春】全新武器外观宝箱【游鳞飞浪】即将上线！套装【蜀戏春】一声蜀韵里，阅尽红尘三千相。须臾之间，千颜千幻。金黄绿紫忠奸笑，素彩蓝青美丑藏。后前往「商店」，即可以2580【长鸣珠】购得。武器外观【游鳞飞浪】霜洗水色，虬解光鳞。晓饮杯酒，踏雪断桥。后前往「商店」，即可以680【长鸣珠】购得首个。后续购买更多将享受额外优惠！']。 —— 更新预告丨新春活动上新，大批新外观即将登陆！-,《 更新 预告 丨 新春 活动 上 新 ， 大批 新 外观 即将 登陆 ！ 》 : [ ' 今日 恰逢 小年 ， 正 宜 扫尘 迎新 。 在 这里 先 给 各位 游侠 股东 们 拜 个 早年 ！ 周三 上午 ， 我们 的 黄毛 策划 顺利 完成 了 徒步 16公里 并 直播 送礼 的 任务 。 路途 说 远 不 远 ， 但 确实 是 一 步 步 走 出来 的 。 我们 也 会 继续 拿 出 真诚 的 态度 ， 来 倾听 和 回应 游侠 们 的 声音 。 就 在 本周五 ， 燕云 还 会 迎来 一次 重要 的 内容 更新 ， 有 一大批 新 玩法 、 新 活动 、 新 外观 即将 上线 ！ 直接 为 大家 展开 ， 海量 长图 预警 ！ 新春 专属 活动 「 聆音 春闹 」 十连 聆音 道具 、 折音券 免费 赠送 ！ 6元 拿下 限定 外观 、 二十 连抽 等 海量 道具 ！ 更新 后 ， 游戏 内 将 上线 全新 限时 活动 「 聆音 春闹 」 。 6元 即可 解锁 额外 奖励 里程碑 ， 立即 解锁 限定 时装 【 丹雀 】 ， 一路 拿下 20个 限定 聆音 道具 【 生生之音 】 、 【 拾音券 · 蜀戏春 】 、 限定 称号 等 丰富 奖励 ！ 即使 完全 免费 参与 ， 也 可以 获得 10个 【 生生之音 】 、 【 拾音券 · 蜀戏春 】 、 素裳染粉 等 最多 19项 稀有 道具 。 燕子 主打 实诚 ， 能 送 。 同时 ， 游戏 中 也 将 同步 上线 「 贺岁 “ 邮 ” 礼 」 、 心力 & 战令 减负 等 系列 活动 ， 内含 全新 动作 、 【 绕梁之音 】 、 【 长鸣玉 】 等 多 重 奖励 。 让 游侠 们 这个 春节 轻松 减负 、 愉快 收礼 ！ 【 丹雀 】 上线 即 开放 染色 ， 期待 游侠 们 的 万相集 作品 ！ 「 聆音 」 限时 活动 同步 开放 ！ 全新 可 交易 绝世 外观 【 沧海龙吟 】 外观 套装 【 西极 坠日 】 同步 登陆 「 聆音 」 奖池 ！ 一年两度 聆音 时 ， 其 一 在 岁首 。 岁首 之际 ， 三星 高照 ， 于 此 聆音 ， 物 至 神应 。 游侠 们 可以 使用 【 生生 之音 】 进行 和鸣 ， 有 机会 获得 丰富 奖励 以及 可 用于 奖池 兑换 的 【 贺春鼓 】 。 奖池 之中 ， 两套 春节 限时 外观 瞩目 而 至 —— 【 沧海龙吟 】 月化 五 白龙 ， 翻飞 凌 九天 。 九叠 云霄 上 ， 飞 出 白浪 起 。 贵客 身着 此 衣 ， 或 可 如 苍龙 出云 入 海 ， 飞潜 昇降 。 龙 大 可 兴云吐雾 ， 小 可 隐介 藏形 贵客 既有 江湖 人 眼中 的 真龙 之 姿 那 身边 也 少不了 真龙 相伴 后续 我们 还 会 为 大家 展示 【 沧海龙吟 】 的 更 多 形态 ， 敬请 期待 ！ 【 西极坠日 】 金乌 欲 上海 如 血 ， 翠色 一点 蓬 莱 光 。 西天 之极 ， 金乌 坠落 。 楼兰 遗 梦 ， 生 彼 月窟 。 贵客 身 批 此 衣 时 ， 或许 仍 可 听到 金乌 之 声 。 和鸣商店 惊喜 上新 ！ 「 无名 枪法 」「 泥犁三垢 」 新增 绝世 武学 特效 ！ 全新 发型 【 朔风雪 】 限时 上架 ！ 【 龙腾九霄 】 其形缈缈 ， 其威赫赫 。 人心 有 龙 ， 可 断 混沌 ， 可 分 洪荒 。 纵 天昏地暗 ， 亦 可 乘 时变 ， 或 跃 于 渊 ， 气冲霄汉 九万里 。 【 一雷惊蛰 】 煌煌 执 天威 ， 斩 业 亦 除罪 。 鳞介虫 豸 以 雷 惊 之 ， 魑 魅魍 魉 以 雷 震 之 ， 待到 斩罪 三万万 ， 毁灭 亦 是 重生 。 同时 ， 还有 全新 白发 发型 【 朔风雪 】 限时 90天 上架 。 此 三款 外观 均 可 在 「 和鸣商店 」 ， 以 【 八音窍 】 兑换 获得 。 全新 直售 外观 上架 ！ 全新 套装 【 蜀戏春 】 全新 武器 外观 宝箱 【 游鳞 飞浪 】 即将 上线 ！ 套装 【 蜀戏春 】 一 声 蜀 韵 里 ， 阅 尽 红尘 三千 相 。 须臾 之间 ， 千颜 千幻 。 金黄 绿 紫忠 奸笑 ， 素彩 蓝 青美 丑藏 。 后 前往 「 商店 」 ， 即可以 2580 【 长鸣珠 】 购得 。 武器 外观 【 游鳞 飞浪 】 霜 洗 水色 ， 虬 解 光 鳞 。 晓 饮 杯酒 ， 踏雪 断桥 。 后 前往 「 商店 」 ， 即 可以 680 【 长鸣珠 】 购得 首个 。 后续 购买 更 多 将 享受 额外 优惠 ！ ' ],2025-01,更新预告丨新春活动上新，大批新外观即将登陆！
['今日腊月廿二，年关渐近，燕云游戏内外的节庆氛围也越来越浓！上周只是新春系列活动的开始，燕子还准备了更多热闹又实在的新内容，努力让股东们过上一个轻松愉快的好年。就在本周五，燕云将迎来1.3版本的第二次更新。届时，除了之前介绍过的“缩骨功”等新内容以外，还会有一大批新福利、新活动、新玩法、新外观的更新。这些新内容，我们都会在后续为大家一一展开介绍。现在，有一件能让大家明天就拿到福利的事儿要告诉各位——上午，锁定官方直播间黄毛策划徒步直播送福利啦！现场有红魔10pro联名手机礼盒、燕云周边等海量好礼掉落！此前，游戏中出现了“大米变小麦”的问题。当时已承诺大家，将责成策划同学徒步前往良渚古城遗址“池中寺粮仓”，进行关于水稻知识的学习。明天恰逢北小年，正是承诺兑现的时候！这位黄毛策划将一路徒步16公里，前往补习稻谷知识。同时，一路上会在直播间送出大量好礼，每走1.5公里更会抽送红魔10pro联名手机礼盒！欢迎各位来监督黄毛策划勤四体、分五谷，来直播间唠唠嗑，抽抽奖，图一乐！周三上午黄毛徒步，一路分红！']。 —— 直播预告丨明早10点半，黄毛策划徒步分红！-,《 直播 预告 丨 明早10点半 ， 黄毛 策划 徒步 分红 ！ 》 : [ ' 今日腊月廿二 ， 年关 渐 近 ， 燕云 游戏 内外 的 节庆 氛围 也 越来越 浓 ！ 上周 只是 新春 系列 活动 的 开始 ， 燕子 还 准备 了 更 多 热闹 又 实在 的 新 内容 ， 努力 让 股东 们 过 上 一个 轻松 愉快 的 好 年 。 就 在 本周五 ， 燕云 将 迎来 1.3 版本 的 第二次 更新 。 届时 ， 除了 之前 介绍 过 的 “ 缩骨功 ” 等 新 内容 以外 ， 还 会 有 一大批 新 福利 、 新 活动 、 新 玩法 、 新 外观 的 更新 。 这些 新 内容 ， 我们 都 会 在 后续 为 大家 一一 展开 介绍 。 现在 ， 有 一件 能 让 大家 明天 就 拿 到 福利 的 事儿 要 告诉 各位 —— 上午 ， 锁定 官方 直播间 黄毛 策划 徒步 直播 送 福利 啦 ！ 现场 有 红魔 10pro 联名 手机 礼盒 、 燕云 周边 等 海量 好礼 掉落 ！ 此前 ， 游戏 中 出现 了 “ 大米 变 小麦 ” 的 问题 。 当时 已 承诺 大家 ， 将 责成 策划 同学 徒步 前往 良渚 古城 遗址 “ 池中寺粮仓 ” ， 进行 关于 水稻 知识 的 学习 。 明天 恰逢 北小年 ， 正是 承诺 兑现 的 时候 ！ 这 位 黄毛 策划 将 一路 徒步 16公里 ， 前往 补习 稻谷 知识 。 同时 ， 一路上 会 在 直播间 送 出 大量 好礼 ， 每 走 1.5公里 更 会 抽送 红魔 10pro 联名 手机 礼盒 ！ 欢迎 各位 来 监督 黄毛 策划 勤四体 、 分 五谷 ， 来 直播间 唠唠嗑 ， 抽抽奖 ， 图 一 乐 ！ 周三 上午 黄毛 徒步 ， 一路 分红 ！ ' ],2025-01,直播预告丨明早10点半，黄毛策划徒步分红！
['腊月廿一，今日大寒。随着天气愈冷，侠客身姿也“小”有改变——难道这热胀冷“缩”的原理，在江湖里也被参透了？非也非也，这是全新的奇术绝学“缩骨功”，即将江湖现世！以三寸之身，颠覆江湖大千。传说中学会这门奇术，就能解锁江湖的全新打开方式——“小”有所成之后，探索大有不同！施展奇术缩骨功时，身姿一瞬间变得极尽柔韧，四肢也发生神奇的变化，每一个关节都能随意活动。缩骨之后，再看游侠，已是三寸之身，如虫鸟般轻盈灵巧。该奇术效果为主动释放、效果持续，游侠们再次使用/重新上线/进战状态，都会脱离缩骨效果。武学的精髓，便是如此的灵活变幻，有着无所不在的可能性。而缩骨之后，再去看这大千世界，就更有意思了——人迹罕至的小角落，去！藏得很深的小蹊跷，拿！囿于身材的缝隙阻碍，过！探索江湖又有了全新的打开方式，再看那不好惹的吊睛白额大鹅，都更”伟岸“了。和这招缩骨功一起现世的，还有江湖上诸多的新物件、新见闻，等待游侠一同开启奇术探索的新玩法。跳上“蹦蹦鼓”来一场微观跑酷，瞬间起飞；准备登上“多人弩台”，双人成侠妙趣横生；童真无限的“跷跷板”，也让过年的欢乐更添几分......还有诸多玩法，等待游侠们亲自上线体验！学了这门奇术绝学也别“浪费”，江湖上罕见的奇珍巧物，也能用这缩骨功打开新境界，开启新的探索收集！大世界中也将新增数十个奇珍和收集品，期待游侠们施展缩骨功，天下宝物收入囊中~那么问题来了，这么有趣的奇术，到哪里可以学会呢？更新后，临江驿中有位“旃太公”深藏不露，但看见咱们骨骼精奇的游侠奇才，自然得面授机宜，交流几招。学会了这缩骨功后，旃太公的拜托可就不好拒绝了？是非对错已无心分辨，学！本周更新后，新春游乐之事将开启全新的活动。“三寸之身”活动期间，每日皆有关于“缩骨功”的新篇开启，完成活动任务还可获得诸多成长福利。后续还有更多外观及新春限定活动，将与大家相见，敬请游侠们期待！']。 —— 全新奇术“缩骨功”即将上线，小有所成！-,《 全新 奇术 “ 缩骨功 ” 即将 上线 ， 小有所成 ！ 》 : [ ' 腊月廿一 ， 今日 大 寒 。 随着 天气 愈 冷 ， 侠客 身姿 也 “ 小 ” 有 改变 —— 难道 这 热 胀 冷 “ 缩 ” 的 原理 ， 在 江湖 里 也 被 参透 了 ？ 非 也 非 也 ， 这是 全新 的 奇术 绝学 “ 缩骨功 ” ， 即将 江湖 现世 ！ 以 三寸 之 身 ， 颠覆 江湖 大千 。 传说 中 学会 这 门 奇术 ， 就 能 解锁 江湖 的 全新 打开 方式 —— “ 小 ” 有所 成 之后 ， 探索 大有 不同 ！ 施展 奇术 缩骨功 时 ， 身姿 一瞬间 变得 极 尽 柔韧 ， 四肢 也 发生 神奇 的 变化 ， 每 一个 关节 都 能 随意 活动 。 缩骨 之后 ， 再 看 游侠 ， 已 是 三寸 之 身 ， 如 虫 鸟 般 轻盈 灵巧 。 该 奇术 效果 为 主动 释放 、 效果 持续 ， 游侠 们 再次 使用 / 重新 上线 / 进战 状态 ， 都 会 脱离 缩骨 效果 。 武学 的 精髓 ， 便是 如此 的 灵活 变幻 ， 有着 无所不在 的 可能性 。 而 缩骨 之后 ， 再 去 看 这 大千世界 ， 就 更 有意思 了 —— 人迹罕至 的 小 角落 ， 去 ！ 藏 得 很 深 的 小 蹊跷 ， 拿 ！ 囿于 身材 的 缝隙 阻碍 ， 过 ！ 探索 江湖 又 有 了 全新 的 打开 方式 ， 再 看 那 不好 惹 的 吊睛 白额 大 鹅 ， 都 更 ” 伟岸 “ 了 。 和 这 招 缩骨功 一起 现世 的 ， 还有 江湖 上 诸多 的 新 物件 、 新 见闻 ， 等待 游侠 一同 开启 奇术 探索 的 新 玩法 。 跳 上 “ 蹦蹦鼓 ” 来 一 场 微观 跑酷 ， 瞬间 起飞 ； 准备 登上 “ 多 人 弩台 ” ， 双 人 成侠 妙趣横生 ； 童真 无限 的 “ 跷跷板 ” ， 也 让 过年 的 欢乐 更 添 几分 ...... 还有 诸多 玩法 ， 等待 游侠 们 亲自 上线 体验 ！ 学 了 这 门 奇术 绝学 也 别 “ 浪费 ” ， 江湖 上 罕见 的 奇珍 巧物 ， 也 能 用 这 缩骨功 打开 新 境界 ， 开启 新 的 探索 收集 ！ 大世界 中 也 将 新增 数十个 奇珍 和 收集品 ， 期待 游侠 们 施展 缩骨功 ， 天下 宝物 收入 囊 中 ~ 那么 问题 来 了 ， 这么 有趣 的 奇术 ， 到 哪里 可以 学 会 呢 ？ 更新 后 ， 临江驿 中 有 位 “ 旃太公 ” 深藏不露 ， 但 看见 咱们 骨骼 精奇 的 游侠 奇才 ， 自然 得 面授机宜 ， 交流 几招 。 学 会 了 这 缩骨功 后 ， 旃太公 的 拜托 可 就 不好 拒绝 了 ？ 是非 对错 已 无心 分辨 ， 学 ！ 本周 更新 后 ， 新春 游乐 之 事 将 开启 全新 的 活动 。 “ 三寸 之 身 ” 活动 期间 ， 每日 皆 有 关于 “ 缩骨功 ” 的 新篇 开启 ， 完成 活动 任务 还 可 获得 诸多 成长 福利 。 后续 还有 更 多 外观 及 新春 限定 活动 ， 将 与 大家 相见 ， 敬请 游侠 们 期待 ！ ' ],2025-01,全新奇术“缩骨功”即将上线，小有所成！
['燕云于昨日迎来了1.3版本「今古同此夜」的更新，希望大家可以充分享受新春游园的欢乐氛围！除了不断推出这种大型内容更新之外，我们也还在持续不断地倾听大家的心声，继续优化燕云的游戏体验。也借此机会，针对游侠们比较关心的问题，带来我们近期最新的优化动向与反馈，请游侠们查收！1、出外观的速度太慢了，如果遇上不喜欢的新外观，打开商店都不知道买啥，你们后续怎么打算？马上会有更多新外观推出！除了已经上架或曝光的「南疆秘语」和「穿云游雪」之外，还有很多全新外观正在赶来的路上，预计在下周就会给大家带来更多情报！燕云的外观涉及的工期较长，单套工期经常会达到四个月以上，目前大家看到的是我们筹备的“囤货”。后续我们一定会努力，为大家带来更多合心意、高品质的外观。同时，也再次恳请各位游侠们前往游戏内「问卷」处填写时装调研问卷，让我们听到大家的心声！2、我很轻松地就拿满了福运值，后面还会有更多春节活动吗？下周就有！本周只是新春系列内容的开始，还有很多新活动、新内容将逐步放出。比如全新奇术「缩骨功」就将在现世。习得此术之后，游侠可以使用缩小状态的全新视角探索燕云，获取全新的收集物和蹊跷。三寸之身游江湖，乾坤天地大不同！3、你们还在继续修复游戏中的文本错误吗？持续进行中！各种文本的排查与修正工作还在继续，包括文案、配音、cg中的bug我们都在持续修复中。燕云文本量较大，燕子谢谢游侠们的耐心等待。4、解锁了新等级之后有些怪物特别难打，后面会调整吗？已经调整！在本次更新中，我们已经优化了大世界场景下部分精英怪物「弱点属性」的强度设计，适当调整了属性被克制时的战斗难度，后续我们也将继续观察相关战斗系统的游玩体验。5、路牌、聊天频道中有时候会看到一些不良信息，这些会处理吗？长期跟进中！我们已经设立了专门的团队和机制在处理。从至今，平均每天处理1万条以上违规信息，我们会尽全力为大家营造一个良好健康的社区环境。若大家在游戏过程中发现此类信息，还请随时进行举报，我们会尽快进行处理。同时，我们也观察到有利用“代充”口径诈骗、使用外挂等违规行为，正在进行专项清理。也请各位玩家注意信息安全，不要相信任何陌生人发布的非官方信息。游侠们的赏识是燕云持续进化的动力，欢迎继续向我们发来反馈与建议，我们会继续努力为大家带来更好的体验！']。 —— 热门答疑丨更多新外观即将上线，体验细节持续优化！-,《 热门 答疑 丨 更 多 新 外观 即将 上线 ， 体验 细节 持续 优化 ！ 》 : [ ' 燕云 于 昨日 迎来 了 1.3 版本 「 今 古 同 此 夜 」 的 更新 ， 希望 大家 可以 充分 享受 新春 游园 的 欢乐 氛围 ！ 除了 不断 推出 这种 大型 内容 更新 之外 ， 我们 也 还 在 持续 不断 地 倾听 大家 的 心声 ， 继续 优化 燕云 的 游戏 体验 。 也 借 此 机会 ， 针对 游侠 们 比较 关心 的 问题 ， 带来 我们 近期 最新 的 优化 动向 与 反馈 ， 请 游侠 们 查收 ！ 1 、 出 外观 的 速度 太 慢 了 ， 如果 遇 上 不 喜欢 的 新 外观 ， 打开 商店 都 不 知道 买 啥 ， 你们 后续 怎么 打算 ？ 马上 会 有 更 多 新 外观 推出 ！ 除了 已经 上架 或 曝光 的 「 南疆秘语 」 和 「 穿云游雪 」 之外 ， 还有 很多 全新 外观 正在 赶来 的 路上 ， 预计 在 下周 就 会 给 大家 带来 更 多 情报 ！ 燕云 的 外观 涉及 的 工期 较 长 ， 单套 工期 经常 会 达到 四个月 以上 ， 目前 大家 看到 的 是 我们 筹备 的 “ 囤货 ” 。 后续 我们 一定 会 努力 ， 为 大家 带来 更 多 合 心意 、 高 品质 的 外观 。 同时 ， 也 再次 恳请 各位 游侠 们 前往 游戏 内 「 问卷 」 处 填写 时装 调研 问卷 ， 让 我们 听到 大家 的 心声 ！ 2 、 我 很 轻松 地 就 拿 满 了 福运值 ， 后面 还 会 有 更 多 春节 活动 吗 ？ 下周 就 有 ！ 本周 只是 新春 系列 内容 的 开始 ， 还有 很多 新 活动 、 新 内容 将 逐步 放出 。 比如 全新 奇术 「 缩骨功 」 就 将 在 现世 。 习得 此 术 之后 ， 游侠 可以 使用 缩小 状态 的 全新 视角 探索 燕云 ， 获取 全新 的 收集物 和 蹊跷 。 三寸 之 身 游 江湖 ， 乾坤 天地 大 不同 ！ 3 、 你们 还 在 继续 修复 游戏 中 的 文本 错误 吗 ？ 持续 进行 中 ！ 各种 文本 的 排查 与 修正 工作 还 在 继续 ， 包括 文案 、 配音 、 cg 中 的 bug 我们 都 在 持续 修复 中 。 燕云 文本量 较大 ， 燕子 谢谢 游侠 们 的 耐心 等待 。 4 、 解锁 了 新 等级 之后 有些 怪物 特别 难 打 ， 后面 会 调整 吗 ？ 已经 调整 ！ 在 本 次 更新 中 ， 我们 已经 优化 了 大 世界 场景 下 部分 精英 怪物 「 弱点 属性 」 的 强度 设计 ， 适当 调整 了 属性 被 克制 时 的 战斗 难度 ， 后续 我们 也 将 继续 观察 相关 战斗 系统 的 游玩 体验 。 5 、 路牌 、 聊天 频道 中 有时候 会 看到 一些 不良 信息 ， 这些 会 处理 吗 ？ 长期 跟进 中 ！ 我们 已经 设立 了 专门 的 团队 和 机制 在 处理 。 从 至今 ， 平均 每天 处理 1万条 以上 违规 信息 ， 我们 会 尽 全力 为 大家 营造 一个 良好 健康 的 社区 环境 。 若 大家 在 游戏 过程 中 发现 此 类 信息 ， 还 请 随时 进行 举报 ， 我们 会 尽快 进行 处理 。 同时 ， 我们 也 观察 到 有 利用 “ 代充 ” 口径 诈骗 、 使用 外挂 等 违规 行为 ， 正在 进行 专项 清理 。 也 请 各位 玩家 注意 信息 安全 ， 不要 相信 任何 陌生人 发布 的 非官方 信息 。 游侠 们 的 赏识 是 燕云 持续 进化 的 动力 ， 欢迎 继续 向 我们 发 来 反馈 与 建议 ， 我们 会 继续 努力 为 大家 带来 更 好 的 体验 ！ ' ],2025-01,热门答疑丨更多新外观即将上线，体验细节持续优化！
['1.3版本「今古同此夜」现已上线，神仙渡烟花绽放，开封街市张灯结彩，江湖处处皆是新春的氛围。诚邀游侠们一起加入游园闹春的队伍，仗剑分享欢喜，共赴江湖大同——腊月寒冬近新春，换上新装准备过年——，还将有全新外观上架商店！【穿云游雪】清俊卓绝三眼显，心高不认天家眷。修成八九玄中妙，任尔纵横在世间。全新外观【穿云游雪】清冷白袍不染纤尘，也藏不住银白鳞甲的英武之气。上架后，游侠们可前往「商店」，即可以2580「长鸣珠」购买。万侠同庆，江湖同乐，诸多新春活动陆续开启，本周版本更新一览也新鲜送达。后续还有精彩活动、外观及活动和鸣，将与下周与大家相见，敬请游侠们期待！']。 —— 1.3版本更新一览，新春活动陆续开启！-,《 1.3 版本 更新 一览 ， 新春 活动 陆续 开启 ！ 》 : [ ' 1.3 版本 「 今 古 同 此 夜 」 现 已 上线 ， 神仙渡 烟花 绽放 ， 开封 街市 张灯结彩 ， 江湖 处处 皆 是 新春 的 氛围 。 诚 邀 游侠 们 一起 加入 游园 闹春 的 队伍 ， 仗 剑 分享 欢喜 ， 共 赴 江湖 大同 —— 腊月 寒冬 近 新春 ， 换上 新装 准备 过年 —— ， 还 将 有 全新 外观 上架 商店 ！ 【 穿云游雪 】 清俊 卓绝 三 眼 显 ， 心 高 不 认 天 家眷 。 修 成 八九 玄 中 妙 ， 任尔 纵横 在 世间 。 全新 外观 【 穿云游雪 】 清冷 白袍 不 染 纤尘 ， 也 藏 不住 银白 鳞甲 的 英武 之 气 。 上架 后 ， 游侠 们 可 前往 「 商店 」 ， 即可 以 2580 「 长鸣珠 」 购买 。 万侠同庆 ， 江湖 同乐 ， 诸多 新春 活动 陆续 开启 ， 本周 版本 更新 一览 也 新鲜 送达 。 后续 还有 精彩 活动 、 外观 及 活动 和鸣 ， 将 与 下周 与 大家 相见 ， 敬请 游侠 们 期待 ！ ' ],2025-01,1.3版本更新一览，新春活动陆续开启！
['在江湖上追波逐浪固然吸引人，但也没有游侠能够永远拒绝港湾的温暖。年关将至，我们也为历经江湖凶险的各位准备了一场真正的盛会——1.3版本「今古同此夜」本周五上线！春节特别活动「万家一园」同步开启！盛岁春来，万家同庆，特与游侠们定下游园之约，同度佳节！盛会之时，游侠们可以加入贺万春带领的春节巡游队伍，同游清河，走马观花，共贺新春——也可以和各路亲朋好友江湖儿女一起，搓麻将、玩相扑、放烟花，热热闹闹，分享福运！并且，无论是喜欢单人游玩还是多人同乐的游侠，都可以在欢乐时光中愉快地拿满奖励！既然是贺新岁，当然少不了新年礼！为了答谢各位游侠股东对我们的支持与厚爱，我们准备了诸多新春好礼。包括但不限于全新套装外观、近十个全新主题外观配件、蛇年专属限定头像徽章、15个袅袅之音·绑、5个绕梁之音、长鸣玉及丰厚养成材料等，只需参与活动就能轻松拿下！先以一套全新免费外观【小富为安】开场，祝各位游侠新年福气充盈，平安喜乐，大富大贵！春节搓麻乃江湖一大乐事，为此我们也在奖品中为游侠们准备了一系列颇具雀神风范的外观，一筒、一万、幺鸡、红中、发财，合计5款。祝大家手气旺旺，在牌桌上牌桌下都所向披靡，新年越来越【發】，日子越来越【中】！除此之外，还有一系列年味浓郁、可可爱爱的大小配饰，游侠们若是喜欢，均可以参加活动免费兑换！最重要的是，上线签到外加享受一下游园之乐，即可获得15个袅袅之音·绑及5个绕梁之音，免费的20抽，一定要来领取噢！本次更新，还会有全新外观上架商店！【南疆秘语】碧水蛊影，妖花秘术；人心诡谲，江湖迫近。全新外观【南疆秘语】也将同步上线。看不透的最是危险，诸位贵客可要当心！版本更新后，游侠们可前往「商店」，即可以1280「长鸣珠」购买。为了更加了解游侠们的喜好，设计出更符合大家心意的外观，我们非常需要听到各位的心声！游侠们可以在游戏内「问卷」处填写时装调研问卷，告知我们真实的想法和建议。我们也会有长鸣玉奉上，期待大家的反馈！上述内容只是本次版本更新中的一部分，还有包括更多玩法活动、福利、外观、活动和鸣等大量新内容也在蓄势待发！游戏将进行一次例行停服维护更新——停服维护将于开始，预计于左右完成，如未能按时完成，开服时间将会顺延。停服维护期间，游侠将暂时无法登录游戏，因此给游侠带来的不便，十六巷深表歉意！我们将在维护结束后，为游侠奉上一份歉礼，请诸位游侠在维护结束后登录游戏查收。更多更新详情，请参考后续游戏内1.3版本内容一览。感谢游侠们的理解和支持，明天见！此外，为了回馈各位游侠的热情支持，我们与网易云音乐的联动福利现已加码！活动延时到，游侠满10级即可抽取最高半年网易云音乐vip会员！游侠们记得来抽奖噢！']。 —— 更新前瞻丨新版本「今古同此夜」即将上线-,《 更新 前瞻 丨 新版本 「 今 古 同 此 夜 」 即将 上线 》 : [ ' 在 江湖 上 追 波 逐浪 固然 吸引 人 ， 但 也 没有 游侠 能够 永远 拒绝 港湾 的 温暖 。 年关 将 至 ， 我们 也 为 历经 江湖 凶险 的 各位 准备 了 一 场 真正 的 盛会 —— 1.3 版本 「 今 古 同 此 夜 」 本周五 上线 ！ 春节 特别 活动 「 万家 一园 」 同步 开启 ！ 盛岁 春 来 ， 万家 同 庆 ， 特 与 游侠 们 定下 游园 之 约 ， 同 度 佳节 ！ 盛会 之 时 ， 游侠 们 可以 加入 贺万春 带领 的 春节 巡游 队伍 ， 同游 清河 ， 走马观花 ， 共 贺 新春 —— 也 可以 和 各 路 亲朋好友 江湖 儿女 一起 ， 搓 麻将 、 玩 相扑 、 放 烟花 ， 热热闹闹 ， 分享 福运 ！ 并且 ， 无论是 喜欢 单人 游玩 还是 多 人 同乐 的 游侠 ， 都 可以 在 欢乐 时光 中 愉快 地 拿 满 奖励 ！ 既然 是 贺 新岁 ， 当然 少不了 新年 礼 ！ 为了 答谢 各位 游侠 股东 对 我们 的 支持 与 厚爱 ， 我们 准备 了 诸多 新春 好礼 。 包括 但 不 限于 全新 套装 外观 、 近 十个 全新 主题 外观 配件 、 蛇年 专属 限定 头像 徽章 、 15个 袅袅之音 · 绑 、 5个 绕梁之音 、 长鸣玉 及 丰厚 养成 材料 等 ， 只需 参与 活动 就 能 轻松 拿 下 ！ 先 以 一套 全新 免费 外观 【 小富 为 安 】 开场 ， 祝 各位 游侠 新年 福气 充盈 ， 平安 喜乐 ， 大富大贵 ！ 春节 搓 麻 乃 江湖 一 大 乐事 ， 为此 我们 也 在 奖品 中 为 游侠 们 准备 了 一系列 颇 具 雀神 风范 的 外观 ， 一 筒 、 一万 、 幺鸡 、 红 中 、 发财 ， 合计 5款 。 祝 大家 手气 旺旺 ， 在 牌桌 上 牌桌 下 都 所向披靡 ， 新年 越来越 【 發 】 ， 日子 越来越 【 中 】 ！ 除此之外 ， 还有 一系列 年味 浓郁 、 可可 爱爱 的 大小 配饰 ， 游侠 们 若是 喜欢 ， 均 可以 参加 活动 免费 兑换 ！ 最 重要 的 是 ， 上线 签到 外加 享受 一下 游园 之 乐 ， 即可 获得 15个 袅袅之音 · 绑 及 5个 绕梁之音 ， 免费 的 20抽 ， 一定 要 来 领取 噢 ！ 本 次 更新 ， 还 会 有 全新 外观 上架 商店 ！ 【 南疆秘语 】 碧水 蛊影 ， 妖花 秘术 ； 人心 诡谲 ， 江湖 迫近 。 全新 外观 【 南疆秘语 】 也 将 同步 上线 。 看 不 透 的 最 是 危险 ， 诸位 贵客 可 要 当心 ！ 版本 更新 后 ， 游侠 们 可 前往 「 商店 」 ， 即 可以 1280 「 长鸣珠 」 购买 。 为了 更加 了解 游侠 们 的 喜好 ， 设计 出 更 符合 大家 心意 的 外观 ， 我们 非常 需要 听到 各位 的 心声 ！ 游侠 们 可以 在 游戏 内 「 问卷 」 处 填写 时装 调研 问卷 ， 告知 我们 真实 的 想法 和 建议 。 我们 也 会 有 长鸣玉 奉 上 ， 期待 大家 的 反馈 ！ 上述 内容 只是 本 次 版本 更新 中 的 一部分 ， 还有 包括 更 多 玩法 活动 、 福利 、 外观 、 活动 和鸣 等 大量 新 内容 也 在 蓄势待发 ！ 游戏 将 进行 一次 例行 停服 维护 更新 —— 停服 维护 将 于 开始 ， 预计 于 左右 完成 ， 如 未能 按时 完成 ， 开服 时间 将 会 顺延 。 停服 维护 期间 ， 游侠 将 暂时 无法 登录 游戏 ， 因此 给 游侠 带来 的 不便 ， 十六巷 深表 歉意 ！ 我们 将 在 维护 结束 后 ， 为 游侠 奉 上 一 份 歉礼 ， 请 诸位 游侠 在 维护 结束 后 登录 游戏 查收 。 更 多 更新 详情 ， 请 参考 后续 游戏 内 1.3 版本 内容 一览 。 感谢 游侠 们 的 理解 和 支持 ， 明天 见 ！ 此外 ， 为了 回馈 各位 游侠 的 热情 支持 ， 我们 与 网易云 音乐 的 联动 福利 现 已 加码 ！ 活动 延时 到 ， 游侠 满 10级 即可 抽取 最高 半年 网易云 音乐 vip 会员 ！ 游侠 们 记得 来 抽奖 噢 ！ ' ],2025-01,更新前瞻丨新版本「今古同此夜」即将上线
['从清河的野到开封的城，在江湖闯荡中，相信游侠们已经有了很多“不打不相识”的经历。三位全新的野外boss，即将在本周的更新后登场。江湖之大，探索中的“遭遇战”随时可能发生。他们或是军中利器，或是执念成邪，或是隐市不恭......大敌当前，且战且看——无名将军“万骨枯后，将军无名”开封城，武庙处，战鼓齐击之声沉缓、压抑。循声来到校场，烟尘激荡中有兵戎列阵，森严禁卫。杯酒释兵权之后，他们将旗帜和甲胄涂黑，不再称曾经引以为傲的军号，成为无声守护着地下武库的“无名军队”。有赤膊豪迈者坐镇军中，气宇不凡，可谓大将。这位“无名将军”不愿再留名露面，只把锋若寒霜的枪戟作为言语。但在乱世之下，这退一步不一定是海阔天空，也可能是万劫不复。军械库内多勇者，这位人狠话不多的无名将军更是战力超群，势大力沉。用极具连续性和压迫感的武学招式步步紧逼，把一柄长戟用得出神入化。战至兴起时金戟斩断，再引雷霆之势出击，请游侠们务必小心招架。寄棺主“至亲至邪，梦傀恨梦”清河西北，三面临江。但这里可不是什么风水宝地，就是这泥泞滩涂里，误了终生。寄棺主父子被绣金楼改造成梦傀，却仍保留自己的意志。曾经崩溃的儿子，在父亲的守护下以残躯重拾武艺，练就一手好刀法；父亲则始终不放弃儿子，哪怕儿子有棺材保护，父亲也要用身体抵挡敌人的攻击。夜深人静时，儿子问过守在棺材旁的父亲：“我还想和您一同牵狗骑马打猎，有可能吗？”来不及胆寒惊惧了，在父与子的同恨同心中，这场战斗也将是他们合力至极的攻击。特别提醒游侠的是，在与这份怨念交手时，有狠亦有诈，万不可掉以轻心。醉拳客“今朝有酒，何妨一醉”开封上下，天下熙熙皆为利来，天下攘攘皆为利往。但于他而言，名利皆为过客，只图个畅快一生。他爱喝酒，便日夜醉倒只求个畅快。有人在他醉时来寻麻烦——这可好，反叫他在醉中领悟出了一套别样的功法。醉拳身法飘忽不定，主打一个出其不意，如他肆意的一生。但也有一些东西能困住他，比如恩义二字。听闻镇冠珏是个有趣的宝物后，他便答应黑财神去帮忙取来——只要不伤害九流门的人，其他的事，只要有趣，他想做便做了。醉拳客如其名，醉醺醺的步态和连绵不断的攻击，让人防不胜防。他的杯中之酒，也是能让这场战斗醉意阑珊的“武器”，而酒与火的相遇，炸裂，小心！快意江湖皆敌手，等待游侠们不战不归。日夜近新春，十六后续也将持续为大家带来关于新春活动和全新外观的爆料，感谢大家的支持和期待！']。 —— 本周登场！有请三位全新野外boss-,《 本周 登场 ！ 有请 三位 全新 野外 BOSS 》 : [ ' 从 清河 的 野 到 开封 的 城 ， 在 江湖 闯荡 中 ， 相信 游侠 们 已经 有 了 很多 “ 不 打 不 相识 ” 的 经历 。 三位 全新 的 野外 boss ， 即将 在 本周 的 更新 后 登场 。 江湖 之 大 ， 探索 中 的 “ 遭遇战 ” 随时 可能 发生 。 他们 或是 军中 利器 ， 或是 执念 成 邪 ， 或是 隐市 不 恭 ...... 大敌当前 ， 且 战 且 看 —— 无名 将军 “ 万骨 枯 后 ， 将军 无名 ” 开封城 ， 武庙 处 ， 战鼓 齐击 之 声 沉缓 、 压抑 。 循声 来到 校场 ， 烟尘 激荡 中 有 兵戎 列阵 ， 森严 禁卫 。 杯酒 释 兵权 之后 ， 他们 将 旗帜 和 甲胄 涂 黑 ， 不再 称 曾经 引以为傲 的 军号 ， 成为 无声 守护 着 地下 武库 的 “ 无名 军队 ” 。 有 赤膊 豪迈 者 坐镇 军中 ， 气宇 不凡 ， 可谓 大将 。 这 位 “ 无名 将军 ” 不愿 再 留名 露面 ， 只 把 锋若寒霜 的 枪戟 作为 言语 。 但 在 乱世 之下 ， 这 退 一 步 不一定 是 海阔天空 ， 也 可能 是 万劫不复 。 军械库 内 多勇者 ， 这 位 人 狠 话 不 多 的 无名 将军 更 是 战力 超群 ， 势大 力 沉 。 用 极 具 连续性 和 压迫感 的 武学 招式 步步 紧逼 ， 把 一 柄 长戟 用 得 出神入化 。 战 至 兴起 时 金戟 斩断 ， 再 引 雷霆 之 势 出击 ， 请 游侠 们 务必 小心 招架 。 寄棺主 “ 至亲 至 邪 ， 梦傀 恨 梦 ” 清河 西北 ， 三面 临江 。 但 这里 可不是 什么 风水 宝地 ， 就是 这 泥泞 滩涂 里 ， 误 了 终生 。 寄棺主 父子 被 绣金楼 改造 成 梦傀 ， 却 仍 保留 自己 的 意志 。 曾经 崩溃 的 儿子 ， 在 父亲 的 守护 下 以 残躯 重拾 武艺 ， 练就 一手 好 刀法 ； 父亲 则 始终 不 放弃 儿子 ， 哪怕 儿子 有 棺材 保护 ， 父亲 也 要 用 身体 抵挡 敌人 的 攻击 。 夜深人静 时 ， 儿子 问 过 守 在 棺材 旁 的 父亲 ： “ 我 还 想 和 您 一同 牵 狗 骑马 打猎 ， 有 可能 吗 ？ ” 来不及 胆寒 惊惧 了 ， 在 父 与 子 的 同 恨 同心 中 ， 这 场 战斗 也 将 是 他们 合力 至极 的 攻击 。 特别 提醒 游侠 的 是 ， 在 与 这 份 怨念 交手 时 ， 有 狠 亦 有 诈 ， 万 不可 掉以轻心 。 醉拳客 “ 今朝 有 酒 ， 何妨 一 醉 ” 开封 上下 ， 天下 熙熙 皆 为 利 来 ， 天下 攘攘 皆 为 利往 。 但 于 他 而言 ， 名利 皆 为 过客 ， 只 图 个 畅快 一生 。 他 爱 喝酒 ， 便 日夜 醉倒 只求 个 畅快 。 有人 在 他 醉 时 来 寻 麻烦 —— 这 可好 ， 反 叫 他 在 醉 中 领悟 出 了 一套 别样 的 功法 。 醉拳 身法 飘忽 不定 ， 主打 一个 出其不意 ， 如 他 肆意 的 一生 。 但 也 有一些 东西 能 困住 他 ， 比如 恩义 二 字 。 听闻 镇冠珏 是 个 有趣 的 宝物 后 ， 他 便 答应 黑 财神 去 帮忙 取 来 —— 只要 不 伤害 九流门 的 人 ， 其他 的 事 ， 只要 有趣 ， 他 想 做 便 做 了 。 醉拳客 如 其 名 ， 醉醺醺 的 步态 和 连绵不断 的 攻击 ， 让 人 防不胜防 。 他 的 杯 中 之 酒 ， 也是 能 让 这 场 战斗 醉意阑珊 的 “ 武器 ” ， 而 酒 与 火 的 相遇 ， 炸裂 ， 小心 ！ 快意 江湖 皆 敌手 ， 等待 游侠 们 不 战 不 归 。 日夜 近 新春 ， 十六 后续 也 将 持续 为 大家 带来 关于 新春 活动 和 全新 外观 的 爆料 ， 感谢 大家 的 支持 和 期待 ！ ' ],2025-01,本周登场！有请三位全新野外BOSS
['截至今日，已有超过1000万位游侠踏入燕云！再次真诚地感激游侠们的支持。从百万到千万，带给我们的不止是喜悦和振奋，还有勇气与信念。虽然道阻且长，但大家的热忱已帮我们劈开了最恼人的荆棘！谢谢各位股东的大力支持，我们也为股东们带来了天下第一财神的祝福。股东们好，我们才好！今日，随着新等级的开放，开封主线剧情终章「大义熔炉」也已解锁。“天地为炉，万物为铜”，这场关系到宋初万千民生与王朝国运的“钱的危机”，似乎终于迎来了黎明前的曙光。游侠们也终于有了机会，深入那座顶天立地、日夜不息的天地熔炉。与此前多见的江湖浪客不同，此行你要面对的，是乱世中最精锐的正规军事力量。一剑破万甲的境界终归也只是江湖传说，此行前去，潜行刺杀、跑酷追讨缺一不可。当然，当你穿越重重难关之后，面对幕后黑手之时，还是免不了一场恶战。首恶在前，为黎明苍生，行侠义之事，你最值得信赖的还是手中之剑。只是，当你与黑财神决战之时，须知财帛最动人心，切记守住心神。若被贪念所御，则败象已成，切记，切记！黑财神以钱帛蛊惑人心，实则拢具百姓膏血，只为一己私欲，其罪当诛。财运一事，并非总是始于无穷贪念。本质上，仍是代表人们对美好生活的向往与祝愿。今日，我们与杭州北高峰联动开展的线上祈福活动也已正式上线。各位游侠击败黑财神之后，即可从游戏内活动页面前往参与，获得北高峰天下第一财神的祈福签文。祝大家新的一年里财运亨通，福气满溢！']。 —— 千万游侠齐聚，天下第一财神送福-,《 千万 游侠 齐聚 ， 天下 第一 财神 送 福 》 : [ ' 截至 今日 ， 已 有 超过 1000万位 游侠 踏入 燕云 ！ 再次 真诚 地 感激 游侠 们 的 支持 。 从 百万 到 千万 ， 带 给 我们 的 不止 是 喜悦 和 振奋 ， 还有 勇气 与 信念 。 虽然 道 阻 且 长 ， 但 大家 的 热忱 已 帮 我们 劈开 了 最 恼人 的 荆棘 ！ 谢谢 各位 股东 的 大力 支持 ， 我们 也 为 股东 们 带来 了 天下 第一 财神 的 祝福 。 股东 们 好 ， 我们 才 好 ！ 今日 ， 随着 新 等级 的 开放 ， 开封 主线 剧情 终章 「 大义 熔炉 」 也 已 解锁 。 “ 天地 为 炉 ， 万物 为 铜 ” ， 这 场 关系到 宋初 万千 民生 与 王朝 国运 的 “ 钱 的 危机 ” ， 似乎 终于 迎来 了 黎明 前 的 曙光 。 游侠 们 也 终于 有 了 机会 ， 深入 那 座 顶天立地 、 日夜 不息 的 天地 熔炉 。 与 此前 多见 的 江湖 浪客 不同 ， 此行 你 要 面对 的 ， 是 乱世 中 最 精锐 的 正规 军事 力量 。 一 剑 破 万 甲 的 境界 终归 也 只是 江湖 传说 ， 此行 前去 ， 潜行 刺杀 、 跑 酷 追讨 缺一不可 。 当然 ， 当 你 穿越 重重 难关 之后 ， 面对 幕后 黑手 之 时 ， 还是 免不了 一 场 恶战 。 首恶 在 前 ， 为 黎明 苍生 ， 行侠义 之 事 ， 你 最 值得 信赖 的 还是 手中 之 剑 。 只是 ， 当 你 与 黑财神 决战 之 时 ， 须知 财帛 最 动 人心 ， 切记 守 住 心神 。 若 被 贪念 所 御 ， 则 败象 已 成 ， 切记 ， 切记 ！ 黑财神 以 钱帛 蛊惑人心 ， 实则 拢具 百姓 膏血 ， 只 为 一己私欲 ， 其 罪 当 诛 。 财运 一 事 ， 并非 总是 始 于 无穷 贪念 。 本质 上 ， 仍是 代表 人们 对 美好 生活 的 向往 与 祝愿 。 今日 ， 我们 与 杭州 北高峰 联动 开展 的 线上 祈福 活动 也 已 正式 上线 。 各位 游侠 击败 黑财神 之后 ， 即可 从 游戏 内 活动 页面 前往 参与 ， 获得 北高峰 天下 第一 财神 的 祈福 签文 。 祝 大家 新 的 一年 里 财运 亨通 ， 福气 满溢 ！ ' ],2025-01,千万游侠齐聚，天下第一财神送福
['星期天，天上来！在不久前上线的1.2版本更新中，占开封近三分之一面积的「博浪沙」领域全开，开封地图已完全解锁。“九曲黄河不渡津，四海奇珍天上来”在开封的西北方位，“天上来渡”之处，这里曾是九曲黄河的第一渡口，也是民生攸关的江湖命脉。宋初新朝当立，开封四处皆是暗流涌动，历经兴衰的天上来中，新的强敌挑战接踵而至。随着一封飞鸟传书而来，江湖传说中“北投契丹”的河伯现已南还。箭在弦上，已是危极的召唤！全新的大型镇守“天上来”开启，在杀机四伏的雨夜之中，将是一场命定归来的激战。在镇守关卡“天上来”中，游侠们将与“线人”配合，深入渡口腹地，在风雨兼程中开启解谜和战斗。这夜雷雨交加、风高浪急，但“风浪越大，鱼越贵”！雨夜中，河伯的女儿红装袭来，侠女之风当仁不让。在这“赤龙堂”的擂台之上，要想走下去，要先过她这关。退敌之后，步步深入。在众人的惊诧中，那个男人回来了——手持单柄巨刃，座下龙王伴游。来势汹汹的河伯，带着一副令人望而生畏的的傩面具登场。“河伯”与座下“龙王”，将在一触即发的战斗中，带来颇具压迫感的武侠奇观。特别需要提醒游侠们注意的是，河伯座下的“巨型锦鲤”——龙王，实力绝不容小觑。翻江倒海中，其掀起的惊涛巨浪多不可被卸势，需要游侠们施展轻功闪躲等敏捷身手，以退为进。而龙王汇聚水流形成的“水炮”杀伤惊人，则需要游侠们找准时机灵活应变，巧用卸势或许可以事半功倍。在河伯极具威胁的连续进攻下，战斗将到达高潮。在这场战斗的终局，究竟是谜题的化解，还是另一个故事的序章，还待游侠们亲自游历。新的boss陆续登场，而我们对于战斗的优化还在持续进行：专项战斗攻坚小组已于本周优化了“卸势”的体验，使其判定时间窗口更为精准，且与所选难度进行匹配。同时，游戏中的boss战体验优化也在持续推进，欢迎游侠们继续发来反馈和建议！就在下周，开封城中的“黑财神”也将现身，静候游侠们挑战。而或许还有很多初至燕云的新游侠还未到开封，但已经上线的“成长福利”活动，必须先为各位保驾护航！游侠们只需要达到相应的等级，就可以领取大量成长奖励，助力各位闯荡江湖。最后，十六也带来了关于网易云音乐联动活动的温馨提醒：就在明天中午12点开始！无论是pc端还是移动端，只要游戏等级达到十级后，均可通过游戏内的【活动】页面跳转至网易云音乐app活动页面（转发分享无效），登录网易云音乐账号，即有机会领取网易云音乐黑胶vip随机天数（最高180天）。数量有限，先到先得！']。 —— 直面新敌挑战，黄河之水“天上来”！-,《 直面 新 敌 挑战 ， 黄河 之 水 “ 天上 来 ” ！ 》 : [ ' 星期天 ， 天上 来 ！ 在 不久前 上线 的 1.2 版本 更新 中 ， 占 开封 近 三分之一 面积 的 「 博浪沙 」 领域 全开 ， 开封 地图 已 完全 解锁 。 “ 九曲 黄河 不 渡 津 ， 四海 奇珍 天上 来 ” 在 开封 的 西北 方位 ， “ 天上 来 渡 ” 之 处 ， 这里 曾 是 九曲 黄河 的 第一 渡口 ， 也是 民生攸关 的 江湖 命脉 。 宋初 新朝 当 立 ， 开封 四处 皆 是 暗流 涌动 ， 历经 兴衰 的 天上来 中 ， 新 的 强敌 挑战 接踵而至 。 随着 一 封 飞鸟 传 书 而 来 ， 江湖 传说 中 “ 北投 契丹 ” 的 河伯 现 已 南 还 。 箭在弦 上 ， 已 是 危极 的 召唤 ！ 全新 的 大型 镇守 “ 天上 来 ” 开启 ， 在 杀机四伏 的 雨夜 之中 ， 将 是 一 场 命定 归来 的 激战 。 在 镇守 关卡 “ 天上 来 ” 中 ， 游侠 们 将 与 “ 线人 ” 配合 ， 深入 渡口 腹地 ， 在 风雨 兼程 中 开启 解谜 和 战斗 。 这 夜 雷雨交加 、 风 高 浪 急 ， 但 “ 风浪 越 大 ， 鱼 越 贵 ” ！ 雨夜 中 ， 河伯 的 女儿 红装 袭 来 ， 侠女 之 风 当仁不让 。 在 这 “ 赤龙堂 ” 的 擂台 之上 ， 要 想 走 下去 ， 要 先 过 她 这 关 。 退敌 之后 ， 步步 深入 。 在 众人 的 惊诧 中 ， 那个 男人 回来 了 —— 手 持 单 柄 巨刃 ， 座下 龙王 伴游 。 来势汹汹 的 河伯 ， 带 着 一 副 令人 望而生畏 的 的 傩 面具 登场 。 “ 河伯 ” 与 座 下 “ 龙王 ” ， 将 在 一触即发 的 战斗 中 ， 带来 颇 具 压迫感 的 武侠 奇观 。 特别 需要 提醒 游侠 们 注意 的 是 ， 河伯 座 下 的 “ 巨型 锦鲤 ” —— 龙王 ， 实力 绝 不容小觑 。 翻江倒海 中 ， 其 掀起 的 惊涛 巨浪 多 不可 被 卸势 ， 需要 游侠 们 施展 轻功 闪躲 等 敏捷 身手 ， 以退为 进 。 而 龙王 汇聚 水流 形成 的 “ 水炮 ” 杀伤 惊人 ， 则 需要 游侠 们 找 准 时机 灵活 应变 ， 巧用 卸势 或许 可以 事半功倍 。 在 河伯 极 具 威胁 的 连续 进攻 下 ， 战斗 将 到达 高潮 。 在 这 场 战斗 的 终局 ， 究竟 是 谜题 的 化解 ， 还是 另一个 故事 的 序章 ， 还待 游侠 们 亲自 游历 。 新 的 boss 陆续 登场 ， 而 我们 对于 战斗 的 优化 还 在 持续 进行 ： 专项 战斗 攻坚 小组 已 于 本周 优化 了 “ 卸势 ” 的 体验 ， 使 其 判定 时间 窗口 更为 精准 ， 且 与 所 选 难度 进行 匹配 。 同时 ， 游戏 中 的 boss战 体验 优化 也 在 持续 推进 ， 欢迎 游侠 们 继续 发 来 反馈 和 建议 ！ 就 在 下周 ， 开封城 中 的 “ 黑财神 ” 也 将 现身 ， 静候 游侠 们 挑战 。 而 或许 还有 很多 初 至 燕云 的 新 游侠 还 未 到 开封 ， 但 已经 上线 的 “ 成长 福利 ” 活动 ， 必须 先 为 各位 保驾护航 ！ 游侠 们 只 需要 达到 相应 的 等级 ， 就 可以 领取 大量 成长 奖励 ， 助力 各位 闯荡 江湖 。 最后 ， 十六 也 带来 了 关于 网易云 音乐 联动 活动 的 温馨 提醒 ： 就 在 明天 中午12点 开始 ！ 无论是 pc端 还是 移动端 ， 只要 游戏 等级 达到 十级 后 ， 均 可 通过 游戏 内 的 【 活动 】 页面 跳 转 至 网易云 音乐 app 活动 页面 （ 转发 分享 无效 ） ， 登录 网易云 音乐 账号 ， 即 有 机会 领取 网易云 音乐 黑胶 vip 随机 天数 （ 最高 180天 ） 。 数量 有限 ， 先 到 先得 ！ ' ],2025-01,直面新敌挑战，黄河之水“天上来”！
['燕云双端共鸣已有三日，不断有新游侠来到江湖。也多亏了各位游侠的口口相传与热心创作，燕云在各个平台的表现都在不断攀高。仰赖各位股东，燕云的江湖路，有了一个很好的开始。我们也非常清楚，这些支持来自何处，这份钟爱又源自为何。所以话不多说，马上给大家带来我们今日最新的优化动向与反馈！q现在主线剧情还要按个人进度解锁，中间要间隔几天有点难受，这个后续会改动吗？改动已经实装了！现在主线剧情的推进，将只保留等级需求，不再有天数限制。游侠们可以根据自己的喜好，更自由地在主线剧情和支线探索之间做选择。随着1.2版本的开放，开封的主线故事也将迎来终章，还在囤剧情准备一口气推完的游侠们可以放心冲啦！q我喜欢玩的武学/奇术在最近更新里被调整了，后续会出武学养成重置功能吗？武学重置功能已经有计划了！我们确实希望可以降低大家切换流派的成本，便于多去尝试不同的武学和武器。我们深知武学是燕云玩法的核心部分，所以每一次调整都非常谨慎，避免去对现有的游戏体验造成破坏。我们的本意是让每一种流派都有上场空间，让大家能更多从喜好而不是强度出发去选择武学。后续我们也会继续密切关注pve和pvp环境下的平衡性问题！q有时候我的ai助战队友会挂机，只剩我单打独斗。已经修复！后续若还有类似情况还请随时跟我们反馈！q会推出转性别和单账号多角色的功能吗？正在开发中，已经在路上了！准备好后我们就会尽快推出，还请游侠们再等等！q我不知道为什么被禁言了，能解封吗？会有优化！后续我们将会通过游戏内邮件告知封禁及时间，若有误封情况游侠可以通过燕小云等方式进行申诉。良好的游戏环境需要大家共同创造，感谢各位游侠的支持！q我移动端配置达到了需求，但玩起来还是有点卡顿和发热？非常推荐游侠将设备的操作系统升级到最新版本，可以有效避免卡顿和发热问题。移动端团队也在同步持续优化性能表现，比如现已陆续开放更多机型的帧率选择功能，欢迎各位游侠上线体验。各位的赏识是燕云持续进化的动力，游侠们可以继续向我们发来反馈与建议。欲练惊人艺，须下苦功夫，欢迎各位监督！大鹅福利栈补货啦！包括澡巾、抱枕、熊公仔、鹅公仔多种周边！今日补货，感兴趣的游侠们记得来换！']。 —— 优化动向丨多项改动确认，闯荡江湖更自由-,《 优化 动向 丨 多 项 改动 确认 ， 闯荡 江湖 更 自由 》 : [ ' 燕云 双端 共鸣 已 有 三日 ， 不断 有 新 游侠 来到 江湖 。 也 多亏 了 各位 游侠 的 口口相传 与 热心 创作 ， 燕云 在 各个 平台 的 表现 都 在 不断 攀高 。 仰赖 各位 股东 ， 燕云 的 江湖路 ， 有 了 一个 很 好 的 开始 。 我们 也 非常 清楚 ， 这些 支持 来自 何处 ， 这 份 钟爱 又 源自 为何 。 所以 话 不 多 说 ， 马上 给 大家 带来 我们 今日 最新 的 优化 动向 与 反馈 ！ q 现在 主线 剧情 还要 按 个人 进度 解锁 ， 中间 要 间隔 几天 有点 难受 ， 这个 后续 会 改动 吗 ？ 改动 已经 实装 了 ！ 现在 主线 剧情 的 推进 ， 将 只 保留 等级 需求 ， 不再 有 天数 限制 。 游侠 们 可以 根据 自己 的 喜好 ， 更 自由 地 在 主线 剧情 和 支线 探索 之间 做 选择 。 随着 1.2 版本 的 开放 ， 开封 的 主线 故事 也 将 迎来 终章 ， 还 在 囤 剧情 准备 一口气 推 完 的 游侠 们 可以 放心 冲 啦 ！ q 我 喜欢 玩 的 武学 / 奇术 在 最近 更新 里 被 调整 了 ， 后续 会 出 武学 养成 重置 功能 吗 ？ 武学 重置 功能 已经 有 计划 了 ！ 我们 确实 希望 可以 降低 大家 切换 流派 的 成本 ， 便于 多 去 尝试 不同 的 武学 和 武器 。 我们 深知 武学 是 燕云 玩法 的 核心 部分 ， 所以 每 一次 调整 都 非常 谨慎 ， 避免 去 对 现有 的 游戏 体验 造成 破坏 。 我们 的 本意 是 让 每 一种 流派 都 有 上场 空间 ， 让 大家 能 更 多 从 喜好 而 不是 强度 出发 去 选择 武学 。 后续 我们 也 会 继续 密切 关注 pve 和 pvp 环境 下 的 平衡性 问题 ！ q 有时候 我 的 ai 助战 队友 会 挂机 ， 只 剩 我 单打独斗 。 已经 修复 ！ 后续 若 还有 类似 情况 还 请 随时 跟 我们 反馈 ！ q 会 推出 转 性别 和 单 账号 多 角色 的 功能 吗 ？ 正在 开发 中 ， 已经 在 路上 了 ！ 准备 好 后 我们 就 会 尽快 推出 ， 还 请 游侠 们 再 等等 ！ q 我 不 知道 为什么 被 禁言 了 ， 能 解封 吗 ？ 会 有 优化 ！ 后续 我们 将 会 通过 游戏 内 邮件 告知 封禁 及 时间 ， 若 有 误封 情况 游侠 可以 通过 燕小云 等 方式 进行 申诉 。 良好 的 游戏 环境 需要 大家 共同 创造 ， 感谢 各位 游侠 的 支持 ！ q我 移动端 配置 达到 了 需求 ， 但 玩 起来 还是 有点 卡顿 和 发热 ？ 非常 推荐 游侠 将 设备 的 操作系统 升级 到 最新版本 ， 可以 有效 避免 卡顿 和 发热 问题 。 移动端 团队 也 在 同步 持续 优化 性能 表现 ， 比如 现 已 陆续 开放 更 多 机型 的 帧率 选择 功能 ， 欢迎 各位 游侠 上线 体验 。 各位 的 赏识 是 燕云 持续 进化 的 动力 ， 游侠 们 可以 继续 向 我们 发 来 反馈 与 建议 。 欲 练 惊人艺 ， 须 下 苦功夫 ， 欢迎 各位 监督 ！ 大鹅福利栈 补货 啦 ！ 包括 澡巾 、 抱枕 、 熊公仔 、 鹅公仔 多种 周边 ！ 今日 补货 ， 感兴趣 的 游侠 们 记得 来 换 ！ ' ],2025-01,优化动向丨多项改动确认，闯荡江湖更自由
['双端燕云出发首日，江湖启程，不亦乐乎！就在昨天，1.2版本更新和便携移动端同步上线，江湖上迎来了更多游侠，也开启了更多精彩。说实话，看到如今燕云持续攀高的数据，我们心中“松了口气”，也在喜悦中更加笃定。江湖并非一日而成，为了不辜负游侠们的支持和期待，我们最该做的，就是继续磨练，持续优化游戏的体验。我们自知不是“骨骼精奇的练武奇才”。要想台上尽兴，就要台下苦功。在刻苦练功、变得更好的路上，各位游侠就是我们的“师傅”。在便携移动端上线首日，不少游侠也给我们发来了一些反馈，十六赶紧捉住了正在冲刺优化的开发组同学，让事事有回音！1、移动端锁帧率很影响体验，会优化调整吗？已经调整了！并且还在持续优化！当前部分机型已经率先开放了帧率选项，后续还将计划覆盖更多机型。之所以会有限制帧率的情况，主要是因为移动端适配团队在移动端上应用了更高规格的美术资源，采取了优先画面质量的画面表现策略。而移动设备性能存在客观上限，为了平衡画面和性能，我们暂时采用了限制帧率的策略。但目前团队已开启了专项优化攻坚，同时也在应用新的技术，如超帧技术，已接近适配完成，将为更多机型提供更多帧率选择。也请游侠们再给燕子一点时间！2、移动端会支持手柄吗？而且想要自定义操作按键！都在做了，争取尽快！游侠们关注的移动端手柄适配，正在紧锣密鼓的进行中了！预计在新春之际实现开发落地。另外，移动端自定义按键的功能也已在开发之中，移动端交互ui也会继续优化——1、移动端自定义键位功能正在开发中，预计将在外放部分设置项，届时大家就可以自由调整技能按钮的位置、尺寸、透明度；2、当前个别界面字号较小，已在调整中，我们会持续提升ui的阅读舒适性；3、移动端的技能操作方式可通过“燕叽”进行查看，如【易武技】：可通过滑动右上角武器栏进行释放。3、移动端偶发闪退、模型错误等bug修复了吗？不好意思，马上修复！由于部分硬件对国产引擎的优化联调还在进行，目前多数bug主要是由硬件设备的兼容性问题导致。开发组今日已经紧急修复了几个导致闪退的bug，我们一定会尽快解决闪退问题。当前移动端的性能优化仍在进行中，为了尽可能避免设备兼容导致的卡顿/发热等问题，也推荐您把移动设备的操作系统升级到最新版本。另外，由于当前游戏性能支持的需要，移动端设备（包括ipad）需要4g以上运行内存的机型方可进行游戏体验。我们也在持续排查大家发来的bug反馈，移动端团队一定会加快优化脚步。同时，我们的pc端开发团队，也会一如既往地优化pc端的沉浸体验，从画质到战斗都不打折扣地持续精进！若游侠们在游戏过程中发现任何问题，也欢迎随时联系官方企微“燕小云”，或者联系官方客服电话获得帮助，我们将全程为您服务。4、马上春节了，还会有福利活动吗？会的，春节活动已经在来的路上了，敬请期待~我们为游侠们准备了全新的外观福利，同时还有帮助大家轻松成长的福利活动！当前，1.2版本更新也已正式上线。双端共鸣的燕云之中，有更多新的区域、新的剧情、新的关卡、新的玩法即将开启，期待大家上线体验——']。 —— 热门答疑丨最新优化动向，游侠亲启！-,《 热门 答疑 丨 最新 优化 动向 ， 游侠 亲 启 ！ 》 : [ ' 双端 燕云 出发 首日 ， 江湖 启程 ， 不亦乐乎 ！ 就 在 昨天 ， 1.2 版本 更新 和 便携 移动端 同步 上线 ， 江湖 上 迎来 了 更 多 游侠 ， 也 开启 了 更 多 精彩 。 说 实话 ， 看到 如今 燕云 持续 攀高 的 数据 ， 我们 心中 “ 松 了 口 气 ” ， 也 在 喜悦 中 更加 笃定 。 江湖 并非 一日 而 成 ， 为了 不 辜负 游侠 们 的 支持 和 期待 ， 我们 最 该 做 的 ， 就 是 继续 磨练 ， 持续 优化 游戏 的 体验 。 我们 自 知 不是 “ 骨骼 精奇 的 练武 奇才 ” 。 要 想 台上 尽兴 ， 就要 台 下 苦功 。 在 刻苦 练功 、 变得 更 好 的 路上 ， 各位 游侠 就 是 我们 的 “ 师傅 ” 。 在 便携 移动端 上线 首日 ， 不少 游侠 也 给 我们 发 来 了 一些 反馈 ， 十六 赶紧 捉住 了 正在 冲刺 优化 的 开发组 同学 ， 让 事事 有 回音 ！ 1 、 移动端 锁帧率 很 影响 体验 ， 会 优化 调整 吗 ？ 已经 调整 了 ！ 并且 还 在 持续 优化 ！ 当前 部分 机型 已经 率先 开放 了 帧率 选项 ， 后续 还 将 计划 覆盖 更 多 机型 。 之所以 会 有 限制 帧率 的 情况 ， 主要 是 因为 移动端 适配团队 在 移动端 上 应用 了 更 高 规格 的 美术 资源 ， 采取 了 优先 画面 质量 的 画面 表现 策略 。 而 移动端 性能 存在 客观 上限 ， 为了 平衡 画面 和 性能 ， 我们 暂时 采用 了 限制 帧率 的 策略 。 但 目前 团队 已 开启 了 专项 优化 攻坚 ， 同时 也 在 应用 新 的 技术 ， 如 超帧 技术 ， 已 接近 适配 完成 ， 将 为 更 多 机型 提供 更 多 帧率 选择 。 也 请 游侠 们 再 给 燕子 一点 时间 ！ 2 、 移动端 会 支持 手柄 吗 ？ 而且 想 要 自定义 操作 按键 ！ 都 在 做 了 ， 争取 尽快 ！ 游侠 们 关注 的 移动端 手柄 适配 ， 正在 紧锣密鼓 的 进行 中 了 ！ 预计 在 新春 之际 实现 开发 落地 。 另外 ， 移动端 自定义 按键 的 功能 也 已 在 开发 之中 ， 移动端 交互ui 也 会 继续 优化 —— 1 、 移动端 自定义 键位 功能 正在 开发 中 ， 预计 将 在 外放 部分 设置项 ， 届时 大家 就 可以 自由 调整 技能 按钮 的 位置 、 尺寸 、 透明度 ； 2 、 当前 个别 界面 字号 较小 ， 已 在 调整 中 ， 我们 会 持续 提升 ui 的 阅读 舒适性 ； 3 、 移动端 的 技能 操作 方式 可 通过 “ 燕叽 ” 进行 查看 ， 如 【 易武技 】 ： 可 通过 滑动 右上角 武器栏 进行 释放 。 3 、 移动端 偶发 闪退 、 模型 错误 等 bug 修复 了 吗 ？ 不好意思 ， 马上 修复 ！ 由于 部分 硬件 对 国产 引擎 的 优化 联调 还 在 进行 ， 目前 多数 bug 主要 是 由 硬件 设备 的 兼容性 问题 导致 。 开发组 今日 已经 紧急 修复 了 几个 导致 闪退 的 bug ， 我们 一定 会 尽快 解决 闪退 问题 。 当前 移动端 的 性能 优化 仍 在 进行 中 ， 为了 尽可能 避免 设备 兼容 导致 的 卡顿 / 发热 等 问题 ， 也 推荐 您 把 移动端 的 操作系统 升级 到 最新版本 。 另外 ， 由于 当前 游戏 性能 支持 的 需要 ， 移动端 设备 （ 包括 ipad ） 需要 4g 以上 运行 内存 的 机型 方 可 进行 游戏 体验 。 我们 也 在 持续 排查 大家 发 来 的 bug 反馈 ， 移动端 团队 一定 会 加快 优化 脚步 。 同时 ， 我们 的 pc端 开发 团队 ， 也 会 一如既往 地 优化 pc端 的 沉浸 体验 ， 从 画质 到 战斗 都 不 打折扣 地 持续 精进 ！ 若 游侠 们 在 游戏 过程 中 发现 任何 问题 ， 也 欢迎 随时 联系 官方 企微 “ 燕小云 ” ， 或者 联系 官方 客服 电话 获得 帮助 ， 我们 将 全程 为 您 服务 。 4 、 马上 春节 了 ， 还 会 有 福利 活动 吗 ？ 会 的 ， 春节 活动 已经 在 来 的 路上 了 ， 敬请 期待 ~ 我们 为 游侠 们 准备 了 全新 的 外观 福利 ， 同时 还有 帮助 大家 轻松 成长 的 福利 活动 ！ 当前 ， 1.2 版本 更新 也 已 正式 上线 。 双端 共鸣 的 燕云 之中 ， 有 更 多 新 的 区域 、 新 的 剧情 、 新 的 关卡 、 新 的 玩法 即将 开启 ， 期待 大家 上线 体验 —— ' ],2025-01,热门答疑丨最新优化动向，游侠亲启！
['有幸得到各位游侠们的见证——《燕云十六声》便携移动端不删档现已开启！现在，大家可以随时随地在清河开封畅游，更便利地探索江湖的精彩。同时，我们仍会努力去探索燕云的边界与上限，给大家带来更好的、更好玩的燕云。——在pc端提供最极致、最沉浸、不打折扣的武侠代入体验，在移动端提供触手可及的精彩内容。并且，不论是pc端还是移动，我们都会持续做好优化。双端不成对立，互相补充，是独立且充分自由的选择。它们有着同样的终极目标，那就是——好玩！今天是1.2版本「天地似熔炉」的更新日，有大量新的内容等待着游侠们探索与挑战。后续也有更多开发中内容正在蓄势待发，届时也请各位游侠见证与鞭策。在这个重要的日子里，我们也为游侠准备了一些小心意。游戏内，首先是新时装【坐忘道】，无论是习惯移动端还是pc端的游侠，都可以轻松获得：完成移动端下载的游侠，使用移动端登录并完成【归家】任务后即可获取；pc端玩家，在今天版本更新结束后，等级达到5级可通过【邮件】领取。另外，游侠完成双端登录活动，还可以获得【头像-燕叽*1+绕梁之音*10+长鸣玉*100】，若不便参与，亦可在30日后自动领取全部奖励。之前也说过，各位游侠是我们的股东，是我们的财神爷，燕云也希望能为股东们带来天下第一财神的祝福。给游侠们带来一年的好财运，游侠们好，燕云就跟着好！我们将与杭州北高峰联动开展线上祈福活动，为大家送来美好祝愿——祝各位游侠每一分努力皆有所得，每一份心愿皆有回应。星运相宜，营求如意！后续，还有更多游戏内外的福利也在逐步落实，敬请大家期待！最后，虽略有煞风景之嫌，但仍要再次恳请游侠们理解——部分硬件对国产引擎的优化还需要联调，当前移动端的性能优化仍在进行中，还称不上尽善尽美。比如之前所提到的，部分场景实机演算替换为视频播片，从而可能产生流量数据消耗的情况。针对主线剧情等过场动画较多的玩法，非常建议游侠们在wifi环境下进行游玩。我们正在全速进行相关的优化工作，也欢迎各位来鞭策和监督。感谢理解和支持，我们江湖见！']。 —— 移动端不删档现已开启！-,《 移动端 不 删档 现 已 开启 ！ 》 : [ ' 有幸 得到 各位 游侠 们 的 见证 —— 《 燕云十六声 》 便携 移动端 不 删档 现 已 开启 ！ 现在 ， 大家 可以 随时随地 在 清河 开封 畅游 ， 更 便利 地 探索 江湖 的 精彩 。 同时 ， 我们 仍 会 努力 去 探索 燕云 的 边界 与 上限 ， 给 大家 带来 更 好 的 、 更 好玩 的 燕云 。 —— 在 pc端 提供 最 极致 、 最 沉浸 、 不 打折扣 的 武侠 代 入 体验 ， 在 移动端 提供 触手 可 及 的 精彩 内容 。 并且 ， 不论是 pc端 还是 移动 ， 我们 都 会 持续 做好 优化 。 双端 不成 对立 ， 互相 补充 ， 是 独立 且 充分 自由 的 选择 。 它们 有着 同样 的 终极 目标 ， 那 就 是 —— 好玩 ！ 今天 是 1.2 版本 「 天地 似 熔炉 」 的 更新日 ， 有 大量 新 的 内容 等待 着 游侠 们 探索 与 挑战 。 后续 也 有 更 多 开发 中 内容 正在 蓄势待发 ， 届时 也 请 各位 游侠 见证 与 鞭策 。 在 这个 重要 的 日子 里 ， 我们 也 为 游侠 准备 了 一些 小 心意 。 游戏 内 ， 首先 是 新 时装 【 坐忘道 】 ， 无论是 习惯 移动端 还是 pc端 的 游侠 ， 都 可以 轻松 获得 ： 完成 移动端 下载 的 游侠 ， 使用 移动端 登录 并 完成 【 归家 】 任务 后 即可 获取 ； pc端 玩家 ， 在 今天 版本 更新 结束 后 ， 等级 达到 5级 可 通过 【 邮件 】 领取 。 另外 ， 游侠 完成 双端 登录 活动 ， 还 可以 获得 【 头像 燕叽 * 1 + 绕梁之音 * 10+ 长鸣玉 * 100 】 ， 若 不便 参与 ， 亦 可 在 30日 后 自动 领取 全部 奖励 。 之前 也 说 过 ， 各位 游侠 是 我们 的 股东 ， 是 我们 的 财神爷 ， 燕云 也 希望 能 为 股东 们 带来 天下 第一 财神 的 祝福 。 给 游侠 们 带来 一年 的 好 财运 ， 游侠 们 好 ， 燕云 就 跟着 好 ！ 我们 将 与 杭州 北高峰 联动 开展 线 上 祈福 活动 ， 为 大家 送 来 美好 祝愿 —— 祝 各位 游侠 每 一 分 努力 皆 有 所得 ， 每 一 份 心愿 皆 有 回应 。 星运相宜 ， 营求 如意 ！ 后续 ， 还有 更 多 游戏 内外 的 福利 也 在 逐步 落实 ， 敬请 大家 期待 ！ 最后 ， 虽 略 有 煞风景 之 嫌 ， 但 仍 要 再次 恳请 游侠 们 理解 —— 部分 硬件 对 国产 引擎 的 优化 还 需要 联调 ， 当前 移动端 的 性能 优化 仍 在 进行 中 ， 还 称 不 上 尽善尽美 。 比如 之前 所 提到 的 ， 部分 场景 实机 演算 替换 为 视频 播片 ， 从而 可能 产生 流量 数据 消耗 的 情况 。 针对 主线 剧情 等 过场动画 较多 的 玩法 ， 非常 建议 游侠 们 在 wifi 环境 下 进行 游玩 。 我们 正在 全速 进行 相关 的 优化 工作 ， 也 欢迎 各位 来 鞭策 和 监督 。 感谢 理解 和 支持 ， 我们 江湖 见 ！ ' ],2025-01,移动端不删档现已开启！
['是燕云移动端开启不删档的日子，但同样重要的是，游侠们的冒险故事也将迎来新的篇章。除了主线故事继续推进以外，开封地图将完全解锁，新增占地近三分之一的全新可探索区域「博浪沙」。包含一个大型镇守及两个侠迹关卡在内，一段段的故事，正在等待着它们的主角和见证者。博浪沙地临黄河，而黄河作为关系中原万千百姓民生的生命之河，见证了无数英雄的崛起和消亡。博浪沙上的故事，也将与民生、英雄、世事兴衰息息相关。在这里，游侠将有机会从“大人物们”的视角，一瞥王朝最顶端的变幻风云。太岳台古时即为观星卜算之地，砖瓦壁垣之上，沉淀了多少帝王将相对天地玄妙的敬畏。相传太岳台之中能够测算龙脉，预知祸福。可这所谓“龙脉”究竟为何物？天命又为何物？王朝的兴衰，又真的能测算吗？同样的，也有机会从“小人物们”的视角，去看一看乱世最底端的星星之火。去看看在天灾的威胁、人祸的重压之下，千家万户的生计将作何归处；去看看会有怎样的草根英雄挺身而出；去和他终极一战，看看他坚硬的骨和心中的火。百年恩怨、江湖重宝、国仇家恨、乱世权谋……一个荡气回肠的故事所需要的因素似乎已经都在这里，只等一片赤胆侠心。博浪沙之大，不止于此，还有很多全新的大小支线、藏宝解谜等内容可供游侠探索。整体的内容丰富度，也将保持着目前已开放区域的水准。期望游侠们可以享受这段新的冒险，后面也会有更多新的内容在等待着大家。同时，我们也在继续踏实进行着各个方面的调优工作。其中有两个游侠们非常关心的问题我们已经做了调整：1.我们调整了成就达成跑马灯的显示规则，目前仅达成游侠自己与身处多人模式中的游侠可见。2.我们对清河中海量的npc进行了再次排查，对其中少量认错游侠性别的npc进行了纠正，现在他们将使用正确的称呼。同时女性游侠也会和其他江湖人士一样使用抱拳礼。开封区域及玩法系统模块我们也在全力排查，燕云世界文本量较大，若有遗漏，还望游侠及时告知，以帮助我们更好的查缺补漏！我们始终关注各位游侠的声音。燕云是一款形态很新的游戏，尤其是对单人/社交兼容性的探索无规可循，长期运营是燕云正在努力学习的新功课。但请大家放心，独众皆乐始终是我们的目标，我们一定会初心不改，精益求精。后续也欢迎游侠们继续给我们发来反馈，我们会认真倾听，并努力做得更好。另外，距离移动端不删档上线还有4天。我们将在16点正式开启移动端预下载，欢迎预约！']。 —— 内容前瞻丨开封尽现，见博浪沙-,《 内容 前瞻 丨 开封 尽 现 ， 见 博浪 沙 》 : [ ' 是 燕云 移动端 开启 不 删档 的 日子 ， 但 同样 重要 的 是 ， 游侠 们 的 冒险 故事 也 将 迎来 新 的 篇章 。 除了 主线 故事 继续 推进 以外 ， 开封 地图 将 完全 解锁 ， 新增 占地 近 三分之一 的 全新 可 探索 区域 「 博浪沙 」 。 包含 一个 大型 镇守 及 两个 侠迹 关卡 在内 ， 一 段段 的 故事 ， 正在 等待 着 它们 的 主角 和 见证者 。 博浪沙 地 临 黄河 ， 而 黄河 作为 关系 中原 万千 百姓 民生 的 生命 之 河 ， 见证 了 无数 英雄 的 崛起 和 消亡 。 博浪沙 上 的 故事 ， 也 将 与 民生 、 英雄 、 世事 兴衰 息息相关 。 在 这里 ， 游侠 将 有 机会 从 “ 大人物 们 ” 的 视角 ， 一瞥 王朝 最 顶端 的 变幻 风云 。 太岳台 古时 即 为 观星 卜算 之 地 ， 砖瓦 壁垣 之上 ， 沉淀 了 多少 帝王 将 相 对 天地 玄妙 的 敬畏 。 相传 太岳台 之中 能够 测算 龙脉 ， 预知 祸福 。 可 这 所谓 “ 龙脉 ” 究竟 为 何物 ？ 天命 又 为 何物 ？ 王朝 的 兴衰 ， 又 真 的 能 测算 吗 ？ 同样 的 ， 也 有 机会 从 “ 小人物 们 ” 的 视角 ， 去 看 一 看 乱世 最 底端 的 星星 之 火 。 去 看看 在 天灾 的 威胁 、 人祸 的 重压 之下 ， 千家万户 的 生计 将 作 何 归处 ； 去 看看 会 有 怎样 的 草根 英雄 挺身而出 ； 去 和 他 终极 一 战 ， 看看 他 坚硬 的 骨 和 心中 的 火 。 百年 恩怨 、 江湖 重宝 、 国仇家恨 、 乱世 权谋 …… 一个 荡气回肠 的 故事 所 需要 的 因素 似乎 已经 都 在 这里 ， 只 等 一片 赤胆侠心 。 博浪沙 之 大 ， 不止 于 此 ， 还有 很多 全新 的 大小 支线 、 藏宝 解谜 等 内容 可 供 游侠 探索 。 整体 的 内容 丰富度 ， 也 将 保持 着 目前 已 开放 区域 的 水准 。 期望 游侠 们 可以 享受 这 段 新 的 冒险 ， 后面 也 会 有 更 多 新 的 内容 在 等待 着 大家 。 同时 ， 我们 也 在 继续 踏实 进行 着 各个 方面 的 调优 工作 。 其中 有 两个 游侠 们 非常 关心 的 问题 我们 已经 做 了 调整 ： 1 . 我们 调整 了 成就 达成 跑马灯 的 显示 规则 ， 目前 仅 达成 游侠 自己 与 身处 多 人 模式 中 的 游侠 可见 。 2 . 我们 对 清河 中 海量 的 npc 进行 了 再次 排查 ， 对 其中 少量 认错 游侠 性别 的 npc 进行 了 纠正 ， 现在 他们 将 使用 正确 的 称呼 。 同时 女性 游侠 也 会 和 其他 江湖 人士 一样 使用 抱拳礼 。 开封 区域 及 玩法 系统 模块 我们 也 在 全力 排查 ， 燕云 世界 文本量 较大 ， 若 有 遗漏 ， 还 望 游侠 及时 告知 ， 以 帮助 我们 更 好 的 查缺 补漏 ！ 我们 始终 关注 各位 游侠 的 声音 。 燕云 是 一 款 形态 很 新 的 游戏 ， 尤其是 对 单人 / 社交 兼容性 的 探索 无 规 可 循 ， 长期 运营 是 燕云 正在 努力 学习 的 新 功课 。 但 请 大家 放心 ， 独众皆乐 始终 是 我们 的 目标 ， 我们 一定 会 初心 不 改 ， 精益求精 。 后续 也 欢迎 游侠 们 继续 给 我们 发来 反馈 ， 我们 会 认真 倾听 ， 并 努力 做 得 更 好 。 另外 ， 距离 移动端 不 删档 上线 还有 4天 。 我们 将 在 16点 正式 开启 移动端 预下载 ， 欢迎 预约 ！ ' ],2025-01,内容前瞻丨开封尽现，见博浪沙
['还有6天，距离移动端不删档上线越来越近啦！我们将在16点正式开启移动端预下载，双端共鸣之旅即将启程，欢迎前往预约。最近，大家在各平台也发来了很多关于便携移动端和双端互通的好奇和追问，十六整理了大家的热门问题，希望能给游侠们答疑解惑。1、便携移动端和pc端的数据会互通吗？当然！即将上线的移动端，将在官网包实现与pc端的全面数据互通。包括角色数据/资产，游戏经历/进度等均保持同步。这也意味着游侠们可以根据不同的设备和场景，在pc端和移动端无缝切换——既可以选择在pc端感受极致沉浸、不打折扣的武侠代入体验；也可以在移动端，随时随地开启轻松便携的江湖妙趣。2、后上线的移动端，落下的游戏进度怎么办？放心！我们将在移动端上线后推出丰富的成长福利活动，无论是pc端玩家还是移动端玩家都可以参与。活动中将投放丰富的养成奖励，帮助新玩家快速养成，共襄江湖盛景。此外，单人模式等级解锁也将更高效，根据推算，在新玩家注册的第6天，单人模式等级上限就将和全服保持一致。3、移动端新玩家，会错过pc端公测时的福利吗？莫急！当前游戏中的各种福利活动，都将会同步对新玩家开放。另外像黄毛发型“金狻猊”等全服福利，游侠们达到5级时即可进行领取。届时还会奉上更多福利，静候游侠们上线领取。此外，在的移动端不删档上线之际，游戏也将开启新的福利活动，让更多福利和全部游侠一起，更进一步、同赴江湖。4、移动端的界面，会有专门的便捷性优化吗？会有！移动端团队在对pc端版本移植的同时，也充分考虑了移动端玩家的使用习惯，对操作布局和游戏ui做了进一步简化，让界面操作更简洁清晰、易用美观。我们也在游戏中提供了“沉浸模式”的选项，让全面沉浸的游戏画面能兼顾探索和战斗，期待游侠们上手体验，并鞭策我们持续进步。5、移动端的战斗体验会和pc端有很大差异吗？不会！移动端仍保留了原汁原味的武侠动作和战斗交互。但是在具体操作上，移动端团队则针对便携设备的操作习惯进行了针对性优化，不仅将减少战斗操作的按键数，还提供了像“技能辅助”这样的便捷性选项，方便游侠们轻松上手。未来我们也将陆续解锁更多移动端的高阶操作选项，如移动端技能面板hud，也将在后续解锁自定义设置。我们也看到有部分玩家担心pvp模式下，在双端可能存在平衡性问题，也请游侠们放心，后续pvp匹配将在双端分开匹配，互不影响。当然，pc端和移动端是存在客观的操作差异和操作上限的，我们也推荐游侠们能结合pc端和移动端各自的优势，在沉浸战斗或便携操作中，找到属于自己的燕云打开方式。6、移动端配置是怎么样的？要留多少空间？游侠们可以参考下图的机型配置推荐，也建议游侠们在设备上预留25-30g存储空间，用于下载全部数据内容。在当前的不删档上线阶段，移动端的机型优化仍在持续进行中，部分硬件设备对于国产引擎的适配也还在持续推进中。部分机型可能出现性能未能完全达标的情况，我们强烈建议您，使用“支持配置”以上的机型进行体验。未来，我们也将继续做好优化兼容，争取让更多游侠能轻松体验便携移动版的燕云！期待和游侠们相会江湖，欢迎各位继续在各平台给我们发来反馈，我们一定知无不言。']。 —— 上手必看！移动端热门问题答疑-,《 上手 必 看 ！ 移动端 热门 问题 答疑 》 : [ ' 还有 6天 ， 距离 移动端 不 删档 上线 越来越 近 啦 ！ 我们 将 在 16点 正式 开启 移动端 预下载 ， 双端 共鸣 之 旅 即将 启程 ， 欢迎 前往 预约 。 最近 ， 大家 在 各 平台 也 发 来 了 很多 关于 便携 移动端 和 双端 互通 的 好奇 和 追问 ， 十六 整理 了 大家 的 热门 问题 ， 希望 能 给 游侠 们 答疑 解惑 。 1 、 便携 移动端 和 pc端 的 数据 会 互通 吗 ？ 当然 ！ 即将 上线 的 移动端 ， 将 在 官网包 实现 与 pc端 的 全面 数据 互通 。 包括 角色 数据 / 资产 ， 游戏 经历 / 进度 等 均 保持 同步 。 这 也 意味着 游侠 们 可以 根据 不同 的 设备 和 场景 ， 在 pc端 和 移动端 无缝 切换 —— 既 可以 选择 在 pc端 感受 极致 沉浸 、 不 打折扣 的 武侠 代入 体验 ； 也 可以 在 移动端 ， 随时随地 开启 轻松 便携 的 江湖 妙趣 。 2 、 后 上线 的 移动端 ， 落下 的 游戏 进度 怎么办 ？ 放心 ！ 我们 将 在 移动端 上线 后 推出 丰富 的 成长 福利 活动 ， 无论是 pc端 玩家 还是 移动端 玩家 都 可以 参与 。 活动 中 将 投放 丰富 的 养成 奖励 ， 帮助 新 玩家 快速 养成 ， 共 襄 江湖 盛景 。 此外 ， 单人 模式 等级 解锁 也 将 更 高效 ， 根据 推算 ， 在 新 玩家 注册 的 第6天 ， 单人 模式 等级 上限 就 将 和 全服 保持 一致 。 3 、 移动端 新 玩家 ， 会 错过 pc端 公测 时 的 福利 吗 ？ 莫 急 ！ 当前 游戏 中 的 各种 福利 活动 ， 都 将 会 同步 对 新 玩家 开放 。 另外 像 黄毛 发型 “ 金狻猊 ” 等 全服 福利 ， 游侠 们 达到 5级 时 即可 进行 领取 。 届时 还 会 奉 上 更 多 福利 ， 静候 游侠 们 上线 领取 。 此外 ， 在 的 移动端 不 删档 上线 之际 ， 游戏 也 将 开启 新 的 福利 活动 ， 让 更 多 福利 和 全部 游侠 一起 ， 更进一步 、 同 赴 江湖 。 4 、 移动端 的 界面 ， 会 有 专门 的 便捷性 优化 吗 ？ 会 有 ！ 移动端 团队 在 对 pc端 版本 移植 的 同时 ， 也 充分 考虑 了 移动端 玩家 的 使用 习惯 ， 对 操作 布局 和 游戏 ui 做 了 进一步 简化 ， 让 界面 操作 更 简洁 清晰 、 易用 美观 。 我们 也 在 游戏 中 提供 了 “ 沉浸 模式 ” 的 选项 ， 让 全面 沉浸 的 游戏 画面 能 兼顾 探索 和 战斗 ， 期待 游侠 们 上手 体验 ， 并 鞭策 我们 持续 进步 。 5 、 移动端 的 战斗 体验 会 和 pc端 有 很 大 差异 吗 ？ 不会 ！ 移动端 仍 保留 了 原汁原味 的 武侠 动作 和 战斗 交互 。 但是 在 具体 操作 上 ， 移动端 团队 则 针对 便携 设备 的 操作 习惯 进行 了 针对性 优化 ， 不仅 将 减少 战斗 操作 的 按键数 ， 还 提供 了 像 “ 技能 辅助 ” 这样 的 便捷性 选项 ， 方便 游侠 们 轻松 上手 。 未来 我们 也 将 陆续 解锁 更 多 移动端 的 高阶 操作 选项 ， 如 移动端 技能 面板 hud ， 也 将 在 后续 解锁 自定义 设置 。 我们 也 看到 有 部分 玩家 担心 pvp 模式 下 ， 在 双端 可能 存在 平衡性 问题 ， 也 请 游侠 们 放心 ， 后续 pvp 匹配 将 在 双端 分开 匹配 ， 互不 影响 。 当然 ， pc端 和 移动端 是 存在 客观 的 操作 差异 和 操作 上限 的 ， 我们 也 推荐 游侠 们 能 结合 pc端 和 移动端 各自 的 优势 ， 在 沉浸 战斗 或 便携 操作 中 ， 找到 属于 自己 的 燕云 打开 方式 。 6 、 移动端 配置 是 怎么样 的 ？ 要 留 多少 空间 ？ 游侠 们 可以 参考 下图 的 机型 配置 推荐 ， 也 建议 游侠 们 在 设备 上 预留 25-30g 存储 空间 ， 用于 下载 全部 数据 内容 。 在 当前 的 不 删档 上线 阶段 ， 移动端 的 机型 优化 仍 在 持续 进行 中 ， 部分 硬件 设备 对于 国产 引擎 的 适配 也 还 在 持续 推进 中 。 部分 机型 可能 出现 性能 未能 完全 达标 的 情况 ， 我们 强烈 建议 您 ， 使用 “ 支持 配置 ” 以上 的 机型 进行 体验 。 未来 ， 我们 也 将 继续 做好 优化 兼容 ， 争取 让 更 多 游侠 能 轻松 体验 便携 移动版 的 燕云 ！ 期待 和 游侠 们 相会 江湖 ， 欢迎 各位 继续 在 各 平台 给 我们 发来 反馈 ， 我们 一定 知无不言 。 ' ],2025-01,上手必看！移动端热门问题答疑
['截至今日，燕云公测已经整整一周，但我们的兴奋劲没有一丝一毫的减弱。都说有人的地方就有故事，让我们来看看，这一周燕云里有趣的故事吧！燕云是一款武侠开放世界游戏，我们希望每个游侠都可以从燕云中找到自己的乐趣。如果游侠喜欢燕云，在江湖中遇到了快乐的事，可以随时跟燕子、跟大家一起分享！游侠可以前往各大社交平台，带上#燕云说书人计划#话题发布，投稿一经采用，还有机会赢得燕子给大家准备的小礼物噢！同样的，游侠们对游戏的建议与反馈，我们也会认真倾听。比如大家非常关心的海捕玩法，我们也还在做持续的观察和调整。我们对游戏内的犯罪行为进行了重新“量刑”，避免各位游侠在不知情的情况下遭受无妄之灾。并且，未来针对破坏公物等轻罪，只会出动官府捕快进行抓捕。只有犯下杀人越货等重大罪名，或无视警告多次犯罪无法感化者，才会触发江湖侠士协助追逃。目前，部分改动已经实装，大家可以前往游戏内体验。我们还有一些设想，希望让这个系统给予玩家更多的选择和可能。未来在触发侠士缉拿前，将会提前告知游侠罪恶值已达边界，此时游侠可主动选择做一些好人好事服务大众，消减罪恶值，即可避免侠士追捕。大家也可以给我们继续发来反馈和建议，我们将继续踏实调优！']。 —— 公测一周，燕云里发生了哪些事儿？-,《 公测 一 周 ， 燕云 里 发生 了 哪些 事儿 ？ 》 : [ ' 截至 今日 ， 燕云 公测 已经 整整 一周 ， 但 我们 的 兴奋劲 没有 一丝一毫 的 减弱 。 都 说 有人 的 地方 就 有 故事 ， 让 我们 来 看看 ， 这 一周 燕云 里 有趣 的 故事 吧 ！ 燕云 是 一 款 武侠 开放世界 游戏 ， 我们 希望 每个 游侠 都 可以 从 燕云 中 找到 自己 的 乐趣 。 如果 游侠 喜欢 燕云 ， 在 江湖 中 遇到 了 快乐 的 事 ， 可以 随时 跟 燕子 、 跟 大家 一起 分享 ！ 游侠 可以 前往 各 大 社交 平台 ， 带 上 # 燕云 说书人 计划 # 话题 发布 ， 投稿 一经 采用 ， 还有 机会 赢得 燕子 给 大家 准备 的 小 礼物 噢 ！ 同样 的 ， 游侠 们 对 游戏 的 建议 与 反馈 ， 我们 也 会 认真 倾听 。 比如 大家 非常 关心 的 海捕 玩法 ， 我们 也 还 在 做 持续 的 观察 和 调整 。 我们 对 游戏 内 的 犯罪 行为 进行 了 重新 “ 量刑 ” ， 避免 各位 游侠 在 不 知情 的 情况 下 遭受 无妄之灾 。 并且 ， 未来 针对 破坏 公物 等 轻罪 ， 只 会 出动 官府 捕快 进行 抓捕 。 只有 犯 下 杀人 越货 等 重大 罪名 ， 或 无视 警告 多次 犯罪 无法 感化 者 ， 才 会 触发 江湖 侠士 协助 追逃 。 目前 ， 部分 改动 已经 实装 ， 大家 可以 前往 游戏 内 体验 。 我们 还有 一些 设想 ， 希望 让 这个 系统 给予 玩家 更 多 的 选择 和 可能 。 未来 在 触发 侠士 缉拿 前 ， 将 会 提前 告知 游侠 罪恶值 已 达 边界 ， 此时 游侠 可 主动 选择 做 一些 好人好事 服务 大众 ， 消减 罪恶值 ， 即可 避免 侠士 追捕 。 大家 也 可以 给 我们 继续 发来 反馈 和 建议 ， 我们 将 继续 踏实 调优 ！ ' ],2025-01,公测一周，燕云里发生了哪些事儿？
['2025万象新启，惟愿新年胜旧年。感谢游侠们在各平台发来的问题和建议，给黄毛策划上压力，也是燕云变得更好的动力！最近大家又发来了很多对于游戏和玩法的建议和追问，闲言少叙，马上来场有话直说的坦白局——1战斗相关，大家不爽的已经在改了！我们看到了大家在各平台发来的留言，其中关于卸势时机和boss技能判定的反馈较为集中，专项战斗攻关小组正在加紧调优。后续，我们将进一步优化卸势判定的时间窗口，根据不同难度分别推进判定时机优化。特别在低难度下，提供更宽松的卸势判定时机。大家反馈的部分boss技能的前摇较短、伤害判定不精确的问题，我们也已经启动优化。说老实话，团队是第一次在开放世界中设计动作战斗系统，虽然有初生牛犊不怕虎的冲劲，但也确实是经验不足，正在摸着石头过河。我们一定努力沉淀打磨，未来也会优先在新boss上保证更好的体验，同时陆续优化已上线的boss。2玩法相关，不合理的机制马上优化！风口浪尖上的玩法“海捕榜”，目前在机制上正加紧优化——首先，是为新手玩家提供更充分的低等级保护，在15级前不会进入海捕榜；其次，本周还将增加计入海捕榜的时间间隔（拒捕成功也计算cd）；此外，本周还会增加在大世界生效的毒箭禁疗效果，可以用于抓捕禁疗，改善双方僵持不下的问题。也希望大家给我们继续发来反馈和建议，我们一定持续调优！另外，路牌机制也在持续优化：放置路牌后，提供了本日内不再接受路牌联机邀请功能，以后将不会收到过多的联机邀请打扰。3平衡性相关，平衡性调优持续进行！我们收到了游侠们的反馈，也结合后台数据分析，发现此前pvp玩法中存在少数连续受控的极端体验。为了保障游侠们的pvp体验，提升博弈乐趣，我们为奇术清风霁月新增强化和突破效果，可以在连续受控时获得解控效果。我们也会持续关注游侠的竞技体验，维护公平快意的江湖环境。4联机相关，难度设定将更均衡！我们正努力让联机玩家间等级差距过大时的体验更友好，同时让非浴血难度玩家联机时的难度也更合适，争取在近期更新中实装上线。侠友间的合力共战一定会更得心应手、难度自如，“独众皆乐”绝对不是一句口号而已！5账号相关，想玩不同角色也没问题！同账号多角色功能，目前已经在筹备，我们努力争取能在完成开发，尽快上线和大家见面！6移动端相关，画面性能我们一定尽力！前几天，我们在官网放出了一个小小的移动端“试玩模拟器”，本意是想让大家抢鲜体验捏脸、太极这样的休闲玩法，却出乎意料地获得了大家对画面品质的好评——“移动云试玩这画质根本不输pc端啊”“如果上线有云游戏这样就逆天了”看了这些评价，负责制作云试玩模拟器的同学笑嘻嘻了，但真正负责燕云移动端的黄毛美术与性能优化程序却压力山大了。因为目前云模拟试玩采用的技术，主要是调用了云端pc端资源，以重现和pc端完全一致的画面效果，其需要的性能对标，已经超越了市面上全部移动设备的性能极限。我们不得不坦诚向大家承认，移动端实机的画面品质和性能稳定，会受限于复杂多样的机型配置。在性能优化和美术效果的权衡中，我们必须首先保证玩家游戏体验的流畅性，再追求更优的画面表现。制作人也试过拿云端的这个画质表现，鞭打移动端团队继续提升效果，但是黄毛同学表示目前“臣妾做不到啊”。在测试体验的过程中，手机还有“恰到好处”的发热，抵消了这冬日的寒冷......虽然目前距离云端的pc端级画质仍有距离，但优秀的移动端画面品质和稳定的性能释放，绝对是我们追求的目标。发热和稳定性的问题我们还在加紧攻关，但求侠心火热，而设备不烫！也希望便携移动端能带给大家更方便、更灵活、更休闲的游戏体验，期待大家都能亲自来上手感受。上线一周，再次感谢游侠们的鞭策，也欢迎游侠们继续给我们发来建议和反馈。为进一步优化游侠的游戏体验，我们决定于日-进行一次例行停服维护。停服维护将于开始，预计于左右完成，如未能按时完成，开服时间将会顺延。停服维护期间，游侠将暂时无法登录游戏，因此给游侠带来的不便，十六巷深表歉意！我们将在维护结束后，为游侠奉上一份歉礼，请诸位游侠在维护结束后登录游戏查收。感谢游侠们的理解和支持！']。 —— 停服维护公告丨踏实搞优化，事事有回音！-,《 停服 维护 公告 丨 踏实 搞 优化 ， 事事 有 回音 ！ 》 : [ ' 2025 万象 新启 ， 惟愿 新年 胜 旧年 。 感谢 游侠 们 在 各 平台 发 来 的 问题 和 建议 ， 给 黄毛 策划 上 压力 ， 也是 燕云 变得 更 好 的 动力 ！ 最近 大家 又 发 来 了 很多 对于 游戏 和 玩法 的 建议 和 追问 ， 闲言 少 叙 ， 马上 来场 有 话 直说 的 坦白局 ——1 战斗 相关 ， 大家 不爽 的 已经 在 改 了 ！ 我们 看到 了 大家 在 各 平台 发 来 的 留言 ， 其中 关于 卸势 时机 和 boss 技能 判定 的 反馈 较为 集中 ， 专项 战斗 攻关 小组 正在 加紧 调优 。 后续 ， 我们 将 进一步 优化 卸势 判定 的 时间 窗口 ， 根据 不同 难度 分别 推进 判定 时机 优化 。 特别 在 低 难度 下 ， 提供 更 宽松 的 卸势 判定 时机 。 大家 反馈 的 部分 boss 技能 的 前摇 较 短 、 伤害 判定 不 精确 的 问题 ， 我们 也 已经 启动 优化 。 说 老实 话 ， 团队 是 第一次 在 开放世界 中 设计 动作 战斗 系统 ， 虽然 有 初生 牛犊不怕虎 的 冲劲 ， 但 也 确实 是 经验 不足 ， 正在 摸着石头过河 。 我们 一定 努力 沉淀 打磨 ， 未来 也 会 优先 在 新 boss 上 保证 更 好 的 体验 ， 同时 陆续 优化 已 上线 的 boss 。 2 玩法 相关 ， 不 合理 的 机制 马上 优化 ！ 风口浪尖 上 的 玩法 “ 海捕榜 ” ， 目前 在 机制 上 正 加紧 优化 —— 首先 ， 是 为 新手 玩家 提供 更 充分 的 低 等级 保护 ， 在 15级 前 不会 进入 海捕榜 ； 其次 ， 本周 还 将 增加 计入 海捕榜 的 时间 间隔 （ 拒捕 成功 也 计算 cd ） ； 此外 ， 本周 还 会 增加 在 大世界 生效 的 毒箭 禁疗 效果 ， 可以 用于 抓捕 禁疗 ， 改善 双方 僵持不下 的 问题 。 也 希望 大家 给 我们 继续 发来 反馈 和 建议 ， 我们 一定 持续 调优 ！ 另外 ， 路牌 机制 也 在 持续 优化 ： 放置 路牌 后 ， 提供 了 本日 内 不再 接受 路牌 联机 邀请 功能 ， 以后 将 不会 收到 过多 的 联机 邀请 打扰 。 3 平衡性 相关 ， 平衡性 调优 持续 进行 ！ 我们 收到 了 游侠 们 的 反馈 ， 也 结合 后台 数据 分析 ， 发现 此前 pvp 玩法 中 存在 少数 连续 受控 的 极端 体验 。 为了 保障 游侠 们 的 pvp 体验 ， 提升 博弈 乐趣 ， 我们 为 奇术 清风 霁 月 新增 强化 和 突破 效果 ， 可以 在 连续 受控 时 获得 解控 效果 。 我们 也 会 持续 关注 游侠 的 竞技 体验 ， 维护 公平 快意 的 江湖 环境 。 4 联机 相关 ， 难度 设定 将 更 均衡 ！ 我们 正 努力 让 联机 玩家 间 等级 差距 过 大 时 的 体验 更 友好 ， 同时 让 非浴血 难度 玩家 联机 时 的 难度 也 更 合适 ， 争取 在 近期 更新 中 实装 上线 。 侠友 间 的 合力 共战 一定 会 更 得心应手 、 难度 自如 ， “ 独众皆乐 ” 绝对 不是 一 句 口号 而已 ！ 5 账号 相关 ， 想 玩 不同 角色 也 没 问题 ！ 同 账号 多 角色 功能 ， 目前 已经 在 筹备 ， 我们 努力 争取 能 在 完成 开发 ， 尽快 上线 和 大家 见面 ！ 6 移动端 相关 ， 画面 性能 我们 一定 尽力 ！ 前几天 ， 我们 在 官网 放出 了 一个 小小 的 移动端 “ 试玩 模拟器 ” ， 本意 是 想 让 大家 抢鲜 体验 捏脸 、 太极 这样 的 休闲 玩法 ， 却 出乎意料 地 获得 了 大家 对 画面 品质 的 好评 —— “ 移动云 试玩 这 画质 根本 不 输 pc端 啊 ” “ 如果 上线 有云 游戏 这样 就 逆天 了 ” 看 了 这些 评价 ， 负责 制作 云试玩 模拟器 的 同学 笑嘻嘻 了 ， 但 真正 负责 燕云 移动端 的 黄毛 美术 与 性能 优化 程序 却 压力山大 了 。 因为 目前 云模拟 试玩 采用 的 技术 ， 主要 是 调用 了 云端 pc端 资源 ， 以 重现 和 pc端 完全 一致 的 画面 效果 ， 其 需要 的 性能 对标 ， 已经 超越 了 市面 上 全部 移动端 的 性能 极限 。 我们 不得不 坦诚 向 大家 承认 ， 移动端 实机 的 画面 品质 和 性能 稳定 ， 会 受限于 复杂 多样 的 机型 配置 。 在 性能 优化 和 美术 效果 的 权衡 中 ， 我们 必须 首先 保证 玩家 游戏 体验 的 流畅性 ， 再 追求 更 优 的 画面 表现 。 制作人 也 试 过 拿 云端 的 这个 画质 表现 ， 鞭打 移动端 团队 继续 提升 效果 ， 但是 黄毛 同学 表示 目前 “ 臣妾 做 不 到 啊 ” 。 在 测试 体验 的 过程 中 ， 手机 还有 “ 恰到好处 ” 的 发热 ， 抵消 了 这 冬日 的 寒冷 ...... 虽然 目前 距离 云端 的 pc端 级 画质 仍 有 距离 ， 但 优秀 的 移动端 画面 品质 和 稳定 的 性能 释放 ， 绝对 是 我们 追求 的 目标 。 发热 和 稳定性 的 问题 我们 还 在 加紧 攻关 ， 但 求 侠心 火热 ， 而 设备 不 烫 ！ 也 希望 便携 移动端 能 带 给 大家 更 方便 、 更 灵活 、 更 休闲 的 游戏 体验 ， 期待 大家 都 能 亲自 来 上手 感受 。 上线 一周 ， 再次 感谢 游侠 们 的 鞭策 ， 也 欢迎 游侠 们 继续 给 我们 发 来 建议 和 反馈 。 为 进一步 优化 游侠 的 游戏 体验 ， 我们 决定 于 日- 进行 一次 例行 停服 维护 。 停服 维护 将 于 开始 ， 预计 于 左右 完成 ， 如 未能 按时 完成 ， 开服 时间 将 会 顺延 。 停服 维护 期间 ， 游侠 将 暂时 无法 登录 游戏 ， 因此 给 游侠 带来 的 不便 ， 十六巷 深表 歉意 ！ 我们 将 在 维护 结束 后 ， 为 游侠 奉 上 一 份 歉礼 ， 请 诸位 游侠 在 维护 结束 后 登录 游戏 查收 。 感谢 游侠 们 的 理解 和 支持 ！ ' ],2025-01,停服维护公告丨踏实搞优化，事事有回音！
['各位游侠，新年快乐！我们刚刚告别了对燕云来说不平凡的一年，也幸而有你们，和我们一起在2024年末完成了一件不平凡的事儿。这是我们和游侠们共度的第一个新年，在这里，我们也要给游侠送上最真挚的祝福。愿各位游侠在新的一年里平安顺遂，喜乐无忧；无论在江湖内外，都能收获到世间最多最真的温暖！今日元旦佳节，花鸟见喜，我们也准备了包含配饰【花鸟喜】、长鸣玉在内的一些小心意，游侠们上线后通过邮件和活动即可领取。燕子也许下了自己的新年愿望：只愿后续能与游侠们同行一年又一年，彼此珍惜，不负相遇。在新的一年中，我们也会坚定初心，持续为大家奉上有趣的，强沉浸感的优质武侠内容。游侠们也不用为我们担心，诸位的好评就是我们最好的宣发，诸位的喜爱就是我们最好的营收。只要一句“好玩！”，就是对我们最大的鼓励。如果喜欢燕云，欢迎向朋友们推荐，燕子会非常开心！在2025年里，还有非常丰富的内容在等着大家。有新玩法、新区域、新主线、新故事、新boss、新活动、新奇术，希望大家能够喜欢。至于今日嘛——今日不肝，各位快乐收礼就好！新年快乐！同时，燕云官方小程序也迎来了更新！万相集、攻略、福利……全新内容和功能，让大鹅助力大家畅游江湖！明天大鹅福利栈「泥泥散垢搓澡巾」补货啦！届时游侠们可以前来兑换！']。 —— 今日燕云丨花鸟见喜，共庆元旦！-,《 今日 燕云 丨 花鸟 见 喜 ， 共 庆 元旦 ！ 》 : [ ' 各位 游侠 ， 新年 快乐 ！ 我们 刚刚 告别 了 对 燕云 来说 不 平凡 的 一年 ， 也 幸而 有 你们 ， 和 我们 一起 在 2024年末 完成 了 一件 不 平凡 的 事儿 。 这是 我们 和 游侠 们 共度 的 第一个 新年 ， 在 这里 ， 我们 也 要 给 游侠 送 上 最 真挚 的 祝福 。 愿 各位 游侠 在 新 的 一年 里 平安 顺遂 ， 喜乐 无忧 ； 无论 在 江湖 内外 ， 都 能 收获 到 世间 最多 最 真 的 温暖 ！ 今日 元旦 佳节 ， 花鸟 见喜 ， 我们 也 准备 了 包含 配饰 【 花鸟喜 】 、 长鸣玉 在内 的 一些 小 心意 ， 游侠 们 上线 后 通过 邮件 和 活动 即可 领取 。 燕子 也许 下 了 自己 的 新年 愿望 ： 只 愿 后续 能 与 游侠 们 同行 一年 又 一年 ， 彼此 珍惜 ， 不 负 相遇 。 在 新 的 一年 中 ， 我们 也 会 坚定 初心 ， 持续 为 大家 奉 上 有趣 的 ， 强 沉浸感 的 优质 武侠 内容 。 游侠 们 也 不用 为 我们 担心 ， 诸位 的 好评 就 是 我们 最好 的 宣发 ， 诸位 的 喜爱 就 是 我们 最好 的 营收 。 只要 一 句 “ 好玩 ！ ” ， 就 是 对 我们 最大 的 鼓励 。 如果 喜欢 燕云 ， 欢迎 向 朋友 们 推荐 ， 燕子 会 非常 开心 ！ 在 2025年 里 ， 还有 非常 丰富 的 内容 在 等 着 大家 。 有 新 玩法 、 新 区域 、 新 主线 、 新 故事 、 新 boss 、 新 活动 、 新 奇术 ， 希望 大家 能够 喜欢 。 至于 今日 嘛 —— 今日 不 肝 ， 各位 快乐 收礼 就 好 ！ 新年 快乐 ！ 同时 ， 燕云 官方 小 程序 也 迎来 了 更新 ！ 万相集 、 攻略 、 福利 …… 全新 内容 和 功能 ， 让 大鹅 助力 大家 畅游 江湖 ！ 明天 大鹅福利栈 「 泥泥 散垢 搓澡巾 」 补货 啦 ！ 届时 游侠 们 可以 前来 兑换 ！ ' ],2025-01,今日燕云丨花鸟见喜，共庆元旦！
['岁末有佳音，《燕云十六声》便携移动端即将于不删档上线。我们也看到，很多游侠希望能抢鲜体验部分移动端试玩内容。所以在官网，我们也准备了一个小小的“试玩模拟器”。游侠们可以在其中进行捏脸试妆、万物太极、外观预览等模拟试玩，打打太极甩甩熊，妙手捏脸尝尝鲜——在移动端不删档上线之前，先行熟悉游戏的一些休闲趣味玩法，等到正式上线时想必更能得心应手。（本次仅为模拟试玩，不记录数据。正式创角则请游侠们猛猛预约，在预下载中快人一步！）试试，带上ta一起去江湖吧！上传照片，生成万物。文能合影，武可扔出。试试，也和声音见一面吧！言其声，见其形，千色语音，万般容貌。（试玩模拟不代表内容和画面的最终品质，请以上线为准）世界无羁，近在咫尺。今日的燕云，也因游侠们的期待又添许多精彩。开封城内城外，更多的故事和挑战正等待游侠们开启。话不多说，一起来看看今日份的“燕叽情报站”——']。 —— 今日燕云丨世界无羁，移动端预约触手可及-,《 今日 燕云 丨 世界 无羁 ， 移动端 预约 触手 可 及 》 : [ ' 岁末 有 佳音 ， 《 燕云十六声 》 便 携 移动端 即将 于 不 删档 上线 。 我们 也 看到 ， 很多 游侠 希望 能 抢鲜 体验 部分 移动端 试玩 内容 。 所以 在 官网 ， 我们 也 准备 了 一个 小小 的 “ 试玩 模拟器 ” 。 游侠 们 可以 在 其中 进行 捏 脸 试妆 、 万物 太极 、 外观 预览 等 模拟 试玩 ， 打打 太极 甩甩熊 ， 妙手 捏 脸 尝尝鲜 —— 在 移动端 不 删档 上线 之前 ， 先行 熟悉 游戏 的 一些 休闲 趣味 玩法 ， 等到 正式 上线 时 想必 更 能 得心应手 。 （ 本 次 仅 为 模拟 试玩 ， 不 记录 数据 。 正式 创角 则 请 游侠 们 猛猛 预约 ， 在 预下载 中 快人 一 步 ！ ） 试试 ， 带 上 ta 一起 去 江湖 吧 ！ 上传 照片 ， 生成 万物 。 文 能 合影 ， 武 可 扔 出 。 试试 ， 也 和 声音 见 一 面 吧 ！ 言 其 声 ， 见 其 形 ， 千色 语音 ， 万般 容貌 。 （ 试玩 模拟 不 代表 内容 和 画面 的 最终 品质 ， 请 以 上线 为 准 ） 世界 无羁 ， 近在咫尺 。 今日 的 燕云 ， 也 因 游侠 们 的 期待 又 添 许多 精彩 。 开封 城内 城外 ， 更 多 的 故事 和 挑战 正 等待 游侠 们 开启 。 话 不 多 说 ， 一起 来 看看 今日 份 的 “ 燕叽情报站 ” —— ' ],2025-01,今日燕云丨世界无羁，移动端预约触手可及
['行侠相会终有时，燕云十六，生了——《燕云十六声》pc端公测现已开启！天生武侠的序幕现已开启，世界无羁的江湖正由游侠们亲手书写。公测首日，在不羡仙酒馆中，寒香寻盼游侠归家。弱水岸中，落入血月的梦魇，是那位面熟的寻心。再赴清河，“百草野”和“隐月山”的风景更秀，你也可以学会“摄星拿月”等武学奇术，遍访荒祠暗影、河山如故。侠隐于世，野外boss皮影师，将军祠公孙大爷，甚至连大鹅都不容小觑，高手真的在民间！闯荡江湖，也推荐多偷师几门武学，亦可自由选择营生和门派。有功夫傍身，更期待各位在试剑副本，或是在首日就开放的多人竞技玩法“觉障林”中大展身手。江湖故事序幕刚启，还有诸多强敌正摩拳擦掌——燕云boss团，今日正式集结！我们将根据boss的角色设定，用鲜活的真人剧情呈现，通过不同形式向更多人展示他们强悍战力背后的隐秘故事。我们也想用生动鲜活的角色剧情呈现，带给游侠们更沉浸、动人的江湖故事和武侠体验。本次两位新boss率先亮相，一“黑”一“白”共同揭开boss团的序章，在强敌如云的燕云，未来可期！全家都是武侠迷的老戏骨、视帝“倪大红”，将化身深不可测的开封新boss“黑财神”。游侠们且看这举手投足间，是花花世界，也是江湖凶险。青年演员“丁禹兮”，将化身病骨文弱却深藏不露的常平使“郑鄂”。一袭白衣一柄折扇，善恶抉择就在一念之间。这位哀切公子背后，也牵扯出那段乱世纠葛的悲恸身世......由丁禹兮倾情演绎的新boss“郑鄂”武力超群，燕云的官方武术指导董玮老师也在拍摄时亲临现场、悉心指导。其中刀、枪、扇的动作展现，均化用自香港金像奖、台湾金马奖“最佳动作指导”董玮老师的游戏武学设计。而随着对剧情和世界的探索深入，各位可以在开封区域与这两位新boss交手。来者不善，不服来战！江湖不远，此刻就在身边。欢迎大家来到燕云，开启属于自己的武侠羁旅。多平台内容激励计划也已正式启动，欢迎游侠们成为“燕云说书人”——此刻燕云初出茅庐，游侠们若在江湖闯荡的过程中发现任何问题，都可以在各平台给我们留言，一定事事有回音！也欢迎添加官方企微“燕小云”，或者联系官方客服电话获得帮助。我们将全程为您服务。现在，此刻，马上，我们燕云见！']。 —— 公测开启丨boss团集结，燕云十六生了！-,《 公测 开启 丨 BOSS团 集结 ， 燕云 十六 生 了 ！ 》 : [ ' 行侠 相会 终 有时 ， 燕云 十六 ， 生 了 —— 《 燕云十六声 》 pc端 公测 现 已 开启 ！ 天生 武侠 的 序幕 现 已 开启 ， 世界 无羁 的 江湖 正 由 游侠 们 亲手 书写 。 公测 首日 ， 在 不羡仙 酒馆 中 ， 寒香 寻盼 游侠 归家 。 弱 水岸 中 ， 落入 血月 的 梦魇 ， 是 那位 面熟 的 寻心 。 再 赴 清河 ， “ 百草野 ” 和 “ 隐月山 ” 的 风景 更 秀 ， 你 也 可以 学会 “ 摄 星 拿 月 ” 等 武学 奇术 ， 遍 访 荒祠 暗影 、 河山如故 。 侠 隐 于 世 ， 野外 boss 皮影师 ， 将 军祠 公孙大爷 ， 甚至 连 大 鹅 都 不容小觑 ， 高手 真 的 在 民间 ！ 闯荡 江湖 ， 也 推荐 多 偷师 几门 武学 ， 亦 可 自由 选择 营生 和 门派 。 有 功夫 傍身 ， 更 期待 各位 在 试剑 副本 ， 或是 在 首日 就 开放 的 多 人 竞技 玩法 “ 觉障林 ” 中 大 展 身手 。 江湖 故事 序幕 刚 启 ， 还有 诸多 强敌 正 摩拳擦掌 —— 燕云boss团 ， 今日 正式 集结 ！ 我们 将 根据 boss 的 角色 设定 ， 用 鲜活 的 真人 剧情 呈现 ， 通过 不同 形式 向 更 多 人 展示 他们 强悍 战力 背后 的 隐秘 故事 。 我们 也 想 用 生动 鲜活 的 角色 剧情 呈现 ， 带 给 游侠 们 更 沉浸 、 动人 的 江湖 故事 和 武侠 体验 。 本 次 两位 新 boss 率先 亮相 ， 一 “ 黑 ” 一 “ 白 ” 共同 揭开 boss团 的 序章 ， 在 强敌 如 云 的 燕云 ， 未来 可 期 ！ 全家 都是 武侠迷 的 老戏骨 、 视帝 “ 倪大红 ” ， 将 化身 深不可测 的 开封 新 boss “ 黑财神 ” 。 游侠 们 且 看 这 举手投足 间 ， 是 花花世界 ， 也是 江湖 凶险 。 青年 演员 “ 丁禹兮 ” ， 将 化身 病骨 文弱 却 深藏不露 的 常平 使 “ 郑鄂 ” 。 一 袭 白衣 一 柄 折扇 ， 善恶 抉择 就 在 一念之间 。 这 位 哀切 公子 背后 ， 也 牵扯 出 那 段 乱世 纠葛 的 悲恸 身世 ...... 由 丁禹兮 倾情 演绎 的 新 boss “ 郑鄂 ” 武力 超群 ， 燕云 的 官方 武术 指导 董玮 老师 也 在 拍摄 时 亲临 现场 、 悉心 指导 。 其中 刀 、 枪 、 扇 的 动作 展现 ， 均 化 用 自 香港 金像奖 、 台湾 金马奖 “ 最佳 动作 指导 ” 董玮 老师 的 游戏 武学 设计 。 而 随着 对 剧情 和 世界 的 探索 深入 ， 各位 可以 在 开封 区域 与 这 两位 新 boss 交手 。 来者不善 ， 不服 来 战 ！ 江湖 不 远 ， 此刻 就 在 身边 。 欢迎 大家 来到 燕云 ， 开启 属于 自己 的 武侠 羁旅 。 多 平台 内容 激励 计划 也 已 正式 启动 ， 欢迎 游侠 们 成为 “ 燕云 说书人 ” —— 此刻 燕云 初出茅庐 ， 游侠 们 若 在 江湖 闯荡 的 过程 中 发现 任何 问题 ， 都 可以 在 各 平台 给 我们 留言 ， 一定 事事 有 回音 ！ 也 欢迎 添加 官方 企微 “ 燕小云 ” ， 或者 联系 官方 客服 电话 获得 帮助 。 我们 将 全程 为 您 服务 。 现在 ， 此刻 ， 马上 ， 我们 燕云 见 ！ ' ],2024-12,公测开启丨BOSS团集结，燕云十六生了！
['游侠们，展信佳。距离上线还有最后一天，明早10点，我们将正式开启公测。数年练功，感谢游侠们一路支持。转眼登台，念念不忘中自有回响——在与游侠们相逢的期待中，也有了这首由关大洲老师制作，由龚琳娜老师演唱的公测宣传曲：《来者何人也》。来者何人也？或无名一少年，或侠客万万千。江湖路远，且歌且行。愿以此曲化身“江湖说书人”，用身临侠境的声声游吟，为江湖新侠引路。无论来者何人，只要有出发的热忱和勇气，就是天生侠道、江湖之始。此外，燕云十六声原声专辑（清河卷）现已登录网易云音乐，欢迎游侠们移步听曲： —— 倒计时1天丨明日公测，来者何人也？-,《 倒计时 1天 丨 明日 公测 ， 来者 何人 也 ？ 》 : [ ' 游侠 们 ， 展 信 佳 。 距离 上线 还有 最后 一天 ， 明早10点 ， 我们 将 正式 开启 公测 。 数年 练功 ， 感谢 游侠 们 一路 支持 。 转眼 登台 ， 念念不忘 中 自 有 回响 —— 在 与 游侠 们 相逢 的 期待 中 ， 也 有 了 这 首 由 关大洲 老师 制作 ， 由 龚琳娜 老师 演唱 的 公测 宣传曲 ： 《 来者 何人 也 》 。 来者 何人 也 ？ 或 无名 一 少年 ， 或 侠客 万万千 。 江湖 路 远 ， 且 歌 且 行 。 愿 以 此曲 化身 “ 江湖 说书人 ” ， 用 身临侠境 的 声声 游吟 ， 为 江湖 新侠 引路 。 无论 来者 何人 ， 只要 有 出发 的 热忱 和 勇气 ， 就 是 天生 侠道 、 江湖 之 始 。 此外 ， 燕云十六声 原声 专辑 （ 清河卷 ） 现 已 登录 网易云 音乐 ， 欢迎 游侠 们 移步 听 曲 ：,2024-12,倒计时1天丨明日公测，来者何人也？
['旧的英雄，已随烽烟与传说远去；新的侠客，面对浩瀚江湖，又将何去何从？再过2天，还有不到48个小时，就要和游侠们见面了！江湖已近在咫尺，在大幕拉开前，且看且听——银鞍照白马，飒沓如流星。三杯吐然诺，五岳倒为轻。一点浩然气，千里快哉风。纵横天地间，烟雨任平生。静候游侠，赤诚相见。《燕云十六声》公测将于开启，pc端客户端预下载已于日11时开启，为了更好的游戏体验，我们强烈推荐大家前往官网yysls.cn提前完成预下载。为了帮助游侠们顺利踏上燕云，十六也整理了一些大家关心的问题，供游侠们查阅：1如何获得pc端游戏包体？——官方包体下载地址： —— 倒计时2天丨预下载开启，是近在咫尺的燕云！-,《 倒计时 2天 丨 预 下载 开启 ， 是 近在咫尺 的 燕云 ！ 》 : [ ' 旧 的 英雄 ， 已 随 烽烟 与 传说 远 去 ； 新 的 侠客 ， 面对 浩瀚 江湖 ， 又 将 何去何从 ？ 再 过 2天 ， 还有 不 到 48个小时 ， 就要 和 游侠 们 见面 了 ！ 江湖 已 近在咫尺 ， 在 大 幕 拉开 前 ， 且 看 且 听 —— 银鞍 照 白马 ， 飒沓 如 流星 。 三杯 吐然 诺 ， 五 岳 倒 为 轻 。 一点 浩然 气 ， 千里 快 哉 风 。 纵横 天地 间 ， 烟雨 任 平生 。 静候 游侠 ， 赤诚 相见 。 《 燕云十六声 》 公测 将 于 开启 ， pc端 客户端 预下载 已 于 日 11时 开启 ， 为了 更 好 的 游戏 体验 ， 我们 强烈 推荐 大家 前往 官网 yysls.cn 提前 完成 预下载 。 为了 帮助 游侠 们 顺利 踏 上 燕云 ， 十六 也 整理 了 一些 大家 关心 的 问题 ， 供 游侠 们 查阅 ： 1 如何 获得 pc端 游戏 包体 ？ —— 官方 包体 下载 地址 ：,2024-12,倒计时2天丨预下载开启，是近在咫尺的燕云！
['游侠们好！燕云已正式进入公测三天倒计时，届时游侠们就将正式踏入燕云。对很多人来说，这是一个陌生的世界。不过，这个世界里也有一些大家熟悉的人。比如，有一位武学宗师就带着他的绝世神功，在燕云中开启了“收徒”之旅。经典功夫形象“火云邪神”扮演者-梁小龙老师和他的招牌绝技「金蟾腾跃」，都将出现在燕云的世界里。只要游侠有心寻觅，加上机缘得当，就有机会学会这门强横无比的功夫。公测版本之中，这种自成一派的独门功夫合计有23种，它们被统称为奇术。奇术不受当前武器及武学套路桎梏，只要准备好了即可随时使用。在探索、解密、战斗或者干坏事的过程中，只要应用得当，都会产生奇效。比如这借力打力的太极之术，力量再大的敌人，也会被你玩弄于掌间（字面意思），甚至成为你开山破土的工具。——以及在钓友们面前挣回颜面的工具。还有一门奇术，名曰「摄星拿月」。练好这招可以让你能从他人身上、甚至宝箱之中隔空取物，让这种不太光彩的行为，也多了几分踏月留香的优雅。与人对决之时，还能空手夺刃反制彼身。「摄星拿月」，实乃居家旅行救人送货必备之良品！与「摄星拿月」气质相近的，还有一招名为「红尘障目」的奇术。虽然名字高雅，但却非常符合实用主义路线。退可快速脱身，进可以一敌众，何尝又不是另一种优雅。若游侠更喜欢走刚猛路线的武学，那这一招「狮吼正声」也许正合你意。这招以洪钟之形，取狮吼之意，主打一个刚猛无匹，声震诸小。还有的奇术，若搭配得当，也可以产生非常有趣的联动。比如这一对「神龙吐火」及「太白醉月」，单看都已经是武侠作品中地位很高的上乘武学。组合在一起，这烈酒遇上了烈火之后，也会立刻爆发出极为强烈的化学反应。上述种种，只是23门奇术里的一部分。若有兴趣，游侠们可以自行去探索，把这些散落在江湖各处的顶级武学集于一身。正所谓宝剑赠英雄，希望游侠们习得这些奇术之后，可以用于正道（当然也可以偶尔用于邪道），让它们在江湖中继续迸发光彩！既然游侠们可通过习得高深武学登顶江湖，那也得有值得一战的对手。今日来客“黑财神”挟威势而来，日后与游侠相见，必有巅峰一战！大鹅聚宝铺仍在营业中！大鹅从各地捡来的好货，免费送！每位游侠进入聚宝铺后，都可以获得12个包裹，每个包裹里都藏着大鹅精心准备的礼物~游侠们还可以邀请好友帮自己一起拆包裹哦。有长鸣玉、烟花、绕梁之音等游戏道具，大鹅专属名片——鹅滴神、还有iphone15、丰富周边奖励。快看看你都能拆到怎样的礼物吧~~大鹅聚宝铺活动将于26号结束，游侠儿千万不要错过！']。 —— 倒计时3天丨武学宗师燕云授业，23种奇术助你遨游江湖-,《 倒计时 3天 丨 武学 宗师 燕云 授业 ， 23种 奇术 助 你 遨游 江湖 》 : [ ' 游侠 们 好 ！ 燕云 已 正式 进入 公测 三天 倒计时 ， 届时 游侠 们 就 将 正式 踏 入 燕云 。 对 很多 人 来说 ， 这是 一个 陌生 的 世界 。 不过 ， 这个 世界 里 也 有一些 大家 熟悉 的 人 。 比如 ， 有 一 位 武学 宗师 就 带 着 他 的 绝世 神功 ， 在 燕云 中 开启 了 “ 收徒 ” 之 旅 。 经典 功夫 形象 “ 火云 邪神 ” 扮演者 梁小龙 老师 和 他 的 招牌 绝技 「 金蟾腾跃 」 ， 都 将 出现 在 燕云 的 世界 里 。 只要 游侠 有心 寻觅 ， 加上 机缘 得当 ， 就 有 机会 学会 这 门 强横 无比 的 功夫 。 公测 版本 之中 ， 这种 自成一派 的 独门 功夫 合计 有 23种 ， 它们 被 统称 为 奇术 。 奇术 不 受 当前 武器 及 武学 套路 桎梏 ， 只要 准备 好 了 即可 随时 使用 。 在 探索 、 解密 、 战斗 或者 干 坏事 的 过程 中 ， 只要 应用 得当 ， 都 会 产生 奇效 。 比如 这 借 力 打力 的 太极 之 术 ， 力量 再 大 的 敌人 ， 也 会 被 你 玩弄 于 掌间 （ 字面 意思 ） ， 甚至 成为 你 开山 破土 的 工具 。 —— 以及 在 钓友 们 面前 挣 回 颜面 的 工具 。 还有 一 门 奇术 ， 名 曰 「 摄 星 拿 月 」 。 练 好 这 招 可以 让 你 能 从 他人 身上 、 甚至 宝箱 之中 隔空 取 物 ， 让 这种 不 太 光彩 的 行为 ， 也 多 了 几分 踏 月 留 香 的 优雅 。 与 人 对决 之 时 ， 还 能 空手 夺 刃 反制 彼 身 。 「 摄 星 拿 月 」 ， 实 乃 居家 旅行 救人 送货 必备 之 良品 ！ 与 「 摄 星 拿 月 」 气质 相近 的 ， 还有 一 招 名 为 「 红尘 障目 」 的 奇术 。 虽然 名字 高雅 ， 但 却 非常 符合 实用主义 路线 。 退 可 快速 脱身 ， 进 可以 一 敌众 ， 何尝 又 不是 另 一种 优雅 。 若 游侠 更 喜欢 走 刚猛 路线 的 武学 ， 那 这 一 招 「 狮吼正声 」 也许 正 合 你 意 。 这 招 以 洪钟 之 形 ， 取 狮吼 之 意 ， 主打 一个 刚猛 无匹 ， 声 震 诸 小 。 还 有的 奇术 ， 若 搭配 得当 ， 也 可以 产生 非常 有趣 的 联动 。 比如 这 一对 「 神龙吐火 」 及 「 太白醉月 」 ， 单 看 都 已经 是 武侠 作品 中 地位 很 高 的 上乘 武学 。 组合 在 一起 ， 这 烈酒 遇 上 了 烈火 之后 ， 也 会 立刻 爆发 出 极为 强烈 的 化学反应 。 上述 种种 ， 只是 23门 奇术 里 的 一部分 。 若 有 兴趣 ， 游侠 们 可以 自行 去 探索 ， 把 这些 散落 在 江湖 各处 的 顶级 武学 集 于 一身 。 正 所谓 宝剑 赠 英雄 ， 希望 游侠 们 习得 这些 奇术 之后 ， 可以 用于 正道 （ 当然 也 可以 偶尔 用于 邪道 ） ， 让 它们 在 江湖 中 继续 迸发 光彩 ！ 既然 游侠 们 可 通过 习得 高深 武学 登顶 江湖 ， 那 也 得 有 值得 一 战 的 对手 。 今日 来客 “ 黑 财神 ” 挟 威势 而 来 ， 日后 与 游侠 相见 ， 必 有 巅峰 一 战 ！ 大鹅聚宝铺 仍 在 营业 中 ！ 大鹅 从 各地 捡 来 的 好 货 ， 免费 送 ！ 每 位 游侠 进入 聚宝铺 后 ， 都 可以 获得 12个 包裹 ， 每个 包裹 里 都 藏 着 大鹅 精心 准备 的 礼物 ~ 游侠 们 还 可以 邀请 好友 帮 自己 一起 拆 包裹 哦 。 有 长鸣玉 、 烟花 、 绕梁之音 等 游戏 道具 ， 大鹅 专属 名片 —— 鹅滴神 、 还有 iphone15 、 丰富 周边 奖励 。 快 看看 你 都 能 拆 到 怎样 的 礼物 吧 ~ ~ 大鹅聚宝铺 活动 将 于 26号 结束 ， 游侠儿 千万 不要 错过 ！ ' ],2024-12,倒计时3天丨武学宗师燕云授业，23种奇术助你遨游江湖
['就在本周！距离公测只有最后4天，迫不及待想和游侠们共赴燕云。各项工作也已经准备就绪，我们将于上午11点，在官网yysls.cn开启pc端客户端预下载！相会在即，不少游侠也在各平台给我们发来了很多留言，关心和追问公测的各种问题——1预下载与预捏脸会同时开启吗？——游戏pc端客户端预下载将于上午11点开启，本次预下载主要是为了便于游侠们提前调试pc端设备、安装游戏包体，因此并不会开放玩法性内容体验。因此，关于捏脸等玩法，还请游侠们在公测正式开启后再行游玩。pc端公测版本的捏脸玩法也有诸多新优化和新功能，期待游侠们上线体验～2“赛季制”是怎么回事，赛季重置会影响等级和装备吗？——游侠好，赛季更迭不会重置个人等级和装备。赛季制主要与内容/玩法/活动更新和阶段养成有关，我们也将会持续带来高质量的赛季内容更新，敬请期待。公测时值仲冬之月，对应的十二律之一便是“黄钟”，其声雄浑，可震山川，地蕴万灵，代表了华夏文明中的山川地理，也是万物之始。因此，首个赛季也将命名为“黄钟长鸣”赛季，期待和游侠们共鸣此声！3移动端什么时候上线，公测会有云游戏体验吗？——燕云的pc端和移动端是分开两个团队在并行的，公测版本的pc端内容开发已制作完成，移动端团队已经全面跟进，正在进行移植体验和性能优化，以及和硬件厂商进行最后的冲刺联调。所以期待移动端的游侠朋友们也不用担心，移动端上线距离pc端公测不会相隔很久，请游侠们再给我们一点点时间，马上就会有好消息！另外，27日pc端公测开启之后，pc端云游戏端也将稍后开放，也请游侠们持续关注游戏官网yysls.cn。如果游侠还有其他疑问，欢迎添加下面的官方企微“燕小云”，或者联系官方客服电话进行详细咨询。4pc的具体配置支持是什么？——请游侠们通过下图详细了解公测pc端配置需求：若有任何其他问题，也欢迎游侠们在评论区或后台继续给我们发来留言，黄毛策划一定知无不言！同时，创作者活动-直播达人招募也已火热开启，欢迎查看下图了解参与活动！最后，在燕云静候多时的强敌boss们，也终将悉数揭开神秘面纱。今日之来客唤作“鬼公子”，一席红装入镜，自有人事天命。期待日后相见，和各位不打不相识！']。 —— 倒计时4天丨万事俱备，公测配置速览请收下！-,《 倒计时 4天 丨 万事俱备 ， 公测 配置 速览 请 收下 ！ 》 : [ ' 就 在 本周 ！ 距离 公测 只有 最后 4天 ， 迫不及待 想 和 游侠 们 共 赴 燕云 。 各项 工作 也 已经 准备 就绪 ， 我们 将 于 上午11点 ， 在 官网 yysls.cn 开启 pc端 客户端 预下载 ！ 相会 在即 ， 不少 游侠 也 在 各 平台 给 我们 发 来 了 很多 留言 ， 关心 和 追问 公测 的 各种 问题 —— 1 预下载 与 预捏脸 会 同时 开启 吗 ？ —— 游戏 pc端 客户端 预下载 将 于 上午11点 开启 ， 本 次 预下载 主要 是 为了 便于 游侠 们 提前 调试 pc端 设备 、 安装 游戏 包体 ， 因此 并 不会 开放 玩法性 内容 体验 。 因此 ， 关于 捏脸 等 玩法 ， 还 请 游侠 们 在 公测 正式 开启 后 再行 游玩 。 pc端 公测 版本 的 捏脸 玩法 也 有 诸多 新 优化 和 新 功能 ， 期待 游侠 们 上线 体验 ～ 2 “ 赛季制 ” 是 怎么 回 事 ， 赛季 重置 会 影响 等级 和 装备 吗 ？ —— 游侠 好 ， 赛季 更迭 不会 重置 个人 等级 和 装备 。 赛季制 主要 与 内容 / 玩法 / 活动 更新 和 阶段 养成 有关 ， 我们 也 将 会 持续 带来 高质量 的 赛季 内容 更新 ， 敬请 期待 。 公测 时值 仲冬 之 月 ， 对应 的 十二 律 之一 便是 “ 黄钟 ” ， 其 声 雄浑 ， 可 震 山川 ， 地蕴 万灵 ， 代表 了 华夏 文明 中 的 山川 地理 ， 也是 万物 之 始 。 因此 ， 首个 赛季 也 将 命名 为 “ 黄钟 长鸣 ” 赛季 ， 期待 和 游侠 们 共鸣 此 声 ！ 3 移动端 什么 时候 上线 ， 公测 会 有 云 游戏 体验 吗 ？ —— 燕云 的 pc端 和 移动端 是 分开 两个 团队 在 并行 的 ， 公测 版本 的 pc端 内容 开发 已 制作 完成 ， 移动端 团队 已经 全面 跟进 ， 正在 进行 移植 体验 和 性能 优化 ， 以及 和 硬件 厂商 进行 最后 的 冲刺 联调 。 所以 期待 移动端 的 游侠 朋友 们 也 不用 担心 ， 移动端 上线 距离 pc端 公测 不会 相隔 很 久 ， 请 游侠 们 再 给 我们 一点点 时间 ， 马上 就 会 有 好消息 ！ 另外 ， 27日 pc端 公测 开启 之后 ， pc云 游戏端 也 将 稍后 开放 ， 也 请 游侠 们 持续 关注 游戏 官网 yysls.cn 。 如果 游侠 还有 其他 疑问 ， 欢迎 添加 下面 的 官方 企微 “ 燕小云 ” ， 或者 联系 官方 客服 电话 进行 详细 咨询 。 4pc 的 具体 配置 支持 是 什么 ？ —— 请 游侠 们 通过 下图 详细 了解 公测 pc端 配置 需求 ： 若 有 任何 其他 问题 ， 也 欢迎 游侠 们 在 评论区 或 后台 继续 给 我们 发 来 留言 ， 黄毛 策划 一定 知无不言 ！ 同时 ， 创作者 活动 直播 达人 招募 也 已 火热 开启 ， 欢迎 查看 下图 了解 参与 活动 ！ 最后 ， 在 燕云 静候 多时 的 强敌boss 们 ， 也 终将 悉数 揭开 神秘 面纱 。 今日 之 来客 唤 作 “ 鬼 公子 ” ， 一 席 红装 入镜 ， 自 有 人事 天命 。 期待 日后 相见 ， 和 各位 不 打 不 相识 ！ ' ],2024-12,倒计时4天丨万事俱备，公测配置速览请收下！
['绳镖，被誉为软兵之王。可远可近，可柔可刚，可掷抛可近击，可突刺可缠绕，是一门刁钻狠辣却又奇诡华丽的兵器。之前我们曾介绍过，燕云中的绳镖招式，是由金像奖级武术指导及电影导演-董玮老师精心设计，随着下周五公测开启，这门兵器和它的配套武学「绳镖·粟子游尘」也将与各位游侠正式见面。我们也荣幸请到另一位同样参与了我们的招式动捕的武术宗师、洪家班武术指导-宋淑鑫老师，为大家真招实打地展示绳镖等武学招式，锋出索敌！「粟子游尘」起源于九流门。九流门人多目不识丁，在大乱之世中无所依仗。其创始人临危起意，创此武学。希望自此即使是出身市井九流之人，也能有自保之力，望沧海一粟，也可怀戏游之心，趟过凡尘。因此，这门武学讲究以己之长攻敌之短，充分发挥其灵活、狡黠的特色，达到以柔克刚、以众胜强、以巧胜力、以鼠缚虎！龙蛇入我腕，命悬一线间。七步之外，绳镖快；七步之内，绳镖又准又快！「粟子游尘」轻攻击展示千淘万漉历，伏鼠亦缚虎。只要使用得当，再柔软的绳子也能爆发出极强的力量。「粟子游尘」蓄力技展示一牵一引间，沉舟破万川。牵引腾挪之间，再大的力量劣势也可以抹平。「粟子游尘」武学技展示谁谓鼠无牙？屈起广厦倾。本是世间浮沉一粟，又何需被所谓“以多胜寡，胜之不武”的江湖规矩所桎梏？「粟子游尘」特殊技展示武学是绝大多数江湖梦的底色，做好武学和战斗是一款武侠游戏的重中之重。加上本次正式锋出的绳镖之外，燕云中已有7门武器、12套武学以及数十种特色心法可供搭配。还有不少新的武器武学正在研发当中，希望它们后续能继续为燕云的武侠世界增添色彩。距离公测仅余5日，待各位游侠佩妥利剑，我们江湖同游！昵称抢注+id自选活动现已开放！游侠将有机会提前锁定心仪的江湖名号点击传送门 —— 倒计时5天丨新武器武学「绳镖·粟子游尘」公测上线！-,《 倒计时 5天 丨 新 武器 武学 「 绳镖 · 粟子游尘 」 公 测 上线 ！ 》 : [ ' 绳镖 ， 被 誉为 软兵 之 王 。 可 远 可 近 ， 可 柔 可 刚 ， 可 掷 抛 可 近击 ， 可 突刺 可 缠绕 ， 是 一 门 刁钻 狠辣 却 又 奇诡 华丽 的 兵器 。 之前 我们 曾 介绍 过 ， 燕云 中 的 绳镖 招式 ， 是 由 金像 奖级 武术 指导 及 电影 导演 董玮 老师 精心 设计 ， 随着 下周五 公测 开启 ， 这 门 兵器 和 它 的 配套 武学 「 绳镖 · 粟子游尘 」 也 将 与 各位 游侠 正式 见面 。 我们 也 荣幸 请 到 另 一 位 同样 参与 了 我们 的 招式 动捕 的 武术 宗师 、 洪家班 武术 指导 宋淑鑫 老师 ， 为 大家 真招实打 地 展示 绳镖 等 武学 招式 ， 锋 出 索 敌 ！ 「 粟子游尘 」 起源 于 九流门 。 九流门 人 多 目不识丁 ， 在 大乱 之 世 中 无 所 依仗 。 其 创始人 临危 起意 ， 创 此 武学 。 希望 自 此 即使 是 出身 市井 九流 之 人 ， 也 能 有 自保 之 力 ， 望 沧海 一 粟 ， 也 可 怀 戏游 之 心 ， 趟 过 凡尘 。 因此 ， 这 门 武学 讲究 以 己 之 长 攻敌 之 短 ， 充分 发挥 其 灵活 、 狡黠 的 特色 ， 达到 以柔克刚 、 以 众 胜 强 、 以 巧 胜 力 、 以鼠缚 虎 ！ 龙蛇 入 我 腕 ， 命 悬 一线 间 。 七步 之外 ， 绳镖 快 ； 七步 之内 ， 绳镖 又 准 又 快 ！ 「 粟子游尘 」 轻 攻击 展示 千 淘 万 漉 历 ， 伏 鼠 亦 缚 虎 。 只要 使用 得当 ， 再 柔软 的 绳子 也 能 爆发 出 极 强 的 力量 。 「 粟子游尘 」 蓄 力技 展示 一 牵 一 引 间 ， 沉舟 破 万 川 。 牵引 腾挪 之间 ， 再 大 的 力量 劣势 也 可以 抹平 。 「 粟子游尘 」 武学技 展示 谁 谓 鼠 无 牙 ？ 屈 起 广厦 倾 。 本 是 世间 浮沉 一 粟 ， 又 何需 被 所谓 “ 以 多 胜 寡 ， 胜 之 不 武 ” 的 江湖 规矩 所 桎梏 ？ 「 粟子游尘 」 特殊技 展示 武学 是 绝大多数 江湖梦 的 底色 ， 做好 武学 和 战斗 是 一 款 武侠 游戏 的 重 中 之 重 。 加上 本 次 正式 锋 出 的 绳镖 之外 ， 燕云 中 已 有 7门 武器 、 12套 武学 以及 数十种 特色 心法 可 供 搭配 。 还有 不少 新 的 武器 武学 正在 研发 当中 ， 希望 它们 后续 能 继续 为 燕云 的 武侠 世界 增添 色彩 。 距离 公测 仅 余 5日 ， 待 各位 游侠 佩妥 利剑 ， 我们 江湖 同游 ！ 昵称 抢注 + id 自选 活动 现 已 开放 ！ 游侠 将 有 机会 提前 锁 定 心仪 的 江湖 名号 点击 传送门,2024-12,倒计时5天丨新武器武学「绳镖·粟子游尘」公测上线！
['古龙说，“人性的复杂远在天下任何一种武功之上”。我们觉得，做好“人”的部分，是做武侠游戏时最难的一块。在传统的偏线性游戏中，如果讲完整了主线和支线故事，塑造好了核心的角色形象，基本上已经成功了一半。但是燕云是一款武侠开放世界游戏，我们想要试试更进一步。江湖之中，除了高高在上的高手大侠，还有大量普通又不普通的芸芸众生。我们希望从街边的行人、山里的樵夫，到捣药的和尚、抓人的捕快，都有更鲜活的性格，更符合人设的行为。让原本只能充当背景板的npc们，在大世界武侠江湖里绽放出生机，更有“人味”。比如，为了让燕云中的捕快更专业，我们为他们找到了一位特训教官。林宇辉警官是山东省公安厅首席模拟画像专家，国际刑事科学法庭画像专家，《猎罪图鉴》原型。我们特别荣幸能够与林警官合作，将他的“绝活”传授给燕云游戏中的捕快们。在林警官的侧写能力帮助下，燕云里的捕快们专业度有了大幅提升，不会是可有可无的巡逻守卫，而是逮捕违法之徒的高手。只要游侠们犯事时被人目击，那可就要小心了。如果说经过特训的捕快已超出了“普通”范畴，那我们也可以把目光放在最平凡的众生像上。在大量的设定、文本的加持之下，擦肩而过的npc也拥有了自己的性格与生活。比如，如果游侠们有心认真去跟踪观察npc的一天，也许会发现他们的小秘密。若只是默默旁观，能获取的信息终归有限。若是游侠实在好奇，也可以尝试用自己的口才与情商，从当事人的角度去发掘出他们的人生故事。再进一步，若游侠遇到了可怜可恨之人，听到了激荡不平之事，也可以想办法去介入、去说服、去拯救、去改变。我们给很多npc都设计了双结局乃至多结局的故事走向，在与游侠们对话的过程中，npc们会由于性格的不同，根据游侠们的态度给出不同的反应；游侠们其实也在通过自己的抉择，影响着他们的人生轨迹，自己也走进了一段不一样的游戏剧情。比如，一个常因酒误事的普通车夫，也许会戒掉酒瘾走上新的致富道路，也有可能会解放欲望另有奇遇；而决定他人生走向的关键事件，可能就在游侠跟他说的几句话中。当然，也并不是全部的npc都在等待拯救，在某些时候他们也可以来拯救你。燕云中的npc里不缺有血有肉的江湖中人，如果游侠们在与他们交游的过程中得到了他们发自内心的认可，在你需要他们的时候，说不定他们也会愿意为你挺身而出。漫漫江湖羁旅之中，当你发现你在尝试用现实的情感与npc们对话和连接，成为朋友甚至宿敌时，也许才是这个江湖在你心中活起来的时候。这也是我们希望燕云能够拥有的魅力。（和暴揍过你的公孙大爷成为忘年交之后，他也能帮你暴揍别人）这些npc的身上有着许多人的生活倒影，他们也许是普通人，但也是江湖人。和我们一样，都在各自的世界里生活着、努力着、精彩着。而我们，马上会在燕云的世界里相遇。距离公测已不到一周时间，在感谢各位游侠支持的同时，我们也相信大家有非常多的疑问想要跟我们交流。为此，我们将进行一次关于公测的问题征集，游侠们有任何关心的问题，都可以直接在评论区或公众号后台留言，我们将从中整理并统一进行答复。我们也非常期待着一场坦白局！（放心，绝不骗吃骗喝）今日恰逢冬至，祝各位游侠诸事顺遂，平安喜乐！我们下周公测见！各位游侠期待的昵称抢注+id自选活动将于16时整准时上线参与活动即有机会提前锁定心仪的江湖名号活动开放后，点击传送门 —— 倒计时6天丨npc集体“进修”，给大家整点“活”人-,《 倒计时 6天 丨 NPC 集体 “ 进修 ” ， 给 大家 整 点 “ 活 ” 人 》 : [ ' 古龙 说 ， “ 人性 的 复杂 远在 天下 任何 一种 武功 之上 ” 。 我们 觉得 ， 做好 “ 人 ” 的 部分 ， 是 做 武侠 游戏 时 最 难 的 一 块 。 在 传统 的 偏线性 游戏 中 ， 如果 讲 完整 了 主线 和 支线 故事 ， 塑造 好 了 核心 的 角色 形象 ， 基本上 已经 成功 了 一半 。 但是 燕云 是 一 款 武侠 开放世界 游戏 ， 我们 想 要 试试 更进一步 。 江湖 之中 ， 除了 高高在上 的 高手 大侠 ， 还有 大量 普通 又 不 普通 的 芸芸众生 。 我们 希望 从 街边 的 行人 、 山里 的 樵夫 ， 到 捣药 的 和尚 、 抓人 的 捕 快 ， 都 有 更 鲜活 的 性格 ， 更 符合 人 设 的 行为 。 让 原本 只能 充当 背景板 的 npc 们 ， 在 大世界 武侠 江湖 里 绽放 出 生机 ， 更 有 “ 人味 ” 。 比如 ， 为了 让 燕云 中 的 捕 快 更 专业 ， 我们 为 他们 找到 了 一 位 特训 教官 。 林宇辉 警官 是 山东省公安厅 首席 模拟 画像 专家 ， 国际刑事科学法庭 画像 专家 ， 《 猎罪 图鉴 》 原型 。 我们 特别 荣幸 能够 与 林 警官 合作 ， 将 他 的 “ 绝活 ” 传授 给 燕云 游戏 中 的 捕快 们 。 在 林 警官 的 侧写 能力 帮助 下 ， 燕云 里 的 捕快 们 专业度 有 了 大幅 提升 ， 不会 是 可有可无 的 巡逻 守卫 ， 而是 逮捕 违法 之 徒 的 高手 。 只要 游侠 们 犯事 时 被 人 目击 ， 那 可 就要 小心 了 。 如果 说 经过 特训 的 捕快 已 超出 了 “ 普通 ” 范畴 ， 那 我们 也 可以 把 目光 放 在 最 平凡 的 众生 像 上 。 在 大量 的 设定 、 文本 的 加持 之下 ， 擦肩而过 的 npc 也 拥有 了 自己 的 性格 与 生活 。 比如 ， 如果 游侠 们 有心 认真 去 跟踪 观察 npc 的 一天 ， 也许 会 发现 他们 的 小 秘密 。 若 只是 默默旁观 ， 能 获取 的 信息 终归 有限 。 若是 游侠 实在 好奇 ， 也 可以 尝试 用 自己 的 口才 与 情商 ， 从 当事人 的 角度 去 发掘 出 他们 的 人生 故事 。 再 进一步 ， 若 游侠 遇到 了 可怜 可恨 之 人 ， 听到 了 激荡 不平 之 事 ， 也 可以 想 办法 去 介入 、 去 说服 、 去 拯救 、 去 改变 。 我们 给 很多 npc 都 设计 了 双 结局 乃至 多 结局 的 故事 走向 ， 在 与 游侠 们 对话 的 过程 中 ， npc 们 会 由于 性格 的 不同 ， 根据 游侠 们 的 态度 给 出 不同 的 反应 ； 游侠 们 其实 也 在 通过 自己 的 抉择 ， 影响 着 他们 的 人生 轨迹 ， 自己 也 走进 了 一段 不 一样 的 游戏 剧情 。 比如 ， 一个 常 因 酒 误事 的 普通 车夫 ， 也许 会 戒 掉 酒瘾 走上 新 的 致富 道路 ， 也 有 可能 会 解放 欲望 另 有 奇遇 ； 而 决定 他 人生 走向 的 关键 事件 ， 可能 就 在 游侠 跟 他 说 的 几句 话 中 。 当然 ， 也 并不是 全部 的 npc 都 在 等待 拯救 ， 在 某些 时候 他们 也 可以 来 拯救 你 。 燕云 中 的 npc 里 不 缺 有血有肉 的 江湖 中 人 ， 如果 游侠 们 在 与 他们 交游 的 过程 中 得到 了 他们 发自 内心 的 认可 ， 在 你 需要 他们 的 时候 ， 说不定 他们 也 会 愿意 为 你 挺身而出 。 漫漫 江湖 羁旅 之中 ， 当 你 发现 你 在 尝试 用 现实 的 情感 与 npc 们 对话 和 连接 ， 成为 朋友 甚至 宿敌 时 ， 也许 才是 这个 江湖 在 你 心中 活 起来 的 时候 。 这 也是 我们 希望 燕云 能够 拥有 的 魅力 。 （ 和 暴揍 过 你 的 公孙 大爷 成为 忘年交 之后 ， 他 也 能 帮 你 暴揍 别人 ） 这些 npc 的 身上 有着 许多 人 的 生活 倒影 ， 他们 也许 是 普通人 ， 但 也是 江湖 人 。 和 我们 一样 ， 都 在 各自 的 世界 里 生活 着 、 努力 着 、 精彩 着 。 而 我们 ， 马上 会 在 燕云 的 世界 里 相遇 。 距离 公测 已 不 到 一周 时间 ， 在 感谢 各位 游侠 支持 的 同时 ， 我们 也 相信 大家 有 非常 多 的 疑问 想 要 跟 我们 交流 。 为此 ， 我们 将 进行 一次 关于 公测 的 问题 征集 ， 游侠 们 有 任何 关心 的 问题 ， 都 可以 直接 在 评论区 或 公众号 后台 留言 ， 我们 将 从中 整理 并 统一 进行 答复 。 我们 也 非常 期待 着 一 场 坦白 局 ！ （ 放心 ， 绝不 骗 吃 骗喝 ） 今日 恰逢 冬至 ， 祝 各位 游侠 诸事 顺遂 ， 平安 喜乐 ！ 我们 下周 公测 见 ！ 各位 游侠 期待 的 昵称 抢注 + id 自选 活动 将 于 16时 整 准时 上线 参与 活动 即 有 机会 提前 锁定 心仪 的 江湖 名号 活动 开放 后 ， 点击 传送门,2024-12,倒计时6天丨NPC集体“进修”，给大家整点“活”人
['距离公测还有最后7天：下周五，就能玩到燕云了！燕云目前已经完成公测版本的全部开发，正在进行最后的上线准备。作为游戏开发者，这个时候我们心里最清楚，东西做得好不好、用不用心，大家一玩便知。所以越到最后，想和游侠们交流的内容就越返璞归真。我们知道大家很关心：燕云怎么实现持续运营？这甚至和游戏好不好玩一样重要。这背后的核心问题是“玩家活跃”和“商业化”。说得直白点，就是怎么获得玩家的“时间”及“消费”。首先，我们想给玩家“不玩燕云”的时间，和“想玩就玩”的自由在这个思路下我们努力的方向，是让大家“想玩”，而不是“不得不玩”。市面上优秀作品很多，玩家的“想玩”永远珍贵。所以燕云始终免费，没有点卡、月卡等准入门槛，想玩就玩。燕云归根结底是一款内容向游戏，要让人“想玩”，持续提供高品质的新内容永远关键。在公测版本，仅在单人探索体验上，我们就已准备了过百小时的内容，同时更多内容更新也将紧随其后，逐步上线。除此之外，后续河西版本的开发正如火如荼，甚至再之后的大版本开发也已经开启。我们有信心用高质量的内容更新持续让玩家“想玩”。河西版本-概念示意可内容的消耗是客观存在的，但在版本日常中，我们也绝不想通过各种养成和数值绑定，去逼迫玩家“不得不玩”。在内测中已见雏形的“不肝”系统，将在公测中得到进一步优化。通过这套系统，游戏内无论是单人还是多人，全部玩法内容均可获得“么玉”（也就是“摸鱼”），用“么玉”则可在不肝商店中兑换养成材料及外观道具。而为了实现“独众皆乐”，我们也希望通过一种机制，能够让喜欢玩单人和喜欢玩多人的玩家，都能公平地获得资源和奖励。所以游戏中设置了“心力”（可以理解为活跃体力）系统，不管是单人还是多人玩法都可以消耗心力，也都可以各自产出全部养成内容，不会强制社交，也不会强迫玩家去参与自己不喜欢的玩法，没有“不得不”的焦虑。而心力也可以根据时间自然恢复，且最高可以储存至500（约为3天的心力上限）。到达一定的等级后，还可以开启三倍心力，完成一次任务，可以领取三倍奖励。若想追求纯粹的养成效率，大概三十分钟就能轻松清掉三天的心力。燕云也将采取“赛季制”的运营方式，客观上每个赛季能达到的单人模式等级有上限。我们也不想让大家将所谓的“赛季毕业”作为唯一的追求，而是希望大家在“角色培养”之余，也能在“角色扮演”中收获更多不期而遇的探索和经历。无论是在赛季中还是在赛季更迭期，我们都将提供能够让新玩家和进度落后玩家可以快速追赶的方式，让游戏回归体验的纯粹，拒绝进度焦虑。我们希望玩家游玩的每个阶段都可以有不同的成长体验，从而根据自己的游戏节奏，找到各自的江湖志趣。另外，我们想给玩家“不消费”的底气，和“外观消费”的自由首先要再次明确，燕云不卖数值。不消费也可以体验全部玩法，不消费也能无障碍养成。大家此前关注的装备、心法回收次数等问题，我们进行了全面调整，上线不会和付费行为有任何挂钩。我们也希望，这份开心是能够传递和分享的——希望未来能够让喜欢我们的玩家，有底气地将燕云分享给朋友，这对我们来说就是最好的肯定和支持。而玩家的底气，也是我们如此笃定坚持不卖数值、以外观消费为主的底气。不仅是因为我们看到了国际上成功过的ip和外观商业化案例，也是因为相信未来的游戏消费，不该是一个数值统治下“你死我活”的恶性循环，“悦己悦人”的消费才可持续、有未来。在公测版本中，我们也将提供更丰富的外观选择，大家可以根据喜好自由消费，为心情买单。在公测版本的商城中，不仅有多套6元低价时装，游戏内也会不定时发放可叠加的折扣券，让大家都能以较低的价格买到心仪外观。当然，外观消费也不会是一种“强迫”。在公测上线版本中，能够通过各种方式免费获得的外观就将有超百件，可供游侠们自由搭配。霓裳花影时装——预约公测即可免费获得在当前的公测预约阶段，也有诸多福利等待游侠们提前锁定，欢迎前往官网yysls.cn预约游戏，或在官方小程序参与活动。燕子温馨提示：部分活动将于截止，还未获得奖励的游侠要抓紧时间哦~包括：古代版十六型人格测试、七夕双人组队、回到古代可以活多久、烟花大会邀请、燕云x云音乐mbti测试活动。我们也为大家带来了福利查询助手，欢迎各位游侠扫描下方二维码，提前查询自己的账号获得了哪些福利，奖励的具体领取方式，测试充值返还等。最后，《燕云十六声》将在上午11点，开启pc端客户端的预下载。我们没有区服之分，期待和各位在同一个燕云，赤诚相见。我们不搞花活排队，将全力保障游侠们的体验，如果27号出现“排队”，黄毛策划吃屎谢罪。没有套路和口号，我们下周见真章！']。 —— 倒计时7天丨不肝不氪的燕云，更进一步-,《 倒计时 7天 丨 不 肝 不 氪 的 燕云 ， 更进一步 》 : [ ' 距离 公测 还有 最后 7天 ： 下周五 ， 就 能 玩 到 燕云 了 ！ 燕云 目前 已经 完成 公测 版本 的 全部 开发 ， 正在 进行 最后 的 上线 准备 。 作为 游戏 开发者 ， 这个 时候 我们 心里 最 清楚 ， 东西 做 得 好 不 好 、 用 不 用心 ， 大家 一 玩 便 知 。 所以 越 到 最后 ， 想 和 游侠 们 交流 的 内容 就 越 返璞归真 。 我们 知道 大家 很 关心 ： 燕云 怎么 实现 持续 运营 ？ 这 甚至 和 游戏 好 不 好玩 一样 重要 。 这 背后 的 核心 问题 是 “ 玩家 活跃 ” 和 “ 商业化 ” 。 说 得 直白 点 ， 就 是 怎么 获得 玩家 的 “ 时间 ” 及 “ 消费 ” 。 首先 ， 我们 想 给 玩家 “ 不 玩 燕云 ” 的 时间 ， 和 “ 想 玩 就 玩 ” 的 自由 在 这个 思路 下 我们 努力 的 方向 ， 是 让 大家 “ 想 玩 ” ， 而 不是 “ 不得不 玩 ” 。 市面 上 优秀 作品 很多 ， 玩家 的 “ 想 玩 ” 永远 珍贵 。 所以 燕云 始终 免费 ， 没有 点 卡 、 月卡 等 准入 门槛 ， 想 玩 就 玩 。 燕云 归根结底 是 一 款 内容 向 游戏 ， 要 让 人 “ 想 玩 ” ， 持续 提供 高 品质 的 新 内容 永远 关键 。 在 公测 版本 ， 仅 在 单人 探索 体验 上 ， 我们 就 已 准备 了 过 百小时 的 内容 ， 同时 更 多 内容 更新 也 将 紧 随 其后 ， 逐步 上线 。 除此之外 ， 后续 河西 版本 的 开发 正 如火如荼 ， 甚至 再 之后 的 大 版本 开发 也 已经 开启 。 我们 有 信心 用 高质量 的 内容 更新 持续 让 玩家 “ 想 玩 ” 。 河西 版本 概念 示意 可 内容 的 消耗 是 客观存在 的 ， 但 在 版本 日常 中 ， 我们 也 绝不 想 通过 各种 养成 和 数值 绑定 ， 去 逼迫 玩家 “ 不得不 玩 ” 。 在 内测 中 已 见 雏形 的 “ 不 肝 ” 系统 ， 将 在 公测 中 得到 进一步 优化 。 通过 这 套 系统 ， 游戏 内 无论是 单人 还是 多 人 ， 全部 玩法 内容 均 可 获得 “ 么玉 ” （ 也就是 “ 摸 鱼 ” ） ， 用 “ 么玉 ” 则 可 在 不 肝 商店 中 兑换 养成 材料 及 外观 道具 。 而 为了 实现 “ 独众皆乐 ” ， 我们 也 希望 通过 一种 机制 ， 能够 让 喜欢 玩 单人 和 喜欢 玩 多 人 的 玩家 ， 都 能 公平 地 获得 资源 和 奖励 。 所以 游戏 中 设置 了 “ 心力 ” （ 可以 理解 为 活跃 体力 ） 系统 ， 不管是 单人 还是 多人玩法 都 可以 消耗 心力 ， 也 都 可以 各自 产出 全部 养成 内容 ， 不会 强制 社交 ， 也 不会 强迫 玩家 去 参与 自己 不 喜欢 的 玩法 ， 没有 “ 不得不 ” 的 焦虑 。 而 心力 也 可以 根据 时间 自然 恢复 ， 且 最高 可以 储存 至 500 （ 约 为 3天 的 心力 上限 ） 。 到达 一定 的 等级 后 ， 还 可以 开启 三倍 心力 ， 完成 一次 任务 ， 可以 领取 三倍 奖励 。 若 想 追求 纯粹 的 养成 效率 ， 大概 三十分钟 就 能 轻松 清掉 三天 的 心力 。 燕云 也 将 采取 “ 赛季制 ” 的 运营 方式 ， 客观 上 每个 赛季 能 达到 的 单人 模式 等级 有 上限 。 我们 也 不想 让 大家 将 所谓 的 “ 赛季 毕业 ” 作为 唯一 的 追求 ， 而是 希望 大家 在 “ 角色 培养 ” 之余 ， 也 能 在 “ 角色扮演 ” 中 收获 更 多 不期而遇 的 探索 和 经历 。 无论是 在 赛季 中 还是 在 赛季 更迭期 ， 我们 都 将 提供 能够 让 新 玩家 和 进度 落后 玩家 可以 快速 追赶 的 方式 ， 让 游戏 回归 体验 的 纯粹 ， 拒绝 进度 焦虑 。 我们 希望 玩家 游玩 的 每个 阶段 都 可以 有 不同 的 成长 体验 ， 从而 根据 自己 的 游戏 节奏 ， 找到 各自 的 江湖 志趣 。 另外 ， 我们 想 给 玩家 “ 不 消费 ” 的 底气 ， 和 “ 外观 消费 ” 的 自由 首先 要 再次 明确 ， 燕云 不 卖 数值 。 不 消费 也 可以 体验 全部 玩法 ， 不 消费 也 能 无 障碍 养成 。 大家 此前 关注 的 装备 、 心法 回收 次数 等 问题 ， 我们 进行 了 全面 调整 ， 上线 不会 和 付费 行为 有 任何 挂钩 。 我们 也 希望 ， 这 份 开心 是 能够 传递 和 分享 的 —— 希望 未来 能够 让 喜欢 我们 的 玩家 ， 有 底气 地 将 燕云 分享 给 朋友 ， 这 对 我们 来说 就 是 最好 的 肯定 和 支持 。 而 玩家 的 底气 ， 也是 我们 如此 笃定 坚持 不 卖 数值 、 以 外观 消费 为主 的 底气 。 不仅 是 因为 我们 看到 了 国际 上 成功 过 的 ip 和 外观 商业化 案例 ， 也是 因为 相信 未来 的 游戏 消费 ， 不该 是 一个 数值 统治 下 “ 你死我活 ” 的 恶性循环 ， “ 悦己悦 人 ” 的 消费 才 可 持续 、 有 未来 。 在 公测 版本 中 ， 我们 也 将 提供 更 丰富 的 外观 选择 ， 大家 可以 根据 喜好 自由 消费 ， 为 心情 买单 。 在 公测 版本 的 商城 中 ， 不仅 有 多 套 6元 低价 时装 ， 游戏 内 也 会 不 定时 发放 可 叠加 的 折扣券 ， 让 大家 都 能 以 较低 的 价格 买 到 心仪 外观 。 当然 ， 外观 消费 也 不会 是 一种 “ 强迫 ” 。 在 公测 上线 版本 中 ， 能够 通过 各种 方式 免费 获得 的 外观 就 将 有 超 百件 ， 可 供 游侠 们 自由 搭配 。 霓裳 花影 时装 —— 预约 公测 即可 免费 获得 在 当前 的 公测 预约 阶段 ， 也 有 诸多 福利 等待 游侠 们 提前 锁定 ， 欢迎 前往 官网 yysls.cn 预约 游戏 ， 或 在 官方 小 程序 参与 活动 。 燕子 温馨 提示 ： 部分 活动 将 于 截止 ， 还 未 获得 奖励 的 游侠 要 抓紧 时间 哦 ~ 包括 ： 古代版 十六型 人格 测试 、 七夕 双 人 组队 、 回到 古代 可以 活 多久 、 烟花 大会 邀请 、 燕云 x云 音乐 mbti 测试 活动 。 我们 也 为 大家 带来 了 福利 查询 助手 ， 欢迎 各位 游侠 扫描 下方 二维码 ， 提前 查询 自己 的 账号 获得 了 哪些 福利 ， 奖励 的 具体 领取 方式 ， 测试 充值 返还 等 。 最后 ， 《 燕云十六声 》 将 在 上午11点 ， 开启 pc端 客户端 的 预下载 。 我们 没有 区服 之 分 ， 期待 和 各位 在 同 一个 燕云 ， 赤诚 相见 。 我们 不 搞 花活 排队 ， 将 全力 保障 游侠 们 的 体验 ， 如果 27号 出现 “ 排队 ” ， 黄毛 策划 吃 屎 谢罪 。 没有 套路 和 口号 ， 我们 下周 见 真章 ！ ' ],2024-12,倒计时7天丨不肝不氪的燕云，更进一步
['名门正派天泉在武林之中享有盛誉，门下弟子锄强扶弱、行侠仗义，你对此神往已久。有一日，在得知天泉长老正在附近招收弟子后，你立即收拾前往拜师。在交了不少打点钱，完成了一个略显奇怪的入门试炼之后，你向师尊行拜师礼，只见师尊扶你起来，欣喜地说道：“好好好！恭喜乖徒，入我九流门！”“？？？”门派，是武侠作品中绕不开的重要概念。不过在大部分游戏里，门派往往充当着一个武侠版“职业”的作用，可玩性主要集中在技能和强度上。但其实，在我们普遍的武侠认知中，门派不仅是一个学武功的地方，而是一群有着相同理念、信条、行事方式的人组成的严密组织。有的门派神秘孤高，有的门派兼济天下，有的门派救人，有的门派杀人。不同门派的弟子，他们行走江湖的方式和表现，应该也是截然不同的。我们觉得，这是武侠开放世界里沉浸感的重要体现部分。为了增强沉浸感和乐趣，我们在设计门派时，首先将门派与武学进行了解绑。你可以通过拜入师门学习门派武学，也可以无门无派，以偷师等方式绕过入门限制，或是通过野外探索奇遇悟得绝世神功，让大家跳出强度焦虑的陷阱，可以更专注在更纯粹的角色扮演乐趣上。同时，我们在公测版本中增加了更多能够体现门派特色的内容，从入门方式到门规戒律都有各自独特的趣味之处。比如前文中被骗的场景，这可是真的会发生在江湖里的事。九流门人出身市井三教九流，素来有着灵活的道德标准和顶级的街头智慧。得益于他们无孔不入的布局，无论是尖货还是功法，甚至是“协助”游侠走后门加入名门正派，他们都有办法。不过，是真是假，就得游侠们自行甄别了。若游侠不幸被骗入了门，不甘就此误入歧途，也是可以选择退出。只是若想退门，又得要为九流门的发展再“捐献”上一笔【退门费】。你也完全可以接受命运的安排，成为一名“光荣”的九流门人，学会他们的骗术伎俩。比如，你可以在频道上发布假的红包、假的组队邀请，去让别的玩家感受下不一样的“诱惑”。不过，加入了九流门不代表就可以当个肆无忌惮的乐子人。家有家法，门有门规，即使是九流门也有规矩。其中一条就是：戏耍他人时不得失手，不得被逮捕入狱。若因学艺不精失手入狱，则要被罚去沿街乞讨。更重要的是，门中虽不乏鸡鸣狗盗之辈，但同样也不缺侠肝义胆。手段再多，也不得欺侮无辜弱小之人；家国大义面前，九流门人同样也争先挺身而出。加入九流门可以学到街头生存之道，而醉花阴也有很“特别”的传承。醉花阴立足于开封城内的樊楼，门下弟子不说每个都艳压群芳，至少也是风华瞩目，每日不知令多少人想就此投身这欢场之中。因此，醉花阴招弟子的眼光也颇为挑剔，只有风情、才情、性情都与醉花阴相合的游侠，才有机会得到入门邀请。几乎全部的醉花阴门人，都遵循着“乱花丛中过，片叶不沾身”的情场准则。游侠们拜入醉花阴之后，也可以入门随俗，打破世俗的桎梏，甚至广结侠缘，大爱无疆。但无论侠缘多寡，每一段侠缘定下，都讲究以真心待真心，情必出真，不可作伪；坦诚相待，不可欺骗辜负。也许正是风月中人，方更知真心的珍贵。需要特别说明的是，醉花阴弟子，最忌情场失意。要是被人“斩缘”了，可是要遭受责罚的噢！含上面提到的两个在内，公测版本将会有7个可加入的门派，你还可以选择当随心所欲的怪医、堕入魔障的杀手、仗义疏财的豪侠……每一个门派，都会有很多配套的特色玩法来加强趣味性。我们给自己定下的任务，是创造一个最真实、有趣、不断变化的江湖。当然，游侠们也完全可以一个也不加入，做一个无门无派的江湖浪客，这也未尝不是一种符合武侠幻想的角色扮演！距离公测已只剩8天，非常期待27号和大家的正式见面，江湖有了你们，才能真正称得上是江湖！']。 —— 门派玩法前瞻丨我拜入师门，就为了学这要饭之术？-,《 门派 玩法 前瞻 丨 我 拜入 师门 ， 就 为了 学 这 要饭 之 术 ？ 》 : [ ' 名门 正派 天泉 在 武林 之中 享有盛誉 ， 门下 弟子 锄强扶弱 、 行侠仗义 ， 你 对 此 神往 已 久 。 有 一日 ， 在 得知 天泉 长老 正 在 附近 招收 弟子 后 ， 你 立即 收拾 前往 拜师 。 在 交 了 不少 打点 钱 ， 完成 了 一个 略 显 奇怪 的 入门 试炼 之后 ， 你 向 师尊 行 拜师礼 ， 只见 师尊 扶 你 起来 ， 欣喜 地 说道 ： “ 好 好 好 ！ 恭喜 乖徒 ， 入 我 九流门 ！ ” “ ？？？ ” 门派 ， 是 武侠 作品 中 绕 不 开 的 重要 概念 。 不过 在 大部分 游戏 里 ， 门派 往往 充当 着 一个 武侠 版 “ 职业 ” 的 作用 ， 可玩性 主要 集中 在 技能 和 强度 上 。 但 其实 ， 在 我们 普遍 的 武侠 认知 中 ， 门派 不仅 是 一个 学 武功 的 地方 ， 而是 一群 有着 相同 理念 、 信条 、 行事 方式 的 人 组成 的 严密 组织 。 有的 门派 神秘 孤高 ， 有的 门派 兼 济 天下 ， 有的 门派 救人 ， 有的 门派 杀人 。 不同 门派 的 弟子 ， 他们 行走 江湖 的 方式 和 表现 ， 应该 也是 截然不同 的 。 我们 觉得 ， 这是 武侠 开放世界 里 沉浸感 的 重要 体现 部分 。 为了 增强 沉浸感 和 乐趣 ， 我们 在 设计 门派 时 ， 首先 将 门派 与 武学 进行 了 解绑 。 你 可以 通过 拜入 师门 学习 门派 武学 ， 也 可以 无 门 无 派 ， 以 偷师 等 方式 绕 过 入门 限制 ， 或是 通过 野外 探索 奇遇 悟 得 绝世 神功 ， 让 大家 跳 出 强度 焦虑 的 陷阱 ， 可以 更 专注 在 更 纯粹 的 角色扮演 乐趣 上 。 同时 ， 我们 在 公测 版本 中 增加 了 更 多 能够 体现 门派 特色 的 内容 ， 从 入门 方式 到 门规 戒律 都 有 各自 独特 的 趣味 之 处 。 比如 前文 中 被 骗 的 场景 ， 这 可是 真 的 会 发生 在 江湖 里 的 事 。 九流 门人 出身 市井 三教九流 ， 素来 有着 灵活 的 道德 标准 和 顶级 的 街头 智慧 。 得益 于 他们 无孔不入 的 布局 ， 无论是 尖 货 还是 功法 ， 甚至 是 “ 协助 ” 游侠 走后门 加入 名门 正派 ， 他们 都 有 办法 。 不过 ， 是 真 是 假 ， 就 得 游侠 们 自行 甄别 了 。 若 游侠 不幸 被 骗 入 了 门 ， 不甘 就此 误入歧途 ， 也是 可以 选择 退出 。 只是 若 想 退门 ， 又 得 要 为 九流门 的 发展 再 “ 捐献 ” 上 一 笔 【 退门费 】 。 你 也 完全 可以 接受 命运 的 安排 ， 成为 一 名 “ 光荣 ” 的 九流门 人 ， 学 会 他们 的 骗术 伎俩 。 比如 ， 你 可以 在 频道 上 发布 假 的 红包 、 假 的 组队 邀请 ， 去 让 别的 玩家 感受 下 不 一样 的 “ 诱惑 ” 。 不过 ， 加入 了 九流门 不 代表 就 可以 当 个 肆无忌惮 的 乐子人 。 家 有 家法 ， 门 有 门规 ， 即使 是 九流门 也 有 规矩 。 其中 一 条 就 是 ： 戏耍 他人 时 不得 失手 ， 不得 被 逮捕 入狱 。 若 因 学艺 不 精 失手 入狱 ， 则 要 被 罚 去 沿街 乞讨 。 更 重要 的 是 ， 门 中 虽 不乏 鸡鸣狗盗 之辈 ， 但 同样 也 不 缺 侠肝 义 胆 。 手段 再 多 ， 也 不得 欺侮 无辜 弱小 之 人 ； 家国大义 面前 ， 九流门 人 同样 也 争先 挺身而出 。 加入 九流门 可以 学 到 街头 生存 之 道 ， 而 醉花阴 也 有 很 “ 特别 ” 的 传承 。 醉花阴 立足 于 开封 城内 的 樊楼 ， 门下 弟子 不 说 每个 都 艳压 群芳 ， 至少 也是 风华瞩目 ， 每日 不 知 令 多少 人 想 就此 投身 这 欢场 之中 。 因此 ， 醉花阴 招 弟子 的 眼光 也 颇为 挑剔 ， 只有 风情 、 才情 、 性情 都 与 醉花阴 相合 的 游侠 ， 才有 机会 得到 入门 邀请 。 几乎 全部 的 醉花阴 门人 ， 都 遵循 着 “ 乱花丛 中 过 ， 片叶 不 沾身 ” 的 情场 准则 。 游侠 们 拜 入 醉花阴 之后 ， 也 可以 入门随俗 ， 打破 世俗 的 桎梏 ， 甚至 广 结 侠缘 ， 大 爱 无 疆 。 但 无论 侠缘 多寡 ， 每 一段 侠缘 定下 ， 都 讲究 以 真心 待 真心 ， 情 必 出 真 ， 不可 作伪 ； 坦诚 相待 ， 不可 欺骗 辜负 。 也许 正是 风月 中人 ， 方 更 知 真心 的 珍贵 。 需要 特别 说明 的 是 ， 醉花阴 弟子 ， 最 忌 情场 失意 。 要是 被 人 “ 斩缘 ” 了 ， 可是 要 遭受 责罚 的 噢 ！ 含 上面 提到 的 两个 在内 ， 公测 版本 将 会 有 7个 可 加入 的 门派 ， 你 还 可以 选择 当 随心所欲 的 怪医 、 堕入 魔障 的 杀手 、 仗义疏财 的 豪侠 …… 每 一个 门派 ， 都 会 有 很多 配套 的 特色 玩法 来 加强 趣味性 。 我们 给 自己 定下 的 任务 ， 是 创造 一个 最 真实 、 有趣 、 不断 变化 的 江湖 。 当然 ， 游侠 们 也 完全 可以 一个 也 不 加入 ， 做 一个 无 门 无派 的 江湖 浪客 ， 这 也 未尝 不是 一种 符合 武侠 幻想 的 角色扮演 ！ 距离 公测 已 只 剩 8天 ， 非常 期待 27号 和 大家 的 正式 见面 ， 江湖 有 了 你们 ， 才 能 真正 称 得 上 是 江湖 ！ ' ],2024-12,门派玩法前瞻丨我拜入师门，就为了学这要饭之术？
['游侠们好！还有一周多，我们就将正式见面！公测版本的燕云，有一个很重要的目标，就是要更具沉浸感。俗话常说，有人的地方就有江湖，全部关于武侠世界的联想，注定都有着大量的细节和故事。一个庞大但空旷的开放世界，一定是不符合武侠想象的。因此，为了让燕云这个武侠开放世界更名副其实，除了地图扩大以外，每个区域我们都做了很多细节与故事填充。今天我们就以变化最大的开封区域为例，为各位游侠分享一下我们的努力方向和成果！之前跟大家介绍过，在过去测试中开封仅开放了1/3。完全体的开封，将在公测后与大家见面。届时，其面积将达到5.81平方公里，相当于清河区域的1.5倍。与以青山旷野为主的清河不同，开封的核心区域是一座庞大的城市。开封城占地超过了100万平方米，为了尽可能还原出“礼乐纵横”“万物充盈”的繁华景象，我们还在开封城内投入了超过10000名npc（不含可互动的动物朋友们）。并且，这些npc并不是定点巡逻的贴图数据，游侠们可以与他们进行很多交互。他们可以是游侠偷窃的目标、斗殴的对象、犯事的人证、投壶的酒友、冒险的开端……甚至会把人生的钥匙交付于游侠之手，引领他们走向截然不同的结局。当然，如果全都是相似的故事，对沉浸感的帮助也比较有限。所以，我们把城内的区域和人，做了进一步的细分，把它们搭建成了特色鲜明的不同的舞台。开封城中，有纸醉金迷的樊楼金街，也有穷困潦倒的贫民窟；有庄严巍峨的宫城，也有不见天日的鬼市……在强烈的对比中，每个区域可以是这个时代的一个小切片，都有值得探索的大小故事。游侠们除了可以在主线中一窥其貌，也可以在日常游历时自行去揭开其中的秘密。另外，彼时的开封是一座成长中的城市，在游戏中，它也会随着游侠们的行为而变化。曾经荒芜的麦田，可能也会重新焕发生机；曾经破败的街道，也有可能变得繁华热闹欣欣向荣。这是我们理想中的武侠开放世界的样子。类似的设计思路不仅存在于开封城中，我们希望城外的区域也是丰富而有特色的。目前整个开封区域有5个大型镇守+9个侠迹关卡，它们也各自代表了一段段江湖故事。也许，你可以在机缘巧合之下，上究天衍星象之秘，下解太极八卦之玄。天命人心，世事兴衰，等待着你的发现……也许，你可以从乱世中最贫苦的百姓视角切入，揭开一个英雄的过往，终结一段年久的恩仇……也许，也有轻松一点的旅程，来一段有少年感的探险，去发掘武林的秘辛，追求绝世的秘籍……再多的故事就不再给游侠们剧透了，只待游侠们去自行体验，在这个世界里书写属于自己的侠客故事。当然，江湖也不止是打打杀杀。在开封，我们也为游侠们准备了以轻度有趣为目标的内容。看淡了恩恩怨怨，厌倦了刀口舔血，也可以去当个勾栏听曲、尘世逍遥的公子哥嘛！按我们目前统计，如果想要完全体验开封的全部内容，可能需要上百小时的时间。但量大也只是工具，我们的初心依然是，把燕云打造成一个具有沉浸感的武侠开放世界游戏。呈现给大家的开封，则是我们努力方向的缩影。如果各位游侠喜欢，能够从中感受到惊喜，那我们就会努力坚持下去。期待和大家的见面！感谢各位游侠等待燕云，燕云也在期待着你们！']。 —— 公测前瞻丨从完全体“开封”开始，更沉浸了-,《 公测 前瞻 丨 从 完 全体 “ 开封 ” 开始 ， 更 沉浸 了 》 : [ ' 游侠 们 好 ！ 还有 一周 多 ， 我们 就 将 正式 见面 ！ 公测 版本 的 燕云 ， 有 一个 很 重要 的 目标 ， 就 是 要 更 具 沉浸感 。 俗话 常 说 ， 有人 的 地方 就 有 江湖 ， 全部 关于 武侠 世界 的 联想 ， 注定 都 有着 大量 的 细节 和 故事 。 一个 庞大 但 空旷 的 开放世界 ， 一定 是 不 符合 武侠 想象 的 。 因此 ， 为了 让 燕云 这个 武侠 开放世界 更 名副其实 ， 除了 地图 扩大 以外 ， 每个 区域 我们 都 做 了 很多 细节 与 故事 填充 。 今天 我们 就 以 变化 最大 的 开封 区域 为 例 ， 为 各位 游侠 分享 一下 我们 的 努力 方向 和 成果 ！ 之前 跟 大家 介绍 过 ， 在 过去 测试 中 开封 仅 开放 了 1/3 。 完全体 的 开封 ， 将 在 公测 后 与 大家 见面 。 届时 ， 其 面积 将 达到 5.81平方公里 ， 相当于 清河 区域 的 1.5倍 。 与 以 青山 旷野 为主 的 清河 不同 ， 开封 的 核心 区域 是 一 座 庞大 的 城市 。 开封城 占地 超过 了 100万平方米 ， 为了 尽可能 还原 出 “ 礼乐 纵横 ” “ 万物 充盈 ” 的 繁华 景象 ， 我们 还 在 开封城 内 投入 了 超过 10000名 npc （ 不 含 可 互动 的 动物 朋友 们 ） 。 并且 ， 这些 npc 并不是 定点 巡逻 的 贴图 数据 ， 游侠 们 可以 与 他们 进行 很多 交互 。 他们 可以 是 游侠 偷窃 的 目标 、 斗殴 的 对象 、 犯事 的 人证 、 投 壶 的 酒友 、 冒险 的 开端 …… 甚至 会 把 人生 的 钥匙 交付 于 游侠 之 手 ， 引领 他们 走向 截然不同 的 结局 。 当然 ， 如果 全 都是 相似 的 故事 ， 对 沉浸感 的 帮助 也 比较 有限 。 所以 ， 我们 把 城内 的 区域 和 人 ， 做 了 进一步 的 细分 ， 把 它们 搭建 成 了 特色 鲜明 的 不同 的 舞台 。 开封城 中 ， 有 纸醉金迷 的 樊楼金街 ， 也 有 穷困潦倒 的 贫民窟 ； 有 庄严 巍峨 的 宫城 ， 也 有 不见天日 的 鬼市 …… 在 强烈 的 对比 中 ， 每个 区域 可以 是 这个 时代 的 一个 小 切片 ， 都 有 值得 探索 的 大小 故事 。 游侠 们 除了 可以 在 主线 中 一 窥 其 貌 ， 也 可以 在 日常 游历 时 自行 去 揭开 其中 的 秘密 。 另外 ， 彼时 的 开封 是 一 座 成长 中 的 城市 ， 在 游戏 中 ， 它 也 会 随着 游侠 们 的 行为 而 变化 。 曾经 荒芜 的 麦田 ， 可能 也 会 重新 焕发 生机 ； 曾经 破败 的 街道 ， 也 有 可能 变得 繁华 热闹 欣欣向荣 。 这是 我们 理想 中 的 武侠 开放世界 的 样子 。 类似 的 设计 思路 不仅 存在 于 开封城 中 ， 我们 希望 城外 的 区域 也是 丰富 而 有 特色 的 。 目前 整个 开封 区域 有 5个 大型 镇守 + 9个 侠迹 关卡 ， 它们 也 各自 代表 了 一 段段 江湖 故事 。 也许 ， 你 可以 在 机缘 巧合 之下 ， 上 究 天衍 星象 之 秘 ， 下 解 太极 八卦 之 玄 。 天命 人心 ， 世事 兴衰 ， 等待 着 你 的 发现 …… 也许 ， 你 可以 从 乱世 中 最 贫苦 的 百姓 视角 切入 ， 揭开 一个 英雄 的 过往 ， 终结 一段 年 久 的 恩仇 …… 也许 ， 也 有 轻松 一点 的 旅程 ， 来 一段 有 少年感 的 探险 ， 去 发掘 武林 的 秘辛 ， 追求 绝世 的 秘籍 …… 再 多 的 故事 就 不再 给 游侠 们 剧 透 了 ， 只待 游侠 们 去 自行 体验 ， 在 这个 世界 里 书写 属于 自己 的 侠客 故事 。 当然 ， 江湖 也 不止 是 打打杀杀 。 在 开封 ， 我们 也 为 游侠 们 准备 了 以 轻度 有趣 为 目标 的 内容 。 看淡 了 恩恩怨怨 ， 厌倦 了 刀口 舔 血 ， 也 可以 去 当 个 勾栏 听 曲 、 尘世 逍遥 的 公子哥 嘛 ！ 按 我们 目前 统计 ， 如果 想 要 完全 体验 开封 的 全部 内容 ， 可能 需要 上百小时 的 时间 。 但 量 大 也 只是 工具 ， 我们 的 初心 依然 是 ， 把 燕云 打造 成 一个 具有 沉浸感 的 武侠 开放世界 游戏 。 呈现 给 大家 的 开封 ， 则 是 我们 努力 方向 的 缩影 。 如果 各位 游侠 喜欢 ， 能够 从中 感受 到 惊喜 ， 那 我们 就 会 努力 坚持 下去 。 期待 和 大家 的 见面 ！ 感谢 各位 游侠 等待 燕云 ， 燕云 也 在 期待 着 你们 ！ ' ],2024-12,公测前瞻丨从完全体“开封”开始，更沉浸了
['距离公测越来越近，有很多好消息迫不及待想和游侠们分享——就在最近，燕云入选了“the best new and up coming ps5 games in 2025”，全球玩家的关注和支持，让我们在pc端公测冲刺的途中再一次备受鼓舞。作为入选阵容中唯一的国产游戏，我们正在争分夺秒地想让pc端公测体验更上层楼。也想在未来的主机端，朝着“全部人的武侠”更进一步。为了追求一个独众皆乐的武侠开放世界，我们也在持续努力让燕云的玩法体验更加丰富。在即将到来的公测版本，单机玩法体验将进一步加深——相对内测时过百小时的开放世界体验时长，公测版本中预计将新增超50小时的单人开放世界探索内容。相对于前序内测，不仅有超过10个新首领boss来者不善，还有全面开放的新探索区域、剧情和各类关卡，均可在公测版本中体验。新boss-舞狮兄弟新boss-白狼主新boss-舞马人而在公测版本的多人玩法体验上，我们也将在不打破武侠沉浸感的前提下持续探索、丰富。所谓有人的地方就有江湖，武侠题材下不只有宏大叙事的“大我”，由无数个“小我”构成的关系和互动中也寄喻着无数美好的武侠想象。但燕云中的多人玩法，并不是要在单人体验外再上一层“保险”，来强迫大家保持持续的活跃和游戏体验。多人玩法的不断丰富，是为了给那些想一直在这个世界行走的侠客，提供更多的选择。所以我们也绝不会违背“独众皆乐”的目标，让强制和绑定社交破坏整体的沉浸感。因此我们在多人系统和多人玩法的设计上，整体的导向是提供一个更自由轻松、有持续乐趣的框架，尽可能去弱化基于养成玩法所带来的各种负担。我们相信在“独众皆乐”的江湖构想里，要有足够的包容空间，能让不同的玩家群体，都能在游戏中找到适合的社交方式和生存状态。其中，“百业”系统就是一个例子。在百业的设计上，我们将提供三种百业类型，满足不同玩家需求，让喜欢单人探索、休闲娱乐、多人战斗的玩家都能有自己的归属感和舒适区。而百业系统也并非是简单的“归类”，而是在不强制、轻松不肝的基础上搭建的一个全新的志趣和社交空间。我们为三个类型的百业分别提供了符合各自特色的激励，来辅助游侠们各取所需，例如——天涯阁中，喜爱探索、身手不凡的玩家，不仅可以单体挑战难度boss，展示自己的操作实力，还可以在和其他游侠进行联机探索时一举多得，共同收获百业奖励。长乐坊中，诸多休闲玩法的每周奖励效率也会变得更高，游侠们则可以自在躺平、轻松休闲，甚至可以打打麻将、倒卖一些物品赚钱，轻松不肝。金戈帮中，更强调多人环境下的战斗，更适合喜欢pvp和多人副本相关玩法的玩家，还有机会让游侠们在“百业战”中大展身手。而以上的路径也并没有百业类型的限制，大家想怎么选均由自己确定，如果不喜欢也可以重置。除此之外，多人系统的优化和丰富还有很多。如内测中被众多游侠熟悉的“路牌”系统，也将在公测版本增加助战、形象留言等功能，进一步拓展异步社交的丰富度和惊喜感。除此之外，“联机探索”功能也将更具特色，游侠们加入好友的世界时，不再是孤立的体验，而是可以共享一起探索的进度和奖励。其中，不仅包括大世界宝箱、npc互动挑战等诸多内容，更可以一同探索多个大型镇守关卡。当然，除了多人系统层面的完善和优化，还有更多的多人玩法静候游侠们——机关重重考验配合的“多人侠境”、杀出重围带走秘藏的“觉障林”、即时对战的地下“古墓摸金”、充满心理博弈的“叶子戏”...…都将在公测版本中陆续上线。公测在即，还有更多新玩法等待游侠们亲自上线体验。我们希望燕云成为一个更丰富、包容的武侠开放世界，正如“有人的地方就有江湖”。也如《燕云十六声》的英文名《wherewindsmeet》，直译为“风相遇之处”。风会遇见风，游侠终会遇见游侠。期待的见面，风之所及，就是燕云。最后，迫不及待想和大家见面的十六，也为大家带来了最新的福利活动——志趣相投，江湖同游！不管是沉迷浴血模式的刷题狂魔，探索地宫每个角落的漫步旅人....每位游侠都有自己的游戏人设和习惯，生成个人名片，寻找最合拍的队友，一起浪迹江湖吧！组建搭子团，还能领专属侠名【咱们天下第一好】大鹅聊天气泡！快扫描下方二维码参与吧~']。 —— 公测前瞻丨独众皆乐的燕云，更丰富了-,《 公 测 前瞻 丨 独 众 皆 乐 的 燕云 ， 更 丰富 了 》 : [ ' 距离 公测 越来越 近 ， 有 很多 好消息 迫不及待 想 和 游侠 们 分享 —— 就 在 最近 ， 燕云 入选 了 “ the best new and up coming ps5 games in 2025 ” ， 全球 玩家 的 关注 和 支持 ， 让 我们 在 pc端 公测 冲刺 的 途中 再 一次 备受 鼓舞 。 作为 入选 阵容 中 唯一 的 国产 游戏 ， 我们 正在 争分夺秒 地 想 让 pc端 公测 体验 更 上 层 楼 。 也 想 在 未来 的 主机端 ， 朝着 “ 全部 人 的 武侠 ” 更进一步 。 为了 追求 一个 独众皆乐 的 武侠 开放世界 ， 我们 也 在 持续 努力 让 燕云 的 玩法 体验 更加 丰富 。 在 即将 到来 的 公测 版本 ， 单机 玩法 体验 将 进一步 加深 —— 相对 内测 时 过 百小时 的 开放世界 体验 时长 ， 公测 版本 中 预计 将 新增 超 50小时 的 单人 开放世界 探索 内容 。 相对于 前序 内测 ， 不仅 有 超过 10个 新 首领 boss 来者 不善 ， 还有 全面 开放 的 新 探索 区域 、 剧情 和 各类 关卡 ， 均 可 在 公测 版本 中 体验 。 新 boss 舞狮 兄弟 新 boss 白狼主 新 boss 舞马人 而 在 公测 版本 的 多人玩法 体验 上 ， 我们 也 将 在 不 打破 武侠 沉浸感 的 前提 下 持续 探索 、 丰富 。 所谓 有人 的 地方 就 有 江湖 ， 武侠 题材 下 不只 有 宏大 叙事 的 “ 大 我 ” ， 由 无数 个 “ 小我 ” 构成 的 关系 和 互动 中 也 寄喻 着 无数 美好 的 武侠 想象 。 但 燕云 中 的 多人玩法 ， 并不是 要 在 单人 体验 外 再 上 一 层 “ 保险 ” ， 来 强迫 大家 保持 持续 的 活跃 和 游戏 体验 。 多人玩法 的 不断 丰富 ， 是 为了 给 那些 想 一直 在 这个 世界 行走 的 侠客 ， 提供 更 多 的 选择 。 所以 我们 也 绝 不会 违背 “ 独众皆乐 ” 的 目标 ， 让 强制 和 绑定 社交 破坏 整体 的 沉浸感 。 因此 我们 在 多 人 系统 和 多人玩法 的 设计 上 ， 整体 的 导向 是 提供 一个 更 自由 轻松 、 有 持续 乐趣 的 框架 ， 尽可能 去 弱化 基于 养成 玩法 所 带来 的 各种 负担 。 我们 相信 在 “ 独众皆乐 ” 的 江湖 构想 里 ， 要 有 足够 的 包容 空间 ， 能 让 不同 的 玩家 群体 ， 都 能 在 游戏 中 找到 适合 的 社交 方式 和 生存 状态 。 其中 ， “ 百业 ” 系统 就 是 一个 例子 。 在 百业 的 设计 上 ， 我们 将 提供 三种 百业 类型 ， 满足 不同 玩家 需求 ， 让 喜欢 单人 探索 、 休闲 娱乐 、 多 人 战斗 的 玩家 都 能 有 自己 的 归属感 和 舒适区 。 而 百业 系统 也 并非 是 简单 的 “ 归类 ” ， 而是 在 不 强制 、 轻松 不 肝 的 基础 上 搭建 的 一个 全新 的 志趣 和 社交 空间 。 我们 为 三个 类型 的 百业 分别 提供 了 符合 各自 特色 的 激励 ， 来 辅助 游侠 们 各取所需 ， 例如 —— 天涯阁 中 ， 喜爱 探索 、 身手不凡 的 玩家 ， 不仅 可以 单体 挑战 难度 boss ， 展示 自己 的 操作 实力 ， 还 可以 在 和 其他 游侠 进行 联机 探索 时 一举多得 ， 共同 收获 百业 奖励 。 长乐坊 中 ， 诸多 休闲 玩法 的 每周 奖励 效率 也 会 变得 更 高 ， 游侠 们 则 可以 自在 躺平 、 轻松 休闲 ， 甚至 可以 打打 麻将 、 倒卖 一些 物品 赚钱 ， 轻松 不 肝 。 金戈帮 中 ， 更 强调 多 人 环境 下 的 战斗 ， 更 适合 喜欢 pvp 和 多 人 副本 相关 玩法 的 玩家 ， 还有 机会 让 游侠 们 在 “ 百业战 ” 中 大展身手 。 而 以上 的 路径 也 并 没有 百业 类型 的 限制 ， 大家 想 怎么 选 均 由 自己 确定 ， 如果 不 喜欢 也 可以 重置 。 除此之外 ， 多 人 系统 的 优化 和 丰富 还有 很多 。 如 内测 中 被 众多 游侠 熟悉 的 “ 路牌 ” 系统 ， 也 将 在 公测 版本 增加 助战 、 形象 留言 等 功能 ， 进一步 拓展 异步 社交 的 丰富度 和 惊喜感 。 除此之外 ， “ 联机 探索 ” 功能 也 将 更 具 特色 ， 游侠 们 加入 好友 的 世界 时 ， 不再 是 孤立 的 体验 ， 而是 可以 共享 一起 探索 的 进度 和 奖励 。 其中 ， 不仅 包括 大世界 宝箱 、 npc 互动 挑战 等 诸多 内容 ， 更 可以 一同 探索 多个 大型 镇守 关卡 。 当然 ， 除了 多 人 系统 层面 的 完善 和 优化 ， 还有 更 多 的 多人玩法 静候 游侠 们 —— 机关 重重 考验 配合 的 “ 多 人 侠境 ” 、 杀 出 重围 带走 秘藏 的 “ 觉障林 ” 、 即时 对战 的 地下 “ 古墓 摸金 ” 、 充满 心理 博弈 的 “ 叶子戏 ” ...… 都 将 在 公测 版本 中 陆续 上线 。 公测 在即 ， 还有 更 多 新 玩法 等待 游侠 们 亲自 上线 体验 。 我们 希望 燕云 成为 一个 更 丰富 、 包容 的 武侠 开放世界 ， 正如 “ 有人 的 地方 就 有 江湖 ” 。 也 如 《 燕云十六声 》 的 英文 名 《 where winds meet 》 ， 直译 为 “ 风 相遇 之 处 ” 。 风 会 遇见 风 ， 游侠 终 会 遇见 游侠 。 期待 的 见面 ， 风 之 所 及 ， 就 是 燕云 。 最后 ， 迫不及待 想 和 大家 见面 的 十六 ， 也 为 大家 带来 了 最新 的 福利 活动 —— 志趣相投 ， 江湖 同游 ！ 不管 是 沉迷 浴血 模式 的 刷题 狂魔 ， 探索 地宫 每个 角落 的 漫步 旅人 .... 每 位 游侠 都 有 自己 的 游戏 人设 和 习惯 ， 生成 个人 名片 ， 寻找 最 合拍 的 队友 ， 一起 浪迹 江湖 吧 ！ 组建 搭子团 ， 还 能 领 专属 侠名 【 咱们 天下 第一 好 】 大鹅 聊天 气泡 ！ 快 扫描 下方 二维码 参与 吧 ~ ' ],2024-12,公测前瞻丨独众皆乐的燕云，更丰富了
['游侠们好！公测定档已经过去了几日，但想到即将与大家正式见面，我们依然会非常兴奋！上周我们承诺过，即将和大家见面的燕云，将是一个更完善、更沉浸、更丰富的武侠开放世界游戏。其中更完善，指的是对各种看似细碎实则关乎体验的细节查缺补漏，把缺的变成有，不合理的变成合理。也许在这个过程中，有力所不及之处，还做不到尽善尽美，但我们也会努力去做得再好一点，勤练不辍。首先是战斗体验上的优化。之前在战斗相关的进度分享中，我们聊了武学的动作更新，同步我们也优化了很多打斗细节。比如迭代了很多武器的打击音效、修正了吞指令的情况、精调了连招触发的判定等，让大家打得更流畅、更爽。对应的，我们对boss的动作细节也进行了调整。之前大家吐槽的“零帧起手”、不合理的攻击僵直、略显奇怪的投技判定，在公测版本中都有明显的改动。这下，各位游侠们可以期待和boss们来一场更“公平”的高手对决。其次，是剧情相关的体验优化。剧情是游侠们游玩燕云时非常重要的一环。在公测版本中，不再黑屏站桩，之前未完成的过场动画已全部到位，对台词语音也做了大量补全。我们还重新录制了npc对女侠的称呼语音，来提升剧情体验中的代入感（公测时如果还有npc眼神不好，错认男女，可以通知十六前往教育！）。大家关心的女侠的动作，也进行了重新动捕。当然，我们也提供了剧情的倍速播放和跳过功能。侠客嘛，就不该有拘束！然后，是新手流程和指引系统的全新升级。我们收集了大量前几次测试的玩家数据与反馈，以此为依据，对整个前期新手流程进行了优化。使得主线支线任务结构更合理，体验更流畅。各块玩法的指引也更为清晰，减少初入江湖时的迷茫感。同时，我们也让燕叽狠狠补充了一波知识储备，游侠们在闯江湖中遇到的99%的问题，它都可以解决了！游侠们担心的移动端，我们也做了不少调整。比如目前的无ui模式不仅可以用于拍照和看风景，还能支持轻度的战斗与探索，不必再担心键位繁琐，移动端也能轻松拥有电影式的沉浸体验。之前也跟大家提及过，燕云移动端将于新春之际和大家见面。一方面是因为移动端与pc端为两个团队同步开发，大量新内容需要再适配；另一方面，我们也希望移动端不止是pc端版本的粗暴复制，而是一个经过专门定制优化，能够充分享受到乐趣的游戏。我们也会努力，争取比大家预料的时间更早一点。上述这些，只是公测版本中优化的一部分。还有诸多在玩法、系统、美术等各模块的更新，我们也会在后面的前瞻中为大家介绍，也期待大家在公测玩到后的感受与反馈。上周末，我们与合作伙伴一起，举办了一场线下的前瞻品玩会。希望在走进那个最大的考场之前，请各位老师做一次小测，来帮助我们进行最后的查漏补缺。但最后，正如我们一直所说：赴考之期已定，我们只需要专注游戏本身。在这个，期待各位考官的阅卷，期待与各位的赤诚相见！感谢品玩会硬核加持官——外星人m16r2强势助阵，天生武侠新搭子！燕云说书人计划火热进行中，欢迎游侠们报名加入！']。 —— 公测前瞻丨“更完善”的燕云有哪些不一样？-,《 公测 前瞻 丨 “ 更 完善 ” 的 燕云 有 哪些 不 一样 ？ 》 : [ ' 游侠 们 好 ！ 公测 定档 已经 过去 了 几日 ， 但 想到 即将 与 大家 正式 见面 ， 我们 依然 会 非常 兴奋 ！ 上周 我们 承诺 过 ， 即将 和 大家 见面 的 燕云 ， 将 是 一个 更 完善 、 更 沉浸 、 更 丰富 的 武侠 开放世界 游戏 。 其中 更 完善 ， 指 的 是 对 各种 看似 细碎 实则 关乎 体验 的 细节 查缺补漏 ， 把 缺 的 变成 有 ， 不 合理 的 变成 合理 。 也许 在 这个 过程 中 ， 有 力所不及 之 处 ， 还 做 不 到 尽善尽美 ， 但 我们 也 会 努力 去 做 得 再 好 一点 ， 勤练 不 辍 。 首先 是 战斗 体验 上 的 优化 。 之前 在 战斗 相关 的 进度 分享 中 ， 我们 聊 了 武学 的 动作 更新 ， 同步 我们 也 优化 了 很多 打斗 细节 。 比如 迭代 了 很多 武器 的 打击 音效 、 修正 了 吞 指令 的 情况 、 精调 了 连招 触发 的 判定 等 ， 让 大家 打 得 更 流畅 、 更 爽 。 对应 的 ， 我们 对 boss 的 动作 细节 也 进行 了 调整 。 之前 大家 吐槽 的 “ 零帧 起手 ” 、 不 合理 的 攻击 僵直 、 略 显 奇怪 的 投技 判定 ， 在 公测 版本 中 都 有 明显 的 改动 。 这 下 ， 各位 游侠 们 可以 期待 和 boss 们 来 一 场 更 “ 公平 ” 的 高手 对决 。 其次 ， 是 剧情 相关 的 体验 优化 。 剧情 是 游侠 们 游玩 燕云 时 非常 重要 的 一 环 。 在 公测 版本 中 ， 不再 黑屏 站桩 ， 之前 未 完成 的 过场动画 已 全部 到位 ， 对 台词 语音 也 做 了 大量 补全 。 我们 还 重新 录制 了 npc 对 女侠 的 称呼 语音 ， 来 提升 剧情 体验 中 的 代入感 （ 公测 时 如果 还有 npc 眼神 不好 ， 错认 男女 ， 可以 通知 十六 前往 教育 ！ ） 。 大家 关心 的 女侠 的 动作 ， 也 进行 了 重新 动捕 。 当然 ， 我们 也 提供 了 剧情 的 倍速 播放 和 跳 过 功能 。 侠客 嘛 ， 就 不该 有 拘束 ！ 然后 ， 是 新手 流程 和 指引 系统 的 全新 升级 。 我们 收集 了 大量 前 几次 测试 的 玩家 数据 与 反馈 ， 以 此 为 依据 ， 对 整个 前期 新手 流程 进行 了 优化 。 使得 主线 支线 任务 结构 更 合理 ， 体验 更 流畅 。 各块 玩法 的 指引 也 更为 清晰 ， 减少 初 入 江湖 时 的 迷茫感 。 同时 ， 我们 也 让 燕叽 狠狠 补充 了 一 波 知识 储备 ， 游侠 们 在 闯 江湖 中 遇到 的 99% 的 问题 ， 它 都 可以 解决 了 ！ 游侠 们 担心 的 移动端 ， 我们 也 做 了 不少 调整 。 比如 目前 的 无 ui 模式 不仅 可以 用于 拍照 和 看 风景 ， 还 能 支持 轻度 的 战斗 与 探索 ， 不必 再 担心 键位 繁琐 ， 移动端 也 能 轻松 拥有 电影式 的 沉浸 体验 。 之前 也 跟 大家 提及 过 ， 燕云 移动端 将 于 新春 之际 和 大家 见面 。 一方面 是 因为 移动端 与 pc端 为 两个 团队 同步 开发 ， 大量 新 内容 需要 再 适配 ； 另一方面 ， 我们 也 希望 移动端 不止 是 pc端 版本 的 粗暴 复制 ， 而是 一个 经过 专门 定制 优化 ， 能够 充分 享受 到 乐趣 的 游戏 。 我们 也 会 努力 ， 争取 比 大家 预料 的 时间 更 早 一点 。 上述 这些 ， 只是 公测 版本 中 优化 的 一部分 。 还有 诸多 在 玩法 、 系统 、 美术 等 各 模块 的 更新 ， 我们 也 会 在 后面 的 前瞻 中 为 大家 介绍 ， 也 期待 大家 在 公测 玩 到 后 的 感受 与 反馈 。 上周末 ， 我们 与 合作 伙伴 一起 ， 举办 了 一 场 线下 的 前瞻 品玩会 。 希望 在 走进 那个 最大 的 考场 之前 ， 请 各位 老师 做 一次 小测 ， 来 帮助 我们 进行 最后 的 查漏补缺 。 但 最后 ， 正如 我们 一直 所 说 ： 赴考 之 期 已 定 ， 我们 只 需要 专注 游戏 本身 。 在 这个 ， 期待 各位 考官 的 阅卷 ， 期待 与 各位 的 赤诚 相见 ！ 感谢 品玩会 硬核 加持官 —— 外星人 m16r2 强势 助阵 ， 天生 武侠 新 搭子 ！ 燕云 说书人 计划 火热 进行 中 ， 欢迎 游侠 们 报名 加入 ！ ' ],2024-12,公测前瞻丨“更完善”的燕云有哪些不一样？
['上午10点，《燕云十六声》pc端公测将正式开启！行侠相会终有时，各位游侠，久等了——pc端公测|，赤诚相见！恰如李煜的这首《相见欢》：“林花谢了春红，太匆匆。”阔别数月，转眼已是年末。在这几个月里，我们尽全力在精进优化，提升品质。虽然还有很多事情没能做到尽善尽美，但江湖羁旅，最重要的是先有一个勇敢的开始。经历了很多曲折和挑战，我们仍然勇敢。为了闯出一条新路，还是那句：难，但值得——即将和大家见面的燕云，将是一个更完善、更沉浸、更丰富的武侠开放世界游戏。更完善，就是查漏补缺，全力“补课”——过去几次测试中，很多影响体验的问题均已解决，包括但不限于过场动画补全、剧情语音接入、人物动捕优化等。公测的硬件兼容也将进一步提升，确保全部主流机型，都能体验到不打折扣的燕云武侠。pc端最低配置将进一步下探：运行内存为8g、显卡为gtx750ti或rx550、处理器为i7-4770k或锐龙52400g同等及以上配置均可进入体验。更沉浸，就是重点击破，巩固“科目”——比如，美术表现和战斗体验一直是燕云武侠沉浸感的重要构成。这段时间，我们完成了全局光照优化，并和英伟达等伙伴合作，引入光追和超帧率技术来增强画面品质。同时，也对不同特色的武学进行了系统优化，在pve、pvp中进一步增强竞技感和平衡性。更丰富，就是兼容并包，明确“志愿”——独众皆乐的武侠开放世界，是我们一以贯之的目标。我们继续拓充了单人体验的内容，包括但不限于新的boss、关卡、区域，都将在公测全面开放。而在多人玩法优化中，不管是趣味休闲还是多人竞技，都将进一步丰富提升。游侠们可以与好友们联机，各赴百业，探索世界；也可以在新“叶子戏”中，施展心理博弈，避免饮下“毒酒”；还可以在瘴气四起的多人pvp玩法“觉障林”中搜罗秘藏、杀出重围、安全撤离，甚至可以把boss们的绝技，化成你最致命的一击......不止这些，还将有更多全新的武侠冒险。全力补课，巩固科目，明确志愿。“村里那个复读的黄毛”终于将走上考场，而各位游侠，就是我们最好的阅卷老师。赴考之期已定，剩下的就是回到游戏本身，回到最初的勇敢：不谈标签与其他，我们只想做一款激动人心的武侠游戏。公测，静候游侠，赤诚相见！最后，pc端公测在即，移动端也将于新春之际和大家见面。十六特此来为游侠奉上好礼，欢迎前往游戏官网yysls.cn预约公测，领取专属福利！']。 —— ，赤诚相见！-,《 12月27日 ， 赤诚 相见 ！ 》 : [ ' 上午10点 ， 《 燕云十六声 》 pc端 公测 将 正式 开启 ！ 行侠 相会 终 有时 ， 各位 游侠 ， 久等 了 —— pc端 公测 | ， 赤诚相见 ！ 恰如 李煜 的 这 首 《 相见欢 》 ： “ 林花 谢 了 春红 ， 太 匆匆 。 ” 阔别 数月 ， 转眼 已 是 年末 。 在 这 几个月 里 ， 我们 尽 全力 在 精进 优化 ， 提升 品质 。 虽然 还有 很多 事情 没 能 做到 尽善尽美 ， 但 江湖 羁旅 ， 最 重要 的 是 先 有 一个 勇敢 的 开始 。 经历 了 很多 曲折 和 挑战 ， 我们 仍然 勇敢 。 为了 闯 出 一 条 新 路 ， 还是 那 句 ： 难 ， 但 值得 —— 即将 和 大家 见面 的 燕云 ， 将 是 一个 更 完善 、 更 沉浸 、 更 丰富 的 武侠 开放世界 游戏 。 更 完善 ， 就 是 查漏补缺 ， 全力 “ 补课 ” —— 过去 几次 测试 中 ， 很多 影响 体验 的 问题 均 已 解决 ， 包括 但 不 限于 过场动画 补全 、 剧情 语音 接入 、 人物 动捕 优化 等 。 公测 的 硬件 兼容 也 将 进一步 提升 ， 确保 全部 主流 机型 ， 都 能 体验 到 不 打折扣 的 燕云 武侠 。 pc端 最低 配置 将 进一步 下探 ： 运行 内存 为 8g 、 显卡 为 gtx750ti 或 rx550 、 处理器 为 i7-4770k 或 锐龙 52400g 同等 及 以上 配置 均 可 进入 体验 。 更 沉浸 ， 就 是 重点 击破 ， 巩固 “ 科目 ” —— 比如 ， 美术 表现 和 战斗 体验 一直 是 燕云 武侠 沉浸感 的 重要 构成 。 这 段 时间 ， 我们 完成 了 全局 光照 优化 ， 并 和 英伟达 等 伙伴 合作 ， 引入 光追 和 超帧率 技术 来 增强 画面 品质 。 同时 ， 也 对 不同 特色 的 武学 进行 了 系统 优化 ， 在 pve 、 pvp 中 进一步 增强 竞技感 和 平衡性 。 更 丰富 ， 就 是 兼容并包 ， 明确 “ 志愿 ” —— 独众皆乐 的 武侠 开放世界 ， 是 我们 一以贯之 的 目标 。 我们 继续 拓充 了 单人 体验 的 内容 ， 包括 但 不 限于 新 的 boss 、 关卡 、 区域 ， 都 将 在 公测 全面 开放 。 而 在 多人玩法 优化 中 ， 不管 是 趣味 休闲 还是 多 人 竞技 ， 都 将 进一步 丰富 提升 。 游侠 们 可以 与 好友 们 联机 ， 各赴百业 ， 探索 世界 ； 也 可以 在 新 “ 叶子戏 ” 中 ， 施展 心理 博弈 ， 避免 饮 下 “ 毒酒 ” ； 还 可以 在 瘴气 四起 的 多 人 pvp 玩法 “ 觉障林 ” 中 搜罗 秘藏 、 杀 出 重围 、 安全 撤离 ， 甚至 可以 把 boss 们 的 绝技 ， 化 成 你 最 致命 的 一 击 ...... 不止 这些 ， 还 将 有 更 多 全新 的 武侠 冒险 。 全力 补课 ， 巩固 科目 ， 明确 志愿 。 “ 村里 那个 复读 的 黄毛 ” 终于 将 走上 考场 ， 而 各位 游侠 ， 就 是 我们 最好 的 阅卷 老师 。 赴考 之 期 已 定 ， 剩下 的 就 是 回到 游戏 本身 ， 回到 最初 的 勇敢 ： 不 谈 标签 与 其他 ， 我们 只 想 做 一 款 激动人心 的 武侠 游戏 。 公测 ， 静候 游侠 ， 赤诚相见 ！ 最后 ， pc端 公测 在即 ， 移动端 也 将 于 新春 之际 和 大家 见面 。 十六 特 此 来 为 游侠 奉 上 好礼 ， 欢迎 前往 游戏 官网 yysls.cn 预约 公测 ， 领取 专属 福利 ！ ' ],2024-12,12月27日，赤诚相见！
['在燕云，有这样一位命运被镌刻进机关道的女子。机关道，这是新的事业编吗？且慢，先听她慢慢道来。工匠之智慧，复仇之决心，身份神秘交织的金明池boss-容鸢，是划破这风云迭起的一把刀。乱世之中，观她叛离，又观她机关算尽，天地入局。“礼乐灭息，圣人隐伏，墨术行！”身份请留心细枝【墨】节在燕云，除了武学，更有从真实历史里沉淀而来的百家之术。早在2300多年前，《墨经》中便有了关于几何学、工程技术知识和简单机械论述的记载。墨子主张“兼爱”、“非攻”的理念，从天地自然的构造中寻取灵感，制造出各种精巧机关，可谓是古代黑科技。容鸢——虽身为因木鸢而生的墨门遗孤，为了复仇而叛离墨门，建造战船。她所擅长的墨家机关术，正是由此流传而来。原本散乱的零件，一旦设计为机关，便被赋予了完整而共通的生命。游戏中被深度还原的墨家机关术，将携各位游侠走入一个纵横交错的迷局。技术的巧夺天工，横亘于时间的跨度，谁说古代没有科学家？在容鸢身上，流淌着器的血脉，也有术的执迷，道的悔悟。游侠们若是有意，便能在与容鸢的交锋中，觉察到她更深的计划，她肃杀下暗藏的柔情，与背后盘根错节之命运。29岁，故事能写三本书。不说了，又要被刀了。战斗请打开飞行模式《韩非子·外储说左上》载：“墨子为木鸢，三年而成，一日而败”。最初风筝常被利用为军事工具，用于三角测量信号、天空风向测查和通讯的手段。容鸢所制作的木鸢，更是暗藏玄机。虽全身由木材制造而成，施展却轻健如活物，又分明能被操控、号令。对战之中，容鸢会指挥飘忽不定的“木鸢”协同作战，攻击自长空直下，振翅如穿云裂石。而木鸢本身仿佛也拥有精魂，能凭借飞空的优势朝游侠发起攻击，羽翼划过之处，可令四方震动，避无可避。打boss就算了，怎么事先没人通知我是混合双打啊？科技请认准墨门品牌五牙大舰，既是与boss的战斗环境，也是容鸢制造的心血。“五牙”实际上是指战舰有5层结构，高百余尺，左右前后设置六台拍竿，高五十尺，其体积之庞大，可见一斑。作为中国古代战船史上最大的战舰，其战斗力也是举世无双。每根木桅顶系巨石，下设辘轳，可以迅速用辘轳把巨石放下，砸坏敌船。游侠们若是进入大舰，谨慎迎敌才是上策，其中武器之隐蔽，机关之精妙，可于须臾不觉间取人性命。千机匣、水军结阵这些大场面技能，游侠们可以看见一个完整的机关，更看见机关之内的运作。不仅仅止步于武侠和科技的简单结合，而是用技术的方式复刻、唤醒、活化真实武学细节，体现栩栩如生的动态效果。容鸢穷极一生，追求术之精绝，我们同样也在尝试探索制作的边界，还原真正的机关密术。在历史上，墨家发明了无数器械，其中都蕴藏着深邃的智慧与强烈的救世情怀。跌宕乱世之中，技术藏于匠人的茧痕之间，所以，它是虚无的。但是时序轮转，技术仍在更迭中得到传承，所以，它也是永恒的。始于机关之精妙，达于千秋之博远。当这些机窍与燕云产生连接，环环相扣，各位游侠们便能从机关的每一处衔接中窥见东方技艺的精湛，窥见千年文明的火光。']。 —— 煞云录丨29岁，在机关单位做工程师-,《 煞云录 丨 29岁 ， 在 机关 单位 做 工程师 》 : [ ' 在 燕云 ， 有 这样 一 位 命运 被 镌刻 进 机关道 的 女子 。 机关道 ， 这是 新 的 事业 编 吗 ？ 且慢 ， 先 听 她 慢慢 道 来 。 工匠 之 智慧 ， 复仇 之 决心 ， 身份 神秘 交织 的 金明池 boss 容鸢 ， 是 划破 这 风云迭起 的 一 把 刀 。 乱世 之中 ， 观 她 叛离 ， 又 观 她 机关 算 尽 ， 天地 入局 。 “ 礼乐 灭 息 ， 圣人 隐伏 ， 墨术 行 ！ ” 身份 请 留心 细枝 【 墨 】 节 在 燕云 ， 除了 武学 ， 更 有 从 真实 历史 里 沉淀 而 来 的 百 家 之 术 。 早 在 2300多年 前 ， 《 墨经 》 中 便 有 了 关于 几何学 、 工程 技术 知识 和 简单 机械 论述 的 记载 。 墨子 主张 “ 兼爱 ” 、 “ 非攻 ” 的 理念 ， 从 天地 自然 的 构造 中 寻取 灵感 ， 制造 出 各种 精巧 机关 ， 可谓 是 古代 黑科技 。 容鸢 —— 虽 身 为 因 木鸢 而 生 的 墨门 遗孤 ， 为了 复仇 而 叛离 墨门 ， 建造 战船 。 她 所 擅长 的 墨家 机关术 ， 正是 由此 流传 而 来 。 原本 散乱 的 零件 ， 一旦 设计 为 机关 ， 便 被 赋予 了 完整 而 共通 的 生命 。 游戏 中 被 深度 还原 的 墨家 机关术 ， 将 携 各位 游侠 走 入 一个 纵横交错 的 迷局 。 技术 的 巧夺天工 ， 横亘 于 时间 的 跨度 ， 谁 说 古代 没有 科学家 ？ 在 容鸢 身上 ， 流淌 着 器 的 血脉 ， 也 有 术 的 执迷 ， 道 的 悔悟 。 游侠 们 若是 有意 ， 便 能 在 与 容鸢 的 交锋 中 ， 觉察 到 她 更深 的 计划 ， 她 肃杀 下 暗藏 的 柔情 ， 与 背后 盘根错节 之 命运 。 29岁 ， 故事 能 写 三本 书 。 不 说 了 ， 又要 被 刀 了 。 战斗 请 打开 飞行 模式 《 韩非子 · 外储 说 左 上 》 载 ： “ 墨子 为 木鸢 ， 三年 而 成 ， 一日 而 败 ” 。 最初 风筝 常 被 利用 为 军事 工具 ， 用于 三角 测量 信号 、 天空 风向 测查 和 通讯 的 手段 。 容鸢 所 制作 的 木鸢 ， 更 是 暗藏 玄机 。 虽 全身 由 木材 制造 而 成 ， 施展 却 轻健 如 活物 ， 又 分明 能 被 操控 、 号令 。 对战 之中 ， 容鸢 会 指挥 飘忽不定 的 “ 木鸢 ” 协同 作战 ， 攻击 自 长空 直 下 ， 振翅 如 穿云 裂 石 。 而 木鸢 本身 仿佛 也 拥有 精魂 ， 能 凭借 飞空 的 优势 朝 游侠 发起 攻击 ， 羽翼 划 过 之 处 ， 可 令 四方 震动 ， 避 无 可 避 。 打 boss 就 算了 ， 怎么 事先 没 人 通知 我 是 混合 双打 啊 ？ 科技 请 认准 墨门 品牌 五牙 大舰 ， 既是 与 boss 的 战斗 环境 ， 也是 容鸢 制造 的 心血 。 “ 五牙 ” 实际上 是 指 战舰 有 5层 结构 ， 高 百余尺 ， 左右 前后 设置 六台 拍竿 ， 高 五十尺 ， 其 体积 之 庞大 ， 可见一斑 。 作为 中国 古代 战船史 上 最大 的 战舰 ， 其 战斗力 也是 举世无双 。 每 根 木桅 顶 系 巨石 ， 下设 辘轳 ， 可以 迅速 用 辘轳 把 巨石 放下 ， 砸 坏 敌船 。 游侠 们 若是 进入 大舰 ， 谨慎 迎敌 才是 上策 ， 其中 武器 之 隐蔽 ， 机关 之 精妙 ， 可 于 须臾 不觉 间 取 人 性命 。 千机匣 、 水军结阵 这些 大 场面 技能 ， 游侠 们 可以 看见 一个 完整 的 机关 ， 更 看见 机关 之内 的 运作 。 不仅仅 止步 于 武侠 和 科技 的 简单 结合 ， 而是 用 技术 的 方式 复刻 、 唤醒 、 活化 真实 武学 细节 ， 体现 栩栩如生 的 动态 效果 。 容鸢 穷极 一生 ， 追求 术 之 精绝 ， 我们 同样 也 在 尝试 探索 制作 的 边界 ， 还原 真正 的 机关 密术 。 在 历史 上 ， 墨家 发明 了 无数 器械 ， 其中 都 蕴藏 着 深邃 的 智慧 与 强烈 的 救世 情怀 。 跌宕 乱世 之中 ， 技术 藏 于 匠人 的 茧痕 之间 ， 所以 ， 它 是 虚无 的 。 但是 时序 轮转 ， 技术 仍 在 更迭 中 得到 传承 ， 所以 ， 它 也是 永恒 的 。 始 于 机关 之 精妙 ， 达 于 千秋 之 博远 。 当 这些 机窍 与 燕云 产生 连接 ， 环环相扣 ， 各位 游侠 们 便 能 从 机关 的 每 一 处 衔接 中 窥见 东方 技艺 的 精湛 ， 窥 见 千年 文明 的 火光 。 ' ],2024-06,煞云录丨29岁，在机关单位做工程师
['俗话说，一招鲜，吃遍天。但在燕云闯江湖，一招鲜，招招鲜。行走江湖，谁都有个一招半式傍身，而这一招一式，根本无需一板一眼。大师，我又悟了：有时候，武侠就是一场巨大的“猎奇”。而这所猎之奇，先是停不下来的好奇：点穴真能把人定住吗？真有办法刀枪不入吗？...要猎的另一种“奇”，还是——游侠，我看你骨骼惊奇，是万中无一的练武奇才！有朝一日，燕云将不止有手上的这些新奇术绝招，游侠们也一定都能悉数练就。从“猎奇”到“传奇”，维护燕云清平就拜托各位了！侠友们，道心首先要稳固这花花世界，诱惑确实不少，如那秘境奇珍，也如那樊楼歌伶......收！浮想联翩、道心不稳的侠友，推荐先苦练这一招「无相金身」——问就是不动如山，以静制动。松肩坠肘间拥有金身庇护，面对刀枪剑斧亦可岿然不动。▲奇术-辅助：无相金身但若“敌人的诱惑”太猛烈，道心还是有点稳不住，怎么办？惹不起，咱还能躲不起吗！何况，这一招「阴阳迷踪步」更堪称“战略性撤退”，让游侠身法如风，来去自如。▲奇术-辅助：阴阳迷踪步一边躲，一边还可以念出李白那句诗：“十步杀一人，千里不留行”——我躲，他追，反手就让他们插翅难飞。没“破防”过，不足以谈人生所谓杀人诛心，在座的大侠们，在让敌人破防这件事上最擅长了。假如，遇到那抬手防御、伺机而动的老六，就用这招「药叉破魔」，一击勇健迅猛的腿法，亦可破其防御，踢他个眼冒金星。▲奇术-单体爆发：药叉破魔再如，战意正酣，嚣张地喊出那句“我要打十个”之后，就用这招「自在无碍」，一套连环腿让敌人原地升天，踢到滞空。▲奇术-单体爆发：自在无碍然后，从敌人脸上的鞋印，就知道您是多大号的脚。这下，想要偷偷送您鞋子的侠友就不用愁了。但是，物理老师也教会我们“力的作用是相互的”，一直用脚踢，多少还是会有些费脚的。这时候，正适合来点舞枪弄棒的新鲜调剂！九流门驰名祕传「狗嘴夺食」——一棍打狗腿，两棍打狗头，三棍人仰马翻，四棍人生重开。▲奇术-单体爆发：狗嘴夺食弄棒之后再舞枪：一招奇术「骑龙回马」，突突突进，杀杀杀回。出奇不意间渡人渡己，帮这些江湖邪魅了结今生怨念。▲奇术-单体爆发：骑龙回马在破防这件事上，我来嘎嘎，您来乱杀。疼是一时的，但帅是一辈子的打得狠绝，小事一桩。但若称侠，当然要打得漂亮。「流星坠火」奇术一出，翻身上铁骑，策马再扬鞭。不光很帅，而且很火。此刻游侠能以力破千军的气势，用流星坠日的力量击溃敌人。不用追问这马从何而来，可以来日去亲自问问“叶万山”将军，这招他熟。▲奇术-群体伤害：流星坠火鸿蒙凿破，云收雾开。再补一招「叶龙骧首」，翻手之间催劲化龙，残卷落叶。龙首所至，便是能重伤强敌的乾坤之力。▲奇术-密技：叶龙骧首一叶知秋，何况更多。吉时已到，此刻就和敌人“秋后算账”。从天而降的掌法，不止一招各位还记不记得，武林之中有一招从天而降的掌法？不记得也不要紧，这里便有三招——第一招零帧起手，用「韦陀正法」的目的很单纯，纯粹是为了给敌人看看手相，断其被破之宿命。▲奇术-群体伤害：韦陀正法第二招飞得更高，「韦陀正法-末法然灯」助跑，起跳，踩在敌人的肩膀，一掌下去，那厮说他看见太奶了。▲奇术-群体伤害：韦陀正法·末法然灯第三招环环相扣，先一招「流星坠火」纵马跃起，再接上「韦陀正法」便遇佛陀，一招「韦陀正法·劫难度众」自此大成。接下来，就是从天而降，通知那帮江湖恶匪，西天到了，原地超度……▲奇术-群体伤害：韦陀正法·劫难度众奇术巧宗，组合万千。中华武功的博大精深，正是源于对于世间万象、生活百态的洞察和提炼。目前燕云中已有20+种奇术，未来当然还有更多。而奇术之组合，还待来日游侠们亲身摸索，定有妙处无穷。此刻，仲吕测试仍在进行。摸着良心说，现今江湖上的奇术远没有bug多，不光要修，我们也会持续鞭策程序小哥。狂风卷落叶，铁骑如流星，一招震江湖，定留少侠名。偌大江湖，没你不行！']。 —— 我悟了，武侠是一场巨大的“猎奇”-,《 我 悟 了 ， 武侠 是 一 场 巨大 的 “ 猎奇 ” 》 : [ ' 俗话说 ， 一 招 鲜 ， 吃 遍 天 。 但 在 燕云 闯 江湖 ， 一 招 鲜 ， 招招鲜 。 行走 江湖 ， 谁 都 有 个 一 招 半 式 傍身 ， 而 这 一 招 一 式 ， 根本 无需 一板一眼 。 大师 ， 我 又 悟 了 ： 有时候 ， 武侠 就 是 一 场 巨大 的 “ 猎奇 ” 。 而 这 所 猎 之 奇 ， 先是 停 不 下来 的 好奇 ： 点穴 真 能 把 人 定 住 吗 ？ 真 有 办法 刀枪不入 吗 ？ ... 要 猎 的 另 一种 “ 奇 ” ， 还是 —— 游侠 ， 我 看 你 骨骼 惊奇 ， 是 万 中 无 一 的 练武 奇才 ！ 有朝一日 ， 燕云 将 不止 有 手 上 的 这些 新 奇术 绝招 ， 游侠 们 也 一定 都 能 悉数 练就 。 从 “ 猎奇 ” 到 “ 传奇 ” ， 维护 燕云 清平 就 拜托 各位 了 ！ 侠友 们 ， 道心 首先 要 稳固 这 花花 世界 ， 诱惑 确实 不少 ， 如 那 秘境 奇珍 ， 也 如 那 樊楼 歌伶 ...... 收 ！ 浮想联翩 、 道心 不 稳 的 侠友 ， 推荐 先 苦练 这 一 招 「 无相金身 」 —— 问 就 是 不动如山 ， 以 静 制动 。 松肩 坠 肘 间 拥有 金身 庇护 ， 面对 刀枪 剑斧 亦 可 岿然不动 。 ▲ 奇术 辅助 ： 无相金身 但 若 “ 敌人 的 诱惑 ” 太 猛烈 ， 道心 还是 有点 稳 不住 ， 怎么办 ？ 惹 不 起 ， 咱 还 能 躲 不 起 吗 ！ 何况 ， 这 一 招 「 阴阳 迷踪步 」 更 堪称 “ 战略性 撤退 ” ， 让 游侠 身法 如 风 ， 来去自如 。 ▲ 奇术 辅助 ： 阴阳迷踪步 一边 躲 ， 一边 还 可以 念 出 李白 那 句 诗 ： “ 十步 杀 一 人 ， 千里 不 留 行 ” —— 我 躲 ， 他 追 ， 反手 就让 他们 插翅难飞 。 没 “ 破防 ” 过 ， 不 足以 谈 人生 所谓 杀人 诛心 ， 在座 的 大侠 们 ， 在 让 敌人 破防 这 件 事 上 最 擅长 了 。 假如 ， 遇到 那 抬手 防御 、 伺机而动 的 老六 ， 就 用 这 招 「 药叉 破魔 」 ， 一 击 勇健 迅猛 的 腿法 ， 亦 可 破 其 防御 ， 踢 他 个 眼 冒 金星 。 ▲ 奇术 单体 爆发 ： 药叉 破魔 再 如 ， 战意 正酣 ， 嚣张 地 喊 出 那 句 “ 我 要 打 十个 ” 之后 ， 就 用 这 招 「 自在无碍 」 ， 一套 连环腿 让 敌人 原地 升天 ， 踢 到 滞空 。 ▲ 奇术 单体 爆发 ： 自在 无 碍 然后 ， 从 敌人 脸上 的 鞋印 ， 就 知道 您 是 多 大号 的 脚 。 这 下 ， 想 要 偷偷 送 您 鞋子 的 侠友 就 不用 愁 了 。 但是 ， 物理 老师 也 教会 我们 “ 力 的 作用 是 相互 的 ” ， 一直 用 脚 踢 ， 多少 还是 会 有些 费脚 的 。 这时候 ， 正 适合 来 点 舞枪 弄棒 的 新鲜 调剂 ！ 九流门 驰名 祕传 「 狗嘴 夺食 」 —— 一 棍 打 狗腿 ， 两 棍 打 狗头 ， 三 棍 人仰马翻 ， 四棍 人生 重 开 。 ▲ 奇术 单体 爆发 ： 狗嘴 夺食 弄棒 之后 再 舞枪 ： 一 招 奇术 「 骑 龙 回马 」 ， 突突 突进 ， 杀杀 杀 回 。 出奇不意 间 渡人 渡 己 ， 帮 这些 江湖 邪魅 了结 今生 怨念 。 ▲ 奇术 单体 爆发 ： 骑龙回马 在 破防 这 件 事 上 ， 我 来 嘎嘎 ， 您 来 乱 杀 。 疼 是 一时 的 ， 但 帅 是 一辈子 的 打 得 狠 绝 ， 小事 一 桩 。 但 若 称侠 ， 当然 要 打 得 漂亮 。 「 流星 坠火 」 奇术 一 出 ， 翻身 上 铁骑 ， 策马 再 扬鞭 。 不光 很 帅 ， 而且 很 火 。 此刻 游侠 能 以 力 破 千军 的 气势 ， 用 流星 坠 日 的 力量 击溃 敌人 。 不用 追问 这 马 从 何 而 来 ， 可以 来日 去 亲自 问问 “ 叶万山 ” 将军 ， 这 招 他 熟 。 ▲ 奇术 群体 伤害 ： 流星 坠火 鸿 蒙 凿 破 ， 云 收 雾 开 。 再 补 一 招 「 叶龙骧首 」 ， 翻手 之间 催劲 化 龙 ， 残卷 落叶 。 龙首 所 至 ， 便是 能 重伤 强敌 的 乾坤 之 力 。 ▲ 奇术 密技 ： 叶龙骧首 一叶知秋 ， 何况 更 多 。 吉时 已 到 ， 此刻 就 和 敌人 “ 秋后算账 ” 。 从天而降 的 掌法 ， 不止 一 招 各位 还 记 不 记得 ， 武林 之中 有 一 招 从天而降 的 掌法 ？ 不 记得 也 不要紧 ， 这里 便 有 三招 —— 第一招 零帧 起手 ， 用 「 韦陀 正法 」 的 目的 很 单纯 ， 纯粹 是 为了 给 敌人 看看 手相 ， 断 其 被 破 之 宿命 。 ▲ 奇术 群体 伤害 ： 韦陀正法 第二招 飞 得 更 高 ， 「 韦陀 正法 末法然灯 」 助跑 ， 起跳 ， 踩 在 敌人 的 肩膀 ， 一 掌 下去 ， 那厮 说 他 看见 太 奶 了 。 ▲ 奇术 群体 伤害 ： 韦陀 正法 · 末法然灯 第三招 环环相扣 ， 先 一 招 「 流星 坠火 」 纵 马 跃起 ， 再 接 上 「 韦陀 正法 」 便 遇 佛陀 ， 一 招 「 韦陀 正法 · 劫 难度 众 」 自 此 大成 。 接下来 ， 就 是 从天而降 ， 通知 那 帮 江湖 恶匪 ， 西天 到 了 ， 原地 超度 …… ▲ 奇术 群体 伤害 ： 韦陀 正法 · 劫 难度 众 奇术 巧宗 ， 组合 万千 。 中华 武功 的 博大精深 ， 正是 源于 对于 世间 万象 、 生活 百态 的 洞察 和 提炼 。 目前 燕云 中 已 有 20+种 奇术 ， 未来 当然 还有 更 多 。 而 奇术 之 组合 ， 还 待 来日 游侠 们 亲身 摸索 ， 定 有 妙处 无穷 。 此刻 ， 仲吕 测试 仍 在 进行 。 摸 着 良心 说 ， 现今 江湖 上 的 奇术 远 没有 bug 多 ， 不光 要 修 ， 我们 也 会 持续 鞭策 程序 小哥 。 狂风 卷 落叶 ， 铁骑 如 流星 ， 一 招 震 江湖 ， 定 留 少 侠名 。 偌大 江湖 ， 没 你 不行 ！ ' ],2024-06,我悟了，武侠是一场巨大的“猎奇”
['仲吕测试已经开启整整一周，却好像，仅仅过了几个时辰。回想初至此地时，与众多游侠同来同往，而江湖变幻莫测，行走世间已有不少的所见所闻。那么在燕云，一天里到底要经历多少新鲜事？「辰时」重生之我是少东家早起洗漱完毕，收拾完不着急出门，先捏个脸，正衣冠。可上街以后发现自己还是输了，华美的、清秀的，虽然在容貌自由的江湖里没有什么“卡颜局”——但是游侠，你们真好看。▲来自微博&小红书玩家投稿当然，也看见了不少猎奇的。所谓四海之内皆兄弟也，但是哥们，你怎么也重生在燕云了？▲来自大神玩家投稿这个世界，终于疯成了游侠们想要的样子……而在决定放浪形骸之外以后，又在一声声“少东家”的呼唤中膨胀了自我，游侠我啊，就是全村的希望！「巳时」大爷，治好了我的精神内耗一个时辰后，我将登上将军祠擂台，等待换好了木制武器，再走上前去。公孙大爷脚步虚浮，本着尊老爱幼的优良美德，原以为胜利会手到擒来。谁知，大爷的每一记攻击，都充满对年轻人的教诲与关爱。招招利落，正中要害。擂台上不时有游侠倒下，又站起，又倒下。漫长的数秒间，突然明白为何众人对这位大爷都颇有忌惮。也明白了那句话的分量：你大爷永远是你大爷。「午时」今天，好像又梦见你了战也战得累了，转眼到了午休时间，小憩半晌，很快就悠然入梦——似梦非梦间，好像行至一片开阔之处，草木丰茂，眼前万物随风摇曳翩跹，如坠云端。刻在骨子里的亲切和熟悉，让我很快意识到，这里是不羡仙。可在熟悉之外，还潜伏着一种遥远的陌生。眼前种种，虚实难辨，渐渐只剩数片散开的梨花。花瓣纷飞，终会归于尘土，人走过千山万水，也终会回到最初的地方。这个梦啊，真不想醒来。「申时」走出自己，到人群中去但这梦，终究还是被我的“冤种侠友”打断，正当我醒来准备施展拳脚时，侠友让我先省省劲，该练功了。约上三五好友，一起练功跳操，元气满满的我们，人生得意须尽欢啊。待到练得淋漓尽致，打算“功成身退”之时，贴心的侠友突然说要带我去“汗蒸洗澡”......啊？那我可不困了。香水行，春水阁，大池子泡，小桶子搓。大家都忙碌一天了，这份舒坦在座的各位都值得。「酉时」可是，人和人之间的信任呢？后来黄昏将近，我听说还有游侠在这江湖上遇见了一些“怪人”——要不别玩燕云了4分钟被骗8次再转眼日暮西沉，正被这npc大叔搞得气不打一处来时，突然箭矢飞来，几只鸽子竟从空中坠下！怎么回事？精神状态超越99%的游戏抽卡动画——燕云十六声特别声明：抽奖动画为开发中版本，非最终效果。游戏制作和游玩过程中，没有一只鸽子受到伤害。「亥时」带我去找夜生活等华灯皆照，闲不住的侠友又说带我“去找夜生活”，在这开封最盛景之处，樊楼高耸，夜夜笙歌。而在这喧闹之外，犹记得有一天，曾遇见过有位游侠大神抚琴而坐，那潇洒演奏的样子很久之后都会记得。可惜图片没有声音，否则真的会听到古琴live版《夜曲》、《那些年》、《说好的幸福呢》......行走江湖，真是技多不压身。「子时」吉时已到阴间开道夜深了，但步履声纷沓。一位游侠面色苍白地告诉我，他曾在此处举起送圣灯，反应过来时却发现自己处于神秘的送葬队伍中。随着村民们洒出的纸钱，穿过烛火乱晃的长廊，阴风阵阵。鸡皮疙瘩还未褪去，转头又误入了地下鬼市。听说在燕云制作组，每出现一个bug，就要献祭一名程序员小哥，于是有了下面的画面鬼市子之中，皆是传说与不可言说。这里的游侠皆以面具示人，阴森可怖的气息无孔不入，实在叫人胆寒。不玩了，我回家了，我要回家玩燕云了！感觉这一天要结束时，突然发现落下了什么——千夜，howoldareyou，怎么老是你？今晚20点，请锁定“燕云十六声官方”抖音直播间——“千夜”本夜直播首秀，目击自己被虐现场？听起来有点怪，但来看看便知！开测一周，有幸与游侠们同游江湖，也在大家的建议和鞭策里收获良多。仲吕测试仍在继续，期待和各位再度出发，云音再续。日升月落，朝暮轮转。每当太阳升起之时，燕云定将尽全力，以今朝，胜旧日！']。 —— 开测一周，游侠们到底经历了什么-,《 开测 一 周 ， 游侠们 到底 经历 了 什么 》 : [ ' 仲吕 测试 已经 开启 整整 一周 ， 却 好像 ， 仅仅 过 了 几个 时辰 。 回想 初 至 此地 时 ， 与 众多 游侠 同来同往 ， 而 江湖 变幻莫测 ， 行走 世间 已 有 不少 的 所见所闻 。 那么 在 燕云 ， 一天 里 到底 要 经历 多少 新鲜事 ？ 「 辰时 」 重生 之 我 是 少东家 早起 洗漱 完毕 ， 收拾 完 不 着急 出门 ， 先 捏 个 脸 ， 正 衣冠 。 可 上街 以后 发现 自己 还是 输 了 ， 华美 的 、 清秀 的 ， 虽然 在 容貌 自由 的 江湖 里 没有 什么 “ 卡颜局 ” —— 但是 游侠 ， 你们 真 好看 。 ▲ 来自 微博 & 小 红书 玩家 投稿 当然 ， 也 看见 了 不少 猎奇 的 。 所谓 四海 之内 皆 兄弟 也 ， 但是 哥们 ， 你 怎么 也 重生 在 燕云 了 ？ ▲ 来自 大神 玩家 投稿 这个 世界 ， 终于 疯 成 了 游侠 们 想 要 的 样子 …… 而 在 决定 放浪形骸 之外 以后 ， 又 在 一 声 声 “ 少东家 ” 的 呼唤 中 膨胀 了 自我 ， 游侠 我 啊 ， 就 是 全村 的 希望 ！ 「 巳时 」 大爷 ， 治 好 了 我 的 精神 内耗 一个时辰 后 ， 我 将 登上 将军祠 擂台 ， 等待 换 好 了 木制 武器 ， 再 走上 前 去 。 公孙 大爷 脚步 虚浮 ， 本着 尊老爱幼 的 优良 美德 ， 原 以为 胜利 会 手到擒来 。 谁知 ， 大爷 的 每 一 记 攻击 ， 都 充满 对 年轻人 的 教诲 与 关爱 。 招招 利落 ， 正中 要害 。 擂台 上 不时 有 游侠 倒下 ， 又 站 起 ， 又 倒下 。 漫长 的 数秒 间 ， 突然 明白 为何 众人 对 这 位 大爷 都 颇有 忌惮 。 也 明白 了 那 句 话 的 分量 ： 你 大爷 永远 是 你 大爷 。 「 午时 」 今天 ， 好像 又 梦见 你 了 战 也 战 得 累 了 ， 转眼 到 了 午休 时间 ， 小憩 半晌 ， 很快 就 悠然 入梦 —— 似 梦 非 梦 间 ， 好像 行 至 一片 开阔 之 处 ， 草木 丰茂 ， 眼前 万物 随 风 摇曳 翩跹 ， 如 坠 云端 。 刻 在 骨子 里 的 亲切 和 熟悉 ， 让 我 很快 意识到 ， 这里 是 不羡仙 。 可 在 熟悉 之外 ， 还 潜伏 着 一种 遥远 的 陌生 。 眼前 种种 ， 虚实 难 辨 ， 渐渐 只 剩 数片 散开 的 梨花 。 花瓣 纷飞 ， 终 会 归于 尘土 ， 人 走过 千山万水 ， 也 终 会 回到 最初 的 地方 。 这个 梦 啊 ， 真 不想 醒来 。 「 申时 」 走出 自己 ， 到 人群 中 去 但 这 梦 ， 终究 还是 被 我 的 “ 冤种 侠友 ” 打断 ， 正 当 我 醒来 准备 施展 拳脚 时 ， 侠友 让 我 先 省省劲 ， 该 练功 了 。 约 上 三五好友 ， 一起 练功 跳操 ， 元气 满满 的 我们 ， 人生 得意 须 尽 欢 啊 。 待到 练 得 淋漓尽致 ， 打算 “ 功成身退 ” 之 时 ， 贴心 的 侠友 突然 说 要 带 我 去 “ 汗蒸 洗澡 ” ..... . 啊 ？ 那 我 可 不 困 了 。 香水行 ， 春水阁 ， 大 池子 泡 ， 小 桶子 搓 。 大家 都 忙碌 一天 了 ， 这 份 舒坦 在座 的 各位 都 值得 。 「 酉时 」 可是 ， 人 和 人 之间 的 信任 呢 ？ 后来 黄昏 将近 ， 我 听说 还有 游侠 在 这 江湖 上 遇见 了 一些 “ 怪人 ” —— 要不 别 玩 燕云 了 4分钟 被 骗 8次 再 转眼 日暮 西沉 ， 正 被 这 npc 大叔 搞 得 气不打一 处 来 时 ， 突然 箭矢 飞来 ， 几只 鸽子 竟 从 空中 坠下 ！ 怎么 回 事 ？ 精神 状态 超越 99% 的 游戏 抽卡 动画 —— 燕云十六声 特别 声明 ： 抽奖 动画 为 开发 中 版本 ， 非 最终 效果 。 游戏 制作 和 游玩 过程 中 ， 没有 一 只 鸽子 受到 伤害 。 「 亥时」 带 我 去 找 夜生活 等 华灯 皆 照 ， 闲不住 的 侠友 又 说 带 我 “ 去 找 夜生活 ” ， 在 这 开封 最 盛景 之 处 ， 樊楼 高耸 ， 夜夜 笙歌 。 而 在 这 喧闹 之外 ， 犹 记得 有一天 ， 曾 遇见 过 有 位 游侠 大神 抚琴 而 坐 ， 那 潇洒 演奏 的 样子 很 久 之后 都 会 记得 。 可惜 图片 没有 声音 ， 否则 真 的 会 听到 古琴 live 版 《 夜曲 》 、 《 那些 年 》 、 《 说好 的 幸福 呢 》 ..... . 行走 江湖 ， 真是 技 多 不 压身 。 「子时 」吉时 已 到 阴间 开道 夜深 了 ， 但 步履声 纷沓 。 一 位 游侠 面色 苍白 地 告诉 我 ， 他 曾 在 此处 举起 送 圣灯 ， 反应 过来 时 却 发现 自己 处于 神秘 的 送葬 队伍 中 。 随着 村民 们 洒 出 的 纸钱 ， 穿过 烛火 乱晃 的 长廊 ， 阴风 阵阵 。 鸡皮疙瘩 还 未 褪 去 ， 转头 又 误入 了 地下 鬼市 。 听说 在 燕云制作组 ， 每 出现 一个 bug ， 就要 献祭 一 名 程序员 小哥 ， 于是 有 了 下面 的 画面 鬼市子 之中 ， 皆 是 传说 与 不可 言说 。 这里 的 游侠 皆 以 面具 示人 ， 阴森 可怖 的 气息 无孔不入 ， 实在 叫 人 胆寒 。 不 玩 了 ， 我 回家 了 ， 我 要 回家 玩 燕云 了 ！ 感觉 这 一天 要 结束 时 ， 突然 发现 落下 了 什么 —— 千夜 ， howoldareyou ， 怎么 老是 你 ？ 今晚20点 ， 请 锁定 “ 燕云十六声 官方 ” 抖音 直播间 —— “ 千夜 ” 本夜 直播 首秀 ， 目击 自己 被 虐 现场 ？ 听 起来 有点 怪 ， 但 来 看看 便 知 ！ 开测 一周 ， 有幸 与 游侠 们 同游 江湖 ， 也 在 大家 的 建议 和 鞭策 里 收获 良多 。 仲吕 测试 仍 在 继续 ， 期待 和 各位 再度 出发 ， 云音 再 续 。 日 升 月 落 ， 朝暮 轮转 。 每当 太阳 升起 之 时 ， 燕云 定 将 尽 全力 ， 以 今朝 ， 胜 旧日 ！ ' ],2024-06,开测一周，游侠们到底经历了什么
['“仲吕测试”开启已近一周，很多游侠灵魂发问：燕云十六声，肝吗？怕肝，大家也是怕把时间花在不喜欢的东西上。玩喜欢的，玩个一天都不嫌累——这是入了心流。玩不喜欢的，为那点资源，被摁着头一遍遍去刷那些莫名其妙的东西……真是多一秒都嫌烦——这便是爆肝。所以，江湖规矩：想挨揍的去挨打，想摸鱼的去摸鱼，你管他三七二十一，你想干嘛就干嘛去！这事儿，那些还在行走江湖的游侠们，可太有发言权了：刚开测，有人兵贵神速，横扫江湖；有人游山玩水，把燕云当旅游模拟器；有人“偷感”拉满，要偷尽天下武功；还有人纯看故事来了，就爱被刀得泪流满面……——十六声嘛，要的就是一个异曲同工，各出各的彩。所以话回初衷，我们和大家所求真是一样一样的，就是不肝，就是那超绝松弛感。为了找那感觉，我们是一次次地拒绝那些循规蹈矩的传统：松弛，是去过自己最爱的武侠人生做个大侠，哪儿来的模板，你行走荒野是侠，隐匿于市井也是侠。成侠不止那一条路，没必要为点材料东奔西走，去那些自己不喜欢的地方。任何养成材料（战斗、营生），以及部分外观，都可以在“不肝”系统用“悠然玉”兑换，游侠们每天只需要花10分钟就可以搬空“悠然玉”；——悠然，是游历江湖的见证，亦是大侠们摸万条鱼、游万里路后的成长。每一个人自有自己的见证，有着独属于自己的江湖故事。也因此，“悠然玉”的获取方式也足够松弛：喜欢旅游的就去探索，散个小步，偶遇点珍宝——宝箱之间，别有洞天；手痒的就去战斗，和那些郊外高手交手，磨练那十八般武艺；喜欢凑热闹的就去同游江湖，搞多人会诊——医好了出院，医死了现埋；有闲趣的客官上二楼雅间，cosplay一把古贤们猜物占卜、酒中行令，找人射覆……凡此种种，不胜枚举。异曲，终归同工。松弛，是任你在这世间来去自如江湖嘛，开放世界，要的就是一个随心随遇。还在设闹钟清体力？“不肝”心力上限绰绰有余，游侠们甚至只要三天上一次线，就可拿完全部养成奖励。还嫌累得慌？有！我们还有法子，有请代肝上场：游侠们完成不肝的周进度目标后，便可获得悬赏令，凭此令能委托其他游侠们助你获得“悠然玉”……后续，我们也将继续完善“不肝”，让开放世界没有那些恼人的摁头体验，让游侠们可以自由地选择成为大侠的方式——随着公测后更多优化和调整的上线，这片江湖也将变得更自由、更丰富、更多元。松弛，是以你喜欢的姿势行走江湖另外，我们还有一些小tips～——不同的旅途，自然能见到不同的风景。别人做大侠行走江湖，可以古典主义浪漫，使那御风奇术，或一剑千里，或飞檐·逐影，跨越千山万水；你也可以选择来点新鲜的后现代主义，和那“清河第一强者”的大鹅红尘作伴，千里走单骑。今日测试更新后，坐骑迎来上新——游侠们可与大鹅出走清河，“掌”量燕云，去看这江湖万千，留下一人一鹅一世界的江湖传说。若江湖迷路，一时救急，鹅肉富含蛋白质的同时还低脂低胆固醇，实属应急良品。“松弛”是一种模糊的江湖态度，它需要借助众位游侠在燕云肆意闯荡，形成一个个声音、一段段故事，最终不断汇集在一起，才能变成触手可及的存在。仲吕绕梁，测试仍在进行中。一如既往，愿继续倾听游侠们的声音，尽全力让这片江湖最终以最完备的状态正式迎接大家。燕云十六声，声律各异，随心弄弦，才能编织出那让人沉醉的江湖万千。']。 —— 燕云玩家的超绝松弛感，从“不肝”开始-,《 燕云 玩家 的 超绝 松弛感 ， 从 “ 不 肝 ” 开始 》 : [ ' “ 仲吕 测试 ” 开启 已 近 一周 ， 很多 游侠 灵魂 发问 ： 燕云十六声 ， 肝 吗 ？ 怕 肝 ， 大家 也是 怕 把 时间 花 在 不 喜欢 的 东西 上 。 玩 喜欢 的 ， 玩 个 一天 都 不 嫌累 —— 这是 入 了 心流 。 玩 不 喜欢 的 ， 为 那 点 资源 ， 被 摁 着 头 一遍遍 去 刷 那些 莫名其妙 的 东西 …… 真是 多 一 秒 都 嫌烦 —— 这 便是 爆肝 。 所以 ， 江湖 规矩 ： 想 挨揍 的 去 挨打 ， 想 摸 鱼 的 去 摸 鱼 ， 你 管 他 三七二十一 ， 你 想 干 嘛 就 干 嘛 去 ！ 这 事儿 ， 那些 还 在 行走 江湖 的 游侠 们 ， 可 太 有 发言权 了 ： 刚 开测 ， 有人 兵贵神速 ， 横扫 江湖 ； 有人 游山玩水 ， 把 燕云 当 旅游 模拟器 ； 有人 “ 偷感 ” 拉 满 ， 要 偷 尽 天下 武功 ； 还有 人 纯 看 故事 来 了 ， 就 爱 被 刀 得 泪流满面 ……—— 十六声 嘛 ， 要 的 就 是 一个 异曲同工 ， 各 出 各 的 彩 。 所以 话 回 初衷 ， 我们 和 大家 所 求 真是 一样 一样 的 ， 就是 不 肝 ， 就 是 那 超绝 松弛感 。 为了 找 那 感觉 ， 我们 是 一次次 地 拒绝 那些 循规蹈矩 的 传统 ： 松弛 ， 是 去 过 自己 最 爱 的 武侠 人生 做 个 大侠 ， 哪儿 来 的 模板 ， 你 行走 荒野 是 侠 ， 隐匿 于 市井 也是 侠 。 成侠 不止 那 一 条 路 ， 没 必要 为 点 材料 东奔西走 ， 去 那些 自己 不 喜欢 的 地方 。 任何 养成 材料 （ 战斗 、 营生 ） ， 以及 部分 外观 ， 都 可以 在 “ 不 肝 ” 系统 用 “ 悠然 玉 ” 兑换 ， 游侠 们 每天 只 需要 花 10分钟 就 可以 搬 空 “ 悠然 玉 ” ； —— 悠然 ， 是 游历 江湖 的 见证 ， 亦 是 大侠 们 摸 万条 鱼 、 游 万里 路 后 的 成长 。 每 一个 人 自 有 自己 的 见证 ， 有着 独 属于 自己 的 江湖 故事 。 也 因此 ， “ 悠然 玉 ” 的 获取 方式 也 足够 松弛 ： 喜欢 旅游 的 就 去 探索 ， 散 个 小步 ， 偶 遇 点 珍宝 —— 宝箱 之间 ， 别有洞天 ； 手痒 的 就 去 战斗 ， 和 那些 郊外 高手 交手 ， 磨练 那 十八 般 武艺 ； 喜欢 凑热闹 的 就 去 同游 江湖 ， 搞 多 人 会诊 —— 医 好 了 出院 ， 医 死 了 现 埋 ； 有 闲趣 的 客官 上 二楼 雅间 ， cosplay 一 把 古贤 们 猜 物 占卜 、 酒 中 行令 ， 找人 射覆 …… 凡此种种 ， 不胜枚举 。 异曲 ， 终归 同工 。 松弛 ， 是 任 你 在 这 世间 来去 自如 江湖 嘛 ， 开放世界 ， 要 的 就 是 一个 随心 随遇 。 还 在 设 闹钟 清 体力 ？ “ 不 肝 ” 心力 上限 绰绰有余 ， 游侠 们 甚至 只要 三天 上 一次 线 ， 就 可 拿 完 全部 养成 奖励 。 还 嫌 累 得 慌 ？ 有 ！ 我们 还有 法子 ， 有 请 代 肝 上场 ： 游侠 们 完成 不 肝 的 周 进度 目标 后 ， 便 可 获得 悬赏令 ， 凭 此 令 能 委托 其他 游侠 们 助 你 获得 “ 悠然 玉 ” …… 后续 ， 我们 也 将 继续 完善 “ 不 肝 ” ， 让 开放世界 没有 那些 恼人 的 摁头 体验 ， 让 游侠 们 可以 自由 地 选择 成为 大侠 的 方式 —— 随着 公测 后 更 多 优化 和 调整 的 上线 ， 这 片 江湖 也 将 变得 更 自由 、 更 丰富 、 更 多元 。 松弛 ， 是 以 你 喜欢 的 姿势 行走 江湖 另外 ， 我们 还有 一些 小tips ～ —— 不同 的 旅途 ， 自然 能 见到 不同 的 风景 。 别人 做 大侠 行走 江湖 ， 可以 古典主义 浪漫 ， 使 那 御风 奇术 ， 或 一 剑 千里 ， 或 飞檐 · 逐影 ， 跨越 千山万水 ； 你 也 可以 选择 来 点 新鲜 的 后现代主义 ， 和 那 “ 清河 第一 强者 ” 的 大鹅 红尘 作伴 ， 千里 走 单骑 。 今日 测试 更新 后 ， 坐骑 迎来 上新 —— 游侠 们 可 与 大 鹅 出走 清河 ， “ 掌 ” 量 燕云 ， 去 看 这 江湖 万千 ， 留下 一 人 一 鹅 一 世界 的 江湖 传说 。 若 江湖 迷路 ， 一时 救急 ， 鹅肉 富含 蛋白质 的 同时 还 低 脂 低 胆固醇 ， 实 属 应急 良品 。 “ 松弛 ” 是 一种 模糊 的 江湖 态度 ， 它 需要 借助 众位 游侠 在 燕云 肆意 闯荡 ， 形成 一个个 声音 、 一 段段 故事 ， 最终 不断 汇集 在 一起 ， 才 能 变成 触手可 及 的 存在 。 仲吕 绕梁 ， 测试 仍 在 进行 中 。 一如既往 ， 愿 继续 倾听 游侠 们 的 声音 ， 尽 全力 让 这 片 江湖 最终 以 最 完备 的 状态 正式 迎接 大家 。 燕云十六声 ， 声律 各异 ， 随心 弄 弦 ， 才 能 编织 出 那 让 人 沉醉 的 江湖 万千 。 ' ],2024-06,燕云玩家的超绝松弛感，从“不肝”开始
['仲吕测试开启以来，大家对于“女侠”的热情远超出了我们的想象。力有千钧，亦有万象。女侠不但有可塑之“形”，更具有灵动之“魂”。虽然目前版本的女角色还不是完全体，还有很多表现、动作上的不足，但在测试的短短两天时间内，已经有不少游侠发来了自己心中的侠女之姿。偌大江湖，道远万重。我们也将继续打磨好角色和玩法，定不辜负游侠们的支持和期待。👇👇👇（以下图片均来自玩家后台投稿）而来自五湖四海的游侠们相聚在燕云，又会有怎样的万象风采？十六在此向全部正在游历燕云的侠客们发起截图征集——欢迎移步官方微博参与活动，好礼已备，静待游侠们的精彩分享！侠女已然锋出——而如果要写女侠，就不能只写女侠。要写水中青丝，写磨碎朱砂。要写单衣策马，写意气风发。写被注视，写不回头。要写手抚平衣角，写剑拔出剑鞘。还要写，“你好”——仲吕测试开启，全新女主控角色现已登场。不如见一面吧！或许关于女侠的一切，都说来话长。但求真我，敢说不，才是侠。女侠，不止一面不做千篇一律网红脸。燕云女侠力求在真实中追求美，也在美中求真纯。巧笑倩兮，美目盼兮。以国人之国妆，使眉川盈彻，去见证全部仪态万变，落落大方。侠女之姿，巾帼锋出。她们亦可一览风华，随时改换行装。再去山高水远江湖之大，打得漂亮，勇毅杀伐。我们希望让女侠的每种姿态、每种妆容都能自成一派。因此在仲吕测试中，特别对游戏内的形象系统进行了丰富，欢迎游侠们亲往体验，而我们也将继续优化打磨——让真实之下，要如何便如何，你是你才重要。女侠，不吝锋芒不做花拳绣腿假功夫。燕云女侠不是花瓶，持续优化的定制动捕，追求的依然是拳拳到肉。纵横以驰骋，飒沓如流星。她们还可以锋芒毕露，凭一身赤胆甘心，拔刀御剑，去快意人生。而闯累了，或许还可以执一把趁手的“伞”，让这新武器的凛凛锋芒化作另一种潇洒，踏空悠游，琳琅天上。而再去细看女侠们举止投足的律动和节奏，杀敌、开路、破风，在动静之间，她们有时也不吝豪迈，不拘小节——谁说女子不可大开大合，大摇大摆！彩蛋？对不起！这里要和游侠们坦诚相告，目前女角色的部分动作与招式，是由和男角色共同的动捕过程演绎而来，因此姿态略有“不羁”。我们正在加紧进行女角色动捕和形象优化，全力完善细节，继续丰富表现与内容。女侠，不问出处不做信手拈来纸片人。燕云女侠不在空想中被书写，更想在历史中留下声名铿锵。乱世之中，皆不可靠。她们闯荡江湖，依然可以无门无派，无师自通。而但凡有门派志趣，奢可若夜宴，高可若樊楼，皆有历史可考。如在开封一隅，醉花阴处，觥筹交错间，也许美貌、心计、情报，才是最能杀人的利器。新门派里的她们，也信奉人之命运，必须掌握在自己手上。在目前的测试中，我们深知尚有很多未尽善之事，各位的建议与鞭策乃句句箴言，令我们清醒且坚定。江湖路远，尚有很多未竟之可能。当无限的可能性展开，重要的不只是抵达，还有过程。各位，仲吕鸣响，过程之后，我们终将抵达！']。 —— 如果要写女侠，就不能只写女侠-,《 如果 要 写 女侠 ， 就 不能 只 写 女侠 》 : [ ' 仲吕 测试 开启 以来 ， 大家 对于 “ 女侠 ” 的 热情 远 超出 了 我们 的 想象 。 力 有 千钧 ， 亦 有 万象 。 女侠 不但 有 可 塑 之 “ 形 ” ， 更 具有 灵动 之 “ 魂 ” 。 虽然 目前 版本 的 女 角色 还 不是 完全体 ， 还有 很多 表现 、 动作 上 的 不足 ， 但 在 测试 的 短短 两天 时间 内 ， 已经 有 不少 游侠 发 来 了 自己 心中 的 侠女 之 姿 。 偌大 江湖 ， 道远万重 。 我们 也 将 继续 打磨 好 角色 和 玩法 ， 定 不 辜负 游侠 们 的 支持 和 期待 。 👇👇👇 （ 以下 图片 均 来自 玩家 后台 投稿 ） 而 来自 五湖四海 的 游侠 们 相聚 在 燕云 ， 又 会 有 怎样 的 万象 风采 ？ 十六 在此 向 全部 正在 游历 燕云 的 侠客 们 发起 截图 征集 —— 欢迎 移步 官方 微博 参与 活动 ， 好 礼 已 备 ， 静待 游侠 们 的 精彩 分享 ！ 侠女 已然 锋 出 —— 而 如果 要 写 女侠 ， 就 不能 只 写 女侠 。 要 写 水 中 青丝 ， 写 磨 碎 朱砂 。 要 写 单衣 策马 ， 写 意气风发 。 写 被 注视 ， 写 不 回头 。 要 写 手 抚平 衣角 ， 写 剑 拔 出 剑鞘 。 还要 写 ， “ 你好 ” —— 仲吕 测试 开启 ， 全新 女 主控 角色 现 已 登场 。 不如 见 一 面 吧 ！ 或许 关于 女侠 的 一切 ， 都 说来话长 。 但 求 真我 ， 敢 说 不 ， 才是 侠 。 女侠 ， 不止 一面 不 做 千篇一律 网红脸 。 燕云 女侠 力求 在 真实 中 追求 美 ， 也 在 美 中 求 真纯 。 巧笑倩兮 ， 美目 盼 兮 。 以 国人 之 国妆 ， 使 眉川 盈彻 ， 去 见证 全部 仪态万变 ， 落落大方 。 侠女 之 姿 ， 巾帼 锋 出 。 她们 亦 可 一览 风华 ， 随时 改换 行装 。 再 去 山 高 水 远 江湖 之 大 ， 打 得 漂亮 ， 勇毅 杀伐 。 我们 希望 让 女侠 的 每 种 姿态 、 每 种 妆容 都 能 自成一派 。 因此 在 仲吕 测试 中 ， 特别 对 游戏 内 的 形象 系统 进行 了 丰富 ， 欢迎 游侠 们 亲往 体验 ， 而 我们 也 将 继续 优化 打磨 —— 让 真实 之下 ， 要 如何 便 如何 ， 你 是 你 才 重要 。 女侠 ， 不 吝 锋芒 不 做 花拳 绣腿 假 功夫 。 燕云 女侠 不是 花瓶 ， 持续 优化 的 定制 动捕 ， 追求 的 依然 是 拳拳到肉 。 纵横 以 驰骋 ， 飒沓 如 流星 。 她们 还 可以 锋芒毕露 ， 凭 一身 赤胆 甘心 ， 拔 刀 御剑 ， 去 快意 人生 。 而 闯 累 了 ， 或许 还 可以 执 一 把 趁手 的 “ 伞 ” ， 让 这 新 武器 的 凛凛 锋芒 化作 另 一种 潇洒 ， 踏 空 悠游 ， 琳琅天上 。 而 再 去 细看 女侠 们 举止 投足 的 律动 和 节奏 ， 杀敌 、 开路 、 破风 ， 在 动静 之间 ， 她们 有时 也 不 吝 豪迈 ， 不拘小节 —— 谁 说 女子 不可 大 开 大合 ， 大摇大摆 ！ 彩蛋 ？ 对不起 ！ 这里 要 和 游侠 们 坦诚相告 ， 目前 女 角色 的 部分 动作 与 招式 ， 是 由 和 男 角色 共同 的 动捕 过程 演绎 而 来 ， 因此 姿态 略 有 “ 不羁 ” 。 我们 正在 加紧 进行 女 角色 动捕 和 形象 优化 ， 全力 完善 细节 ， 继续 丰富 表现 与 内容 。 女侠 ， 不 问 出处 不 做 信手拈来 纸片人 。 燕云 女侠 不在 空想 中 被 书写 ， 更 想 在 历史 中 留下 声名 铿锵 。 乱世 之中 ， 皆 不 可靠 。 她们 闯荡 江湖 ， 依然 可以 无 门 无 派 ， 无师 自 通 。 而 但凡 有 门派 志趣 ， 奢 可 若 夜宴 ， 高 可 若 樊楼 ， 皆 有 历史 可 考 。 如 在 开封 一隅 ， 醉花阴 处 ， 觥筹交错 间 ， 也许 美貌 、 心计 、 情报 ， 才是 最 能 杀人 的 利器 。 新 门派 里 的 她们 ， 也 信奉 人 之 命运 ， 必须 掌握 在 自己 手 上 。 在 目前 的 测试 中 ， 我们 深知 尚 有 很多 未 尽善之事 ， 各位 的 建议 与 鞭策 乃 句 句 箴言 ， 令 我们 清醒 且 坚定 。 江湖 路 远 ， 尚 有 很多 未竟 之 可能 。 当 无限 的 可能性 展开 ， 重要 的 不只 是 抵达 ， 还有 过程 。 各位 ， 仲吕 鸣响 ， 过程 之后 ， 我们 终将 抵达 ！ ' ],2024-06,如果要写女侠，就不能只写女侠
"['恰逢六一儿童节，说正事之前，先祝各位“大儿童”们节日快乐！或许此刻，儿时的侠梦已经化作燕云江湖上探索的脚步，步履不停，惟愿童心与侠意永驻。仲吕测试首日，我们也收到了很多游侠们发来的新鲜反馈和吐槽，再次感谢各位对燕云的支持和建议！事事有回音，燕云有交代。面对目前游侠们的高频疑问，我们策马赶来，马上听劝——“怀疑这次真有10w资格吗，玩阴兵借道？”我们确实发出了10w+资格，游侠们的热情也确实超出了我们的想象，感谢各位的支持！由于本次是限号删档测试，本次未获得资格的游侠，还请期待我们的公测，一定相见。至于“阴兵借道”，我们不搞这一套，或者说不在游戏外搞这一套——因为就在这次测试，游戏内还真有“阴兵借道”的传说，去开封“鬼市子”的时候要小心！“某交易app上有很多资格倒卖，在这搞黄牛？”这个问题，我们必须向各位游侠严正声明：《燕云十六声》禁止以任何形式转让、售卖测试资格。请各位玩家切勿相信任何倒卖测试资格的信息，以免造成经济损失，也欢迎各位玩家监督并举报倒卖测试资格的信息，我们会在核实后，进行封禁资格处理。“都确定上主机了，移动端到底什么时候能玩？”在索尼全球发布会，确定登陆主机的决定令我们干劲拉满。当然，移动端也正在进行技术攻关冲刺，绝对不是“新建文件夹”的状态。预计近期就会有重要信息发布，敬请持续关注我们！“最低配置要求就这么高，而且100多个g，我电脑不配？”听到各位游侠的吐槽，我们深感惭愧。燕云的目标就是要做全部人的武侠，一定会持续做好优化！制作组正在持续进行性能适配和最低配置下放，目前的配置要求也仅针对本次测试。以游戏占用空间为例，后续会推出更轻量的资源包和云游戏。请大家放心，燕云公测的目标就是：让主流机型都可以拥有流畅的体验。“为什么我有资格还是登不进去，提示服务器未开启”游侠可以再次检查一下您进行登录的手机号或邮箱，是否与您获得资格的账号一致。如果您在尝试切换登录方式之后仍然无法登入，可以通过燕小云企业微信进一步反馈，感谢您的理解！“女主角有妆容bug，而且动作是不是有点太爷们了，这合理吗？”预期优化时间：bug已修好！体验会持续优化十六先来一波滑跪！对不起！妆容异常消失的bug，制作组已经完成修复，游侠们可尝试重新登陆游戏，便可恢复妆容。而女侠的部分模型、动作、演出等目前尚未完全制作完毕，的确会有部分动作、语音错误等问题。另外，女侠的面部表情也在持续优化。无论男女玩家，大家对于女主角的热情超过了我们的预估。开发组已在加快女主角的开发和优化，也请游侠们放心，待到游戏正式上线时，一定会见到更飒爽英姿的完全体女侠。“剧情动画黑屏，对白没语音，半成品的感觉”预期优化时间：公测音画全补齐！抱歉游侠！目前的测试版本中，确实有部分语音和动画还未完成最后的制作打磨，因此一些语音和动画还没有进入游戏，暂用黑屏替代。请再给我们一点时间，待游戏正式上线时都会给大家补上的。“这次测试是不是砍画面了？怎么和上测玩到的不一样”预期优化时间：下周开放更多选项！公测画质更极致本次测试并没有对画质进行削弱。由于之前测试中，不少玩家反馈画面太黑、眼睛累，所以我们对默认画面参数做了微调，让画面更明亮了，但是这种风格可能并不适合全部玩家，所以我们会尽快开放更多画面风格的选项，把选择权交给大家！另外，关于游戏画质问题，大家可在游戏内找到设置入口，根据自身偏好调整相关参数，获得更良好的画面体验。若是观看直播/录屏，也可能与视频和网络设置有关~目前游戏尚未开放最佳画质选项，我们也将在公测开放更多画质选项，敬请期待！""有的外观很杀马特，对，说的就是那两个又贵又闪的头发""预期优化时间：bug马上修！外观持续优化中马上就把“杀马特”bug干掉！经我们排查确认，“赤金缕”和“掩残红”两款发型目前存在光效异常，我们正在紧急修复中，很抱歉给游侠们造成不好的观感体验。除此之外，关于其他时装的建议我们也已经悉数收集在册，目前已经汇总了超500条时装优化建议，制作组同学正在逐条跟进。为了不影响大家的游戏体验，我们坚持不卖数值只卖外观，对外观的打磨一定会更加细致用心，我们也在不断尝试和摸索既有燕云特色审美、又能受大家喜爱的外观风格，请大家给我们多一点建议、多一点时间！“时装种类太少了，外观党根本不够看啊！”预期优化时间：更多外观公测上新本次仲吕测试只是我们阶段成果的小汇报，关于时装外观，我们有信心在上线后为游侠们带来更多、更丰富的精品外观，让大家都能找到自己的心头好。我们也已经明确了“绝不卖数值，靠外观付费”的付费模式。我们决心赚一份不影响游玩体验的钱，一定会踏踏实实为大家提供更好的内容。“大轻功太不武侠了，建议去掉”“轻功奇术”作为燕云中奇术的一种，需要游侠们在特定区域内达到一定探索度方可解锁。轻功也是燕云诸多个性化玩法的一种，游侠们可以在解锁后自由选择！轻功奇术设计的初衷，既是方便游侠们提升后期跑图体验的功能性设置，也是展现武侠幻想中对于身轻如燕的浪漫想象。后续我们会持续优化大轻功的视觉效果，也一定会持续听取大家的建议。仲吕之音已经鸣响，燕云江湖因游侠们的到来而再次热烈。而在游戏之外，“云游燕云”小程序活动也迎来更新，在大世界游历的神奇动物们又加入了新的伙伴——忠诚、可爱的小狗。而动物们游历江湖的偶遇故事，也将在宠物主页逐步解锁。希望它们能在游侠们探索的间隙，带来另一种别样的轻松，欢迎扫描下方二维码参与游玩。以游侠为镜，方能明得失。有如此多游侠的关注和建议，才让我们在正式上线时能做出更周全的准备，这既是测试的意义，也是笃定的信心。成侠之路也如孩童一样，在磨砺中成长。燕云会带着游侠们的期待和鞭策持续进化，江湖再逢，我们更高处见！']。 —— 开测首日丨事事有回音，凡事有交代-","《 开测 首日 丨 事事 有 回音 ， 凡事 有 交代 》 : [ ' 恰逢 六一儿童节 ， 说 正事 之前 ， 先 祝 各位 “ 大 儿童 ” 们 节日 快乐 ！ 或许 此刻 ， 儿时 的 侠梦 已经 化作 燕云 江湖 上 探索 的 脚步 ， 步履 不停 ， 惟愿 童心 与 侠意 永驻 。 仲吕 测试 首日 ， 我们 也 收到 了 很多 游侠 们 发来 的 新鲜 反馈 和 吐槽 ， 再次 感谢 各位 对 燕云 的 支持 和 建议 ！ 事事 有 回音 ， 燕云 有 交代 。 面对 目前 游侠 们 的 高频 疑问 ， 我们 策马 赶来 ， 马上 听劝 —— “ 怀疑 这次 真 有 10w 资格 吗 ， 玩 阴兵 借道 ？ ” 我们 确实 发出 了 10w + 资格 ， 游侠 们 的 热情 也 确实 超出 了 我们 的 想象 ， 感谢 各位 的 支持 ！ 由于 本 次 是 限号 删档 测试 ， 本 次 未 获得 资格 的 游侠 ， 还 请 期待 我们 的 公测 ， 一定 相见 。 至于 “ 阴兵 借道 ” ， 我们 不 搞 这 一套 ， 或者 说 不在 游戏 外 搞 这 一套 —— 因为 就 在 这次 测试 ， 游戏 内 还 真 有 “ 阴兵 借道 ” 的 传说 ， 去 开封 “ 鬼市子 ” 的 时候 要 小心 ！ “ 某 交易 app 上 有 很多 资格 倒卖 ， 在 这 搞 黄牛 ？ ” 这个 问题 ， 我们 必须 向 各位 游侠 严正 声明 ： 《 燕云十六声 》 禁止 以 任何 形式 转让 、 售卖 测试 资格 。 请 各位 玩家 切勿 相信 任何 倒卖 测试 资格 的 信息 ， 以免 造成 经济 损失 ， 也 欢迎 各位 玩家 监督 并 举报 倒卖 测试 资格 的 信息 ， 我们 会 在 核实 后 ， 进行 封禁 资格 处理 。 “ 都 确定 上 主机 了 ， 移动端 到底 什么 时候 能 玩 ？ ” 在 索尼 全球 发布会 ， 确定 登陆 主机 的 决定 令 我们 干劲 拉 满 。 当然 ， 移动端 也 正在 进行 技术 攻关 冲刺 ， 绝对 不是 “ 新建 文件夹 ” 的 状态 。 预计 近期 就 会 有 重要 信息 发布 ， 敬请 持续 关注 我们 ！ “ 最低 配置 要求 就 这么 高 ， 而且 100多个g ， 我 电脑 不配 ？ ” 听到 各位 游侠 的 吐槽 ， 我们 深感 惭愧 。 燕云 的 目标 就 是 要 做 全部 人 的 武侠 ， 一定 会 持续 做好 优化 ！ 制作组 正在 持续 进行 性能 适配 和 最低 配置 下放 ， 目前 的 配置 要求 也 仅 针对 本 次 测试 。 以 游戏 占用 空间 为 例 ， 后续 会 推出 更 轻量 的 资源包 和 云 游戏 。 请 大家 放心 ， 燕云 公测 的 目标 就 是 ： 让 主流 机型 都 可以 拥有 流畅 的 体验 。 “ 为什么 我 有 资格 还是 登 不 进去 ， 提示 服务器 未 开启 ” 游侠 可以 再次 检查 一下 您 进行 登录 的 手机号 或 邮箱 ， 是否 与 您 获得 资格 的 账号 一致 。 如果 您 在 尝试 切换 登录 方式 之后 仍然 无法 登入 ， 可以 通过 燕小云 企业 微信 进一步 反馈 ， 感谢 您 的 理解 ！ “ 女主角 有 妆容 bug ， 而且 动作 是不是 有点 太 爷们 了 ， 这 合理 吗 ？ ” 预期 优化 时间 ： bug 已 修好 ！ 体验会 持续 优化 十六 先 来 一 波 滑跪 ！ 对不起 ！ 妆容 异常 消失 的 bug ， 制作组 已经 完成 修复 ， 游侠 们 可 尝试 重新 登陆 游戏 ， 便 可 恢复 妆容 。 而 女侠 的 部分 模型 、 动作 、 演出 等 目前 尚未 完全 制作 完毕 ， 的确 会 有 部分 动作 、 语音 错误 等 问题 。 另外 ， 女侠 的 面部 表情 也 在 持续 优化 。 无论 男女 玩家 ， 大家 对于 女主角 的 热情 超过 了 我们 的 预估 。 开发组 已 在 加快 女主角 的 开发 和 优化 ， 也 请 游侠 们 放心 ， 待到 游戏 正式 上线 时 ， 一定 会 见到 更 飒爽 英姿 的 完全体 女侠 。 “ 剧情 动画 黑屏 ， 对白 没 语音 ， 半成品 的 感觉 ” 预期 优化 时间 ： 公测音画 全 补齐 ！ 抱歉 游侠 ！ 目前 的 测试 版本 中 ， 确实 有 部分 语音 和 动画 还 未 完成 最后 的 制作 打磨 ， 因此 一些 语音 和 动画 还 没有 进入 游戏 ， 暂 用 黑屏 替代 。 请 再 给 我们 一点 时间 ， 待 游戏 正式 上线 时 都 会 给 大家 补 上 的 。 “ 这次 测试 是不是 砍 画面 了 ？ 怎么 和 上测 玩 到 的 不 一样 ” 预期 优化 时间 ： 下周 开放 更 多 选项 ！ 公测 画质 更 极致 本 次 测试 并 没有 对 画质 进行 削弱 。 由于 之前 测试 中 ， 不少 玩家 反馈 画面 太 黑 、 眼睛 累 ， 所以 我们 对 默认 画面 参数 做 了 微调 ， 让 画面 更 明亮 了 ， 但是 这种 风格 可能 并不 适合 全部 玩家 ， 所以 我们 会 尽快 开放 更 多 画面 风格 的 选项 ， 把 选择权 交给 大家 ！ 另外 ， 关于 游戏 画质 问题 ， 大家 可 在 游戏 内 找到 设置 入口 ， 根据 自身 偏好 调整 相关 参数 ， 获得 更 良好 的 画面 体验 。 若是 观看 直播 / 录屏 ， 也 可能 与 视频 和 网络 设置 有关 ~ 目前 游戏 尚未 开放 最佳 画质 选项 ， 我们 也 将 在 公测 开放 更 多 画质 选项 ， 敬请 期待 ！ "" 有的 外观 很 杀 马特 ， 对 ， 说 的 就 是 那 两个 又 贵 又 闪 的 头发 "" 预期 优化 时间 ： bug 马上 修 ！ 外观 持续 优化 中 马上 就 把 “ 杀 马特 ” bug 干 掉 ！ 经 我们 排查 确认 ， “ 赤金缕 ” 和 “ 掩残红 ” 两款 发型 目前 存在 光效 异常 ， 我们 正在 紧急 修复 中 ， 很 抱歉 给 游侠 们 造成 不好 的 观感 体验 。 除此之外 ， 关于 其他 时装 的 建议 我们 也 已经 悉数 收集 在册 ， 目前 已经 汇总 了 超 500条 时装 优化 建议 ， 制作组 同学 正在 逐条 跟进 。 为了 不 影响 大家 的 游戏 体验 ， 我们 坚持 不 卖 数值 只 卖 外观 ， 对 外观 的 打磨 一定 会 更加 细致 用心 ， 我们 也 在 不断 尝试 和 摸索 既有 燕云 特色 审美 、 又 能 受 大家 喜爱 的 外观 风格 ， 请 大家 给 我们 多 一点 建议 、 多 一点 时间 ！ “ 时装 种类 太 少 了 ， 外观党 根本 不够 看 啊 ！ ” 预期 优化 时间 ： 更 多 外观 公测 上 新 本 次 仲吕 测试 只是 我们 阶段 成果 的 小 汇报 ， 关于 时装 外观 ， 我们 有 信心 在 上线 后 为 游侠 们 带来 更 多 、 更 丰富 的 精品 外观 ， 让 大家 都 能 找到 自己 的 心头 好 。 我们 也 已经 明确 了 “ 绝不 卖 数值 ， 靠 外观 付费 ” 的 付费 模式 。 我们 决心 赚 一 份 不 影响 游玩 体验 的 钱 ， 一定 会 踏踏实实 为 大家 提供 更 好 的 内容 。 “ 大 轻功 太 不 武侠 了 ， 建议 去掉 ” “ 轻功 奇术 ” 作为 燕云 中 奇术 的 一种 ， 需要 游侠 们 在 特定 区域 内 达到 一定 探索度 方 可 解锁 。 轻功 也是 燕云 诸多 个性化 玩法 的 一种 ， 游侠 们 可以 在 解锁 后 自由 选择 ！ 轻功 奇术 设计 的 初衷 ， 既是 方便 游侠 们 提升 后期 跑图 体验 的 功能性 设置 ， 也是 展现 武侠 幻想 中 对于 身 轻 如 燕 的 浪漫 想象 。 后续 我们 会 持续 优化 大 轻功 的 视觉 效果 ， 也 一定 会 持续 听取 大家 的 建议 。 仲吕之音 已经 鸣响 ， 燕云 江湖 因 游侠 们 的 到来 而 再次 热烈 。 而 在 游戏 之外 ， “ 云游 燕云 ” 小 程序 活动 也 迎来 更新 ， 在 大 世界 游历 的 神奇 动物 们 又 加入 了 新 的 伙伴 —— 忠诚 、 可爱 的 小 狗 。 而 动物 们 游历 江湖 的 偶遇 故事 ， 也 将 在 宠物 主页 逐步 解锁 。 希望 它们 能 在 游侠 们 探索 的 间隙 ， 带来 另 一种 别样 的 轻松 ， 欢迎 扫描 下方 二维码 参与 游玩 。 以 游侠 为 镜 ， 方 能 明 得失 。 有 如此 多 游侠 的 关注 和 建议 ， 才 让 我们 在 正式 上线 时 能 做出 更 周全 的 准备 ， 这 既是 测试 的 意义 ， 也是 笃定 的 信心 。 成侠 之 路 也 如 孩童 一样 ， 在 磨砺 中 成长 。 燕云 会 带 着 游侠 们 的 期待 和 鞭策 持续 进化 ， 江湖 再 逢 ， 我们 更 高 处见 ！ ' ]",2024-06,开测首日丨事事有回音，凡事有交代
"['在刚刚结束的playstation全球发布会上《燕云十六声》正式宣布登陆ps5，全平台适配正在进行中！作为今年全球发布会上唯一的国产武侠游戏，幸甚至哉，能够以武侠咏志：我们希望用游戏里最新的战斗集锦，向全球玩家展现最具东方意蕴的奇遇冒险，让世界看见真正的“中国武侠”——武侠开放世界游戏《燕云十六声》xplaystation登陆预告对于""武侠""的论述，最早可追溯至公元前200多年，《韩非子·五蠹》中，曾提到“侠以武犯禁”时隔2000多年，面对世界的追问，燕云用游戏再次回答：whatiswuxia?“啥是武侠”武侠很小，小到撑一把伞让外国朋友们惊呼的“这也可以”——伞，将作为新武器，在本次国内“仲吕测试”中首度亮相。剑未佩妥，出门已是江湖？没关系，恰如年少幼时，草木皆可为兵，也恰如武侠精深，铁伞自古便有神功，欢迎来到浪漫的兵器时代。武器是宿命的具体，有人用一生铸一把利器，发现武侠的锋利，不在器物，而在人心。可以十步杀一人，也可以为人撑一次伞，但都逃不过恩怨和羁绊。武侠很大，大到一段历史燕云十六声，真好大的胆，敢写五代之乱世，去最武侠的时代。去写家与国破碎，英雄辈出又消散。越少人记起，越需要诉说，如果武侠只有一种英雄主义：为河清海晏，为正道沧桑。历史和文化会书写“侠义”，世上不平之事也将雕刻“反派”。新的挑战将留下新的故事，正与邪，好与坏，侠是不解之问，不妨快意一战。武侠似幻，幻若某些印象山与水，画中人，各美而其美，美美方与共。虽只可意会，不可言传，但在燕云，4k拉满。大象之无形，大音之希声，武侠意境，不仅皮相，更在形意。来便知，成侠之道不问西东。武侠如实，实如燕云三端主机，是燕云全平台武侠的一块关键拼图。ps5适配正在进行中，燕云距离三端的目标又近了一些！而主机品质的开发，对燕云来说并不是从0开始，我们将继续让全平台品质对标主机标准，为游侠们呈现更极致的武侠游戏。每一份海内外玩家的关注和期待都令人振奋，我们将继续让燕云成为“全部人的武侠”，也有信心，用品质和体验，回答下个时代的武侠之问。国内“仲吕测试”15点正式开启，期待和各位游侠们的见面！最后，为了庆祝燕云登上索尼playstation全球发布会，并正式确认登陆主机，十六还特意带来了ps5和燕云周边给游侠们助兴——欢迎移步至官方微博【燕云十六声】参与转抽活动~这一次，又近了一点！']。 —— 在索尼全球发布会，给主机一点“武侠震撼”-","《 在 索尼 全球 发布会 ， 给 主机 一点 “ 武侠 震撼 ” 》 : [ ' 在 刚刚 结束 的 playstation 全球 发布会 上 《 燕云十六声 》 正式 宣布 登陆 ps5 ， 全 平台 适配 正在 进行 中 ！ 作为 今年 全球 发布会 上 唯一 的 国产 武侠 游戏 ， 幸甚至哉 ， 能够 以 武侠 咏志 ： 我们 希望 用 游戏 里 最新 的 战斗 集锦 ， 向 全球 玩家 展现 最 具 东方 意蕴 的 奇遇 冒险 ， 让 世界 看见 真正 的 “ 中国 武侠 ” —— 武侠 开放世界 游戏 《 燕云十六声 》 xplaystation 登陆 预告 对于 "" 武侠 "" 的 论述 ， 最早 可 追溯 至 公元前200多年 ， 《 韩非子 · 五 蠹 》 中 ， 曾 提到 “ 侠 以 武 犯禁 ” 时隔 2000多年 ， 面对 世界 的 追问 ， 燕云 用 游戏 再次 回答 ： whatiswuxia ? “ 啥 是 武侠 ” 武侠 很 小 ， 小 到 撑 一 把 伞 让 外国 朋友 们 惊呼 的 “ 这 也 可以 ” —— 伞 ， 将 作为 新 武器 ， 在 本 次 国内 “ 仲吕 测试 ” 中 首度 亮相 。 剑 未 佩妥 ， 出门 已 是 江湖 ？ 没关系 ， 恰如 年少幼时 ， 草木 皆 可 为 兵 ， 也 恰如 武侠 精深 ， 铁伞 自古 便 有 神功 ， 欢迎 来到 浪漫 的 兵器 时代 。 武器 是 宿命 的 具体 ， 有人 用 一生 铸 一 把 利器 ， 发现 武侠 的 锋利 ， 不在 器物 ， 而 在 人心 。 可以 十步 杀 一 人 ， 也 可以 为 人 撑 一次 伞 ， 但 都 逃 不 过 恩怨 和 羁绊 。 武侠 很 大 ， 大 到 一段 历史 燕云十六声 ， 真 好 大 的 胆 ， 敢 写 五代 之 乱世 ， 去 最 武侠 的 时代 。 去 写 家 与 国 破碎 ， 英雄 辈出 又 消散 。 越 少 人 记 起 ， 越 需要 诉说 ， 如果 武侠 只有 一种 英雄主义 ： 为 河 清 海 晏 ， 为 正道 沧桑 。 历史 和 文化 会 书写 “ 侠义 ” ， 世上 不平 之 事 也 将 雕刻 “ 反派 ” 。 新 的 挑战 将 留下 新 的 故事 ， 正 与 邪 ， 好 与 坏 ， 侠 是 不解 之 问 ， 不妨 快意 一 战 。 武侠 似 幻 ， 幻 若 某些 印象 山 与 水 ， 画 中 人 ， 各 美 而 其 美 ， 美美方 与 共 。 虽 只 可 意会 ， 不可 言传 ， 但 在 燕云 ， 4k 拉 满 。 大象 之 无形 ， 大音 之 希声 ， 武侠 意境 ， 不仅 皮相 ， 更 在 形意 。 来 便 知 ， 成侠 之 道 不 问 西东 。 武侠 如实 ， 实 如 燕云 三端 主机 ， 是 燕云 全 平台 武侠 的 一 块 关键 拼图 。 ps5 适配 正在 进行 中 ， 燕云 距离 三端 的 目标 又 近 了 一些 ！ 而 主机 品质 的 开发 ， 对 燕云 来说 并不是 从 0 开始 ， 我们 将 继续 让 全 平台 品质 对标 主机 标准 ， 为 游侠 们 呈现 更 极致 的 武侠 游戏 。 每 一 份 海内外 玩家 的 关注 和 期待 都 令人 振奋 ， 我们 将 继续 让 燕云 成为 “ 全部 人 的 武侠 ” ， 也 有 信心 ， 用 品质 和 体验 ， 回答 下 个 时代 的 武侠 之 问 。 国内 “ 仲吕 测试 ” 15点 正式 开启 ， 期待 和 各位 游侠 们 的 见面 ！ 最后 ， 为了 庆祝 燕云 登上 索尼 playstation 全球 发布会 ， 并 正式 确认 登陆 主机 ， 十六 还 特意 带来 了 ps5 和 燕云 周边 给 游侠 们 助兴 —— 欢迎 移步 至 官方 微博 【 燕云十六声 】 参与 转抽 活动 ~ 这 一 次 ， 又 近 了 一点 ！ ' ]",2024-05,在索尼全球发布会，给主机一点“武侠震撼”
['在开测的前一天，我重生了。黄钟鸣罢许久，此刻仲吕音续：书接上回，这里，好像是新的燕云。开封，还能更开清河自辽阔，风景已万千。但这次重生后最想去的，还是上次没呆够的“开封”——阔别已久，看开封有哪番变化。「这次的开封，够大」记得上一次来开封，便有烟火缭绕之市井，而今更盛。街市车马粼粼，人流如织。百工坊、琼林苑、南门大街……这些新开放的地界好一个目不暇接。最如梦似幻的地方，当属开封一隅，醉花阴处：樊楼。碧瓦朱檐，金绸粉黛，五层高楼楼内灯影摇红，又不失磅礴大气。樊楼之中，那群穿梭的奇人似是此前未见的隐秘门派，看似柔美，携宾客们飞天舞去，实则眼神狠戾，暗藏锋芒。「这次的开封，够闹」市井喧嚣中，开封百姓爱往春水阁而聚。楼上，搓麻的叫嚷欢呼，此起彼伏；楼下，澡堂白雾喷薄而出，武道之劲，竟在搓澡？！街头巷尾，尽是新鲜之事……听闻附近还有“阴兵借道”的开封往事，看来，这里暗藏乾坤，并非寻常之地。入夜，樊楼之上燃起烟火漫天，江湖闲趣美轮美奂……原来“超绝松弛感”这个形容，大概从这里流传而来。行至半路，一位大哥吆喝着塞来一张开封游乐图，画满这市井的奇闻轶事，定睛一看……未来江湖还有“粪斗”？此行仲吕，虽市井画卷尚未全面铺开，但待这江湖正式迎接游侠们之时，百态趣味就会尽数呈现。强敌，扑面而来旧时的遭遇突然攻击我，当时在佛光顶就被打得狗血淋头，好不容易熬过……此刻又烽烟重燃。过往的敌人似乎有了新的攻势，一切再度变得诡秘莫测。还有新强敌开始出没，蛇郎中、皮影师、睡道人……个个出手狠绝、功夫了得。听闻还有容鸢、千夜...不仅各有来头，更暗藏神秘新剧情。可既然上天要我重生，那便一战。于交锋中积累了诸多经验，还可去同其他游侠切磋一番，三三为组，对战演武。当然……燕云江湖自在得很，倒也不必非得剑拔弩张，可寻人切磋，亦可独闯江湖，皆能自得其乐。既来之则安之，小小江湖，拿下！求异，武器奇术“所以，燕云的规矩是什么？”——旁人听罢嗤笑：“规矩就是，没有规矩。”本以为过去已习得诸多武器，没想到还能有奇兵器出现。这一次，来点不一样的。深悟此道后，决定以伞为器。伞有纤细之形，也有磅礴之力，开合变幻，攻防兼备，可谓行走江湖之利器。还有那独有的奇术，之前虽然见识过了太极推熊、金蝉腾跃等奇功，但……总觉得还可以加大力度！而这番来此，江湖果然又多了不少前所未见的奇术：【流星坠火】【自在无碍】【叶龙骧首】【阴阳迷踪步】【无相金身】....这下有得学了！习得这十余种新奇术，之后岂不天地任我驰骋，自在逍遥：妈，我的人生是旷野。旷妈，我是生的野人。这次，见新自己揽镜自照，先是看见了一双饱含着期待的眼睛——再往下去，女侠的模样倒映其中。而再端详镜中之人以手捏脸，更有唇妆眉眼，百面千变。我心本就是女侠，如今心愿已成，风过旷野。英姿飒爽，意气昂扬，仿佛一声嘹亮的口哨，除了自己，任何人可以成为任何人。转眼，花羽缎的袍袖，抚腕垂落，皎然若月。身形容貌，穿着搭配，还有更多新物件、好皮相如乱花迷我眼。看来这造美之手千变万化，只求尽兴而归。这次来燕云，还看到更多人“聊在一起”，“战在一起”，甚至“在一起”...于是终于参透此地并无定式，可只身闯荡江湖，潜心武学，亦可侠侣相伴，同游天地，从不拘泥于一种可能。明日，仲吕音起即将再度开启测试，还有许多未能道尽的江湖万千，等待着各位游侠的游历，也期待各位前来一观如今燕云之变化。不过这仲吕之音，终究是还未见真章。侠客之交，应当坦诚相见——燕云尚未做到尽善尽美，仍有一些正在加班赶路的优化。因此在测试中，可能会让游侠们在行走江湖时遇到一些不快，在此特别向游侠们致歉。反求诸己，我们先自喷为敬：●游戏bug燕云的世界尚在搭建中，可能会在操作、显示、推进任务时出现一些意料之外的问题；●过场动画黑屏部分动画还未完成最后的制作打磨，此次测试没有进入游戏，暂用黑屏替代；●女主控表现打磨女侠部分模型、动作、演出等尚未完全制作完毕，可能会有部分动作、语音错误等问题；●手柄适配度目前测试版本未完成手柄在全部界面和玩法的适配，可能会出现操作错误反馈的情况；●配置要求太高“最低配置要求太高！”——我们已经看到听到了很多游侠的声音，一定将在公测前尽全力降低门槛，搞好优化；●指引不足为了游侠们能更便利地行走江湖，我们一直在持续迭代指引，本次测试也将继续听取大家的声音，持续优化体验；●江湖事尚未完结仲吕测试仍未展现江湖全貌，主支线仍有大量剧情正在制作中，将在公测为大家徐徐展开。江湖不可一日而成，正因为有游侠们在一次次测试中的不吝赐教，才让燕云更以全力，求精进。就快要相见了，转身之间剑已在侧。为了快点和各位见面，愿挥剑杀死今天。仲吕测试，明天见！']。 —— 明日开测，我却提前在燕云重生了-,《 明日 开测 ， 我 却 提前 在 燕云 重生 了 》 : [ ' 在 开测 的 前 一天 ， 我 重生 了 。 黄钟 鸣 罢 许久 ， 此刻 仲吕 音续 ： 书 接 上 回 ， 这里 ， 好像 是 新 的 燕云 。 开封 ， 还 能 更 开 清河 自 辽阔 ， 风景 已 万千 。 但 这次 重生 后 最 想 去 的 ， 还是 上次 没 呆 够 的 “ 开封 ” —— 阔别 已 久 ， 看 开封 有 哪 番 变化 。 「 这次 的 开封 ， 够 大 」 记得 上 一次 来 开封 ， 便 有 烟火 缭绕 之 市井 ， 而今 更 盛 。 街市 车马粼粼 ， 人流 如 织 。 百工坊 、 琼林苑 、 南门大街 …… 这些 新 开放 的 地界 好 一个 目不暇接 。 最 如 梦 似 幻 的 地方 ， 当 属 开封 一隅 ， 醉花阴 处 ： 樊楼 。 碧瓦 朱檐 ， 金绸 粉黛 ， 五层 高楼 楼 内 灯影 摇红 ， 又 不 失 磅礴 大气 。 樊楼 之中 ， 那 群 穿梭 的 奇人 似 是 此前 未 见 的 隐秘 门派 ， 看似 柔美 ， 携 宾客 们 飞天舞 去 ， 实则 眼神 狠戾 ， 暗藏 锋芒 。 「 这次 的 开封 ， 够 闹 」 市井 喧嚣 中 ， 开封 百姓 爱 往 春水阁 而 聚 。 楼上 ， 搓麻 的 叫嚷 欢呼 ， 此起彼伏 ； 楼下 ， 澡堂 白雾 喷薄 而 出 ， 武道 之 劲 ， 竟 在 搓澡 ？ ！ 街头巷尾 ， 尽是 新鲜 之 事 …… 听闻 附近 还有 “ 阴兵 借道 ” 的 开封 往事 ， 看来 ， 这里 暗藏 乾坤 ， 并非 寻常 之 地 。 入夜 ， 樊楼 之上 燃起 烟火 漫天 ， 江湖 闲趣 美轮美奂 …… 原来 “ 超绝 松弛感 ” 这个 形容 ， 大概 从 这里 流传 而 来 。 行 至 半路 ， 一 位 大哥 吆喝 着 塞 来 一 张 开封 游乐图 ， 画 满 这 市井 的 奇闻 轶事 ， 定睛 一 看 …… 未来 江湖 还有 “ 粪斗 ” ？ 此行 仲吕 ， 虽 市井 画卷 尚未 全面 铺开 ， 但 待 这 江湖 正式 迎接 游侠 们 之 时 ， 百态 趣味 就 会 尽数 呈现 。 强敌 ， 扑面而 来 旧时 的 遭遇 突然 攻击 我 ， 当时 在 佛光顶 就 被 打 得 狗血淋头 ， 好不容易 熬 过 …… 此刻 又 烽烟 重 燃 。 过往 的 敌人 似乎 有 了 新 的 攻势 ， 一切 再度 变得 诡秘莫测 。 还有 新 强敌 开始 出没 ， 蛇郎中 、 皮影师 、 睡道人 …… 个个 出手 狠绝 、 功夫 了得 。 听闻 还有 容鸢 、 千夜 ... 不仅 各 有 来头 ， 更 暗藏 神秘 新 剧情 。 可 既然 上天 要 我 重生 ， 那 便 一 战 。 于 交锋 中 积累 了 诸多 经验 ， 还 可 去 同 其他 游侠 切磋 一番 ， 三三为 组 ， 对战 演武 。 当然 …… 燕云 江湖 自在 得 很 ， 倒 也 不必 非得 剑拔弩张 ， 可 寻人 切磋 ， 亦 可 独 闯 江湖 ， 皆 能 自得其乐 。 既 来 之 则 安 之 ， 小小 江湖 ， 拿下 ！ 求异 ， 武器 奇术 “ 所以 ， 燕云 的 规矩 是 什么 ？ ” —— 旁人 听 罢 嗤笑 ： “ 规矩 就 是 ， 没有 规矩 。 ” 本 以为 过去 已 习 得 诸多 武器 ， 没 想到 还 能 有 奇 兵器 出现 。 这 一次 ， 来 点 不 一样 的 。 深 悟 此 道 后 ， 决定 以 伞 为 器 。 伞 有 纤细 之 形 ， 也 有 磅礴 之 力 ， 开合 变幻 ， 攻防 兼备 ， 可谓 行走 江湖 之 利器 。 还有 那 独有 的 奇术 ， 之前 虽然 见识 过 了 太极 推 熊 、 金蝉 腾跃 等 奇功 ， 但 …… 总 觉得 还 可以 加大 力度 ！ 而 这 番 来 此 ， 江湖 果然 又 多 了 不少 前所未见 的 奇术 ： 【 流星坠火 】 【 自在无碍 】 【 叶龙骧首 】 【 阴阳迷踪步 】 【 无相金身 】 .... 这 下 有 得 学 了 ！ 习 得 这 十余种 新 奇术 ， 之后 岂不 天地 任 我 驰骋 ， 自在 逍遥 ： 妈 ， 我 的 人生 是 旷野 。 旷妈 ， 我 是 生 的 野人 。 这次 ， 见 新 自己 揽 镜 自 照 ， 先是 看见 了 一 双 饱含 着 期待 的 眼睛 —— 再 往 下去 ， 女侠 的 模样 倒映 其中 。 而 再 端详 镜中 之 人 以 手 捏 脸 ， 更 有 唇 妆 眉眼 ， 百 面 千 变 。 我 心 本 就 是 女侠 ， 如今 心愿 已 成 ， 风 过 旷野 。 英姿飒爽 ， 意气 昂扬 ， 仿佛 一 声 嘹亮 的 口哨 ， 除了 自己 ， 任何 人 可以 成为 任何 人 。 转眼 ， 花羽缎 的 袍袖 ， 抚腕 垂落 ， 皎然 若 月 。 身形 容貌 ， 穿着 搭配 ， 还有 更 多 新 物件 、 好 皮相 如 乱 花 迷 我 眼 。 看来 这 造美 之 手 千变万化 ， 只求 尽兴 而 归 。 这次 来 燕云 ， 还 看到 更 多 人 “ 聊 在 一起 ” ， “ 战 在 一起 ” ， 甚至 “ 在 一起 ” . . . 于是 终于 参透 此地 并 无 定式 ， 可 只身 闯荡 江湖 ， 潜心 武学 ， 亦 可 侠侣 相伴 ， 同游 天地 ， 从不 拘泥 于 一种 可能 。 明日 ， 仲吕音 起 即将 再度 开启 测试 ， 还有 许多 未能 道 尽 的 江湖 万千 ， 等待 着 各位 游侠 的 游历 ， 也 期待 各位 前来 一 观 如今 燕云 之 变化 。 不过 这 仲吕之音 ， 终究 是 还 未 见 真章 。 侠客之交 ， 应当 坦诚 相见 —— 燕云 尚未 做到 尽善尽美 ， 仍 有一些 正在 加班 赶路 的 优化 。 因此 在 测试 中 ， 可能 会 让 游侠 们 在 行走 江湖 时 遇到 一些 不快 ， 在此 特别 向 游侠 们 致歉 。 反求诸己 ， 我们 先 自 喷 为 敬 ： ● 游戏 bug 燕云 的 世界 尚 在 搭建 中 ， 可能 会 在 操作 、 显示 、 推进 任务 时 出现 一些 意料之外 的 问题 ； ● 过场动画 黑屏 部分 动画 还 未 完成 最后 的 制作 打磨 ， 此次 测试 没有 进入 游戏 ， 暂 用 黑屏 替代 ； ● 女 主控 表现 打磨 女侠 部分 模型 、 动作 、 演出 等 尚未 完全 制作 完毕 ， 可能 会 有 部分 动作 、 语音 错误 等 问题 ； ● 手柄 适配度 目前 测试 版本 未 完成 手柄 在 全部 界面 和 玩法 的 适配 ， 可能 会 出现 操作 错误 反馈 的 情况 ； ● 配置 要求 太 高 “ 最低 配置 要求 太 高 ！ ” —— 我们 已经 看到 听到 了 很多 游侠 的 声音 ， 一定 将 在 公测 前 尽 全力 降低 门槛 ， 搞好 优化 ； ● 指引 不足 为了 游侠 们 能 更 便利 地 行走 江湖 ， 我们 一直 在 持续 迭代 指引 ， 本 次 测试 也 将 继续 听取 大家 的 声音 ， 持续 优化 体验 ； ● 江湖 事 尚未 完结 仲吕 测试 仍 未 展现 江湖 全貌 ， 主 支线 仍 有 大量 剧情 正在 制作 中 ， 将 在 公测 为 大家 徐徐 展开 。 江湖 不可 一日 而 成 ， 正 因为 有 游侠 们 在 一次次 测试 中 的 不吝 赐教 ， 才 让 燕云 更 以 全力 ， 求 精进 。 就 快要 相见 了 ， 转身 之间 剑 已 在 侧 。 为了 快点 和 各位 见面 ， 愿 挥剑 杀死 今天 。 仲吕 测试 ， 明天 见 ！ ' ],2024-05,明日开测，我却提前在燕云重生了
['江湖嘛，细数头等浪漫的事，“能使上自己喜欢的武器”肯定榜上有名。这不，燕云马上要上线的新武器就有够浪漫的：“远看似亭，近看无棂，上有流水，下有人行。”无他，唯“伞”是也。>>武术动作指导的全新pv纪录片发布<<武道有专攻，与大师相见——现在前往b站官号“燕云十六声官方”，参与纪录片视频互动评论，还有好礼相赠！伞，放现实里，严格来说做不了武器。负责燕云十六声武术指导的董玮老师说，伞太柔，没什么攻击力，它不可能出现在现实的兵器库里——你拿着它追人吧，别扭，你拿它攻击吧，伞柄也碍手碍脚的……为了追求那个浪漫又真切的江湖，我们邀请到了中国香港武术指导及电影导演董玮老师，请专业的人做专业之事，以武术之考究来设计游戏里的动作，以及这以伞为兵的战斗招式。董玮是何人？他曾多次获得香港金像奖、台湾金马奖“最佳动作设计奖”，他参加创作的作品更是耳熟能详：《龙争虎斗》《笑傲江湖》《英雄本色》《旺角卡门》……董玮老师可谓久经沙场。但怎么让一把伞变成一把兵器？董玮老师也一度犯了难，觉得不可能。可是，燕云要的就是那种不可能的浪漫——伞，放武侠里，本就是一件很浪漫的事。聊美学，伞一被抛到空中便是灵动柔美，身轻如燕，用变化莫测的姿态打乱敌人的节奏；聊武学，伞一收便直刺咽喉；伞一开便是万夫莫开，化剑为雨……一虚一实，攻防兼备。燕云也不是第一个追求这浪漫的。张艺谋导演在他的《影》里用“东吴伞”破了那杀敌无数的杨家刀法；《少林寺传奇》还研究了伞的阵法——六人各持一把“金刚伞”困住敌人。燕云对伞，有自己的武侠幻想；董玮老师对伞，有他所求的武打真实。这一假一真，便成了燕云新武器的浪漫：伞骨缓缓撑开。执伞人施展身法于方寸间，纵横万念，在人伞合一中抵达武侠的广袤之境。伞转锋芒，抽身换影。糅合了武侠幻想的美学，合上那现实武打的力量，伞就成了那铿锵有力、恣意横生的战斗。化不可能为可能，便是燕云武侠的一种浪漫。伞在燕云，处处蕴藏狠意：“柔韧”与“锋利”的共存「远攻」有纤细之形，也有磅礴之力。伞从雨里生长出来，有雨的细密，也有雨的暴烈，让出招变化莫测、势入千钧，肆意从四面八方向敌人奇袭。「漂浮」脚步丈量有限，执伞则无限。当持伞进入独有的“漂浮状态”时，侠客凌空而望，一切攻防都明晰如镜，可在交锋中灵活移动，亦可借势反击，将敌人玩弄于股掌之间。「重击」伞是手中之物，亦是身外之身。挥伞环刺，在空中巡击而归的利器，既打得飘逸，也是沉重一击。伞，常常能在交锋中塑造出新的空间，辅之袖剑或其他暗器灵活攻击，主打的便是一个出其不意。“独战”与“共舞”的自如「独战」伞为器，架起的也是遮蔽身形、抵挡万难的檐。伞下的世界，小却不显逼仄，恰好能容纳个体的周旋辗转，发挥出极强的机动性，天地无拦，独行不知返。「共舞」一把伞，不止是兵刃，更是伙伴。伞之韧性，在一开一合之间，可以之御敌，亦可化作伙伴——将伞轻掷浮空，伞骨开而利器现，而游侠也可在此期间自在切换其他武器，交叉输出，和兵器打磨出相辅而成的默契。遮风挡雨，或是起势藏锋，伞是燕云世界里一种旁逸斜出的可能性，就像从来没有人能轻易定义“伞”是否能成为真正的武器——执伞之人的命运，不妨交给自己来攥握。燕云对伞的浪漫幻想，远不止于此，它的开合藏着太多的诀窍、天机与精心设计，将不断地碰撞出新的变化。仲吕测试即将开启，武道无涯，各位游侠不如再踏前一步，去大展身手，各显神通。']。 —— 新武器丨一把伞，一场金像奖导演的武侠浪漫-,《 新 武器 丨 一 把 伞 ， 一 场 金像奖 导演 的 武侠 浪漫 》 : [ ' 江湖 嘛 ， 细数 头等 浪漫 的 事 ， “ 能 使 上 自己 喜欢 的 武器 ” 肯定 榜上有名 。 这 不 ， 燕云 马上 要 上线 的 新 武器 就 有 够 浪漫 的 ： “ 远 看 似 亭 ， 近 看 无棂 ， 上 有 流水 ， 下 有人 行 。 ” 无他 ， 唯 “ 伞 ” 是 也 。 > > 武术 动作 指导 的 全新 pv 纪录片 发布 < < 武道 有 专攻 ， 与 大师 相见 —— 现在 前往 b 站 官号 “ 燕云十六声 官方 ” ， 参与 纪录片 视频 互动 评论 ， 还有 好 礼 相 赠 ！ 伞 ， 放 现实 里 ， 严格 来说 做 不 了 武器 。 负责 燕云十六声 武术 指导 的 董玮 老师 说 ， 伞 太 柔 ， 没什么 攻击力 ， 它 不可能 出现 在 现实 的 兵器库 里 —— 你 拿 着 它 追 人 吧 ， 别扭 ， 你 拿 它 攻击 吧 ， 伞柄 也 碍手碍脚 的 …… 为了 追求 那个 浪漫 又 真切 的 江湖 ， 我们 邀请 到 了 中国 香港 武术 指导 及 电影 导演 董玮 老师 ， 请 专业 的 人 做 专业 之 事 ， 以 武术 之 考究 来 设计 游戏 里 的 动作 ， 以及 这 以 伞 为 兵 的 战斗 招式 。 董玮 是 何人 ？ 他 曾 多次 获得 香港 金像奖 、 台湾 金马奖 “ 最佳 动作 设计奖 ” ， 他 参加 创作 的 作品 更 是 耳熟能详 ： 《 龙争 虎斗 》 《 笑傲 江湖 》 《 英雄本色 》 《 旺角 卡门 》 …… 董玮 老师 可谓 久经沙场 。 但 怎么 让 一 把 伞 变成 一 把 兵器 ？ 董玮 老师 也 一度 犯 了 难 ， 觉得 不可能 。 可是 ， 燕云 要 的 就 是 那种 不可能 的 浪漫 —— 伞 ， 放 武侠 里 ， 本 就 是 一件 很 浪漫 的 事 。 聊 美学 ， 伞 一 被 抛 到 空中 便是 灵动 柔美 ， 身 轻 如 燕 ， 用 变化莫测 的 姿态 打乱 敌人 的 节奏 ； 聊 武学 ， 伞 一 收 便 直 刺 咽喉 ； 伞 一 开 便是 万夫莫开 ， 化 剑 为 雨 …… 一 虚 一 实 ， 攻防 兼备 。 燕云 也 不是 第一个 追求 这 浪漫 的 。 张艺谋 导演 在 他 的 《 影 》 里 用 “ 东吴伞 ” 破 了 那 杀敌 无数 的 杨 家 刀法 ； 《 少林寺 传奇 》 还 研究 了 伞 的 阵法 —— 六 人 各 持 一 把 “ 金刚伞 ” 困 住 敌人 。 燕云 对 伞 ， 有 自己 的 武侠 幻想 ； 董玮 老师 对 伞 ， 有 他 所 求 的 武打 真实 。 这 一 假 一 真 ， 便 成 了 燕云 新 武器 的 浪漫 ： 伞骨 缓缓 撑 开 。 执伞人 施展 身法 于 方寸 间 ， 纵横 万 念 ， 在 人 伞 合一 中 抵达 武侠 的 广袤 之 境 。 伞 转 锋芒 ， 抽身换影 。 糅合 了 武侠 幻想 的 美学 ， 合 上 那 现实 武打 的 力量 ， 伞 就 成 了 那 铿锵 有力 、 恣意 横生 的 战斗 。 化 不可能 为 可能 ， 便是 燕云 武侠 的 一种 浪漫 。 伞 在 燕云 ， 处处 蕴藏 狠意 ： “ 柔韧 ” 与 “ 锋利 ” 的 共存 「 远攻 」 有 纤细 之 形 ， 也 有 磅礴 之 力 。 伞 从 雨 里 生长 出来 ， 有 雨 的 细密 ， 也 有 雨 的 暴烈 ， 让 出招 变化莫测 、 势 入千钧 ， 肆意 从 四面八方 向 敌人 奇袭 。 「 漂浮 」 脚步 丈量 有限 ， 执 伞 则 无限 。 当 持 伞 进入 独有 的 “ 漂浮 状态 ” 时 ， 侠客 凌空 而 望 ， 一切 攻防 都 明晰 如 镜 ， 可 在 交锋 中 灵活 移动 ， 亦 可 借势 反击 ， 将 敌人 玩弄 于 股 掌 之间 。 「 重击 」 伞 是 手中 之 物 ， 亦 是 身 外 之 身 。 挥 伞 环刺 ， 在 空中 巡击 而 归 的 利器 ， 既 打 得 飘逸 ， 也是 沉重 一 击 。 伞 ， 常常 能 在 交锋 中 塑造 出 新 的 空间 ， 辅 之 袖剑 或 其他 暗器 灵活 攻击 ， 主打 的 便是 一个 出其不意 。 “ 独战 ” 与 “ 共舞 ” 的 自如 「 独战 」 伞 为 器 ， 架 起 的 也是 遮蔽 身形 、 抵挡 万难 的 檐 。 伞 下 的 世界 ， 小 却 不 显 逼仄 ， 恰好 能 容纳 个体 的 周旋 辗转 ， 发挥 出 极 强 的 机动性 ， 天地无拦 ， 独行 不 知 返 。 「 共舞 」 一 把 伞 ， 不止 是 兵刃 ， 更 是 伙伴 。 伞 之 韧性 ， 在 一 开 一 合 之间 ， 可以 之 御敌 ， 亦 可 化作 伙伴 —— 将 伞 轻 掷 浮空 ， 伞骨 开 而 利器 现 ， 而 游侠 也 可 在 此 期间 自在 切换 其他 武器 ， 交叉 输出 ， 和 兵器 打磨 出 相辅而 成 的 默契 。 遮风 挡 雨 ， 或是 起势 藏 锋 ， 伞 是 燕云 世界 里 一种 旁逸 斜 出 的 可能性 ， 就 像 从来 没有 人 能 轻易 定义 “ 伞 ” 是否 能 成为 真正 的 武器 —— 执 伞 之 人 的 命运 ， 不妨 交给 自己 来 攥握 。 燕云 对 伞 的 浪漫 幻想 ， 远 不止 于 此 ， 它 的 开合 藏 着 太 多 的 诀窍 、 天机 与 精心 设计 ， 将 不断 地 碰撞 出 新 的 变化 。 仲吕 测试 即将 开启 ， 武道 无涯 ， 各位 游侠 不如 再 踏 前 一 步 ， 去 大展身手 ， 各显神通 。 ' ],2024-05,新武器丨一把伞，一场金像奖导演的武侠浪漫
['孟夏定音，仲吕响往——本次“仲吕测试”的招募报名已于24点截止，感谢游侠们的关注和参与！我们将尽快筛选测试名单，我们将于至开服前，每日分批次发放测试资格，请在近几天留意您的登记手机号和邮箱信息，您也可以通过官网或小程序查询是否获得测试资格。本次测试预下载已在10点开放，为了更好的游戏体验，我们强烈推荐大家前往官网yysls.cn提前完成预下载。为了帮助各位顺利开启燕云之旅，十六整理了一些大家关心的问题，以供游侠们查阅。1、本次测试的起止时间？——仲吕测试将于日15点正式开启，至日24点结束。2、如何确认自己是否获得测试资格？——我们将通过以下途径，在31日开服前每日分批发放资格：①本次测试资格通过网易短信系统和邮件发放，请大家注意查看招募问卷中所留下的通讯方式，并检查短信垃圾箱，以免短信被拦截。②taptap预约并获得资格的玩家会收到站内信提醒，请注意查看您的站内信。③为避免通讯误差导致遗失资格，大家可以扫描下方二维码进入小程序输入手机号或者邮箱，查询自己是否获得资格。游侠们也可在小程序或官网中前往的仲吕测试主题站，一站式获取测试最全信息。此外，本次测试资格仅供参与招募的本人使用，禁止任何形式的交易、转让。一经核实将回收测试资格并追究责任，感谢理解。3、如何获得pc端游戏包体？——下载页面： —— 测试资格查询丨预下载&测试参与答疑-,《 测试 资格 查询 丨 预 下载 & 测试 参与 答疑 》 : [ ' 孟夏 定音 ， 仲吕 响 往 —— 本 次 “ 仲吕 测试 ” 的 招募 报名 已 于 24点 截止 ， 感谢 游侠 们 的 关注 和 参与 ！ 我们 将 尽快 筛选 测试 名单 ， 我们 将 于 至 开服 前 ， 每日 分 批次 发放 测试 资格 ， 请 在 近 几天 留意 您 的 登记 手机号 和 邮箱 信息 ， 您 也 可以 通过 官网 或 小 程序 查询 是否 获得 测试 资格 。 本 次 测试 预下载 已 在 10点 开放 ， 为了 更 好 的 游戏 体验 ， 我们 强烈 推荐 大家 前往 官网 yysls.cn 提前 完成 预下载 。 为了 帮助 各位 顺利 开启 燕云 之 旅 ， 十六 整理 了 一些 大家 关心 的 问题 ， 以 供 游侠 们 查阅 。 1 、 本 次 测试 的 起止 时间 ？ —— 仲吕 测试 将 于 日 15点 正式 开启 ， 至 日 24点 结束 。 2 、 如何 确认 自己 是否 获得 测试 资格 ？ —— 我们 将 通过 以下 途径 ， 在 31日 开服 前 每日 分批 发放 资格 ： ① 本 次 测试 资格 通过 网易 短信 系统 和 邮件 发放 ， 请 大家 注意 查看 招募 问卷 中 所 留下 的 通讯 方式 ， 并 检查 短信 垃圾箱 ， 以免 短信 被 拦截 。 ② taptap 预约 并 获得 资格 的 玩家 会 收到 站 内信 提醒 ， 请 注意 查看 您 的 站内信 。 ③ 为 避免 通讯 误差 导致 遗失 资格 ， 大家 可以 扫描 下方 二维码 进入 小 程序 输入 手机号 或者 邮箱 ， 查询 自己 是否 获得 资格 。 游侠 们 也 可 在 小 程序 或 官网 中 前往 的 仲吕测试主题站 ， 一 站式 获取 测试 最 全 信息 。 此外 ， 本 次 测试 资格 仅 供 参与 招募 的 本人 使用 ， 禁止 任何 形式 的 交易 、 转让 。 一经 核实 将 回收 测试 资格 并 追究 责任 ， 感谢 理解 。 3 、 如何 获得 pc端 游戏 包体 ？ —— 下载 页面 ：,2024-05,测试资格查询丨预下载&测试参与答疑
['剑已佩妥，出门即是江湖——仲吕测试招募将于24点截止，测试将于15点正式开启！同时，近期我们计划邀请部分游侠进行简短的线上电话访谈，希望能听取您对游戏的评价和游戏偏好，欢迎点击 —— 测试招募即将截止，另一场招募马上开始！-,《 测试 招募 即将 截止 ， 另 一 场 招募 马上 开始 ！ 》 : [ ' 剑 已 佩妥 ， 出门 即 是 江湖 —— 仲吕 测试 招募 将 于 24点 截止 ， 测试 将 于 15点 正式 开启 ！ 同时 ， 近期 我们 计划 邀请 部分 游侠 进行 简短 的 线上 电话 访谈 ， 希望 能 听取 您 对 游戏 的 评价 和 游戏 偏好 ， 欢迎 点击,2024-05,测试招募即将截止，另一场招募马上开始！
['在燕云，不止有武侠。还有猫、狗、熊、马、大鹅...甚至——驴lǘ。居乱世而与世无争的它们，从来都是“野生派”，可如今却将有了主人？被群驴簇拥、有着专属毛驴坐骑的新野外boss“睡道人”，即将在仲吕测试和游侠们见面。后续十六也将在“煞云录”栏目，向各位报告游戏中的最新boss信息。乍一看玩笑不羁，举止言行又玄机暗藏——“驴肉...谁要把我的驴儿做成驴肉火烧”江湖之野拙，悠然与洒脱在本次仲吕测试，初生之地的清河也将迎来很多变化。倘若游侠在探索中发现一片荫蔽，树下又有驴群正打盹休息，此处大概就是睡道人所在了。远远望去，这位在枝桠上打瞌睡的人，长得一副“老夫子”模样，而听闻这位神秘老道自终南山而来，是大名鼎鼎的“河东八俊”之二。游侠们初入清河时，就在将军祠与这股江湖势力有过交集。祠里留存的碑文如此描述了“河东八俊”之一的烈言：铜皮铁骨，为人雄重寡言，有关公之义。比之他贤，睡道人在江湖上却颇有一份风格迥异的“大智若愚”。而在睡道人的守护下，毛驴们原本的日子也相当逍遥。但如果游侠决心上前打破这份逍遥，那务必要小心这坐下驴儿的“起床气”。作为“首席战斗驴”，往日人畜无害的它将在此刻“人畜合一”——毛驴会载着主人躲闪，还会撩起后蹄、挥舞头颅进行攻击，身上的功夫不容小觑；而驴背上的老者也将在战斗中用一柄拂尘远攻近交：一人一驴，时远时近，说来诡趣，但战斗压迫感拉满。可谓扰人清梦，如谋财害命。江湖之睡梦，进退皆似幻睡道人常打着瞌睡，而这“睡”中之真义，在历史上还真有一位“贪睡”的道教大家：陈抟。陈抟，号扶摇子，是一位著名的道家学者。其人出生在唐朝末年，一生横跨唐、五代、北宋三个时期，正是游侠们踏入宋初燕云的时刻。“真人本无睡，睡则浮云烟。”——（宋）陈抟《赠金励睡诗其二》所谓“多睡多寿”，上面这首睡诗，正是他讨论梦境与真实的玄妙之作。或许睡道人会和这位古代养生专家颇有共鸣，而诗中的意境也化作了睡道人专属的战斗场景，亦真亦幻、别有天地。战罢相识，意尽悠然。而这睡道人何来何往，仍不可知——如陈抟年少时，遍读经史百家之言，胸有拨乱济世之志。屡屡受到世道所阻后，最终选择了辞世归隐，宋太宗的赏识也未能扭转他的心意。但想必他也曾去寻，去斗，去问。而燕云中还有更多这样的故事与人：进退皆有侠意，重要的是他们来过。除“睡道人”之外，更多全新boss已摩拳擦掌静待游侠，来日定会相识。欢迎游侠们前往官网yysls.cn报名仲吕测试。另外，“云游燕云”活动现已开启限时转盘，扫描下方小程序二维码即可参与玩法，其中更有限量测试资格掉落，此行仲吕，这次一定！']。 —— 煞云录丨在清河，打败燕云第一个“有lv的人”-,《 煞云录 丨 在 清河 ， 打败 燕云 第一个 “ 有 LV 的 人 ” 》 : [ ' 在 燕云 ， 不止 有 武侠 。 还有 猫 、 狗 、 熊 、 马 、 大 鹅 ... 甚至 —— 驴lǘ 。 居 乱世 而 与世无争 的 它们 ， 从来 都是 “ 野生派 ” ， 可 如今 却 将 有 了 主人 ？ 被 群驴 簇拥 、 有着 专属 毛驴 坐骑 的 新 野外 boss “ 睡道人 ” ， 即将 在 仲吕 测试 和 游侠 们 见面 。 后续 十六 也 将 在 “ 煞云录 ” 栏目 ， 向 各位 报告 游戏 中 的 最新 boss 信息 。 乍 一 看 玩笑 不羁 ， 举止 言行 又 玄机 暗藏 —— “ 驴肉 . . . 谁 要 把 我 的 驴儿 做成 驴肉 火烧 ” 江湖 之 野拙 ， 悠然 与 洒脱 在 本 次 仲吕 测试 ， 初生 之 地 的 清河 也 将 迎来 很多 变化 。 倘若 游侠 在 探索 中 发现 一片 荫蔽 ， 树 下 又 有 驴群 正 打盹 休息 ， 此处 大概 就 是 睡道人 所在 了 。 远远 望 去 ， 这 位 在 枝桠 上 打瞌睡 的 人 ， 长 得 一 副 “ 老夫子 ” 模样 ， 而 听闻 这 位 神秘 老道 自 终南山 而 来 ， 是 大名鼎鼎 的 “ 河东 八 俊 ” 之二 。 游侠 们 初 入 清河 时 ， 就 在 将军祠 与 这 股 江湖 势力 有过交集 。 祠 里 留存 的 碑文 如此 描述 了 “ 河东 八 俊 ” 之一 的 烈言 ： 铜 皮 铁 骨 ， 为人 雄重 寡言 ， 有 关 公 之 义 。 比之 他贤 ， 睡道人 在 江湖 上 却 颇有 一 份 风格 迥异 的 “ 大智若愚 ” 。 而 在 睡道人 的 守护 下 ， 毛驴 们 原本 的 日子 也 相当 逍遥 。 但 如果 游侠 决心 上前 打破 这 份 逍遥 ， 那 务必 要 小心 这 坐下 驴儿 的 “ 起床气 ” 。 作为 “ 首席 战斗 驴 ” ， 往日 人畜 无害 的 它 将 在 此刻 “ 人畜 合一 ” —— 毛驴 会 载 着 主人 躲闪 ， 还 会 撩起 后蹄 、 挥舞 头颅 进行 攻击 ， 身上 的 功夫 不容 小觑 ； 而 驴背 上 的 老者 也 将 在 战斗 中 用 一 柄 拂尘 远 攻 近交 ： 一 人 一 驴 ， 时 远 时 近 ， 说来 诡趣 ， 但 战斗 压迫感 拉 满 。 可谓 扰人 清 梦 ， 如 谋财害命 。 江湖 之 睡梦 ， 进退 皆 似 幻睡道人 常 打 着 瞌睡 ， 而 这 “ 睡 ” 中 之 真义 ， 在 历史 上 还 真 有 一 位 “ 贪睡 ” 的 道教 大家 ： 陈抟 。 陈抟 ， 号 扶 摇子 ， 是 一 位 著名 的 道家 学者 。 其 人 出生 在 唐朝末年 ， 一生 横跨 唐 、 五代 、 北宋 三个 时期 ， 正是 游侠 们 踏 入 宋初 燕云 的 时刻 。 “ 真人 本 无 睡 ， 睡 则 浮云 烟 。 ” —— （ 宋 ） 陈抟 《 赠 金 励 睡 诗 其二 》 所谓 “ 多 睡 多 寿 ” ， 上面 这 首 睡诗 ， 正是 他 讨论 梦境 与 真实 的 玄妙 之 作 。 或许 睡道人 会 和 这 位 古代 养生 专家 颇有 共鸣 ， 而 诗 中 的 意境 也 化作 了 睡道人 专属 的 战斗 场景 ， 亦 真 亦 幻 、 别 有天地 。 战 罢 相识 ， 意 尽 悠然 。 而 这 睡道人 何 来 何 往 ， 仍 不可 知 —— 如 陈抟 年少 时 ， 遍 读 经史 百家 之 言 ， 胸 有 拨乱 济世 之 志 。 屡屡 受到 世道 所 阻 后 ， 最终 选择 了 辞世 归隐 ， 宋太宗 的 赏识 也 未能 扭转 他 的 心意 。 但 想必 他 也曾 去 寻 ， 去 斗 ， 去 问 。 而 燕云 中 还有 更 多 这样 的 故事 与 人 ： 进退 皆 有 侠意 ， 重要 的 是 他们 来 过 。 除 “ 睡道人 ” 之外 ， 更 多 全新 boss 已 摩拳擦掌 静待 游侠 ， 来日 定 会 相识 。 欢迎 游侠 们 前往 官网 yysls.cn 报名 仲吕 测试 。 另外 ， “ 云游 燕云 ” 活动 现 已 开启 限时 转盘 ， 扫描 下方 小 程序 二维码 即可 参与 玩法 ， 其中 更 有 限量 测试 资格 掉落 ， 此行 仲吕 ， 这次 一定 ！ ' ],2024-05,煞云录丨在清河，打败燕云第一个“有LV的人”
['今晚，《燕云十六声》作为网易战略投资的武侠游戏，首次登上了网易游戏520线上发布会。首位出场，备受瞩目。思来想去，我们决定把时间留给看似湮没于荒烟的他们。谢谢，历史上每一位力图河清海晏的“无名”英雄仲吕测试|将军百战，十年一剑“清列阵北岸，严戒部曲，日暮酣战不息……与其下殁焉，时年五十三。”——《旧五代史·王清传》王清，五代十国后晋名将，曾率兵北伐契丹，最终身死异乡。史书上短短的几句，却已是他和他们毕生“一统山河为一色”的一生。千秋已过，查无此名若用某度百科搜索“王清”，已难以找到这位民族英雄。只有带上其他关键字，方能抓到关于他的、似乎已经被遗忘干净的只言片语。历史上的王清没有建立标准意义上的丰功伟业，并最终为收复“燕云十六州”战死沙场。即使历史的结局已定，失败的英雄仍然值得铭记。回归土地的血肉不是生命的终点，当英雄被遗忘时，真正的死亡才会到来。一将功成万骨枯，万将骨枯为功成。他们不是历史的注脚，而正是“侠”的具体——侠之大者，为国为民！有一些事如果无人提起，燕云愿意去做提起的人。将军长在，后继者谁所以燕云有一份私心，用游戏的形式让王清一直在燕云的故事里。初入清河，便有将军祠。那是百姓为王清将军建祠立像，供奉这位“燕北盟”的创立者。游侠们能通过自由的探索，逐渐了解到这一段匡扶山河的英雄故事。▲如果现实无人识得，那便在燕云长存于心在遥远的五代十国与宋初交接之际，无数人在黑暗与坎坷中探索，无数的思想在荆棘与混沌中碰撞。“山河寸土，誓死不易。”——燕北盟的一句誓言，让被割让飘零的土地，与被模糊淡忘的义士，都再次回到今人的话语中。王清的故事，也只是时代挣扎中的一声叹息。但他的确来过、战过、牺牲过。而游侠们在燕云中的故事，也将从那场由王清率领的、注定失败的战役说起。盛世破碎，河山凋零，人们曾做出过怎样的努力？又曾发出怎样的声音？这些，都在等待游侠儿前往燕云的世界逐一探寻。无论是在游戏还是现实里，英雄常在，山河当归！致敬英雄，也致敬每个见证历史，为家国倾注热爱的普通人。《燕云十六声》仲吕测试现已定档，欢迎前往官网yysls.cn报名参与测试。']。 —— 英雄不死，山河当归-,《 英雄 不 死 ， 山河 当归 》 : [ ' 今晚 ， 《 燕云十六声 》 作为 网易 战略 投资 的 武侠 游戏 ， 首次 登上 了 网易 游戏 520 线 上 发布会 。 首位 出场 ， 备受 瞩目 。 思来想 去 ， 我们 决定 把 时间 留给 看似 湮没 于 荒烟 的 他们 。 谢谢 ， 历史 上 每 一 位 力图 河清 海晏 的 “ 无名 ” 英雄 仲吕 测试 | 将军 百战 ， 十年 一 剑 “ 清 列阵 北岸 ， 严 戒 部曲 ， 日暮 酣战 不息 …… 与 其 下 殁 焉 ， 时年 五十三 。 ” —— 《 旧五代史 · 王清 传 》 王清 ， 五代十国 后晋 名将 ， 曾 率兵 北伐 契丹 ， 最终 身死 异乡 。 史书 上 短短 的 几句 ， 却 已 是 他 和 他们 毕生 “ 一统 山河 为 一色 ” 的 一生 。 千秋 已 过 ， 查 无 此 名 若 用 某 度 百科 搜索 “ 王清 ” ， 已 难以 找到 这 位 民族英雄 。 只有 带 上 其他 关键 字 ， 方 能 抓 到 关于 他 的 、 似乎 已经 被 遗忘 干净 的 只言片语 。 历史 上 的 王清 没有 建立 标准 意义 上 的 丰功伟业 ， 并 最终 为 收复 “ 燕云十六州 ” 战死 沙场 。 即使 历史 的 结局 已 定 ， 失败 的 英雄 仍然 值得 铭记 。 回归 土地 的 血肉 不是 生命 的 终点 ， 当 英雄 被 遗忘 时 ， 真正 的 死亡 才 会 到来 。 一将功成万骨枯 ， 万 将 骨 枯 为 功 成 。 他们 不是 历史 的 注脚 ， 而 正是 “ 侠 ” 的 具体 —— 侠 之 大 者 ， 为 国 为 民 ！ 有一些 事 如果 无人 提起 ， 燕云 愿意 去 做 提起 的 人 。 将军 长 在 ， 后继者 谁 所以 燕云 有 一 份 私心 ， 用 游戏 的 形式 让 王清 一直 在 燕云 的 故事 里 。 初 入 清河 ， 便 有 将军祠 。 那 是 百姓 为 王清 将军 建 祠 立 像 ， 供奉 这 位 “ 燕北盟 ” 的 创立者 。 游侠 们 能 通过 自由 的 探索 ， 逐渐 了解 到 这 一段 匡扶 山河 的 英雄 故事 。 ▲ 如果 现实 无人 识得 ， 那 便 在 燕云 长存 于 心 在 遥远 的 五代十国 与 宋初 交接 之际 ， 无数 人 在 黑暗 与 坎坷 中 探索 ， 无数 的 思想 在 荆棘 与 混沌 中 碰撞 。 “ 山河 寸土 ， 誓死 不易 。 ” —— 燕北盟 的 一 句 誓言 ， 让 被 割让 飘零 的 土地 ， 与 被 模糊 淡忘 的 义士 ， 都 再次 回到 今人 的 话语 中 。 王清 的 故事 ， 也 只是 时代 挣扎 中 的 一 声 叹息 。 但 他 的确 来 过 、 战 过 、 牺牲 过 。 而 游侠 们 在 燕云 中 的 故事 ， 也 将 从 那 场 由 王清 率领 的 、 注定 失败 的 战役 说 起 。 盛世 破碎 ， 河山 凋零 ， 人们 曾 做出 过 怎样 的 努力 ？ 又 曾 发出 怎样 的 声音 ？ 这些 ， 都 在 等待 游侠儿 前往 燕云 的 世界 逐一 探寻 。 无论是 在 游戏 还是 现实 里 ， 英雄 常 在 ， 山河 当归 ！ 致敬 英雄 ， 也 致敬 每个 见证 历史 ， 为 家国 倾注 热爱 的 普通人 。 《 燕云十六声 》 仲吕 测试 现 已 定档 ， 欢迎 前往 官网 yysls.cn 报名 参与 测试 。 ' ],2024-05,英雄不死，山河当归
['在醉花阴和女主控pv发布后，游侠们回复最多的关键词就是“美”。秦以强壮为美，汉以纤腰为美，唐以丰腴为美，宋以文气为美...而在燕云，何以为美？美在印象之内，但产生于具体之中：全新pv纪录片发布，美原来如此发生—— —— 花阴将醉，ta们让燕云美得更具体-,《 花 阴 将 醉 ， TA们 让 燕云 美 得 更 具体 》 : [ ' 在 醉花阴 和 女 主控 pv 发布 后 ， 游侠 们 回复 最多 的 关键词 就 是 “ 美 ” 。 秦 以 强壮 为 美 ， 汉 以 纤腰 为 美 ， 唐 以 丰腴 为 美 ， 宋 以 文气 为 美 ... 而 在 燕云 ， 何以 为 美 ？ 美 在 印象 之内 ， 但 产生 于 具体 之中 ： 全新 pv 纪录片 发布 ， 美 原来 如此 发生 ——,2024-05,花阴将醉，TA们让燕云美得更具体
['游戏是种作品，关注的是内容呈现，看品质。游戏也是商品，需要的是不绕弯子，讲本质：《燕云十六声》是一款面向全球、全平台玩家的高品质免费游戏。“免费的东西往往更贵！”面对必然的追问和拷打，我们只说真心话，不怕大冒险。“买断制才是高品质，免费游戏都是垃圾”真心话：用买断级品质，做最好的免费游戏单人模式下的《燕云十六声》，就是一款品质硬，内容厚的单机游戏。3a级的制作标准、超过150小时的开放世界玩法、完全不受多人影响的完整单机体验，欢迎各位检验。其实很多人，包括我们的投资者，都建议我们尝试“单机买断+联网收费”的模式。明明可以把一盘硬菜分两盘上，但这不是我们。作为一个80%成员都是主机党的团队，我们承认对单机买断大作充满情怀，否则也不会有如今的燕云。在这个时代，无数人正致力于向世界证明“中国游戏也有大作”，我们欣赏敬佩坚守单机、深耕品质的战友们，而我们也要去完成这个时代蓝图中属于我们的使命：一条可能“更危险”、“更争议”的路——让一款3a品质的游戏向全部人免费开放。做一款好游戏，不同途，但同归。除了想证明“中国人能做出好游戏”，我们也想让“中国人都能玩到好游戏”。不只是“武侠迷的武侠”，更是“全部人的武侠”。我们也依然相信，这就是我们这些“臭搞技术”、“臭做游戏”、“臭谈理想”的人的最好时代。而关于免费游戏的内购付费模式，市面上越来越多博人眼球的口号和包装，大家应该都受够了吧。那就把复杂问题简单化：付费模式的矛盾，无非就是商业收入和玩家体验的矛盾，而其核心只有一个词：数值。“免费游戏只会逼氪，都是卖数值、抽角色”真心话：燕云不卖数值，也不卖角色“在燕云，单人和多人模式之间可以互不打扰、任意切换”，这是我们一直以来对游侠们的承诺。我们依然承诺，任何模式下的体验都是完整的、无阉割的。就算一直在单人模式中游玩，某天再切换到多人世界，也绝不会“掉队”。而在多人模式中，也不会有“他人即地狱”式的数值压迫，有的只是知交相伴，快意江湖。所以，在独众皆乐之间，“数值”就是那面必被打破的墙。“角色抽卡”的本质，也是另一种数值付费。而在燕云，侠即是我，游戏中绝不会出现角色抽卡等任何售卖角色的行为。很多参与过测试的游侠一定记得，游戏开局就有剧情、推荐、绝境等游戏难度选择，换言之，玩家在燕云中的战斗体验，完全可以自主掌控。数值并非主导，从一开始就是一种默契和共识。“漂亮话都会说，什么都不卖你们在做慈善？”真心话：我们有信心，靠大用户量、高品质外观赚钱“人有不为也，而后可以有为”，我们决心要通过公平纯粹的外观付费赚钱。支撑我们信心的，首先是“适合”：燕云的品质与独特性，让我们有信心赢取最大量用户的支持，游戏曝光以来的热度与预约量，正在不断刷新同类游戏的新高；燕云的画面与题材审美，让我们有信心通过领先的美术表现力和审美理念，悦己悦人，独树一帜。满足用户最高级的情绪价值，才是这个时代最该赚的那份钱。其次是因为“可持续”：不赚快钱，绝不昙花一现，是我们早就明确的基本理念。卖数值简单粗暴却遗患无穷，结局一定是通货膨胀、游戏失衡。而外观是需要持续推陈出新的“商品”。这要求创作团队时刻了解用户喜欢什么，追求什么。我们也希望通过这个方式提醒自己，永远和玩家站在一起，不然就会被市场淘汰。我们也承诺，不会为了噱头搞低质量虚假宣传，用心做精品，不开菜市场。流水不争先，争的是滔滔不绝。“只靠卖外观，能支撑营收？”大冒险：这就是做武侠ip最好的时代会当凌绝顶，我们还有更多底气。向外生长，燕云面向的是全球、全平台的玩家。在国际舞台上，我们收获的不止是关注，还有信心和野心。是的，我们从来不吝啬说自己是有“野心”的游戏。越来越多“国产元年”正在出现，当外国玩家为一款中国武侠游戏而惊叹时，我们知道这不仅在赞叹游戏本身——燕云很幸运站在了时代风口，率先代表“中国武侠”发出声音：我们的野心就是全球游戏玩家！▲英国《edge》杂志两度刊文向内求索，燕云是真正的原创武侠ip。因此无需持续支付巨额的ip授权费用和分成。反而，独占性的五代十国武侠题材，从燕云首曝就引起了国内外媒体和玩家的兴趣，我们也有幸收到了大量ip授权合作问询。从唐代传奇到明清话本，从近代小说到港台影视，武侠一直贯穿着华人的血脉。而“游戏”，就是这个时代武侠重新诉说的载体，回望“金古梁温”的辉煌，燕云还有个宏大构想——未来，我们将对ip进行全球化全题材合作开发，希望有更多衍生产品、动画甚至电视剧、电影。也希望和越来越多游侠一起，在国际上留下“中国燕云”的声音：燕云十六声，要做一代人的武侠。最后，还有一个“真心话”，也是想邀请游侠一起见证的“大冒险”：投入这么多，研发这么久，这样的孤注一掷，能赢吗？那就赌一把，赌高品质、不逼氪的作品，会不会被更多玩家看见。赌喧哗和内卷之盛的游戏行业，到底会是哪种声音留下。这也许是一种冒险，但永远激动人心——遍地都是六便士，总该有人抬头看一看月亮“仲吕测试”将于开启，欢迎前往官网yysls.cn进行测试报名。']。 —— 燕云的付费模式，不怕“真心话”和“大冒险”-,《 燕云 的 付费 模式 ， 不怕 “ 真心话 ” 和 “ 大 冒险 ” 》 : [ ' 游戏 是 种 作品 ， 关注 的 是 内容 呈现 ， 看 品质 。 游戏 也是 商品 ， 需要 的 是 不 绕 弯子 ， 讲 本质 ： 《 燕云十六声 》 是 一 款 面向 全球 、 全 平台 玩家 的 高 品质 免费 游戏 。 “ 免费 的 东西 往往 更 贵 ！ ” 面对 必然 的 追问 和 拷打 ， 我们 只 说 真心话 ， 不怕 大 冒险 。 “ 买断制 才是 高 品质 ， 免费 游戏 都是 垃圾 ” 真心话 ： 用 买断级 品质 ， 做 最好 的 免费 游戏 单人 模式 下 的 《 燕云十六声 》 ， 就 是 一 款 品质 硬 ， 内容 厚 的 单机 游戏 。 3a 级 的 制作 标准 、 超过 150小时 的 开放世界 玩法 、 完全 不 受 多 人 影响 的 完整 单机 体验 ， 欢迎 各位 检验 。 其实 很多 人 ， 包括 我们 的 投资者 ， 都 建议 我们 尝试 “ 单机 买断 + 联网 收费 ” 的 模式 。 明明 可以 把 一 盘 硬菜 分 两盘 上 ， 但 这 不是 我们 。 作为 一个 80% 成员 都是 主机 党 的 团队 ， 我们 承认 对 单机 买断 大作 充满 情怀 ， 否则 也 不会 有 如今 的 燕云 。 在 这个 时代 ， 无数 人 正 致力于 向 世界 证明 “ 中国 游戏 也 有 大作 ” ， 我们 欣赏 敬佩 坚守 单机 、 深耕 品质 的 战友 们 ， 而 我们 也 要 去 完成 这个 时代 蓝图 中 属于 我们 的 使命 ： 一 条 可能 “ 更 危险 ” 、 “ 更 争议 ” 的 路 —— 让 一 款 3a 品质 的 游戏 向 全部 人 免费 开放 。 做 一 款 好 游戏 ， 不 同 途 ， 但 同 归 。 除了 想 证明 “ 中国人 能 做出 好 游戏 ” ， 我们 也 想 让 “ 中国人 都 能 玩 到 好 游戏 ” 。 不只是 “ 武侠迷 的 武侠 ” ， 更 是 “ 全部 人 的 武侠 ” 。 我们 也 依然 相信 ， 这 就 是 我们 这些 “ 臭 搞 技术 ” 、 “ 臭 做 游戏 ” 、 “ 臭 谈 理想 ” 的 人 的 最好 时代 。 而 关于 免费 游戏 的 内购 付费 模式 ， 市面 上 越来越 多 博人 眼球 的 口号 和 包装 ， 大家 应该 都 受 够 了 吧 。 那 就 把 复杂 问题 简单化 ： 付费 模式 的 矛盾 ， 无非 就 是 商业 收入 和 玩家 体验 的 矛盾 ， 而 其 核心 只有 一个 词 ： 数值 。 “ 免费 游戏 只 会 逼 氪 ， 都是 卖 数值 、 抽 角色 ” 真心话 ： 燕云 不 卖 数值 ， 也 不 卖 角色 “ 在 燕云 ， 单人 和 多 人 模式 之间 可以 互不 打扰 、 任意 切换 ” ， 这是 我们 一直以来 对 游侠 们 的 承诺 。 我们 依然 承诺 ， 任何 模式 下 的 体验 都是 完整 的 、 无 阉割 的 。 就算 一直 在 单人 模式 中 游玩 ， 某 天 再 切换 到 多 人 世界 ， 也 绝 不会 “ 掉队 ” 。 而 在 多 人 模式 中 ， 也 不会 有 “ 他人 即 地狱 ” 式 的 数值 压迫 ， 有的 只是 知交 相伴 ， 快意 江湖 。 所以 ， 在 独众 皆 乐 之间 ， “ 数值 ” 就 是 那 面 必 被 打破 的 墙 。 “ 角色 抽卡 ” 的 本质 ， 也是 另 一种 数值 付费 。 而 在 燕云 ， 侠 即 是 我 ， 游戏 中 绝 不会 出现 角色 抽卡 等 任何 售卖 角色 的 行为 。 很多 参与 过 测试 的 游侠 一定 记得 ， 游戏 开局 就 有 剧情 、 推荐 、 绝境 等 游戏 难度 选择 ， 换言之 ， 玩家 在 燕云 中 的 战斗 体验 ， 完全 可以 自主 掌控 。 数值 并非 主导 ， 从 一 开始 就 是 一种 默契 和 共识 。 “ 漂亮 话 都 会 说 ， 什么 都 不 卖 你们 在 做 慈善 ？ ” 真心话 ： 我们 有 信心 ， 靠 大 用户 量 、 高 品质 外观 赚钱 “ 人 有 不 为 也 ， 而后 可以 有为 ” ， 我们 决心 要 通过 公平 纯粹 的 外观 付费 赚钱 。 支撑 我们 信心 的 ， 首先 是 “ 适合 ” ： 燕云 的 品质 与 独特性 ， 让 我们 有 信心 赢取 最 大量 用户 的 支持 ， 游戏 曝光 以来 的 热度 与 预约量 ， 正在 不断 刷新 同类 游戏 的 新高 ； 燕云 的 画面 与 题材 审美 ， 让 我们 有 信心 通过 领先 的 美术 表现力 和 审美 理念 ， 悦 己 悦 人 ， 独树一帜 。 满足 用户 最高级 的 情绪 价值 ， 才是 这个 时代 最 该 赚 的 那 份 钱 。 其次 是 因为 “ 可 持续 ” ： 不 赚 快钱 ， 绝不 昙花一现 ， 是 我们 早就 明确 的 基本 理念 。 卖 数值 简单 粗暴 却 遗患无穷 ， 结局 一定 是 通货膨胀 、 游戏 失衡 。 而 外观 是 需要 持续 推陈出新 的 “ 商品 ” 。 这 要求 创作 团队 时刻 了解 用户 喜欢 什么 ， 追求 什么 。 我们 也 希望 通过 这个 方式 提醒 自己 ， 永远 和 玩家 站 在 一起 ， 不然 就 会 被 市场 淘汰 。 我们 也 承诺 ， 不会 为了 噱头 搞 低 质量 虚假 宣传 ， 用心 做 精品 ， 不 开 菜市场 。 流水 不 争先 ， 争 的 是 滔滔不绝 。 “ 只 靠 卖 外观 ， 能 支撑 营收 ？ ” 大 冒险 ： 这 就 是 做 武侠ip 最好 的 时代 会 当 凌 绝顶 ， 我们 还有 更 多 底气 。 向 外 生长 ， 燕云 面向 的 是 全球 、 全 平台 的 玩家 。 在 国际 舞台 上 ， 我们 收获 的 不止 是 关注 ， 还有 信心 和 野心 。 是的 ， 我们 从来 不 吝啬 说 自己 是 有 “ 野心 ” 的 游戏 。 越来越 多 “ 国产 元年 ” 正在 出现 ， 当 外国 玩家 为 一 款 中国 武侠 游戏 而 惊叹 时 ， 我们 知道 这 不仅 在 赞叹 游戏 本身 —— 燕云 很 幸运 站 在 了 时代 风口 ， 率先 代表 “ 中国 武侠 ” 发出 声音 ： 我们 的 野心 就 是 全球 游戏 玩家 ！ ▲ 英国 《edge》杂志 两度 刊文 向 内 求索 ， 燕云 是 真正 的 原创 武侠 ip 。 因此 无需 持续 支付 巨额 的 ip 授权 费用 和 分成 。 反而 ， 独占性 的 五代 十 国 武侠 题材 ， 从 燕云 首曝 就 引起 了 国内外 媒体 和 玩家 的 兴趣 ， 我们 也 有幸 收到 了 大量 ip 授权 合作 问询 。 从 唐代 传奇 到 明 清 话本 ， 从 近代 小说 到 港台 影视 ， 武侠 一直 贯穿 着 华人 的 血脉 。 而 “ 游戏 ” ， 就 是 这个 时代 武侠 重新 诉说 的 载体 ， 回望 “ 金古 梁温 ” 的 辉煌 ， 燕云 还有 个 宏大 构想 —— 未来 ， 我们 将 对 ip 进行 全球化 全 题材 合作 开发 ， 希望 有 更 多 衍生 产品 、 动画 甚至 电视剧 、 电影 。 也 希望 和 越来越 多 游侠 一起 ， 在 国际 上 留下 “ 中国 燕云 ” 的 声音 ： 燕云十六声 ， 要 做 一代 人 的 武侠 。 最后 ， 还有 一个 “ 真心话 ” ， 也是 想 邀请 游侠 一起 见证 的 “ 大 冒险 ” ： 投入 这么 多 ， 研发 这么 久 ， 这样 的 孤注一掷 ， 能 赢 吗 ？ 那 就 赌 一 把 ， 赌 高 品质 、 不 逼 氪 的 作品 ， 会不会 被 更 多 玩家 看见 。 赌 喧哗 和 内卷 之 盛 的 游戏 行业 ， 到底 会 是 哪 种 声音 留下 。 这 也许 是 一种 冒险 ， 但 永远 激动人心 —— 遍地 都是 六便士 ， 总 该 有人 抬头 看 一 看 月亮 “ 仲吕 测试 ” 将 于 开启 ， 欢迎 前往 官网 yysls.cn 进行 测试 报名 。 ' ],2024-05,燕云的付费模式，不怕“真心话”和“大冒险”
['仲吕鸣响，云音又起。感谢游侠们对《燕云十六声》“仲吕测试”的关注，官网现已开启招募，欢迎前往yysls.cn或通过小程序活动进行预约。为了让游侠们了解更多关于仲吕测试的招募规则，十六整合了一些常见的问题，在此与诸位解答。期待与各位在游戏中相见！1、本次测试定性？——仲吕测试为限量删档测试，将于日15点开启。测试结束后，服务器将对玩家数据进行清空。2、为什么叫“仲吕测试”？——我们将本次测试命名为“仲吕测试”，取自十六声中的第六声，其声绮丽，如夏夜月圆，玉池莲满，亦可指代孟夏时节。盼与诸位孟夏相遇，携手亲历燕云万象。3、本次测试共发放多少资格？——本次线上大规模测试，将提供约10万个测试名额，欢迎游侠们前往游戏官网yysls.cn参与测试招募。4、如何获取测试资格？——本次测试将通过以下几种方式发放：①官网预约，我们将从问卷中随机筛选发放，欢迎玩家朋友前往官网预约。②关注“燕云十六声”官方账号（微信、微博、b站、大神、taptap、企微等），十六会通过抽奖活动等方式发放少量测试资格。③预留了少量测试资格，供合作品牌、媒体伙伴体验评测。5、测试报名截止时间？——本次测试报名截止时间为日，请有意参与测试的游侠安排好时间，及时填写招募问卷。6、如何确认自己获得测试资格？——本次测试招募结束后，对于成功获得测试资格的游侠们，我们会通过您在问卷中填写的信息，最终以短信和邮件的方式通知入选的游侠们。请务必保证您在招募问卷中填写的信息真实有效。7、填写问卷时游戏经历越丰富、设备配置越高，获得资格的概率更高吗？——测试资格将由问卷中匹配的不同类别、不同配置玩家中随机筛选决定。为了更客观的调研玩家数据，帮助燕云优化成长，请玩家朋友们根据实际情况如实填写问卷，感谢。在正式进入游戏时会有设备验证，若您填写的设备型号与实际登录的差异较大，可能会导致无法参与测试。8、每个pc端测试资格可以登录几台设备？——每个pc端测试帐号只能绑定一台pc端设备，登录后与设备绑定，该帐号将无法在其他设备上进行游戏，因此请参与测试的游侠在第一次登陆时选择好pc端设备。9、本次测试是否可以使用手柄体验？——可以，本次测试支持使用xbox或ps手柄体验。10、是否可以转让测试资格？——不可以。如获得测试资格，仅供参与招募的本人使用，禁止任何形式的转让、售卖。一经核实将回收测试资格并追究责任，感谢理解。11、是否可以将游戏内容以直播、视频、截图等形式发布到社交平台？——本次测试将不会对玩家合理的分享传播做严格限制，欢迎各位游侠分享在游戏中的精彩瞬间。同时，官方现已开启“燕云说书人”创作者招募活动，欢迎点击链接： —— 招募答疑：关于“仲吕测试”一定要知道-,《 招募 答疑 ： 关于 “ 仲吕 测试 ” 一定 要 知道 》 : [ ' 仲吕 鸣响 ， 云音 又 起 。 感谢 游侠 们 对 《 燕云十六声 》 “ 仲吕 测试 ” 的 关注 ， 官网 现 已 开启 招募 ， 欢迎 前往 yysls.cn 或 通过 小 程序 活动 进行 预约 。 为了 让 游侠 们 了解 更 多 关于 仲吕 测试 的 招募 规则 ， 十六 整合 了 一些 常见 的 问题 ， 在此 与 诸位 解答 。 期待 与 各位 在 游戏 中 相见 ！ 1 、 本 次 测试 定性 ？ —— 仲吕 测试 为 限量 删档 测试 ， 将 于 日 15点 开启 。 测试 结束 后 ， 服务器 将 对 玩家 数据 进行 清空 。 2 、 为什么 叫 “ 仲吕 测试 ” ？ —— 我们 将 本 次 测试 命名 为 “ 仲吕 测试 ” ， 取自 十六声 中 的 第六声 ， 其 声 绮丽 ， 如 夏夜 月 圆 ， 玉池莲满 ， 亦 可 指代 孟夏 时节 。 盼 与 诸位 孟夏 相遇 ， 携手 亲历 燕云 万象 。 3 、 本 次 测试 共 发放 多少 资格 ？ —— 本 次 线上 大规模 测试 ， 将 提供 约 10万个 测试 名额 ， 欢迎 游侠 们 前往 游戏 官网 yysls.cn 参与 测试 招募 。 4 、 如何 获取 测试 资格 ？ —— 本 次 测试 将 通过 以下 几种 方式 发放 ： ① 官网 预约 ， 我们 将 从 问卷 中 随机 筛选 发放 ， 欢迎 玩家 朋友 前往 官网 预约 。 ② 关注 “ 燕云十六声 ” 官方 账号 （ 微信 、 微博 、 b站 、 大神 、 taptap 、 企微 等 ） ， 十六 会 通过 抽奖 活动 等 方式 发放 少量 测试 资格 。 ③ 预留 了 少量 测试 资格 ， 供 合作 品牌 、 媒体 伙伴 体验 评测 。 5 、 测试 报名 截止 时间 ？ —— 本 次 测试 报名 截止 时间 为 日 ， 请 有意 参与 测试 的 游侠 安排 好 时间 ， 及时 填写 招募 问卷 。 6 、 如何 确认 自己 获得 测试 资格 ？ —— 本 次 测试 招募 结束 后 ， 对于 成功 获得 测试 资格 的 游侠 们 ， 我们 会 通过 您 在 问卷 中 填写 的 信息 ， 最终 以 短信 和 邮件 的 方式 通知 入选 的 游侠 们 。 请 务必 保证 您 在 招募 问卷 中 填写 的 信息 真实 有效 。 7 、 填写 问卷 时 游戏 经历 越 丰富 、 设备 配置 越 高 ， 获得 资格 的 概率 更 高 吗 ？ —— 测试 资格 将 由 问卷 中 匹配 的 不同 类别 、 不同 配置 玩家 中 随机 筛选 决定 。 为了 更 客观 的 调研 玩家 数据 ， 帮助 燕云 优化 成长 ， 请 玩家 朋友 们 根据 实际情况 如实 填写 问卷 ， 感谢 。 在 正式 进入 游戏 时 会 有 设备 验证 ， 若 您 填写 的 设备 型号 与 实际 登录 的 差异 较大 ， 可能 会 导致 无法 参与 测试 。 8 、 每个 pc端 测试 资格 可以 登录 几台 设备 ？ —— 每个 pc端 测试 帐号 只能 绑定 一 台 pc端 设备 ， 登录 后 与 设备 绑定 ， 该 帐号 将 无法 在 其他 设备 上 进行 游戏 ， 因此 请 参与 测试 的 游侠 在 第一次 登陆 时 选择 好 pc端 设备 。 9 、 本 次 测试 是否 可以 使用 手柄 体验 ？ —— 可以 ， 本 次 测试 支持 使用 xbox 或 ps 手柄 体验 。 10 、 是否 可以 转让 测试 资格 ？ —— 不 可以 。 如 获得 测试 资格 ， 仅 供 参与 招募 的 本人 使用 ， 禁止 任何 形式 的 转让 、 售卖 。 一经 核实 将 回收 测试 资格 并 追究 责任 ， 感谢 理解 。 11 、 是否 可以 将 游戏 内容 以 直播 、 视频 、 截图 等 形式 发布 到 社交 平台 ？ —— 本 次 测试 将 不会 对 玩家 合理 的 分享 传播 做 严格 限制 ， 欢迎 各位 游侠 分享 在 游戏 中 的 精彩 瞬间 。 同时 ， 官方 现 已 开启 “ 燕云 说书人 ” 创作者 招募 活动 ， 欢迎 点击 链接 ：,2024-05,招募答疑：关于“仲吕测试”一定要知道
['欲知春与夏，仲吕启朱明。“仲吕”，是十六声中的第六声，其声绮丽，如夏夜月圆，玉池莲满，亦可指代孟夏时节。绘卷再展，已是孟夏——《燕云十六声》仲吕测试将于正式开启。让我们跟随一曲《春江花月夜》，揭开燕云画卷的新篇：全新的女主控角色及新门派醉花阴。仲吕音起时，女侠赴燕云。她们可以飞檐走壁，束发踏马，可以驰骋，可以舒展，可以温婉，可以豪情，亦可以击碎一切框架，找到千万种可能——仲吕测试|再逢燕云，花阴堪醉春江潮水连海平，海上明月共潮生。滟滟随波千万里，何处春江无月明。江畔月，照何人，相望不相闻。愿逐月华，流照夜归人。本次仲吕测试为限量删档测试，官网现已开放招募，欢迎点击链接： —— 仲吕测试定档|燕云女主角正式登场-,《 仲吕 测试 定档 | 燕云 女主角 正式 登场 》 : [ ' 欲 知 春 与 夏 ， 仲吕 启 朱明 。 “ 仲吕 ” ， 是 十六声 中 的 第六声 ， 其 声 绮丽 ， 如 夏夜 月 圆 ， 玉池 莲 满 ， 亦 可 指 代 孟夏 时节 。 绘卷 再 展 ， 已 是 孟夏 —— 《 燕云十六声 》 仲吕 测试 将 于 正式 开启 。 让 我们 跟随 一 曲 《 春江花月夜 》 ， 揭开 燕云 画卷 的 新 篇 ： 全新 的 女主控 角色 及 新 门派 醉花阴 。 仲吕 音 起 时 ， 女侠 赴 燕云 。 她们 可以 飞檐走壁 ， 束发 踏 马 ， 可以 驰骋 ， 可以 舒展 ， 可以 温婉 ， 可以 豪情 ， 亦 可以 击碎 一切 框架 ， 找到 千万种 可能 —— 仲吕 测试 | 再 逢 燕云 ， 花阴 堪 醉 春江 潮水 连 海 平 ， 海上 明月 共 潮 生 。 滟滟 随 波 千万里 ， 何处 春江 无 月 明 。 江 畔 月 ， 照 何人 ， 相望 不 相 闻 。 愿 逐 月华 ， 流 照 夜归 人 。 本 次 仲吕 测试 为 限量 删档 测试 ， 官网 现 已 开放 招募 ， 欢迎 点击 链接 ：,2024-05,仲吕测试定档 | 燕云女主角正式登场
['五月榴花照眼明，枝间时见子初成。在万象新启的五月，燕云即将迎来下一次内测。这也许是临近上线的最后一次大型测试，目前已在官网启动招募，欢迎前往官网：yysls.cn，抢先进行预约报名。游侠们也可以参与微信小程序活动，完成测试招募问卷，即可在游戏正式上线时领取“陈子奚”同款时装。同时，邀请好友一起参与测试招募，不仅必得“专属大鹅头像”，更有测试资格、黄金掉落。莫愁燕云无知己，天下谁人不识君！七月之约，定不负“一诺千金重”；下测在即，不妨先“千里送鹅毛”——伴着测试招募开启的好消息，公众号积分商城“大鹅福利栈”今日也新鲜开张！所谓“礼轻情意重”，这些皆可免费兑换的“鹅毛薄礼”特此呈上：下次测试资格、心意红包、游戏周边和专属称号！武侠虽有千招万式，但领走“大鹅”福利只需轻松几招，只为感谢游侠们的支持：第一招稳准狠快，锁定心仪好物即日起，前往“燕云十六声”公众号，点击菜单中【积分商城-大鹅福利栈】即可进入兑换界面。各位可以在此随意挑选，也可和亲友分享，携手成为下一个“幸运鹅”！●限量“名鹅”，测试资格陆续抢兑本次“大鹅福利栈”中，将陆续放送限量测试资格，目前已有300个名额开放兑换。我们还将在再次上架测试资格，不负诸君等待，期盼下测相见！除此之外，十六还将在公众号后台根据游侠们的内容分享次数，每周送出测试资格或周边好礼。欢迎各位把燕云的消息分享给亲友哦~消耗一定积分并兑换成功后，十六将以您在积分商城中“我的-绑定收货地址”中填写的手机号为准，在测试开启前通过短信为您发放测试资格。当然，除了测试资格，“大鹅福利栈”中还将持续上新诸多好礼，您也可以随时使用积分进行兑换。●海量好物，侠义赠礼派送到家等待燕云的日子里，十六也为游侠们安排了“大鹅补贴”和“小鹅补贴”的心意红包。虽然游戏里的大鹅不好惹，但十六还是苦练武功，终于制霸鹅场，而收来的这些“保护费”，当然要千金散尽送给大家！红包补贴同样将以您在“我的-绑定收货地址”中填写的手机号为准，陆续发放到相应的支付宝账户中。除了心意红包，“大鹅福利栈”中还有燕云专属吊睛白鹅公仔、帆布袋、温感马克杯、“燕云金主”称号等诸多游戏周边和道具，并将陆续开放兑换。（称号道具和部分实物周边，将在游戏正式上线后，按照登记的手机号和收货地址进行发放，其中称号道具将不能重复获得）作为发放奖励的唯一凭证，请游侠们在填写信息时仔细核对手机号与收货地址。“大鹅福利栈”将常驻在微信公众号菜单栏，并将不定期上新其他好物，敬请期待！第二招来日方长，获取海量积分1、绑定手机行走江湖，留个通信侠义见证——参与积分商城活动，需要首先绑定手机作为计分的账号。通过【公众号积分商城-绑定手机】就可以轻松完成绑定，并将6积分收入囊中。2、每日签到共赴燕云，盼与游侠常常相见——点击【公众号积分商城-每日签到】完成签到，每天都可获取1积分，点滴微末也是确幸。3、游侠手记行侠探境，字里行间皆有侠迹——后续的公众号推文中，将加入侠迹“金钥匙”，点击【积分商城-游侠手记】并输入当期侠迹，即可获取1积分。进阶绝招诚邀豪杰，成为燕云说书人终测将启，新的故事等待诉说——十六已迫不及待想看到各位游侠的精彩操作、江湖妙想。我们也将为有意成为“燕云说书人”的创作者们提供全方位的创作扶持，包括但不限于资源扶持、官方签约、高额奖金、专属称谓…欢迎扫描下图二维码进一步了解！桃花潭水深千尺，不及游侠盼我情——测试招募现已开启，欢迎游侠们前往燕云官网（yysls.cn）或点击链接： —— 内含测试资格|千里送鹅毛，礼轻情意重-,《 内含 测试 资格 | 千里 送 鹅毛 ， 礼 轻 情意 重 》 : [ ' 五月 榴花 照 眼 明 ， 枝间 时见子 初 成 。 在 万象 新启 的 五月 ， 燕云 即将 迎来 下 一次 内 测 。 这 也许 是 临近 上线 的 最后 一次 大型 测试 ， 目前 已 在 官网 启动 招募 ， 欢迎 前往 官网 ： yysls.cn ， 抢先 进行 预约 报名 。 游侠 们 也 可以 参与 微信 小 程序 活动 ， 完成 测试 招募 问卷 ， 即可 在 游戏 正式 上线 时 领取 “ 陈子奚 ” 同款 时装 。 同时 ， 邀请 好友 一起 参与 测试 招募 ， 不仅 必 得 “ 专属 大 鹅 头像 ” ， 更 有 测试 资格 、 黄金 掉落 。 莫 愁 燕云 无 知己 ， 天下 谁人 不 识 君 ！ 七月 之 约 ， 定 不 负 “ 一诺千金 重 ” ； 下 测 在即 ， 不妨 先 “ 千里 送 鹅毛 ” —— 伴 着 测试 招募 开启 的 好消息 ， 公众号 积分商城 “ 大鹅福利栈 ” 今日 也 新鲜 开张 ！ 所谓 “ 礼 轻 情意 重 ” ， 这些 皆 可 免费 兑换 的 “ 鹅毛 薄礼 ” 特此 呈 上 ： 下次 测试 资格 、 心意 红包 、 游戏 周边 和 专属 称号 ！ 武侠 虽 有 千 招万式 ， 但 领 走 “ 大鹅 ” 福利 只需 轻松 几招 ， 只 为 感谢 游侠 们 的 支持 ： 第一招 稳 准 狠 快 ， 锁定 心仪 好物 即日 起 ， 前往 “ 燕云十六声 ” 公众号 ， 点击 菜单 中 【 积分 商城 大鹅福利栈 】 即可 进入 兑换 界面 。 各位 可以 在此 随意 挑选 ， 也 可 和 亲友 分享 ， 携手 成为 下 一个 “ 幸运鹅 ” ！ ● 限量 “ 名鹅 ” ， 测试 资格 陆续 抢兑 本 次 “ 大鹅福利栈 ” 中 ， 将 陆续 放送 限量 测试 资格 ， 目前 已 有 300个 名额 开放 兑换 。 我们 还 将 在 再次 上架 测试 资格 ， 不 负 诸君 等待 ， 期盼 下测 相见 ！ 除此之外 ， 十六 还 将 在 公众号 后台 根据 游侠 们 的 内容 分享 次数 ， 每周 送 出 测试 资格 或 周边 好礼 。 欢迎 各位 把 燕云 的 消息 分享 给 亲友 哦 ~ 消耗 一定 积分 并 兑换 成功 后 ， 十六 将 以 您 在 积分 商城 中 “ 我 的 绑定 收货 地址 ” 中 填写 的 手机号 为准 ， 在 测试 开启 前 通过 短信 为 您 发放 测试 资格 。 当然 ， 除了 测试 资格 ， “ 大鹅福利栈 ” 中 还 将 持续 上 新 诸多 好礼 ， 您 也 可以 随时 使用 积分 进行 兑换 。 ● 海量 好 物 ， 侠义 赠礼 派 送 到 家 等待 燕云 的 日子 里 ， 十六 也 为 游侠 们 安排 了 “ 大 鹅 补贴 ” 和 “ 小 鹅 补贴 ” 的 心意 红包 。 虽然 游戏 里 的 大 鹅 不好 惹 ， 但 十六 还是 苦练 武功 ， 终于 制霸 鹅场 ， 而 收 来 的 这些 “ 保护费 ” ， 当然 要 千金 散 尽 送给 大家 ！ 红包 补贴 同样 将 以 您 在 “ 我 的 绑定 收货 地址 ” 中 填写 的 手机号 为准 ， 陆续 发放 到 相应 的 支付宝 账户 中 。 除了 心意 红包 ， “ 大鹅福利栈 ” 中 还有 燕云 专属 吊睛 白鹅 公仔 、 帆布袋 、 温感 马克杯 、 “ 燕云 金主 ” 称号 等 诸多 游戏 周边 和 道具 ， 并 将 陆续 开放 兑换 。 （ 称号 道具 和 部分 实物 周边 ， 将 在 游戏 正式 上线 后 ， 按照 登记 的 手机号 和 收货 地址 进行 发放 ， 其中 称号 道具 将 不能 重复 获得 ） 作为 发放 奖励 的 唯一 凭证 ， 请 游侠 们 在 填写 信息 时 仔细 核对 手机号 与 收货 地址 。 “ 大鹅福利栈 ” 将 常驻 在 微信 公众号 菜单栏 ， 并 将 不 定期 上 新 其他 好物 ， 敬请 期待 ！ 第二招 来日方长 ， 获取 海量 积分 1 、 绑定 手机 行走 江湖 ， 留 个 通信 侠义 见证 —— 参与 积分商城 活动 ， 需要 首先 绑定 手机 作为 计分 的 账号 。 通过 【 公众号积分商城 绑定 手机 】 就 可以 轻松 完成 绑定 ， 并 将 6 积分 收入 囊中 。 2 、 每日 签到 共 赴 燕云 ， 盼 与 游侠 常常 相见 —— 点击 【 公众号积分商城 每日 签到 】 完成 签到 ， 每天 都 可 获取 1积分 ， 点滴 微末 也是 确幸 。 3 、 游侠 手记 行侠 探境 ， 字里行间 皆 有 侠迹 —— 后续 的 公众号 推文 中 ， 将 加入 侠迹 “ 金钥匙 ” ， 点击 【 积分 商城 游侠 手记 】 并 输入 当期 侠迹 ， 即可 获取 1积分 。 进阶 绝招 诚邀 豪杰 ， 成为 燕云 说书人 终测 将 启 ， 新 的 故事 等待 诉说 —— 十六 已 迫不及待 想 看到 各位 游侠 的 精彩 操作 、 江湖 妙想 。 我们 也 将 为 有意 成为 “ 燕云 说书人 ” 的 创作者 们 提供 全方位 的 创作 扶持 ， 包括 但 不 限于 资源 扶持 、 官方 签约 、 高额 奖金 、 专属 称谓 … 欢迎 扫描 下 图 二维码 进一步 了解 ！ 桃花潭 水深 千尺 ， 不及 游侠 盼 我情 —— 测试 招募 现 已 开启 ， 欢迎 游侠 们 前往 燕云 官网 （ yysls.cn ） 或 点击 链接 ：,2024-05,内含测试资格 | 千里送鹅毛，礼轻情意重
['，星期日。所谓天涯共此时，游侠们，此刻你也在“调休”吗？虽然吐槽了无数次“苦调休久矣”，但是对于制作组的同学们来说，若是为了筹备测试，好像也没那么苦——燕云前不久刚结束了首次海外测试，外网玩家的反馈又带来了很多振奋。同时，我们更多的精力，还放在了筹备国内第三次测试上：与这个世界双向奔赴，燕云也期待与大家再次见面。劳动创造历史，在“调休”的日子里，燕云世界里的“ta们”也干劲满满，一刻没停。走进开放历史，愿与游侠亲历宋初百态：武侠不止刀光剑影，武侠亦可作为一种历史的打开方式。在清河，万物生昼出耘田夜绩麻，古清河的百姓们如诗中所述般辛勤、自足。作为游侠们在燕云之旅的起点，清河四处不仅有刺激的探索和冒险，辖内还分布着许多开阔肥沃的土地。即使气候或战争曾数次让这里的农业凋敝，但在历史中、乡土里，万物依然生长，人们依然屹立。年年有收成，常常有期待——春小麦的收获时间一般在下旬，恰逢燕云正式上线之时，你将在这里路过它们，它们也将在这里见证你。但也别被这一片平静祥和所“欺骗”，因为说不定新的野外boss已经在附近蠢蠢欲动，为了乡亲们和你自己，请不要手下留情！而即将来到清河的你，还将是不少乡亲们口中的“少东家”。但“重生之我是古代富二代”的剧情不一定会上演，人们各自努力，为一箪食，一瓢饮，在乱世而不改其乐。清河的人们用辛勤收获粮食，再将粮食酿成美酒。燕云里的酿酒技艺也颇为讲究，有人处理原料，有人负责搬运，还有人脚踩酒曲——不用诧异，“踩曲”是粮食发酵成酒坯的关键一环，据说赤脚踩曲能将酒曲踩出龟背状，同时让中间松软四周紧实，直至今日还有很多酒厂在延续这个传统。而作为“少东家”，你可以深入体验酿造古代名酒的全过程，甚至要为自家产业负责，接受破获“偷酒”案的委托。总之不辞辛劳，只为上一口“离人醉”，品一品其中滋味，再去江湖不醉不归。逛开封，百业兴而清河之外，还有另一个花花世界——鲜活的古代百态、社会画卷将以开封之名向游侠们展开。宋初蓬勃的商业万象，诠释着开封这座千年古城的热烈与包容，在市井街头、勾栏瓦肆，万千迥异的人生正在这里发生。开封城里，一条名为南御街的街道尤为著名。据《梦梁录》、《咸淳临安志》等古籍记载，此街贯通南北、绵延十里，名店、老店云集。而制作组也曾搜集史料兼实地采风，将这琳琅百业再现在了燕云世界里。走进商铺，可以品尝乃至学会制作许多著名茶食，比如一款精致面点“天花毕罗”。游侠们可以像《酉阳杂俎》中记载的那般，“访邻房乡曲五六人，与客食毕罗二三斤。”开封城的平凡百姓们也各有生计，各式的买卖营生，让每一条街道都别开生面。卖瓜、卖米、卖菜......下次路过，记得驻足听听商贩过客们的攀谈吆喝，说不定还会有什么新的奇遇出现。而预计在下次测试，开封城还将开放更多区域。希望再见面时，你我不只是路过，而是在武侠的任意门中，走近各有滋味的芸芸历史。所谓劳逸结合，十六希望能借此燕云劳动万象，让调休日多一分轻松的调剂。生活里固然有很多“不得不”，但还好还有很多次“我愿我”。期待接下来能为各位带来更多关于燕云的好消息。五一假期即将到来，提前祝游侠们节日快乐！']。 —— 努力筹备测试，让“调休”成为历史！-,《 努力 筹备 测试 ， 让 “ 调休 ” 成为 历史 ！ 》 : [ ' ， 星期日 。 所谓 天涯 共 此时 ， 游侠 们 ， 此刻 你 也 在 “ 调休 ” 吗 ？ 虽然 吐槽 了 无数 次 “ 苦 调休 久 矣 ” ， 但是 对于 制作组 的 同学 们 来说 ， 若是 为了 筹备 测试 ， 好像 也 没 那么 苦 —— 燕云 前不久 刚 结束 了 首次 海外 测试 ， 外网 玩家 的 反馈 又 带来 了 很多 振奋 。 同时 ， 我们 更 多 的 精力 ， 还 放 在 了 筹备 国内 第三次 测试 上 ： 与 这个 世界 双向 奔赴 ， 燕云 也 期待 与 大家 再次 见面 。 劳动 创造 历史 ， 在 “ 调休 ” 的 日子 里 ， 燕云 世界 里 的 “ ta们 ” 也 干劲 满满 ， 一刻 没 停 。 走进 开放 历史 ， 愿 与 游侠 亲历 宋初 百态 ： 武侠 不止 刀光剑影 ， 武侠 亦 可 作为 一种 历史 的 打开 方式 。 在 清河 ， 万物 生 昼 出 耘 田 夜 绩 麻 ， 古 清河 的 百姓 们 如 诗 中 所 述 般 辛勤 、 自足 。 作为 游侠 们 在 燕云 之 旅 的 起点 ， 清河 四处 不仅 有 刺激 的 探索 和 冒险 ， 辖 内 还 分布 着 许多 开阔 肥沃 的 土地 。 即使 气候 或 战争 曾 数次 让 这里 的 农业 凋敝 ， 但 在 历史 中 、 乡土 里 ， 万物 依然 生长 ， 人们 依然 屹立 。 年年 有 收成 ， 常常 有 期待 —— 春小麦 的 收获 时间 一般 在 下旬 ， 恰逢 燕云 正式 上线 之 时 ， 你 将 在 这里 路过 它们 ， 它们 也 将 在 这里 见证 你 。 但 也 别 被 这 一片 平静 祥和 所 “ 欺骗 ” ， 因为 说不定 新 的 野外 boss 已经 在 附近 蠢蠢欲动 ， 为了 乡亲 们 和 你 自己 ， 请 不要 手下留情 ！ 而 即将 来到 清河 的 你 ， 还 将 是 不少 乡亲 们 口中 的 “ 少东家 ” 。 但 “ 重生 之 我 是 古代 富二代 ” 的 剧情 不一定 会 上演 ， 人们 各自 努力 ， 为 一 箪 食 ， 一 瓢 饮 ， 在 乱世 而 不 改 其 乐 。 清河 的 人们 用 辛勤 收获 粮食 ， 再 将 粮食 酿成 美酒 。 燕云 里 的 酿酒 技艺 也 颇为 讲究 ， 有人 处理 原料 ， 有人 负责 搬运 ， 还 有人 脚 踩 酒曲 —— 不用 诧异 ， “ 踩曲 ” 是 粮食 发酵 成 酒坯 的 关键 一 环 ， 据说 赤脚 踩曲 能 将 酒曲 踩 出 龟背状 ， 同时 让 中间 松软 四周 紧实 ， 直至 今日 还有 很多 酒厂 在 延续 这个 传统 。 而 作为 “ 少 东家 ” ， 你 可以 深入 体验 酿造 古代 名酒 的 全 过程 ， 甚至 要 为 自家 产业 负责 ， 接受 破获 “ 偷 酒 ” 案 的 委托 。 总之 不辞辛劳 ， 只 为 上 一 口 “ 离 人 醉 ” ， 品 一 品 其中 滋味 ， 再 去 江湖 不 醉 不 归 。 逛 开封 ， 百业 兴 而 清河 之外 ， 还有 另一个 花花 世界 —— 鲜活 的 古代 百态 、 社会 画卷 将 以 开封 之 名 向 游侠 们 展开 。 宋初 蓬勃 的 商业 万象 ， 诠释 着 开封 这 座 千年 古城 的 热烈 与 包容 ， 在 市井 街头 、 勾栏瓦肆 ， 万千 迥异 的 人生 正 在 这里 发生 。 开封 城里 ， 一 条 名 为 南御街 的 街道 尤为 著名 。 据 《 梦梁录 》 、 《 咸淳 临安 志 》 等 古籍 记载 ， 此 街 贯通 南北 、 绵延 十里 ， 名 店 、 老 店 云集 。 而 制作组 也曾 搜集 史料 兼 实地 采风 ， 将 这 琳琅 百业 再现 在 了 燕云 世界 里 。 走进 商铺 ， 可以 品尝 乃至 学会 制作 许多 著名 茶食 ， 比如 一 款 精致 面点 “ 天花 毕罗 ” 。 游侠 们 可以 像 《 酉阳 杂俎 》 中 记载 的 那般 ， “ 访 邻 房 乡曲 五六 人 ， 与 客食 毕罗 二三斤 。 ” 开封城 的 平凡 百姓 们 也 各 有 生计 ， 各 式 的 买卖 营生 ， 让 每 一 条 街道 都 别开生面 。 卖 瓜 、 卖 米 、 卖 菜 ...... 下次 路过 ， 记得 驻足 听听 商贩 过客 们 的 攀谈 吆喝 ， 说不定 还 会 有 什么 新 的 奇遇 出现 。 而 预计 在 下次 测试 ， 开封城 还 将 开放 更 多 区域 。 希望 再 见面 时 ， 你 我 不只 是 路过 ， 而是 在 武侠 的 任意门 中 ， 走近 各 有 滋味 的 芸芸 历史 。 所谓 劳逸结合 ， 十六 希望 能 借 此 燕云 劳动万象 ， 让 调休日 多 一 分 轻松 的 调剂 。 生活 里 固然 有 很多 “ 不得不 ” ， 但 还好 还有 很多 次 “ 我 愿 我 ” 。 期待 接下来 能 为 各位 带来 更 多 关于 燕云 的 好消息 。 五一 假期 即将 到来 ， 提前 祝 游侠 们 节日 快乐 ！ ' ],2024-04,努力筹备测试，让“调休”成为历史！
['承蒙厚爱，上周燕云正式定档的消息，很快就登上了各大平台热搜。在收到了诸多支持和期待的同时，十六也发现了一些美丽的巧合，比如：虽然电子竞技还未纳入奥运比赛项目，但作为一款中国武侠游戏，燕云已经率先开始备战今年的巴黎奥运会了（狗头）。讨巧之言，只为自嘲——在定档之后，项目组真的以一种“备战”的心态，火速投入到了下一阶段的游戏开发和优化中，加快丰富功能玩法、完善女角色、打磨多人模式…分秒必争地投入，只为不负盛情期待。焦急和焦虑仅一字之差，但燕云决心远离焦虑，松弛而不“发癫”，把时间和精力都放在好好做游戏上。而反求诸己，在燕云的武侠世界，从来都有一份独特的“松弛感”：有朝一日，去开封城逛逛就知道，那里的精神状态已领先1000多年！在燕云多运动，“身材焦虑”不存在了开封的市井阡陌间，常常人声鼎沸。但若撞见欢呼声最甚的人群，那大概率是一场“相扑”要开始了。划重点，此刻你仍然身处古代开封，擂台上的选手也并非印象中的“日式壮汉”——唐《因话录》有载：“文宗将有事南郊，礼前，有司进相扑人。上曰：我方清斋，岂合观此事！左右曰：旧例皆有，已在门外祗候。”可见相扑在唐代前就已有之，继续溯源，更可考据至上古时期的“角抵”。打破刻板印象，“相扑”正是起源于中国！而在男女老少间，不论高矮胖瘦都没有身材焦虑，穿上造型独特的“软垫袄”，和相熟挚友或江湖过客，加入一场相扑对决，成为名副其实的相扑选手是如此简单。当然不止相扑，你还可以参与射箭、投壶、锤丸、射覆…项目多到真的可以来一场“燕云运动会”，让运动带来的趣味和松弛，在游戏内外都唾手可得。在燕云爱打扮，“容貌焦虑”不存在了在开封，人来人往中也会看见一些形形色色的路人，有时很难不被他们讲究的衣着和美丽的精神状态所吸引。而这之中，说不定就有一些隐藏的“美妆博主”——是的，你也可以体验古代最高级的美妆：“易容”。解锁了乔装这个新领域之后，你也可以成为你口中的“别人”，没有容貌焦虑，只有容貌自由。目逆、摹画、易容，一套流程打扮下来，会发现在古代做个“美妆博主”也很有前途。因为乔装后的你，将不仅“长得像”其他人，更能够以假乱真到接受委托，参与别人的人生——帮人告白、替人分手、江湖潜伏…主角，请开始你的表演！除了易容玩法，开发组也在继续打磨游戏的捏脸和形象系统，期待游侠们都能以更真实、更美好、更自由的样貌来到燕云，十六一定再探再报！大千世界皆有松弛，百无禁忌才是人生。而转眼间，距离游戏上线已不到百天。与其说我们在进行一场备战，不如说我们是在奔向共同的期待。只愿君心似我心，定不负相思意。游侠们，见！最后，再次感谢各位的支持，这些颇有“含金量”的活动请勿错过：成为燕云“金主”，参与活动必得现金，最高可得5g黄金：不用参加奥运会，在燕云就能领走属于你的“金牌”，还有机会获得未来测试资格哦~']。 —— 定档之后，燕云开始备战2024巴黎奥运会-,《 定档 之后 ， 燕云 开始 备战 2024 巴黎 奥运会 》 : [ ' 承蒙 厚爱 ， 上周 燕云 正式 定档 的 消息 ， 很快 就 登上 了 各 大 平台 热搜 。 在 收到 了 诸多 支持 和 期待 的 同时 ， 十六 也 发现 了 一些 美丽 的 巧合 ， 比如 ： 虽然 电子 竞技 还 未 纳入 奥运 比赛 项目 ， 但 作为 一 款 中国 武侠 游戏 ， 燕云 已经 率先 开始 备战 今年 的 巴黎 奥运会 了 （ 狗头 ） 。 讨巧 之 言 ， 只 为 自嘲 —— 在 定档 之后 ， 项目组 真 的 以 一种 “ 备战 ” 的 心态 ， 火速 投入 到 了 下 一 阶段 的 游戏 开发 和 优化 中 ， 加快 丰富 功能 玩法 、 完善 女 角色 、 打磨 多 人 模式 … 分秒必争 地 投入 ， 只 为 不 负 盛情 期待 。 焦急 和 焦虑 仅 一 字 之 差 ， 但 燕云 决心 远离 焦虑 ， 松弛 而 不 “ 发癫 ” ， 把 时间 和 精力 都 放 在 好好 做 游戏 上 。 而 反求诸己 ， 在 燕云 的 武侠 世界 ， 从来 都 有 一 份 独特 的 “ 松弛感 ” ： 有朝一日 ， 去 开封城 逛逛 就 知道 ， 那里 的 精神 状态 已 领先 1000多年 ！ 在 燕云 多 运动 ， “ 身材 焦虑 ” 不 存在 了 开封 的 市井 阡陌 间 ， 常常 人声鼎沸 。 但 若 撞 见 欢呼声 最 甚 的 人群 ， 那 大概率 是 一 场 “ 相扑 ” 要 开始 了 。 划 重点 ， 此刻 你 仍然 身 处 古代 开封 ， 擂台 上 的 选手 也 并非 印象 中 的 “ 日式 壮汉 ” —— 唐 《 因话录 》 有 载 ： “ 文宗 将 有事 南郊 ， 礼 前 ， 有 司进 相扑 人 。 上 曰 ： 我方 清斋 ， 岂 合 观 此 事 ！ 左右 曰 ： 旧例 皆 有 ， 已 在 门外 祗候 。 ” 可见 相扑 在 唐代 前 就 已 有 之 ， 继续 溯源 ， 更 可 考据 至 上古 时期 的 “ 角抵 ” 。 打破 刻板 印象 ， “ 相扑 ” 正是 起源 于 中国 ！ 而 在 男女老少 间 ， 不论 高矮 胖 瘦 都 没有 身材 焦虑 ， 穿 上 造型 独特 的 “ 软垫袄 ” ， 和 相熟 挚友 或 江湖 过客 ， 加入 一 场 相扑 对决 ， 成为 名副其实 的 相扑 选手 是 如此 简单 。 当然 不止 相扑 ， 你 还 可以 参与 射箭 、 投壶 、 锤丸 、 射覆… 项目 多 到 真 的 可以 来 一 场 “ 燕云 运动会 ” ， 让 运动 带来 的 趣味 和 松弛 ， 在 游戏 内外 都 唾手可得 。 在 燕云 爱 打扮 ， “ 容貌 焦虑 ” 不 存在 了 在 开封 ， 人来人往 中 也 会 看见 一些 形形色色 的 路人 ， 有时 很难 不 被 他们 讲究 的 衣着 和 美丽 的 精神 状态 所 吸引 。 而 这 之中 ， 说不定 就 有一些 隐藏 的 “ 美妆 博主 ” —— 是的 ， 你 也 可以 体验 古代 最高级 的 美妆 ： “ 易容 ” 。 解锁 了 乔装 这个 新 领域 之后 ， 你 也 可以 成为 你 口中 的 “ 别人 ” ， 没有 容貌 焦虑 ， 只有 容貌 自由 。 目逆 、 摹画 、 易容 ， 一套 流程 打扮 下来 ， 会 发现 在 古代 做 个 “ 美妆 博主 ” 也 很 有 前途 。 因为 乔装 后 的 你 ， 将 不仅 “ 长 得 像 ” 其他 人 ， 更 能够 以假乱真 到 接受 委托 ， 参与 别人 的 人生 —— 帮 人 告白 、 替 人 分手 、 江湖 潜伏 … 主角 ， 请 开始 你 的 表演 ！ 除了 易容 玩法 ， 开发组 也 在 继续 打磨 游戏 的 捏脸 和 形象 系统 ， 期待 游侠 们 都 能 以 更 真实 、 更 美好 、 更 自由 的 样貌 来到 燕云 ， 十六 一定 再 探 再 报 ！ 大千世界 皆 有 松弛 ， 百无禁忌 才是 人生 。 而 转眼间 ， 距离 游戏 上线 已 不 到 百天 。 与其 说 我们 在 进行 一 场 备战 ， 不如 说 我们 是 在 奔 向 共同 的 期待 。 只 愿 君 心 似 我 心 ， 定 不 负 相思意 。 游侠 们 ， 见 ！ 最后 ， 再次 感谢 各位 的 支持 ， 这些 颇有 “ 含金量 ” 的 活动 请勿 错过 ： 成为 燕云 “ 金主 ” ， 参与 活动 必 得 现金 ， 最高 可 得 5g 黄金 ： 不用 参加 奥运会 ， 在 燕云 就 能 领 走 属于 你 的 “ 金牌 ” ， 还有 机会 获得 未来 测试 资格 哦 ~ ' ],2024-04,定档之后，燕云开始备战2024巴黎奥运会
['燕来不过三月三，各位游侠儿，久等了——字轻意重，一诺千金，《燕云十六声》正式定档今年！作为一款即将面世的新品武侠游戏，有很多人尝试过用“开放世界、国产3a、多端网游”等标签来概括和预测燕云。也偶有玩家朋友，会在评论区发来善意的调侃：“运营一款不存在的游戏一定很难吧”话虽戏谑，但放眼市面，燕云这样的游戏确实不存在，也很难用某个标签来一言蔽之。至于难不难，去突破既定，开辟一条新路，难，但值得。一切新知，皆在旧识之上。我们不排斥标签，也不标榜标签的伟大，因为燕云一直有个更长远的野心：成为新的标签。距离和大家正式见面的日子越来越近了，在这之前，不妨先聊聊标签之中的燕云不是什么：•不是其他开放世界，是真实开放历史不架空，真开放——古代风貌，中式绝活，史话趣谈…脚下热土，就是历史和生活发生之处。主机级的画面品质，只是为了让武侠世界本该如此。•不是其他武侠网游，是独众皆乐之旅不套路，真武侠——见招拆招，单人探索，多人同行…无门无派练就武学奇术，不问出处我即是我。超过150小时的单人探索体验，将只是广阔侠旅的一个注脚。•不是其他mmo，是无限未定人生不规训，真自由——开个茶坊，修间小屋，仗义云游…不教玩家玩游戏，万类霜天竞自由。虽屡次引起国际游戏圈热议，但只求以品质正视听，让中国真武侠领域全开。凡此种种，不胜枚举；但求真我，不做其他。燕云内部一直有一句狂言似的希望，并时时以此为勉。在这个特殊的日子，也想分享给大家：自此以后，武侠游戏只有燕云和其他。相与信为任，同是非为侠。在金价持续刷新历史高位的当下，我们也敢真的“一诺千金”，并斗胆和游侠们“对赌”——参与微博转抽活动，待到游戏上线，迟则发金发钱。各位的每一次转发和互动，都是我们不敢跳票的认证！另外，为了让大家看到我们绝对不鸽的决心，我们还准备了些颇有“含金量”的活动：想送些“真金”回应游侠们一直以来的支持，参与活动预约游戏，成为燕云“金主”，这份期待绝对不亏。十六今日如此笃定，背后定有“金主”撑腰：是的，幸得游侠青睐，各位的支持和期待比黄金更贵重！所谓“报君黄金台上意，提携玉龙为君死”，接下来我们会继续努力打磨好游戏，也再次向各位发出这份邀约：相约燕云，真金终见，不负真心！']。 —— 《燕云十六声》正式定档！一诺千金重-,《 《 燕云十六声 》 正式 定档 ！ 一诺千金 重 》 : [ ' 燕来 不过 三月三 ， 各位 游侠儿 ， 久等 了 —— 字 轻 意 重 ， 一诺千金 ， 《 燕云十六声 》 正式 定档 今年 ！ 作为 一 款 即将 面世 的 新品 武侠 游戏 ， 有 很多 人 尝试 过 用 “ 开放世界 、 国产 3a 、 多端 网游 ” 等 标签 来 概括 和 预测 燕云 。 也 偶 有 玩家 朋友 ， 会 在 评论区 发来 善意 的 调侃 ： “ 运营 一 款 不 存在 的 游戏 一定 很难 吧 ” 话 虽 戏谑 ， 但 放眼 市面 ， 燕云 这样 的 游戏 确实 不 存在 ， 也 很难 用 某个 标签 来 一言蔽之 。 至于 难 不 难 ， 去 突破 既定 ， 开辟 一 条 新 路 ， 难 ， 但 值得 。 一切 新知 ， 皆 在 旧识 之上 。 我们 不 排斥 标签 ， 也 不 标榜 标签 的 伟大 ， 因为 燕云 一直 有 个 更 长远 的 野心 ： 成为 新 的 标签 。 距离 和 大家 正式 见面 的 日子 越来越 近 了 ， 在 这 之前 ， 不妨 先 聊聊 标签 之中 的 燕云 不是 什么 ： • 不是 其他 开放世界 ， 是 真实 开放 历史 不 架空 ， 真 开放 —— 古代 风貌 ， 中式 绝活 ， 史话 趣谈 … 脚下 热土 ， 就 是 历史 和 生活 发生 之 处 。 主机级 的 画面 品质 ， 只是 为了 让 武侠 世界 本该 如此 。 • 不是 其他 武侠 网游 ， 是 独众皆乐 之 旅 不 套路 ， 真 武侠 —— 见 招 拆 招 ， 单人 探索 ， 多 人 同行 … 无 门 无 派 练就 武学 奇术 ， 不 问 出处 我 即 是 我 。 超过 150小时 的 单人 探索 体验 ， 将 只是 广阔 侠旅 的 一个 注脚 。 • 不是 其他 mmo ， 是 无限 未定 人生 不 规训 ， 真 自由 —— 开 个 茶坊 ， 修 间 小屋 ， 仗义 云游 … 不 教 玩家 玩 游戏 ， 万类 霜天 竞 自由 。 虽 屡次 引起 国际 游戏圈 热议 ， 但 只求 以 品质 正 视听 ， 让 中国 真 武侠 领域 全 开 。 凡此种种 ， 不胜枚举 ； 但 求 真我 ， 不 做 其他 。 燕云 内部 一直 有 一 句 狂言 似的 希望 ， 并 时时 以 此 为 勉 。 在 这个 特殊 的 日子 ， 也 想 分享 给 大家 ： 自此 以后 ， 武侠 游戏 只有 燕云 和 其他 。 相 与 信 为 任 ， 同 是 非 为侠 。 在 金价 持续 刷新 历史 高位 的 当下 ， 我们 也 敢 真 的 “ 一诺千金 ” ， 并 斗胆 和 游侠 们 “ 对赌 ” —— 参与 微博 转抽 活动 ， 待到 游戏 上线 ， 迟 则 发金 发钱 。 各位 的 每 一次 转发 和 互动 ， 都是 我们 不敢 跳票 的 认证 ！ 另外 ， 为了 让 大家 看到 我们 绝对 不 鸽 的 决心 ， 我们 还 准备 了 些 颇有 “ 含金量 ” 的 活动 ： 想 送 些 “ 真金 ” 回应 游侠 们 一直以来 的 支持 ， 参与 活动 预约 游戏 ， 成为 燕云 “ 金主 ” ， 这 份 期待 绝对 不 亏 。 十六 今日 如此 笃定 ， 背后 定 有 “ 金主 ” 撑腰 ： 是的 ， 幸 得 游侠 青睐 ， 各位 的 支持 和 期待 比 黄金 更 贵重 ！ 所谓 “ 报 君 黄金 台 上意 ， 提携 玉龙 为 君 死 ” ， 接下来 我们 会 继续 努力 打磨 好 游戏 ， 也 再次 向 各位 发出 这 份 邀约 ： 相约 燕云 ， 真金 终 见 ， 不 负 真心 ！ ' ],2024-04,《燕云十六声》正式定档！一诺千金重
['悄悄和大家说一个秘密，经过不懈的钻研……武学的奥秘可能真的被我们参悟了！从古至今，我们所遇到的武功高手，可能比想象中的要多得多。十六翻阅典籍发现，古人“闻鸡起舞”和“项庄舞剑意在沛公”都是在以舞之名，行武力之事！而纵观古今，许多武侠小说里的神奇招式，都能被优秀的舞者演绎出来。甚至一代功夫大师李小龙，同时也是连续十届的舞蹈比赛冠军。舞与武同宗同源的奥秘，瞒不住了！↑李小龙跳恰恰舞珍贵影像传统的武侠游戏中也不乏有过舞蹈的元素，但往往只停留在观赏层面。在这样的启发下，燕云决定做一个开创性地尝试——从体验上真正实现舞与武的完美结合！我们即将推出的全新门派醉花阴，就由一群同时擅长舞与武的美人组成，他们表面是樊楼里的歌舞乐伎，实则周游在各大势力之间传递情报。他们的身上既有着长袖善舞的柔美之姿，又暗藏兵戈杀伐的冷静果决，将是舞与武的集大成者！醉花阴顶级大师班：舞武兼修！作为燕云江湖中首个舞武兼修的门派，醉花阴的设计和制作都得到了高人点拨。武的部分，有香港顶级武术导演董玮老师为醉花阴倾情设计了以伞为兵的战斗招式！而舞的部分，我们同样请到了一位舞蹈界的顶级大师。田湉老师是舞蹈界的“双栖大师”，在舞蹈学术及舞台美学方面都颇有成就。身为北京舞蹈学院的副教授，她主攻汉唐古典舞领域，并创作了《南孔》、《散乐图》、《蹲蹲舞我》、《俑》系列等多部汉唐舞剧作品，具有宝贵的艺术和学术价值；同时，她深耕舞台美学，曾在北京大学艺术学院攻读美学博士，又跟随张艺谋导演深造舞台导演方向博士后，担任了多个国家级文艺活动的舞台总监。2022年北京冬奥会分会场上，她执导的《闪亮的雪花》节目中，既有着数百个小朋友手持和平鸽共舞的震撼，也有着一只“掉队小鸽子”带来的纯真和感动，给无数观众留下了深刻的印象。田湉老师在了解醉花阴的设定后非常感兴趣，和项目组多次碰撞深入讨论，最终达成共识：我们要为燕云创作出一个超乎想象的、兼具江湖侠气和古典美的极致舞台来！超乎物理的燕云舞台，从起舞到起飞虽然燕云的时代背景发生在五代十国末期，但醉花阴游走于乱世之间，依然保留着对逝去的盛唐的怀念。结合这样的背景，田湉老师想到了流行于五代十国时期的飞天舞，于是将舞者设定为飞天的形象，在舞蹈中以汉唐古典舞为基底，融入了西域舞风的部分动作，由此为醉花阴门派设计了一套极具时代背景特色、又兼具玩家交互的登场舞蹈。定下了舞蹈的基调之后，就要开始尝试突破想象力了，我们决定：先突破物理！1、让想象成真，让飞天起飞以飞天舞为主题的舞台作品并不少，但说到底飞天是古人想象出来的仙人，壁画上的飞天可以轻而易举的腾空，但舞台上的真人舞者们，受限于物理的限制，难以真正演绎出飞天腾云驾雾的飘逸，无法保证动作的飘逸和灵活。而在燕云，我们决定让想象成真，让醉花阴飞起来！为此，田湉老师设计了大量的空中舞段，为了捕捉到舞蹈动作的流动感，这一次动捕，我们同样采用了大量的威亚协助！但对舞蹈演员来说，身体平衡是动作流畅的前提条件。长时间吊在空中，不可能像在平地一样流畅展现舞姿，更何况舞蹈是情感表达的艺术，如果过于重平衡而放弃表达，最终可能看起来就不是优美含蓄的舞蹈而是紧张刺激的杂技了。而我们既要有飞天腾空的流动感，又要保证舞蹈动作的艺术表达。最终决定采用的办法是，把全部空中舞姿都拆解成小段动作动捕，再通过后期将动作合成完整舞段。这意味着更大的工作量，在平地上跳一遍就能完成的舞蹈，可能需要演员拆解成动作在空中演绎几十次，并且为了确保动作数据的准确性，每一次开机捕捉，演员的动作都必须精准到位。2、在燕云，实现不可能的动作飞天舞并不少见，但真正飞起来的舞蹈却不多，为了营造这一场前所未有的视觉盛宴，田老师在舞蹈中设计了不少空翻、俯冲等高难度动作，这些动作在平地上尚难以施展，更何况是在空中。这就要求编导、演员和动画师三方都必须进行充分的前期沟通，对最终的动作和画面呈现达成共识。为此，田湉老师和燕云的制作童鞋多次讨论，最终确定方案，先由分镜师将我们想要呈现的画面勾勒出来，然后再拆解舞蹈动作，而部分高难的动作比如俯冲，在动捕时则取其动势，演员需要在专业指导下完成俯冲的起势表演，最后由动画师制作完整的运动轨迹画面。3、舞武与共，打破“第四面墙”舞与武同是身体表达的语言，武可以除暴安良，舞却能感化人心。在和田湉老师合作的这支舞蹈中，我们希望可以充分发挥舞蹈的感染力，加以动画镜头的协调，打破“第四面墙”，把观众带动到情境中来。除了在舞蹈中看到一些主角面对镜头的交互动作之外，我们还在舞蹈的末尾设计了一个交互环节，即玩家可以被舞者拉入空中，在空中完成一段共舞互动。要在游戏中实现这个交互，我们必须考虑到不同舞者，不同性别的玩家动作差异。田湉老师根据燕云角色的形体差异，为我们设计了男-女、女-男、男-男，女-女四种形体交互，每一组动作都不一样，但都能与整体舞蹈完美融合。看着威亚上的演员们正在为燕云而努力，十六忽然发现，他们身上穿戴威亚的支撑点都位于下腹部，那不正是武侠小说中常常提到的“丹田”位置吗？“气沉丹田”是习武之人必修的一课，更是让燕云在一次次的威亚起飞越来越稳的信念。虽然暂时还不能玩到游戏，但蛰伏的这些日子，不管是做研发、还是搞艺术，从武术到舞蹈，我们都要沉得住气，脚踏实地，才能稳步向前。相信在不久的未来，燕云很快就能和大家见面啦，准备好，这只燕子要起飞了！']。 —— 准备好！这只燕子要起飞啦！-,《 准备 好 ！ 这 只 燕子 要 起飞 啦 ！ 》 : [ ' 悄悄 和 大家 说 一个 秘密 ， 经过 不懈 的 钻研 …… 武学 的 奥秘 可能 真 的 被 我们 参悟 了 ！ 从 古至今 ， 我们 所 遇到 的 武功 高手 ， 可能 比 想象 中 的 要 多 得 多 。 十六 翻阅 典籍 发现 ， 古人 “ 闻鸡起舞 ” 和 “ 项庄 舞 剑 意 在 沛公 ” 都是 在 以 舞 之 名 ， 行 武力 之 事 ！ 而 纵观 古今 ， 许多 武侠小说 里 的 神奇 招式 ， 都 能 被 优秀 的 舞者 演绎 出来 。 甚至 一代 功夫 大师 李小龙 ， 同时 也是 连续 十届 的 舞蹈 比赛 冠军 。 舞 与 武 同宗 同源 的 奥秘 ， 瞒 不住 了 ！ ↑ 李小龙 跳 恰恰 舞 珍贵 影像 传统 的 武侠 游戏 中 也 不乏 有 过 舞蹈 的 元素 ， 但 往往 只 停留 在 观赏 层面 。 在 这样 的 启发 下 ， 燕云 决定 做 一个 开创性 地 尝试 —— 从 体验 上 真正 实现 舞 与 武 的 完美 结合 ！ 我们 即将 推出 的 全新 门派 醉花阴 ， 就 由 一群 同时 擅长 舞 与 武 的 美人 组成 ， 他们 表面 是 樊楼 里 的 歌舞 乐伎 ， 实则 周游 在 各 大 势力 之间 传递 情报 。 他们 的 身上 既 有着 长袖善舞 的 柔美 之 姿 ， 又 暗藏 兵戈杀伐 的 冷静 果决 ， 将 是 舞 与 武 的 集大成者 ！ 醉花阴 顶级 大师班 ： 舞武 兼修 ！ 作为 燕云 江湖 中 首个 舞 武 兼修 的 门派 ， 醉花阴 的 设计 和 制作 都 得到 了 高人 点拨 。 武 的 部分 ， 有 香港 顶级 武术 导演 董玮 老师 为 醉花阴 倾情 设计 了 以 伞 为 兵 的 战斗 招式 ！ 而 舞 的 部分 ， 我们 同样 请 到 了 一 位 舞蹈界 的 顶级 大师 。 田湉 老师 是 舞蹈界 的 “ 双栖 大师 ” ， 在 舞蹈 学术 及 舞台 美学 方面 都 颇有 成就 。 身 为 北京舞蹈学院 的 副教授 ， 她 主攻 汉 唐 古典舞 领域 ， 并 创作 了 《 南孔 》 、 《 散乐图 》 、 《 蹲 蹲 舞 我 》 、 《 俑 》 系列 等 多 部 汉 唐 舞剧 作品 ， 具有 宝贵 的 艺术 和 学术 价值 ； 同时 ， 她 深耕 舞台 美学 ， 曾 在 北京大学艺术学院 攻读 美学 博士 ， 又 跟随 张艺谋 导演 深造 舞台 导演 方向 博士后 ， 担任 了 多个 国家级 文艺 活动 的 舞台 总监 。 2022年 北京 冬奥会分会场 上 ， 她 执导 的 《 闪亮 的 雪花 》 节目 中 ， 既 有着 数百个 小朋友 手持 和 平鸽 共舞 的 震撼 ， 也 有着 一 只 “ 掉队 小 鸽子 ” 带来 的 纯真 和 感动 ， 给 无数 观众 留下 了 深刻 的 印象 。 田湉 老师 在 了解 醉花阴 的 设定 后 非常 感兴趣 ， 和 项目组 多次 碰撞 深入 讨论 ， 最终 达成 共识 ： 我们 要 为 燕云 创作 出 一个 超乎 想象 的 、 兼 具 江湖 侠气 和 古典美 的 极致 舞台 来 ！ 超乎 物理 的 燕云 舞台 ， 从 起舞 到 起飞 虽然 燕云 的 时代 背景 发生 在 五代十国 末期 ， 但 醉花阴 游走 于 乱世 之间 ， 依然 保留 着 对 逝去 的 盛唐 的 怀念 。 结合 这样 的 背景 ， 田湉 老师 想到 了 流行 于 五代十国 时期 的 飞天舞 ， 于是 将 舞者 设定 为 飞天 的 形象 ， 在 舞蹈 中 以 汉唐 古典舞 为 基底 ， 融入 了 西域 舞风 的 部分 动作 ， 由此 为 醉花阴 门派 设计 了 一套 极 具 时代 背景 特色 、 又 兼具 玩家 交互 的 登场 舞蹈 。 定下 了 舞蹈 的 基调 之后 ， 就要 开始 尝试 突破 想象力 了 ， 我们 决定 ： 先 突破 物理 ！ 1 、 让 想象 成真 ， 让 飞天 起飞 以 飞天舞 为 主题 的 舞台 作品 并不少 ， 但 说到底 飞天 是 古人 想象 出来 的 仙人 ， 壁画 上 的 飞天 可以 轻而易举 的 腾空 ， 但 舞台 上 的 真人 舞者 们 ， 受 限于 物理 的 限制 ， 难以 真正 演绎 出 飞天 腾云驾雾 的 飘逸 ， 无法 保证 动作 的 飘逸 和 灵活 。 而 在 燕云 ， 我们 决定 让 想象 成 真 ， 让 醉花阴 飞 起来 ！ 为此 ， 田湉 老师 设计 了 大量 的 空中 舞段 ， 为了 捕捉 到 舞蹈 动作 的 流动感 ， 这 一次 动捕 ， 我们 同样 采用 了 大量 的 威亚 协助 ！ 但 对 舞蹈 演员 来说 ， 身体 平衡 是 动作 流畅 的 前提 条件 。 长 时间 吊 在 空中 ， 不可能 像 在 平地 一样 流畅 展现 舞姿 ， 更 何况 舞蹈 是 情感 表达 的 艺术 ， 如果 过于 重 平衡 而 放弃 表达 ， 最终 可能 看起来 就 不是 优美 含蓄 的 舞蹈 而是 紧张 刺激 的 杂技 了 。 而 我们 既要 有 飞天 腾空 的 流动感 ， 又要 保证 舞蹈 动作 的 艺术 表达 。 最终 决定 采用 的 办法 是 ， 把 全部 空中 舞姿 都 拆解 成 小 段 动作 动捕 ， 再 通过 后期 将 动作 合成 完整 舞段 。 这 意味着 更 大 的 工作量 ， 在 平地 上 跳 一遍 就 能 完成 的 舞蹈 ， 可能 需要 演员 拆解 成 动作 在 空中 演绎 几十次 ， 并且 为了 确保 动作 数据 的 准确性 ， 每 一次 开机 捕捉 ， 演员 的 动作 都 必须 精准 到位 。 2 、 在 燕云 ， 实现 不可能 的 动作 飞天舞 并不 少见 ， 但 真正 飞 起来 的 舞蹈 却 不 多 ， 为了 营造 这 一 场 前所未有 的 视觉 盛宴 ， 田 老师 在 舞蹈 中 设计 了 不少 空翻 、 俯冲 等 高 难度 动作 ， 这些 动作 在 平地 上 尚 难以 施展 ， 更 何况 是 在 空中 。 这 就 要求 编导 、 演员 和 动画师 三方 都 必须 进行 充分 的 前期 沟通 ， 对 最终 的 动作 和 画面 呈现 达成 共识 。 为此 ， 田湉 老师 和 燕云 的 制作 童鞋 多次 讨论 ， 最终 确定 方案 ， 先 由 分镜师 将 我们 想 要 呈现 的 画面 勾勒 出来 ， 然后 再 拆解 舞蹈 动作 ， 而 部分 高难 的 动作 比如 俯冲 ， 在 动捕 时 则 取 其 动势 ， 演员 需要 在 专业 指导 下 完成 俯冲 的 起势 表演 ， 最后 由 动画师 制作 完整 的 运动 轨迹 画面 。 3 、 舞武 与共 ， 打破 “ 第四面 墙 ” 舞 与 武 同 是 身体 表达 的 语言 ， 武 可以 除暴安良 ， 舞 却 能 感化 人心 。 在 和 田湉 老师 合作 的 这 支 舞蹈 中 ， 我们 希望 可以 充分 发挥 舞蹈 的 感染力 ， 加以 动画 镜头 的 协调 ， 打破 “ 第四面 墙 ” ， 把 观众 带动 到 情境 中 来 。 除了 在 舞蹈 中 看到 一些 主角 面对 镜头 的 交互 动作 之外 ， 我们 还 在 舞蹈 的 末尾 设计 了 一个 交互 环节 ， 即 玩家 可以 被 舞者 拉 入 空中 ， 在 空中 完成 一段 共舞 互动 。 要 在 游戏 中 实现 这个 交互 ， 我们 必须 考虑 到 不同 舞者 ， 不同 性别 的 玩家 动作 差异 。 田湉 老师 根据 燕云 角色 的 形体 差异 ， 为 我们 设计 了 男 女 、 女 男 、 男 男 ， 女 女 四种 形体 交互 ， 每 一 组 动作 都 不 一样 ， 但 都 能 与 整体 舞蹈 完美 融合 。 看 着 威亚 上 的 演员 们 正在 为 燕云 而 努力 ， 十六 忽然 发现 ， 他们 身上 穿戴 威亚 的 支撑点 都 位于 下腹部 ， 那 不 正是 武侠小说 中 常常 提到 的 “ 丹田 ” 位置 吗 ？ “ 气 沉 丹田 ” 是 习武 之 人 必修 的 一 课 ， 更 是 让 燕云 在 一次次 的 威亚 起飞 越来越 稳 的 信念 。 虽然 暂时 还 不能 玩 到 游戏 ， 但 蛰伏 的 这些 日子 ， 不管 是 做 研发 、 还是 搞 艺术 ， 从 武术 到 舞蹈 ， 我们 都 要 沉 得 住 气 ， 脚踏实地 ， 才 能 稳步 向前 。 相信 在 不久 的 未来 ， 燕云 很快 就 能 和 大家 见面 啦 ， 准备 好 ， 这 只 燕子 要 起飞 了 ！ ' ],2024-03,准备好！这只燕子要起飞啦！
['标题党了一回。但除了标题，以下内容都是实在话。对于一款还没上线的游戏来说，能玩些什么和什么时候能玩，是玩家最关心的问题。前者我们陆续给出了一些答案，后者…我们想过是不是要准备的更完善的时候，再给出个精确的日子，想做个侠士可是要“一诺千金重”的。所以最近这两周，媒体同行，集中前来打听“你们明年就要上线了吗？”，我们还有所保留。可经过反复思考，比起万事俱备，不如坦诚相对。面对各位早早入股燕云的“股东”，哪有不及时汇报工作进度的道理？燕云十六声，明年一定上线！蕤宾测试中，我们获得了玩家很高的认可，近期的海外测试，歪果玩家多次给出了满分评价。好评过后，我们对于要完善的内容更有把握了，对于上线日期也更有自信了。接下来就给各位股东介绍，最近我们都在向哪些方向努力：战斗优化，跟武术大师学点好的经过大幅改动，我们的战斗系统已经有了不小的提升。在近期的海内外专业媒体试玩中，多家媒体都对燕云的战斗新节奏给出了“干净利落“的评价，对于操作策略性也相当认可。未来我们还将在战斗的爽感反馈、动作流畅度上持续打磨。让不同战斗强度需求的玩家，都能感受到丝滑畅快。为了增强战斗动作的写实感与武侠感，我们已经与某国际知名的电影武术指导合作，由行业顶尖的大师坐镇监制，绝不止于动捕，而是依照燕云的年代背景，游戏设定理念，进行深度研究设计，呈现更专业也更具想象力的中国功夫。相关的研发过程也会尽快展示给大家。持续丰富探索，下测咱们去开封过去的试玩和测试中，燕云在开放世界自由探索方面颇受好评。这源于中式武侠与真实世界会碰撞出不一样的魅力，我们会在这条路上走的再快些，再多来点新东西。下次测试我们将开放开封地图，增加具有区域性特色的探索玩法和能力。乱花迷人眼的背后，有更多秘密等待大家去探寻。在完整的游戏版本中，单人模式下，我们预计提供20-30小时的主线剧情体验，200小时左右的自由探索内容，多人模式的合作和竞技也将有更丰富的可能。选择独行还是与众，随心随意。坚持高品质，单人/多人共筑动态江湖到底是单机，还是网游？“别什么都想要，最后谁都没讨好。”胆子大点，我们确实都想要。因为要构建燕云的世界，只有单人或是只有多人，都是不完整的。哪怕有争议，我们还是会坚持单人x多人的全新模式，暂且将其称为“燕云模式”吧！在单人模式中，玩家完全可以体验到堪比单机的影视化剧情、大量的自由探索和快节奏的战斗，并且没有任何社交的压力；在多人模式中，则拥有更多的社交和竞技体验，多人镇守、竞技对决和趣味合作。这两种模式互不打扰，也可以随时切换。目前两部分的开发工作都在稳步进行，不存在妥协与拖累，制作规格做到绝对一致。此外，大家关心的手柄适配和主机计划也已经在推进中，下测就开放手柄体验。明年就上线听起来似乎有点遥远，但说起来今年就剩九十天了。各位股东老师，别客气，请多多莅临指导工作，给十六压力拉满！请留言说说，你觉得燕云会在明年什么时候上线公测呢。']。 —— 什么？！燕云要上线了？！-,《 什么 ？ ！ 燕云 要 上线 了 ？ ！ 》 : [ ' 标题 党 了 一 回 。 但 除了 标题 ， 以下 内容 都是 实在话 。 对于 一 款 还 没 上线 的 游戏 来说 ， 能 玩 些 什么 和 什么 时候 能 玩 ， 是 玩家 最 关心 的 问题 。 前者 我们 陆续 给 出 了 一些 答案 ， 后者 … 我们 想 过 是不是 要 准备 的 更 完善 的 时候 ， 再 给 出 个 精确 的 日子 ， 想 做 个 侠士 可是 要 “ 一诺千金 重 ” 的 。 所以 最近 这 两周 ， 媒体 同行 ， 集中 前来 打听 “ 你们 明年 就要 上线 了 吗 ？ ” ， 我们 还 有所 保留 。 可 经过 反复 思考 ， 比 起 万事俱备 ， 不如 坦诚 相对 。 面对 各位 早早 入股 燕云 的 “ 股东 ” ， 哪 有 不 及时 汇报 工作 进度 的 道理 ？ 燕云十六声 ， 明年 一定 上线 ！ 蕤宾 测试 中 ， 我们 获得 了 玩家 很 高 的 认可 ， 近期 的 海外 测试 ， 歪果 玩家 多次 给 出 了 满分 评价 。 好评 过后 ， 我们 对于 要 完善 的 内容 更 有 把握 了 ， 对于 上线 日期 也 更 有 自信 了 。 接下来 就 给 各位 股东 介绍 ， 最近 我们 都 在 向 哪些 方向 努力 ： 战斗 优化 ， 跟 武术 大师 学 点 好 的 经过 大幅 改动 ， 我们 的 战斗 系统 已经 有 了 不 小 的 提升 。 在 近期 的 海内外 专业 媒体 试玩 中 ， 多 家 媒体 都 对 燕云 的 战斗 新 节奏 给 出 了 “ 干净利落 “ 的 评价 ， 对于 操作 策略性 也 相当 认可 。 未来 我们 还 将 在 战斗 的 爽感 反馈 、 动作 流畅度 上 持续 打磨 。 让 不同 战斗 强度 需求 的 玩家 ， 都 能 感受 到 丝滑 畅快 。 为了 增强 战斗 动作 的 写实感 与 武侠感 ， 我们 已经 与 某 国际 知名 的 电影 武术 指导 合作 ， 由 行业 顶尖 的 大师 坐镇 监制 ， 绝不 止 于 动捕 ， 而是 依照 燕云 的 年代 背景 ， 游戏 设定 理念 ， 进行 深度 研究 设计 ， 呈现 更 专业 也 更 具 想象力 的 中国 功夫 。 相关 的 研发 过程 也 会 尽快 展示 给 大家 。 持续 丰富 探索 ， 下测 咱们 去 开封 过去 的 试玩 和 测试 中 ， 燕云 在 开放世界 自由 探索 方面 颇 受 好评 。 这 源于 中式 武侠 与 真实 世界 会 碰撞 出 不 一样 的 魅力 ， 我们 会 在 这 条 路上 走 的 再 快 些 ， 再 多 来 点 新 东西 。 下次 测试 我们 将 开放 开封 地图 ， 增加 具有 区域性 特色 的 探索 玩法 和 能力 。 乱 花 迷人眼 的 背后 ， 有 更 多 秘密 等待 大家 去 探寻 。 在 完整 的 游戏 版本 中 ， 单人 模式 下 ， 我们 预计 提供 20-30小时 的 主线 剧情 体验 ， 200小时 左右 的 自由 探索 内容 ， 多 人 模式 的 合作 和 竞技 也 将 有 更 丰富 的 可能 。 选择 独行 还是 与 众 ， 随心随意 。 坚持 高 品质 ， 单人 / 多 人 共 筑 动态 江湖 到底 是 单机 ， 还是 网游 ？ “ 别 什么 都 想要 ， 最后 谁 都 没 讨好 。 ” 胆子 大 点 ， 我们 确实 都 想 要 。 因为 要 构建 燕云 的 世界 ， 只有 单人 或是 只有 多 人 ， 都是 不 完整 的 。 哪怕 有 争议 ， 我们 还是 会 坚持 单人 x 多 人 的 全新 模式 ， 暂且 将 其 称为 “ 燕云 模式 ” 吧 ！ 在 单人 模式 中 ， 玩家 完全 可以 体验 到 堪比 单机 的 影视化 剧情 、 大量 的 自由 探索 和 快 节奏 的 战斗 ， 并且 没有 任何 社交 的 压力 ； 在 多 人 模式 中 ， 则 拥有 更 多 的 社交 和 竞技 体验 ， 多 人 镇守 、 竞技 对决 和 趣味 合作 。 这 两种 模式 互不 打扰 ， 也 可以 随时 切换 。 目前 两 部分 的 开发 工作 都 在 稳步 进行 ， 不 存在 妥协 与 拖累 ， 制作 规格 做到 绝对 一致 。 此外 ， 大家 关心 的 手柄 适配 和 主机 计划 也 已经 在 推进 中 ， 下测 就 开放 手柄 体验 。 明年 就 上线 听 起来 似乎 有点 遥远 ， 但 说 起来 今年 就 剩 九十天 了 。 各位 股东 老师 ， 别 客气 ， 请 多多 莅临 指导 工作 ， 给 十六 压力 拉 满 ！ 请 留言 说说 ， 你 觉得 燕云 会 在 明年 什么 时候 上线 公测 呢 。 ' ],2023-09,什么？！燕云要上线了？！
['随着近年来古风题材热度高涨，武侠和仙侠的区别正在渐渐模糊，许多声称武侠的游戏里，充斥着华丽夸张的超自然设定。原想骑马仗剑天涯，不料鲲之大，骑起来一点也不怕；原本轻功快意潇洒，非要雷鸣电闪变仙家；原本招式清冽如酒，非要氪金一刀999，化身迪厅快乐球；原本外观英姿华发，非要烧钱买神尊御驾，cpu闪到爆炸；同质化的浮夸特效，按不住牛顿棺材的魔法效果，时时刻刻提醒着玩家：这不是一个真实存在的世界。武侠的尽头难道真的是仙侠吗？在燕云立项之初，团队里曾经激情讨论过这个话题。大家想起了那些年点燃我们武侠梦的，是刀光剑影力斩不平，也是一人一马浪迹天涯，从来不是这些花里胡哨的设定！我们想打造一个真正纯粹的、沉浸的武侠世界。不同与仙侠的超自然魔幻效果，燕云世界的全部表现，都建立在真实沉浸的前提下，不会让花里胡哨的特效影响了沉浸感。如此说来，是不是意味着特效岗位可以下班了？……不！新的挑战出现了！在观看了大量的经典武侠作品之后，阅片无数的特效小哥发现，早期的武侠影视剧没有夸张的影视特效，但却能让观众感受到武侠特色招数的奇妙，关键在于“气”！▲图源经典武侠影视作品在武侠世界，气是内功的体现，一个人可以拥有各种各样的招式，但如果没有内功，也是徒然。那么燕云要如何体现“气”呢？特效越浮夸，功力越强？不！在燕云，特效的表现必须与真实环境相关，绝不无中生有。当你催动内力使出一套太极招式，并不会在主角的身上看到夸张的光效流动，而只见周围的空气微微扭曲，随之卷动环境中的落叶纷飞。你对着河流使出一套绝活，只见河面上鱼儿翻动，溅起水花朵朵……既见功力，又不与环境冲突。而徒手搓出雷电特效或冰块这种设定，属于霍格沃兹的管辖范畴，不存在燕云世界哈。特效可以视觉化？但绝不会为了渲染氛围而制造出不同形状的光污染。传统的武侠游戏中，为了不同的门派职业和招式，常常使用大量的颜色和光效来区分，本意是想突显个性，但却造成了满屏光污染，甚至就连光污染，也趋向同质化。如果我不说，你知道这是哪个武侠游戏吗？而在燕云的无规则世界里，每个人都是独立的个体，而不是被标签化的某个群体。我们没有花里胡哨的门派特效，全部的武学招式表现都采用了内敛克制的写实风格，战斗情形下的全部的特效都与当下的物理反馈有关，比如金属武器猛烈相撞时，会产生火花特效，力度不同，则火花大小不同。而使用扇子作为武器，则可以通过空气扭曲程度判断风力的大小。你可以自由选择是否加入门派、自由搭配和切换武器招式，打造与众不同的江湖路数。了解一位燕云玩家，更应该了解他的招式和路数，而不是外表的颜色。不用颜色来区分人群，这应该是联合国都公认的道理。特效的克制，并不意味着视听的寡淡。在一些特定的戏剧化情境里，我们用特效制作了大量的“视听盛宴”，有混沌与杀机并存的心魔之战！也有充满硝烟的战场迷雾……全部这些大制作桥段，都是与当下的游戏场景高度结合，没有超能力、没有魔法，增加了故事的感染力，而不会破坏游戏的沉浸感。在武侠游戏渐渐仙侠化的今天，浮夸的特效总能给人带来极大的视觉冲击，但也牺牲了沉浸感和代入感，这绝不是武侠所追求的尽头。而燕云坚定地选择写实武侠的风格，决心要打造一个真沉浸的开放世界。在这里，当我们想到武侠时，看到的是赤手空拳的平凡少年，没有特殊的根骨，没有天选的运气，有的是对于未知冒险的好奇，和永远敢于挑战的勇气。这个平凡而又坚定的少年，不正是燕云的游侠儿们吗？']。 —— 被霍格沃兹占领的武侠，还有救吗？-,《 被 霍格沃兹 占领 的 武侠 ， 还 有救 吗 ？ 》 : [ ' 随着 近年来 古风 题材 热度 高涨 ， 武侠 和 仙侠 的 区别 正在 渐渐 模糊 ， 许多 声称 武侠 的 游戏 里 ， 充斥 着 华丽 夸张 的 超自然 设定 。 原 想 骑马 仗 剑 天涯 ， 不料 鲲 之 大 ， 骑 起来 一点 也 不怕 ； 原本 轻功 快意 潇洒 ， 非要 雷鸣电 闪 变 仙家 ； 原本 招式 清冽 如 酒 ， 非要 氪金 一 刀 999 ， 化身 迪厅 快乐球 ； 原本 外观 英姿 华发 ， 非要 烧钱 买 神尊 御驾 ， cpu 闪 到 爆炸 ； 同质化 的 浮夸 特效 ， 按 不住 牛顿 棺材 的 魔法 效果 ， 时时刻刻 提醒 着 玩家 ： 这 不是 一个 真实 存在 的 世界 。 武侠 的 尽头 难道 真 的 是 仙侠 吗 ？ 在 燕云 立项 之 初 ， 团队 里 曾经 激情 讨论 过 这个 话题 。 大家 想起 了 那些 年 点燃 我们 武侠 梦 的 ， 是 刀光 剑影 力 斩 不平 ， 也是 一 人 一 马 浪迹 天涯 ， 从来 不是 这些 花里胡哨 的 设定 ！ 我们 想 打造 一个 真正 纯粹 的 、 沉浸 的 武侠 世界 。 不同 与 仙侠 的 超自然 魔幻 效果 ， 燕云 世界 的 全部 表现 ， 都 建立 在 真实 沉浸 的 前提 下 ， 不会 让 花里胡哨 的 特效 影响 了 沉浸感 。 如此 说来 ， 是不是 意味着 特效 岗位 可以 下班 了 ？ …… 不 ！ 新 的 挑战 出现 了 ！ 在 观看 了 大量 的 经典 武侠 作品 之后 ， 阅片 无数 的 特效 小哥 发现 ， 早期 的 武侠 影视剧 没有 夸张 的 影视 特效 ， 但 却 能 让 观众 感受 到 武侠 特色 招数 的 奇妙 ， 关键 在于 “ 气 ” ！ ▲ 图源 经典 武侠 影视 作品 在 武侠 世界 ， 气 是 内功 的 体现 ， 一个 人 可以 拥有 各种各样 的 招式 ， 但 如果 没有 内功 ， 也是 徒然 。 那么 燕云 要 如何 体现 “ 气 ” 呢 ？ 特效 越 浮夸 ， 功力 越 强 ？ 不 ！ 在 燕云 ， 特效 的 表现 必须 与 真实 环境 相关 ， 绝不 无中生有 。 当 你 催动 内力 使出 一套 太极 招式 ， 并 不会 在 主角 的 身上 看到 夸张 的 光效 流动 ， 而 只见 周围 的 空气 微微 扭曲 ， 随 之 卷动 环境 中 的 落叶 纷飞 。 你 对着 河流 使出 一套 绝活 ， 只见 河面 上 鱼儿 翻动 ， 溅 起 水花 朵朵 …… 既 见 功力 ， 又 不 与 环境 冲突 。 而 徒手 搓 出 雷电 特效 或 冰块 这种 设定 ， 属于 霍格沃兹 的 管辖 范畴 ， 不 存在 燕云 世界 哈 。 特效 可以 视觉 化 ？ 但 绝 不会 为了 渲染 氛围 而 制造 出 不同 形状 的 光 污染 。 传统 的 武侠 游戏 中 ， 为了 不同 的 门派 职业 和 招式 ， 常常 使用 大量 的 颜色 和 光效 来 区分 ， 本意 是 想 突显 个性 ， 但 却 造成 了 满 屏 光 污染 ， 甚至 就 连 光 污染 ， 也 趋向 同质化 。 如果 我 不 说 ， 你 知道 这是 哪个 武侠 游戏 吗 ？ 而 在 燕云 的 无 规则 世界 里 ， 每个人 都是 独立 的 个体 ， 而 不是 被 标签化 的 某个 群体 。 我们 没有 花里胡哨 的 门派 特效 ， 全部 的 武学 招式 表现 都 采用 了 内敛 克制 的 写实 风格 ， 战斗 情形 下 的 全部 的 特效 都 与 当下 的 物理 反馈 有关 ， 比如 金属 武器 猛烈 相撞 时 ， 会 产生 火花 特效 ， 力度 不同 ， 则 火花 大小 不同 。 而 使用 扇子 作为 武器 ， 则 可以 通过 空气 扭曲 程度 判断 风力 的 大小 。 你 可以 自由 选择 是否 加入 门派 、 自由 搭配 和 切换 武器 招式 ， 打造 与众不同 的 江湖 路数 。 了解 一 位 燕云 玩家 ， 更 应该 了解 他 的 招式 和 路数 ， 而 不是 外表 的 颜色 。 不用 颜色 来 区分 人群 ， 这 应该 是 联合国 都 公认 的 道理 。 特效 的 克制 ， 并不 意味着 视听 的 寡淡 。 在 一些 特定 的 戏剧化 情境 里 ， 我们 用 特效 制作 了 大量 的 “ 视听 盛宴 ” ， 有 混沌 与 杀机 并存 的 心魔 之 战 ！ 也 有 充满 硝烟 的 战场 迷雾 …… 全部 这些 大 制作 桥段 ， 都是 与 当下 的 游戏 场景 高度 结合 ， 没有 超能力 、 没有 魔法 ， 增加 了 故事 的 感染力 ， 而 不会 破坏 游戏 的 沉浸感 。 在 武侠 游戏 渐渐 仙侠化 的 今天 ， 浮夸 的 特效 总能 给 人 带来 极大 的 视觉 冲击 ， 但 也 牺牲 了 沉浸感 和 代入感 ， 这 绝不 是 武侠 所 追求 的 尽头 。 而 燕云 坚定 地 选择 写实 武侠 的 风格 ， 决心 要 打造 一个 真 沉浸 的 开放世界 。 在 这里 ， 当 我们 想到 武侠 时 ， 看到 的 是 赤手空拳 的 平凡 少年 ， 没有 特殊 的 根骨 ， 没有 天选 的 运气 ， 有的 是 对于 未知 冒险 的 好奇 ， 和 永远 敢于 挑战 的 勇气 。 这个 平凡 而 又 坚定 的 少年 ， 不 正是 燕云 的 游侠儿 们 吗 ？ ' ],2023-08,被霍格沃兹占领的武侠，还有救吗？
['久违了，各位小伙伴们好。蕤宾测试结束后，燕云收获了超乎预期的肯定和鼓励，这意味着团队这几年的努力都没有白费，也令我们更加笃定了信心，要朝着“无规则，真沉浸”的开放世界方向继续努力。在游戏之外，恰逢版号审批通过，我们收到了许多祝贺，也有不少行业伙伴主动伸出了合作的橄榄枝，尤其是我们人狠话不多的母公司，用更多的金钱和资源扶持表达了认可。这对团队来说意味着更多的机会和可能，我们终于可以更加放心大胆地做一些过去想都不敢想的尝试。种种一切，制作组都非常感激，而要回报这一切，唯有把握机会，加倍努力把燕云做好，才能不负厚望。为此，我们筹划了三件大事！时隔一年，我们又要参展啦！今年，我们将再次参加2023年的德国科隆游戏展（gamescom），以及其他的大型国际展会！在这些展会上，我们都将开放海外版本的部分实机试玩，制作组也派出了部分成员前往现场，届时欢迎海外的玩家朋友来交流体验。当然，我们的学习任务也很重！过去，我们只能凭借自己的理解去学习优秀作品，如今，在母公司和各界同行的支持下，制作组与国内外许多优秀的游戏团队开展了面对面深度的交流学习活动，其中不乏一些国际上优秀的3a团队。我们深刻地希望，通过学习和取经，可以不断缩小与国际优秀团队在创作和游戏工业化上的差距，并不断形成《燕云》的独特制作风格。也欢迎大家前往官网预约游戏及时更新您所登记的信息，不错过燕云最新动态！（官网传送门： —— 三件大事发生！燕云的绝世武功要如何才能练成呢？-,《 三件 大事 发生 ！ 燕云 的 绝世 武功 要 如何 才 能 练 成 呢 ？ 》 : [ ' 久违 了 ， 各位 小伙伴 们 好 。 蕤宾 测试 结束 后 ， 燕云 收获 了 超乎 预期 的 肯定 和 鼓励 ， 这 意味着 团队 这 几年 的 努力 都 没有 白费 ， 也 令 我们 更加 笃定 了 信心 ， 要 朝着 “ 无 规则 ， 真 沉浸 ” 的 开放世界 方向 继续 努力 。 在 游戏 之外 ， 恰逢 版号 审批 通过 ， 我们 收到 了 许多 祝贺 ， 也 有 不少 行业 伙伴 主动 伸出 了 合作 的 橄榄枝 ， 尤其是 我们 人 狠话 不 多 的 母公司 ， 用 更 多 的 金钱 和 资源 扶持 表达 了 认可 。 这 对 团队 来说 意味着 更 多 的 机会 和 可能 ， 我们 终于 可以 更加 放心 大胆 地 做 一些 过去 想 都 不敢 想 的 尝试 。 种种 一切 ， 制作组 都 非常 感激 ， 而 要 回报 这 一切 ， 唯有 把握 机会 ， 加倍 努力 把 燕云 做好 ， 才 能 不 负 厚望 。 为此 ， 我们 筹划 了 三件 大事 ！ 时隔 一年 ， 我们 又要 参展 啦 ！ 今年 ， 我们 将 再次 参加 2023年 的 德国 科隆 游戏展 （ gamescom ） ， 以及 其他 的 大型 国际 展会 ！ 在 这些 展会 上 ， 我们 都 将 开放 海外 版本 的 部分 实机 试玩 ， 制作组 也 派出 了 部分 成员 前往 现场 ， 届时 欢迎 海外 的 玩家 朋友 来 交流 体验 。 当然 ， 我们 的 学习 任务 也 很 重 ！ 过去 ， 我们 只能 凭借 自己 的 理解 去 学习 优秀 作品 ， 如今 ， 在 母公司 和 各界 同行 的 支持 下 ， 制作组 与 国内外 许多 优秀 的 游戏 团队 开展 了 面对面 深度 的 交流 学习 活动 ， 其中 不乏 一些 国际 上 优秀 的 3a 团队 。 我们 深刻 地 希望 ， 通过 学习 和 取经 ， 可以 不断 缩小 与 国际 优秀 团队 在 创作 和 游戏 工业化 上 的 差距 ， 并 不断 形成 《 燕云 》 的 独特 制作 风格 。 也 欢迎 大家 前往 官网 预约 游戏 及时 更新 您 所 登记 的 信息 ， 不 错过 燕云 最新 动态 ！ （ 官网 传送门 ：,2023-07,三件大事发生！燕云的绝世武功要如何才能练成呢？
['截至前夜，蕤宾测试已经圆满落下帷幕，为了筹备测试肝了许久的制作组也终于松了口气。终于可以坐下来，认真的品读玩家朋友们分享在各个平台的评测和感想。从首曝时突然收获的关注与期待，到试完会的热情与支持，到直播翻车的讨论与争议，再到现在，在线上迎来第一批玩家，直面最真实的审视与评价。和六月的学子们一样，我们也刚刚经历了人生中一场重要的考试。我们很幸运地拥有了一个广受关注的开场，更幸运的是随之而来的小小波折。直播的争议与批评令我们更加清醒，提醒我们去看到项目尚不完美的地方，避免踏入一帆风顺鲜花着锦的陷阱。在考场铃响前的每一秒，都想去努力做得更好。而最幸运的是，这三天中，我们所收获的肯定与鼓励，已经远远超出我们的预期。△本次测试结束后，taptap评分升至9.0，感谢大家的肯定！该如何去记述这三天中点点滴滴的感动。是开服后玩家群里的第一声赞叹？是关服时无数美不胜收的纪念合影？是一字一句详实认真的反馈与建议？是大段大段真诚的留言与测评？是曾经的质疑渐渐变成了鼓励，是越来越多的人开始对我们说：做成这样已经很不错了，继续打磨，加油！△关服前，诸多游侠的肯定与鼓励！△群里的小伙伴们热情讨论燕云的各种玩法!△各个平台上关于燕云的讨论在燕云中，游侠可以同时装配两把武器。而对我们来说，这两把武器，一是永不服输的信念，二是知道自己并不完美的警醒。请大家放心，我们一定会继续好好打磨游戏。根据测试情况，我们也已经制定了下一阶段的优化方向。战斗系统本次测试，是燕云全新的战斗系统第一次对外测试。我们看到了大家对于新战斗系统中武器差异、弹反机制的认可，也会针对反馈较多的问题持续优化。●关于武器后续会持续增加体感差异更大的武器，比如重量更轻攻势凌厉的双手剑，比长枪更重的大刀等。同时，现有的部分武器手感也会继续调优。●关于怪物会着重优化怪物ai在视野范围设定、特殊事件响应、群组行为生动性等，下测时一定大大提高他们的攻击欲望和灵活反应。怪物数量也会进一步增多，外型和机制上都会增补更独特的设计。●关于手感前期重点主要放在了战斗框架的搭建实现，部分武学手感还没来得及调优。比如卸势和借势触发时机和提示确实不太清晰，后续会优化；同时也增补更多衔接动作，提升武学招式衔接时的流畅度；怪物的受击特效和音效也会持续优化，总之，肝就完事儿了。引导与交互目前的引导确实不够完善，有些交互也不够友好。因为开放世界内容体量大，系统庞杂，我们又想在引导和交互上做得尽量简洁，所以还没有把握好其中的平衡。未来会继续完善这方面，同时也会尝试用一些创新性的设计来解决大家遇到的阻塞与困难。请大家期待。性能优化因为之前确实没时间做优化，所以这次测试的设备性能要求比较高。目前包体和性能优化已经提上日程。下次测试一定会降低设备门槛，让更多的朋友们都能玩到。最后，还是想说，谢谢大家，我们一定会做出值得大家期待的游戏。——要怎样才能练成绝世武功？——用真心。——用真心就可以吗？——是的，真心一定会被看见。-end-']。 —— 写在蕤宾测试结束后-,《 写 在 蕤宾 测试 结束 后 》 : [ ' 截至 前夜 ， 蕤宾 测试 已经 圆满 落下 帷幕 ， 为了 筹备 测试 肝 了 许久 的 制作组 也 终于 松 了 口 气 。 终于 可以 坐 下来 ， 认真 的 品读 玩家 朋友 们 分享 在 各个 平台 的 评测 和 感想 。 从 首曝 时 突然 收获 的 关注 与 期待 ， 到 试 完 会 的 热情 与 支持 ， 到 直播 翻车 的 讨论 与 争议 ， 再 到 现在 ， 在 线上 迎来 第一批 玩家 ， 直面 最 真实 的 审视 与 评价 。 和 六月 的 学子 们 一样 ， 我们 也 刚刚 经历 了 人生 中 一 场 重要 的 考试 。 我们 很 幸运 地 拥有 了 一个 广 受 关注 的 开场 ， 更 幸运 的 是 随 之 而 来 的 小小 波折 。 直播 的 争议 与 批评 令 我们 更加 清醒 ， 提醒 我们 去 看到 项目 尚 不 完美 的 地方 ， 避免 踏 入 一帆风顺 鲜花 着 锦 的 陷阱 。 在 考场 铃响 前 的 每 一秒 ， 都 想 去 努力 做 得 更 好 。 而 最 幸运 的 是 ， 这 三天 中 ， 我们 所 收获 的 肯定 与 鼓励 ， 已经 远远 超出 我们 的 预期 。 △ 本 次 测试 结束 后 ， taptap 评分 升 至 9.0 ， 感谢 大家 的 肯定 ！ 该 如何 去 记述 这 三天 中 点点滴滴 的 感动 。 是 开服 后 玩家群 里 的 第一声 赞叹 ？ 是 关服 时 无数 美不胜收 的 纪念 合影 ？ 是 一 字 一 句 详实 认真 的 反馈 与 建议 ？ 是 大 段 大 段 真诚 的 留言 与 测评 ？ 是 曾经 的 质疑 渐渐 变成 了 鼓励 ， 是 越来越 多 的 人 开始 对 我们 说 ： 做成 这样 已经 很 不错 了 ， 继续 打磨 ， 加油 ！ △ 关服 前 ， 诸多 游侠 的 肯定 与 鼓励 ！ △ 群 里 的 小伙伴 们 热情 讨论 燕云 的 各种 玩法 ! △ 各个 平台 上 关于 燕云 的 讨论 在 燕云 中 ， 游侠 可以 同时 装配 两把 武器 。 而 对 我们 来说 ， 这 两把 武器 ， 一 是 永不 服输 的 信念 ， 二 是 知道 自己 并不 完美 的 警醒 。 请 大家 放心 ， 我们 一定 会 继续 好好 打磨 游戏 。 根据 测试 情况 ， 我们 也 已经 制定 了 下 一 阶段 的 优化 方向 。 战斗 系统 本 次 测试 ， 是 燕云 全新 的 战斗 系统 第一次 对外 测试 。 我们 看到 了 大家 对于 新 战斗 系统 中 武器 差异 、 弹反 机制 的 认可 ， 也 会 针对 反馈 较多 的 问题 持续 优化 。 ● 关于 武器 后续 会 持续 增加 体感 差异 更 大 的 武器 ， 比如 重量 更 轻 攻势 凌厉 的 双手剑 ， 比 长枪 更 重 的 大刀 等 。 同时 ， 现有 的 部分 武器 手感 也 会 继续 调优 。 ● 关于 怪物 会 着重 优化 怪物 ai 在 视野 范围 设定 、 特殊 事件 响应 、 群组 行为 生动性 等 ， 下测 时 一定 大大 提高 他们 的 攻击 欲望 和 灵活 反应 。 怪物 数量 也 会 进一步 增多 ， 外型 和 机制 上 都 会 增补 更 独特 的 设计 。 ● 关于 手感 前期 重点 主要 放 在 了 战斗 框架 的 搭建 实现 ， 部分 武学 手感 还 没 来得及 调优 。 比如 卸势 和 借势 触发 时机 和 提示 确实 不 太 清晰 ， 后续 会 优化 ； 同时 也 增补 更 多 衔接 动作 ， 提升 武学 招式 衔接 时 的 流畅度 ； 怪物 的 受击 特效 和 音效 也 会 持续 优化 ， 总之 ， 肝 就 完事儿 了 。 引导 与 交互 目前 的 引导 确实 不够 完善 ， 有些 交互 也 不够 友好 。 因为 开放世界 内容 体量 大 ， 系统 庞杂 ， 我们 又 想 在 引导 和 交互 上 做 得 尽量 简洁 ， 所以 还 没有 把握 好 其中 的 平衡 。 未来 会 继续 完善 这 方面 ， 同时 也 会 尝试 用 一些 创新性 的 设计 来 解决 大家 遇到 的 阻塞 与 困难 。 请 大家 期待 。 性能 优化 因为 之前 确实 没 时间 做 优化 ， 所以 这次 测试 的 设备 性能 要求 比较 高 。 目前 包体 和 性能 优化 已经 提 上 日程 。 下次 测试 一定 会 降低 设备 门槛 ， 让 更 多 的 朋友 们 都 能 玩 到 。 最后 ， 还是 想 说 ， 谢谢 大家 ， 我们 一定 会 做出 值得 大家 期待 的 游戏 。 —— 要 怎样 才 能 练 成 绝世 武功 ？ —— 用 真心 。 — — 用 真心 就 可以 吗 ？ —— 是的 ， 真心 一定 会 被 看见 。 end ' ],2023-06,写在蕤宾测试结束后
['今天给大家看一些我们游戏里的奇术：可以带来欢乐的“点笑穴”；酒桌文化利器；高效挖矿手法；萤火虫点灯术……这些“生活小妙招”，一定可以帮助提高你的燕云生活质量！春晚导演都想要的——点笑穴会点穴定身已经不出奇了会点笑穴，才算是高手学会这一招让全村的人都为你感到高兴酒桌文化利器喝酒不护肝，都是傻憨憨！一位经历过酒桌文化的小伙子如此说道拥有了奇术“酒行剑令”之后小伙子一边喝酒一边排酒喝完酒一口气还能下地宫六层别吃土了，我挖矿养你啊生活总是充满琐碎的烦恼你还在为煤矿的开采感到担忧吗？还在因为巨石堵路而发愁吗？拥有“金刚伏魔掌”快速采矿不发愁谁来抢矿就揍他一个奇术，为您解决多种生活烦恼虫虫我呀，也想要为你驱走黑暗黑夜给了你黑色的眼睛你却用它寻找光明为什么不找虫虫我呢？使用“萤火晖夜”奇术虫虫我呀，也想要为你驱走黑暗*本奇术纯属致敬当年令某冲讨好小师妹的行为，同时又增加了一些实用性。需要声明的是，玩法制作过程中没有任何萤火虫或是舔狗受到伤害。以上，最近负责奇术的老哥来了劲，说是正在研究一种可以破坏物体的指法，之前一直躺在文件夹里的“空中借力上升术”似乎也有了进度……一旦熟稔使用这些“生活小妙招”，在游戏中的解题思路也变得开阔了起来，毕竟：-end-']。 —— 燕云简报|奇术，平平无奇的生活小妙招罢了-,《 燕云 简报 | 奇术 ， 平平无奇 的 生活 小 妙招 罢了 》 : [ ' 今天 给 大家 看 一些 我们 游戏 里 的 奇术 ： 可以 带来 欢乐 的 “ 点笑穴 ” ； 酒桌 文化 利器 ； 高效 挖 矿 手法 ； 萤火虫 点灯术 …… 这些 “ 生活 小 妙招 ” ， 一定 可以 帮助 提高 你 的 燕云 生活 质量 ！ 春晚 导演 都 想 要 的 —— 点笑穴会 点穴 定身 已经 不 出奇 了 会 点笑穴 ， 才 算是 高手 学会 这 一 招 让 全村 的 人 都 为 你 感到 高兴 酒桌 文化 利器 喝酒 不 护肝 ， 都是 傻憨憨 ！ 一 位 经历 过 酒桌 文化 的 小伙子 如此 说道 拥有 了 奇术 “ 酒 行 剑令 ” 之后 小伙子 一边 喝酒 一边 排 酒 喝 完 酒 一口气 还 能 下 地宫 六层 别 吃 土 了 ， 我 挖 矿 养 你 啊 生活 总是 充满 琐碎 的 烦恼 你 还 在 为 煤矿 的 开采 感到 担忧 吗 ？ 还 在 因为 巨石 堵路 而 发愁 吗 ？ 拥有 “ 金刚 伏 魔掌 ” 快速 采矿 不 发愁 谁 来 抢 矿 就 揍 他 一个 奇术 ， 为 您 解决 多种 生活 烦恼 虫 虫 我 呀 ， 也 想 要 为 你 驱走 黑暗 黑夜 给 了 你 黑色 的 眼睛 你 却 用 它 寻找 光明 为什么 不 找 虫虫 我 呢 ？ 使用 “ 萤火晖 夜 ” 奇术 虫 虫 我 呀 ， 也 想 要 为 你 驱走 黑暗 * 本 奇术 纯属 致敬 当年 令 某冲 讨好 小师妹 的 行为 ， 同时 又 增加 了 一些 实用性 。 需要 声明 的 是 ， 玩法 制作 过程 中 没有 任何 萤火虫 或是 舔 狗 受到 伤害 。 以上 ， 最近 负责 奇术 的 老哥 来 了 劲 ， 说是 正在 研究 一种 可以 破坏 物体 的 指法 ， 之前 一直 躺 在 文件夹 里 的 “ 空中 借力 上升 术 ” 似乎 也 有 了 进度 …… 一旦 熟稔 使用 这些 “ 生活 小 妙招 ” ， 在 游戏 中 的 解题 思路 也 变得 开阔 了 起来 ， 毕竟 ： end ' ],2023-04,燕云简报 | 奇术，平平无奇的生活小妙招罢了
['在游戏里和npc吵起来是一种怎样的体验？我们在努力让npc有更多的鲜活表现，比如玩家可以观察npc的一天发现他们的“小秘密”！闯进npc的生活，给他们带来一点小“惊喜”，甚至还能和他们吵架！有的npc动手能力很强，一言不合就物理说服，也有一些优雅的npc，冷静，克制，目击到不法行径，转头就跑去报官！一不小心被捕，还有“铁窗泪”生涯等着……最近人工智能的风很大，看到别人家的ai巧舌如簧，说完全不眼红是假的。我们也想过有没有可能给我们游戏的npc接入gpt，但仔细想想又挠秃了头，首先因为中文独有的高语境特色，以及训练文本数量难以像西语那么多，导致ai的语言风格和审美表达总感觉不是我们理想的中式味道，其次，它也太贵了吧。tvt但我们最终还是用了ai，为了解决上述问题，使用的是“高定、独享、本地化版本”，也即程序小哥自己写的，目前主要装载于npc的行为表现上，使其在遇到突发的随机情况时，能做出符合当下情境的最合理且自然的反应。换句话说，我们在努力让npc变得更鲜活，他们拥有着属于这个时代的行为逻辑，也会有自己的情感故事和偏好，虽然看起来只是一个个普通的npc，但正是他们构建起了燕云的武侠世界。这些npc虽然还不具备工业革命带来的科技意识，但一定不笨，毕竟他们至少已经学会了一项古今中外全部人类都热衷的社交行为——吵架。●和npc吵起来了在燕云世界里，npc也有着自己的观点意识，有些甚至还拥有着“三寸不烂之舌”，玩家如果遇到和npc观点不和的情况，就可以与其开展“话术”辩论，在唇枪舌剑之间，还可以使用“抬杠”“放狠话”等手段，努力“说服”他们。话术是我们的npc交互玩法之一，也给不少玩家留下了深刻印象，比如去年初的内部实验室测试活动上，就有玩家问我们：你们游戏是吵架模拟器吗？●不吵架的时候，他们在做什么？很多npc有着丰富的生活行动轨迹，如果我们吃饱了撑的，可以尝试跟踪观察他们的一天，说不定会收获一些暗（hao）流（wu）涌（jia）动（zhi）的小秘密。有的npc白天在工地干活时一本正经，晚上却在一起贴贴。▲地下恋情，很辛苦吧？有的小朋友看起来好像在读正经书，不一会儿竟然已经学会了壁咚？▲青梅竹马，两小无猜！还有的npc在村里小偷小摸，一旦得手拔腿就跑，但如果有耐心跟着他就会发现，成年鼠的生活，何来容易二字。▲跟他回家，发现新故事！●我不是来拆散这个家的……除了观察npc，我们也可以闯进他们的故事里，用行动给他们的生活制造一些“惊喜”。比如看到某些练功时肢体总是不协调的小学徒们，不妨使用点穴来帮他们打通任督二脉，助其早日功法大成。除了助人为乐，遇到蛮横之人也可以小小捉弄他们一下！比如我们首曝视频中演示过的“隔空取物”，除了可以用于拿取远距离物品，也可以用于探取npc背包中的东西，以此可以效仿“盗圣行为”！不过要注意，这些npc们对自己的私人财产有很强的维护意识，当他们发现自己的物品被摸走，恐怕会怒火中烧，甚至还会叫上帮手“教训”为非作歹之人！当然可以选择还手，不过要对他们的武力值有所预判，毕竟高手在民间，我们之前的试玩会上就有玩家不小心惹到了这位“村霸”，那后果真是……除了这些动手能力很强的npc，也有一些十分优雅的npc，冷静，克制，有着极好的律法意识，目击到不法行径，转头就跑去报官！如果及时发现这些举报的npc，我们还可以想办法阻止他们，比如使用“话术”为自己伸（狡）冤（辩）。如果实在吵不过npc也没事，必要时使用一些武力也不失为一种办法，但如果阻止失败，等待我们的，可就是官兵追捕了……牢狱玩法也是我们的npc交互玩法之一，游戏里的官兵接到报案，将会对玩家开展追捕行动，此时将上演一场大型追逐战……如果实在跑不掉，将会被捕入狱。被囚期间，玩家不得不暂停风光霁月的大侠生涯，进入“铁窗泪”阶段。为此我们还设计了相当充实的“服刑”内容：根据刑罚不同，玩家被关押后将被判不同程度的惩罚，其中一些可能会造成身体羸弱，所以需要玩家在狱中积极表现以求减轻刑罚，比如努力做工，争取劳动改造；参与狱中汇演，以提升自己的正面形象，等等。这些npc的身上有着许多人的生活倒影，他们未必非常聪明、未必非常幸运，但他们在自己的世界里默默努力着，生活着，就像是另一个世界的我们，而我们终会在燕云大地上相遇。最后借用一位导师的话：“无穷的远方，无数的人们，都与我有关。”我想，这就是我们想要打造的开放世界吧。-end-']。 —— 我和npc吵起来了，当我尝试融入这个世界……-,《 我 和 NPC 吵 起来 了 ， 当 我 尝试 融入 这个 世界 … … 》 : [ ' 在 游戏 里 和 npc 吵 起来 是 一种 怎样 的 体验 ？ 我们 在 努力 让 npc 有 更 多 的 鲜活 表现 ， 比如 玩家 可以 观察 npc 的 一天 发现 他们 的 “ 小 秘密 ” ！ 闯进 npc 的 生活 ， 给 他们 带来 一点 小 “ 惊喜 ” ， 甚至 还 能 和 他们 吵架 ！ 有的 npc 动手 能力 很 强 ， 一言不合 就 物理 说服 ， 也 有一些 优雅 的 npc ， 冷静 ， 克制 ， 目击 到 不法 行径 ， 转头 就 跑 去 报官 ！ 一不小心 被捕 ， 还有 “ 铁窗泪 ” 生涯 等 着 …… 最近 人工智能 的 风 很 大 ， 看到 别人 家 的 ai 巧舌如簧 ， 说 完全 不 眼红 是 假 的 。 我们 也 想 过 有没有 可能 给 我们 游戏 的 npc 接入 gpt ， 但 仔细 想想 又 挠 秃 了 头 ， 首先 因为 中文 独有 的 高 语境 特色 ， 以及 训练 文本 数量 难以 像 西语 那么 多 ， 导致 ai 的 语言 风格 和 审美 表达 总 感觉 不是 我们 理想 的 中式 味道 ， 其次 ， 它 也 太 贵 了 吧 。 tvt 但 我们 最终 还是 用 了 ai ， 为了 解决 上述 问题 ， 使用 的 是 “ 高定 、 独享 、 本地化 版本 ” ， 也 即 程序 小哥 自己 写 的 ， 目前 主要 装载 于 npc 的 行为 表现 上 ， 使 其 在 遇到 突发 的 随机 情况 时 ， 能 做出 符合 当下 情境 的 最 合理 且 自然 的 反应 。 换句话说 ， 我们 在 努力 让 npc 变得 更 鲜活 ， 他们 拥有 着 属于 这个 时代 的 行为 逻辑 ， 也 会 有 自己 的 情感 故事 和 偏好 ， 虽然 看起来 只是 一个个 普通 的 npc ， 但 正是 他们 构建 起 了 燕云 的 武侠 世界 。 这些 npc 虽然 还 不 具备 工业革命 带来 的 科技 意识 ， 但 一定 不 笨 ， 毕竟 他们 至少 已经 学会 了 一 项 古今中外 全部 人类 都 热衷 的 社交 行为 —— 吵架 。 ● 和 npc 吵 起来 了 在 燕云 世界 里 ， npc 也 有着 自己 的 观点 意识 ， 有些 甚至 还 拥有 着 “ 三寸不烂之舌 ” ， 玩家 如果 遇到 和 npc 观点 不和 的 情况 ， 就 可以 与 其 开展 “ 话术 ” 辩论 ， 在 唇枪舌剑 之间 ， 还 可以 使用 “ 抬杠 ” “ 放 狠话 ” 等 手段 ， 努力 “ 说服 ” 他们 。 话术 是 我们 的 npc 交互 玩法 之一 ， 也 给 不少 玩家 留下 了 深刻 印象 ， 比如 去年初 的 内部 实验室 测试 活动 上 ， 就 有 玩家 问 我们 ： 你们 游戏 是 吵架 模拟器 吗 ？ ● 不 吵架 的 时候 ， 他们 在 做 什么 ？ 很多 npc 有着 丰富 的 生活 行动 轨迹 ， 如果 我们 吃 饱 了 撑 的 ， 可以 尝试 跟踪 观察 他们 的 一天 ， 说不定 会 收获 一些 暗 （ hao ） 流 （ wu ） 涌 （ jia ） 动 （ zhi ） 的 小 秘密 。 有的 npc 白天 在 工地 干活 时 一本正经 ， 晚上 却 在 一起 贴贴 。 ▲ 地下 恋情 ， 很 辛苦 吧 ？ 有的 小朋友 看起来 好像 在 读 正经书 ， 不一会儿 竟然 已经 学会 了 壁咚 ？ ▲ 青梅竹马 ， 两小无猜 ！ 还 有的 npc 在 村里 小偷小摸 ， 一旦 得手 拔腿 就 跑 ， 但 如果 有 耐心 跟着 他 就 会 发现 ， 成年 鼠 的 生活 ， 何来 容易 二 字 。 ▲ 跟 他 回家 ， 发现 新 故事 ！ ● 我 不是 来 拆散 这个 家 的 …… 除了 观察 npc ， 我们 也 可以 闯进 他们 的 故事 里 ， 用 行动 给 他们 的 生活 制造 一些 “ 惊喜 ” 。 比如 看到 某些 练功 时 肢体 总是 不 协调 的 小 学徒 们 ， 不妨 使用 点穴 来 帮 他们 打通 任 督 二 脉 ， 助 其 早日 功法 大成 。 除了 助人为乐 ， 遇到 蛮横 之 人 也 可以 小小 捉弄 他们 一下 ！ 比如 我们 首曝 视频 中 演示 过 的 “ 隔空 取物 ” ， 除了 可以 用于 拿取 远 距离 物品 ， 也 可以 用于 探取 npc 背包 中 的 东西 ， 以此 可以 效仿 “ 盗圣 行为 ” ！ 不过 要 注意 ， 这些 npc 们 对 自己 的 私人 财产 有 很 强 的 维护 意识 ， 当 他们 发现 自己 的 物品 被 摸 走 ， 恐怕 会 怒火中烧 ， 甚至 还 会 叫 上 帮手 “ 教训 ” 为非作歹 之 人 ！ 当然 可以 选择 还手 ， 不过 要 对 他们 的 武力值 有所 预判 ， 毕竟 高手 在 民间 ， 我们 之前 的 试玩会 上 就 有 玩家 不 小心 惹 到 了 这 位 “ 村霸 ” ， 那 后果 真是 …… 除了 这些 动手 能力 很 强 的 npc ， 也 有一些 十分 优雅 的 npc ， 冷静 ， 克制 ， 有着 极 好 的 律法 意识 ， 目击 到 不法 行径 ， 转头 就 跑 去 报官 ！ 如果 及时 发现 这些 举报 的 npc ， 我们 还 可以 想 办法 阻止 他们 ， 比如 使用 “ 话术 ” 为 自己 伸 （ 狡 ） 冤 （ 辩 ） 。 如果 实在 吵 不过 npc 也 没事 ， 必要 时 使用 一些 武力 也 不失为 一种 办法 ， 但 如果 阻止 失败 ， 等待 我们 的 ， 可就是 官兵 追捕 了 …… 牢狱 玩法 也是 我们 的 npc 交互 玩法 之一 ， 游戏 里 的 官兵 接到 报案 ， 将 会 对 玩家 开展 追捕 行动 ， 此时 将 上演 一 场 大型 追逐战 …… 如果 实在 跑 不 掉 ， 将 会 被捕 入狱 。 被 囚 期间 ， 玩家 不得不 暂停 风光 霁 月 的 大侠 生涯 ， 进入 “ 铁窗泪 ” 阶段 。 为此 我们 还 设计 了 相当 充实 的 “ 服刑 ” 内容 ： 根据 刑罚 不同 ， 玩家 被 关押 后 将 被 判 不同 程度 的 惩罚 ， 其中 一些 可能 会 造成 身体 羸弱 ， 所以 需要 玩家 在 狱中 积极 表现 以求 减轻 刑罚 ， 比如 努力 做工 ， 争取 劳动改造 ； 参与 狱中 汇演 ， 以 提升 自己 的 正面 形象 ， 等等 。 这些 npc 的 身上 有着 许多 人 的 生活 倒影 ， 他们 未必 非常 聪明 、 未必 非常 幸运 ， 但 他们 在 自己 的 世界 里 默默 努力 着 ， 生活 着 ， 就 像 是 另 一个 世界 的 我们 ， 而 我们 终 会 在 燕云 大地 上 相遇 。 最后 借用 一 位 导师 的话 ： “ 无穷 的 远方 ， 无数 的 人们 ， 都 与 我 有关 。 ” 我 想 ， 这 就 是 我们 想 要 打造 的 开放世界 吧 。 end ' ],2023-04,我和NPC吵起来了，当我尝试融入这个世界……
['随着“城市试玩计划”的推进，我们的游戏也在不断的优化，尤其是大家都很关心的战斗方面内容，截至广州试玩会时，也有了一些新的阶段性成果，比如：我们对把时停的操作机制迭代为了“发劲”和“化劲”两种，部分派生动作也有了初步的效果，也优化了部分boss、以及试玩会上大家反馈较多的引导问题！虽然时间有限还未能臻于完善，未来我们还会继续调优，把它做得更好的！作为一个还在开发早期的游戏，每一次线下试玩，都能收到现场玩家的热情鼓励，我们已经大受鼓舞，通过这段时间的试玩会，我们也收集到了许多具有参考意义的实机体验数据和反馈，唯有努力把游戏做得更好，才能回报大家的热情！至此，“城市试玩计划”也要告一段落了，接下来，我们将会闭关一段时间，结合试玩会的体验反馈，专心打磨游戏！在此之前，针对之前直播和线下测试时大家比较关心的内容，十六也整理了一些阶段性优化成果，尤其是战斗系统的优化，在此向大家同步！1、我们正在努力提升战斗的操作手感和打击感。一方面，强化不同武器的攻击差异度，枪、剑、扇，迥异。另一方面，同一种武器在不同攻击状态下的手感也有差异，比如枪在轻攻击、重攻击的状态下，力量感会有明显的不同。2、对时停机制进行了更精确的判定和操作区分，将时停的操作机制迭代为“发劲”和“化劲”两种：●发劲：面对敌人攻击时，在合适的时机进行完美格挡，并快速发起反击，以彼之力，还诸彼身。●化劲：在敌人发力的瞬间巧妙避开，使得敌人扑空发不出力，从而达到卸力的效果。趁敌人没反应过来的时候发动反击，将会效率大增。3、部分派生动作也有了初步的效果，例如常见的冲刺、跳跃将会附带攻击功能。我们也对怪物进行了高强度的“封闭性训练”，未来怪物的警觉性也会大大提升，战斗分工和表演动作都会更细致。部分boss的战斗表现也做了一定的优化，有的已经可以在广州试玩会上体验到了，比如这位大家喜闻乐见的骑兵首领。以上是我们现阶段战斗优化方面的部分展示，时间有限还未能臻于完善，未来我们还会继续调优，把它做得更好。在之前的试玩会中，我们常收到玩家反馈说前期引导较弱，会找不到玩法的入口。大家放心，都会补上的！比如之前很多玩家找不到入口的将军祠，我们已经设计了一段引导情节，已经在广州试玩会上使用。其他的玩法、关卡引导，我们也会陆续完善的！以上，我们会继续努力！期待早日与大家在线上相逢！以后也会不定期给大家投递新进度的，大家还想知道哪些消息，欢迎给评论区留言，十六给大家整٩(◦`꒳´◦)۶']。 —— 战斗阶段性调整展示，更精确、更有力量！-,《 战斗 阶段性 调整 展示 ， 更 精确 、 更 有 力量 ！ 》 : [ ' 随着 “ 城市 试玩 计划 ” 的 推进 ， 我们 的 游戏 也 在 不断 的 优化 ， 尤其是 大家 都 很 关心 的 战斗 方面 内容 ， 截至 广州 试玩会 时 ， 也 有 了 一些 新 的 阶段性 成果 ， 比如 ： 我们 对 把 时停 的 操作 机制 迭代 为 了 “ 发劲 ” 和 “ 化劲 ” 两种 ， 部分 派生 动作 也 有 了 初步 的 效果 ， 也 优化 了 部分 boss 、 以及 试玩会 上 大家 反馈 较多 的 引导 问题 ！ 虽然 时间 有限 还 未能 臻 于 完善 ， 未来 我们 还 会 继续 调优 ， 把 它 做 得 更 好 的 ！ 作为 一个 还 在 开发 早期 的 游戏 ， 每 一次 线下 试玩 ， 都 能 收到 现场 玩家 的 热情 鼓励 ， 我们 已经 大 受 鼓舞 ， 通过 这 段 时间 的 试玩会 ， 我们 也 收集 到 了 许多 具有 参考 意义 的 实机 体验 数据 和 反馈 ， 唯有 努力 把 游戏 做 得 更 好 ， 才 能 回报 大家 的 热情 ！ 至此 ， “ 城市 试玩 计划 ” 也 要 告一段落 了 ， 接下来 ， 我们 将 会 闭关 一段 时间 ， 结合 试玩会 的 体验 反馈 ， 专心 打磨 游戏 ！ 在此 之前 ， 针对 之前 直播 和 线下 测试 时 大家 比较 关心 的 内容 ， 十六 也 整理 了 一些 阶段性 优化 成果 ， 尤其是 战斗 系统 的 优化 ， 在此 向 大家 同步 ！ 1 、 我们 正在 努力 提升 战斗 的 操作 手感 和 打击感 。 一方面 ， 强化 不同 武器 的 攻击 差异度 ， 枪 、 剑 、 扇 ， 迥异 。 另一方面 ， 同 一种 武器 在 不同 攻击 状态 下 的 手感 也 有 差异 ， 比如 枪 在 轻 攻击 、 重 攻击 的 状态 下 ， 力量感 会 有 明显 的 不同 。 2 、 对 时停 机制 进行 了 更 精确 的 判定 和 操作 区分 ， 将 时停 的 操作 机制 迭代 为 “ 发劲 ” 和 “ 化劲 ” 两种 ： ● 发劲 ： 面对 敌人 攻击 时 ， 在 合适 的 时机 进行 完美 格挡 ， 并 快速 发起 反击 ， 以 彼 之 力 ， 还 诸 彼 身 。 ● 化劲 ： 在 敌人 发力 的 瞬间 巧妙 避开 ， 使得 敌人 扑空 发 不 出力 ， 从而 达到 卸力 的 效果 。 趁 敌人 没 反应 过来 的 时候 发动 反击 ， 将 会 效率 大 增 。 3 、 部分 派生 动作 也 有 了 初步 的 效果 ， 例如 常见 的 冲刺 、 跳跃 将 会 附带 攻击 功能 。 我们 也 对 怪物 进行 了 高强度 的 “ 封闭性 训练 ” ， 未来 怪物 的 警觉性 也 会 大大 提升 ， 战斗 分工 和 表演 动作 都 会 更 细致 。 部分 boss 的 战斗 表现 也 做 了 一定 的 优化 ， 有的 已经 可以 在 广州 试玩会 上 体验 到 了 ， 比如 这 位 大家 喜闻乐见 的 骑兵 首领 。 以上 是 我们 现阶段 战斗 优化 方面 的 部分 展示 ， 时间 有限 还 未能 臻 于 完善 ， 未来 我们 还 会 继续 调优 ， 把 它 做 得 更 好 。 在 之前 的 试玩会 中 ， 我们 常 收到 玩家 反馈 说 前期 引导 较弱 ， 会 找 不 到 玩法 的 入口 。 大家 放心 ， 都 会 补 上 的 ！ 比如 之前 很多 玩家 找 不 到 入口 的 将军祠 ， 我们 已经 设计 了 一段 引导 情节 ， 已经 在 广州 试玩会 上 使用 。 其他 的 玩法 、 关卡 引导 ， 我们 也 会 陆续 完善 的 ！ 以上 ， 我们 会 继续 努力 ！ 期待 早日 与 大家 在 线上 相逢 ！ 以后 也 会 不 定期 给 大家 投递 新 进度 的 ， 大家 还 想 知道 哪些 消息 ， 欢迎 给 评论区 留言 ， 十六 给 大家 整٩ ( ◦ ` ꒳´◦ ) ۶ ' ],2023-03,战斗阶段性调整展示，更精确、更有力量！
['每次线下试玩会结束，我们都会收到许多有意义的反馈，在本周的广州试玩会出发之前，我们还对试玩会的游戏版本做了一些“肉眼可见”的小改进！比如：潜水动作更丝滑啦、室内和地下有地图啦、可以自选亮度啦，以及地下场景的光线也做了些优化！在此向大家同步，虽然步子不大，但我们会努力让游戏变得更好的！最近我们团队主要都在忙两件大事，一是筹备线下试玩会，详尽调研帮助游戏优化，二是全力以赴肝版本，争取早日线上测试！！在这两件大事完成之前，十六游走在开发组不同部门之间，搜集到了一些新的小情报动态，尤其是一些最直观的“肉眼可见”的优化，在此以简报的形式整合同步给大家，也方便大家了解我们团队的动态进度。我们一直很想打造一个可以深度探索的开放世界，目前在游戏中，除了之前曝光过的地下场景，还设计了部分水下区域及潜水体验，之前的试玩会中已经有小伙伴体验到了。最近我们翻新了潜水的动作动画及操作手感，相比试玩会的版本会更加丝滑灵敏。▲优化后的潜水动画示例另外，随着未来水下关卡的增多，我们还将持续优化潜水表现，比如模拟不同真实布料在水下的动画表现，以及主角刚离开水域时，身上会有被水打湿的效果。由于游戏里场景空间比较复杂，尤其是地宫层次略多，如果没有地图指引，会容易摸黑迷路。所以我们最近在完善游戏里各个空间的平面地图，比如室内、地下场景等等，直接提升大家探索的效率，妈妈再也不用担心我迷路了！▲部分地下场景平面地图展示受成都试玩会的启发，我们发现线下试玩时，游戏的亮度在不同设备上的显示差别较大，而且随着环境的光线变化，坐在窗边的玩家刚好来到了比较暗的场景，那可遭老罪了。所以我们新做了个【自定义游戏亮度】的功能，让每位玩家在进入游戏之前都可以根据设备和环境光线，调试舒适的亮度。这个功能在广州试玩会上就会用到。▲自定义亮度功能初步展示虽然也不是啥新奇的功能，但我们希望通过优化一些细节，让大家的游戏体验更好一些。另外，之前有部分玩家反馈地下场景的光线问题，我们也做了一点优化，让地下的场景光照更稳定、有立体感。最后，之前和大家提到的战斗时停调整也已经在肝了，乐观的话，在最近的广州试玩会之前就能冲刺一版效果投入真机体验！以上是十六首期“燕云简报”给大家带来的资讯！以后也会不定期给大家投递新进度的，大家还想知道哪些消息，欢迎给评论区留言，十六给大家整٩(◦`꒳´◦)۶']。 —— 燕云简报|一些肉眼可见的小改进！-,《 燕云 简报 | 一些 肉眼 可见 的 小 改进 ！ 》 : [ ' 每次 线下 试玩会 结束 ， 我们 都 会 收到 许多 有 意义 的 反馈 ， 在 本周 的 广州 试玩会 出发 之前 ， 我们 还 对 试玩会 的 游戏 版本 做 了 一些 “ 肉眼 可见 ” 的 小 改进 ！ 比如 ： 潜水 动作 更 丝滑 啦 、 室内 和 地下 有 地图 啦 、 可以 自选 亮度 啦 ， 以及 地下 场景 的 光线 也 做 了 些 优化 ！ 在此 向 大家 同步 ， 虽然 步子 不大 ， 但 我们 会 努力 让 游戏 变得 更 好 的 ！ 最近 我们 团队 主要 都 在 忙 两件 大事 ， 一 是 筹备 线下 试玩会 ， 详尽 调研 帮助 游戏 优化 ， 二 是 全力以赴 肝 版本 ， 争取 早日 线上 测试 ！ ！ 在 这 两件 大事 完成 之前 ， 十六 游走 在 开发组 不同 部门 之间 ， 搜集 到 了 一些 新 的 小 情报 动态 ， 尤其是 一些 最 直观 的 “ 肉眼 可见 ” 的 优化 ， 在此 以 简报 的 形式 整合 同步 给 大家 ， 也 方便 大家 了解 我们 团队 的 动态 进度 。 我们 一直 很 想 打造 一个 可以 深度 探索 的 开放世界 ， 目前 在 游戏 中 ， 除了 之前 曝光 过 的 地下 场景 ， 还 设计 了 部分 水下 区域 及 潜水 体验 ， 之前 的 试玩会 中 已经 有 小伙伴 体验 到 了 。 最近 我们 翻新 了 潜水 的 动作 动画 及 操作 手感 ， 相比 试玩会 的 版本 会 更加 丝滑 灵敏 。 ▲ 优化 后 的 潜水 动画 示例 另外 ， 随着 未来 水下 关卡 的 增多 ， 我们 还 将 持续 优化 潜水 表现 ， 比如 模拟 不同 真实 布料 在 水下 的 动画 表现 ， 以及 主角 刚 离开 水域 时 ， 身上 会 有 被 水 打 湿 的 效果 。 由于 游戏 里 场景 空间 比较 复杂 ， 尤其是 地宫 层次 略 多 ， 如果 没有 地图 指引 ， 会 容易 摸黑 迷路 。 所以 我们 最近 在 完善 游戏 里 各个 空间 的 平面 地图 ， 比如 室内 、 地下 场景 等等 ， 直接 提升 大家 探索 的 效率 ， 妈妈 再 也 不用 担心 我 迷路 了 ！ ▲ 部分 地下 场景 平面 地图 展示 受 成都 试玩会 的 启发 ， 我们 发现 线下 试玩 时 ， 游戏 的 亮度 在 不同 设备 上 的 显示 差别 较大 ， 而且 随着 环境 的 光线 变化 ， 坐 在 窗边 的 玩家 刚好 来到 了 比较 暗 的 场景 ， 那 可 遭 老 罪 了 。 所以 我们 新 做 了 个 【 自定义 游戏 亮度 】 的 功能 ， 让 每 位 玩家 在 进入 游戏 之前 都 可以 根据 设备 和 环境 光线 ， 调试 舒适 的 亮度 。 这个 功能 在 广州 试玩会 上 就 会 用 到 。 ▲ 自定义 亮度 功能 初步 展示 虽然 也 不是 啥 新奇 的 功能 ， 但 我们 希望 通过 优化 一些 细节 ， 让 大家 的 游戏 体验 更 好 一些 。 另外 ， 之前 有 部分 玩家 反馈 地下 场景 的 光线 问题 ， 我们 也 做 了 一点 优化 ， 让 地下 的 场景 光照 更 稳定 、 有 立体感 。 最后 ， 之前 和 大家 提到 的 战斗 时停 调整 也 已经 在肝 了 ， 乐观 的话 ， 在 最近 的 广州 试玩会 之前 就 能 冲刺 一 版 效果 投入 真机 体验 ！ 以上 是 十六 首期 “ 燕云简报 ” 给 大家 带来 的 资讯 ！ 以后 也 会 不 定期 给 大家 投递 新 进度 的 ， 大家 还 想 知道 哪些 消息 ， 欢迎 给 评论区 留言 ， 十六 给 大家 整٩ ( ◦`꒳´◦ )۶ ' ],2023-03,燕云简报 | 一些肉眼可见的小改进！
['上周末，我们在成都举办的试玩会活动圆满结束啦！现场迎来了上百名资深的燕云“元老”打卡！在成都小伙伴们的感染下，十六学会了一句四川话：燕云十六声，扎起！现场精彩快照一瞥！居然还有小伙伴自带“皮肤”而来，令十六佩服！顺便，这衣服在哪买？▲试玩会现场玩家快照！小伙伴们的暖心鼓励，我们都收到啦，谢谢你们！▲我们会珍藏好玩家朋友们的留言的！经过2天的调研体验，我们收到小伙伴们诸多的肯定。其中开放世界探索、武侠场景氛围、以及中式奇术是试玩会获得超高好评的三大模块，这对我们来说意义非凡！谢谢大家，我们会继续努力的！▲节选自本次试玩调研报告*同时试玩会也帮助我们进一步明确了改进的方向和目标，比如大家都很关心的战斗。趁着这次试玩会，我们也想让关心燕云的朋友们可以了解到我们最近的研发进度和方向。01一、更具打击感和策略感的战斗系统。战斗是我们现阶段正在着重打磨的版块，未来我们游戏正式的战斗系统与现阶段会有较大的差别，主要会体现在几个方面：其一，强化每把武器的体验差异性。我们正在增强武器的攻击特性，把重量感和操作手感做出差异化。相应的，不同武器比如剑、枪、扇，它们的出手速度、攻击范围、受击反馈都会不一样。其二，加入更加丰富的战斗机制，会更强调策略操作，而不是随便就可以“刮痧莽过”。不同的战斗环境下会有克制关系的体现，比如大刀破盾兵、长枪刺骑兵；在面对猛兽类的怪物时，则可以使用“仿生系”的狮吼功来对付。另外，最近直播和试玩会上有些小伙伴反馈“子弹时间”的问题，我们已经在着手修改，我们会增加它的策略性。玩家将可以选择进入时停状态后的操作策略和手段，在保证时停高收益的前提下，缩短时停时间，增强它的机制感、操作手感和武侠风格。其三，提升打击感和动作质量，让战斗表现更流畅自然。我们正在全面梳理和优化基础动作资源，丰富动作细节！举个栗子，快跑攻击会明显区别于普攻，由此，玩家可以感受到冲刺攻击、跳跃攻击、下落攻击等多种状态下的操作手感，加上不同武器打起来的轻重感差别，这种机制下的战斗多样性会更加具有想象力。02二、更智能且丰富的怪物系统。首先就是优化怪物ai，会更真实灵活，更加敏锐地感知周围的环境状态，同时根据不同的关卡设计，增加怪物的团队配合。比如一个关卡里的怪物将会有不同的战斗分工，有的擅长近战肉搏，有的则在远处放箭，惊扰了一个怪物，其他的怪物也会警觉起来。另外，如前文所述，我们正在梳理不同怪物的对抗机制，与此相应的我们也在不断丰富怪物的种类，希望由此塑造一个更加真实生动、充满挑战的世界。03三、更加清晰、自然的指引系统。这两次试玩会上都有玩家指出，我们游戏里有些场景氛围很强，很有代入感，也能感受到很丰富的玩法体验，但是缺乏明确的指引，让人有些摸不着头脑。这主要是由于目前游戏完成度不高造成的，很多游戏玩法还在开发中，在最终定稿前，也没有做很清晰完备的引导，不过大家放心，这块我们肯定会继续下功夫做好的。我们想要在游戏里做的是视觉化的直觉引导效果，是尽可能减少繁乱的系统ui指引，让大家沉浸在游戏里，跟着直觉就能完成目标交互。不过说实话，写实类的游戏做视觉引导还挺难的，如果引导做的太强了会破坏真实的氛围，如果过于融入环境又容易被忽略，我们也在探索写实和视觉引导的平衡。这几站的线下试玩会，我们也收集到了很多有价值的反馈，我们也会持续地开展更多实验室测试。请大家放心，我们会认真做好的！最后，随着成都站试玩会的结束，我们的下一站试玩城市也确定啦！下一站试玩城市：广州时间：-扫描下方海报的二维码即可报名参与！广州，我们来啦！（如果大家没看到，明天十六再发一次！）']。 —— 战斗，必须过关！-,《 战斗 ， 必须 过关 ！ 》 : [ ' 上周末 ， 我们 在 成都 举办 的 试玩会 活动 圆满 结束 啦 ！ 现场 迎来 了 上百名 资深 的 燕云 “ 元老 ” 打卡 ！ 在 成都 小伙伴 们 的 感染 下 ， 十六 学会 了 一 句 四川 话 ： 燕云十六声 ， 扎 起 ！ 现场 精彩 快照 一瞥 ！ 居然 还有 小伙伴 自 带 “ 皮肤 ” 而 来 ， 令 十六 佩服 ！ 顺便 ， 这 衣服 在 哪 买 ？ ▲ 试玩会 现场 玩家 快 照 ！ 小伙伴 们 的 暖心 鼓励 ， 我们 都 收到 啦 ， 谢谢 你们 ！ ▲ 我们 会 珍藏 好玩家 朋友 们 的 留言 的 ！ 经过 2天 的 调研 体验 ， 我们 收到 小伙伴 们 诸多 的 肯定 。 其中 开放世界 探索 、 武侠 场景 氛围 、 以及 中式 奇术 是 试玩会 获得 超高 好评 的 三 大 模块 ， 这 对 我们 来说 意义 非凡 ！ 谢谢 大家 ， 我们 会 继续 努力 的 ！ ▲ 节选 自 本 次 试玩 调研 报告 * 同时 试玩会 也 帮助 我们 进一步 明确 了 改进 的 方向 和 目标 ， 比如 大家 都 很 关心 的 战斗 。 趁着 这次 试玩会 ， 我们 也 想 让 关心 燕云 的 朋友 们 可以 了解 到 我们 最近 的 研发 进度 和 方向 。 01一 、 更 具 打击感 和 策略感 的 战斗 系统 。 战斗 是 我们 现阶段 正在 着重 打磨 的 版块 ， 未来 我们 游戏 正式 的 战斗 系统 与 现阶段 会 有 较大 的 差别 ， 主要 会 体现 在 几个 方面 ： 其一 ， 强化 每 把 武器 的 体验 差异性 。 我们 正在 增强 武器 的 攻击 特性 ， 把 重量感 和 操作 手感 做出 差异化 。 相应 的 ， 不同 武器 比如 剑 、 枪 、 扇 ， 它们 的 出手 速度 、 攻击 范围 、 受击 反馈 都 会 不 一样 。 其二 ， 加入 更加 丰富 的 战斗 机制 ， 会 更 强调 策略 操作 ， 而 不是 随便 就 可以 “ 刮痧 莽 过 ” 。 不同 的 战斗 环境 下 会 有 克制 关系 的 体现 ， 比如 大刀 破盾兵 、 长枪刺 骑兵 ； 在 面对 猛兽类 的 怪物 时 ， 则 可以 使用 “ 仿生系 ” 的 狮吼功 来 对付 。 另外 ， 最近 直播 和 试玩会 上 有些 小伙伴 反馈 “ 子弹 时间 ” 的 问题 ， 我们 已经 在 着手 修改 ， 我们 会 增加 它 的 策略性 。 玩家 将 可以 选择 进入 时停 状态 后 的 操作 策略 和 手段 ， 在 保证 时停高 收益 的 前提 下 ， 缩短 时停 时间 ， 增强 它 的 机制感 、 操作 手感 和 武侠 风格 。 其三 ， 提升 打击感 和 动作 质量 ， 让 战斗 表现 更 流畅 自然 。 我们 正在 全面 梳理 和 优化 基础 动作 资源 ， 丰富 动作 细节 ！ 举 个 栗子 ， 快跑 攻击 会 明显 区别 于 普攻 ， 由此 ， 玩家 可以 感受 到 冲刺 攻击 、 跳跃 攻击 、 下落 攻击 等 多种 状态 下 的 操作 手感 ， 加上 不同 武器 打 起来 的 轻重感 差别 ， 这种 机制 下 的 战斗 多样性 会 更加 具有 想象力 。 02二 、 更 智能 且 丰富 的 怪物 系统 。 首先 就 是 优化 怪物 ai ， 会 更 真实 灵活 ， 更加 敏锐 地 感知 周围 的 环境 状态 ， 同时 根据 不同 的 关卡 设计 ， 增加 怪物 的 团队 配合 。 比如 一个 关卡 里 的 怪物 将 会 有 不同 的 战斗 分工 ， 有的 擅长 近战 肉搏 ， 有的 则 在 远处 放 箭 ， 惊扰 了 一个 怪物 ， 其他 的 怪物 也 会 警觉 起来 。 另外 ， 如 前文 所 述 ， 我们 正在 梳理 不同 怪物 的 对抗 机制 ， 与 此 相应 的 我们 也 在 不断 丰富 怪物 的 种类 ， 希望 由此 塑造 一个 更加 真实 生动 、 充满 挑战 的 世界 。 03三 、 更加 清晰 、 自然 的 指引 系统 。 这 两次 试玩会 上 都 有 玩家 指出 ， 我们 游戏 里 有些 场景 氛围 很 强 ， 很 有 代入感 ， 也 能 感受 到 很 丰富 的 玩法 体验 ， 但是 缺乏 明确 的 指引 ， 让 人 有些 摸不着 头脑 。 这 主要 是 由于 目前 游戏 完成度 不 高 造成 的 ， 很多 游戏 玩法 还 在 开发 中 ， 在 最终 定稿 前 ， 也 没有 做 很 清晰 完备 的 引导 ， 不过 大家 放心 ， 这块 我们 肯定 会 继续 下功夫 做好 的 。 我们 想 要 在 游戏 里 做 的 是 视觉化 的 直觉 引导 效果 ， 是 尽可能 减少 繁乱 的 系统 ui 指引 ， 让 大家 沉浸 在 游戏 里 ， 跟着 直觉 就 能 完成 目标 交互 。 不过 说 实话 ， 写实类 的 游戏 做 视觉 引导 还 挺 难 的 ， 如果 引导 做 的 太 强 了 会 破坏 真实 的 氛围 ， 如果 过于 融入 环境 又 容易 被 忽略 ， 我们 也 在 探索 写实 和 视觉 引导 的 平衡 。 这 几站 的 线下 试玩会 ， 我们 也 收集 到 了 很多 有 价值 的 反馈 ， 我们 也 会 持续 地 开展 更 多 实验室 测试 。 请 大家 放心 ， 我们 会 认真 做好 的 ！ 最后 ， 随着 成都站 试玩会 的 结束 ， 我们 的 下 一 站 试玩 城市 也 确定 啦 ！ 下 一 站 试玩 城市 ： 广州 时间 ： 扫描 下方 海报 的 二维码 即可 报名 参与 ！ 广州 ， 我们 来 啦 ！ （ 如果 大家 没 看到 ， 明天 十六 再 发 一次 ！ ） ' ],2023-02,战斗，必须过关！
['上周末完成了两件重要的事，一是我们为期两天的杭州线下试玩会，迎来了上百名玩家朋友体验，现场很多人给我们送上好评、鼓励，甚至还有锦旗，有点惶恐，也很感动，谢谢大家。另外就是昨晚的直播活动，不得不说带来了一些争议，我们昨天也连夜进行了复盘反思。必须承认，我们第一次弄直播，太欠缺这方面的经验，整个直播活动的内容、节奏规划都有很大的问题，导致直播太平淡、没能展现出游戏最具吸引力的内容。这方面我们已经深刻吸取了教训了，后续一定好好学习，重视直播观众的需求，做好更充分筹备。同时，我们也做了一个新决定：增开其他城市的线下试玩会活动，春节后马上安排！试玩会的鼓励和认可，直播的建议与批评，都是对游戏的关注与期待。诚然游戏目前完成度不高，还需进一步打磨，但我们也想通过这个行动，向大家表明我们对游戏的信心，和一定会把这款游戏做好的决心。我们愿意邀请更多玩家，以实实在在的真机试玩，来直面争议、解答大家的疑惑。我们也充分做好了准备，接受大家的评判，无论鼓励或批评，都会帮助我们将游戏做的更好。另外关于本次直播活动上大家比较关心的问题，我们整理了一下，在这里向大家回复。q：为什么直播时展示战斗的内容这么少？首先必须承认，我们确实低估了直播时玩家对战斗的关注度。因为我们一直定位是开放世界游戏，所以我们原计划在直播中主要展示开放世界探索、自由度、解谜等玩法，战斗的展示重点也设计成了通过太极、爆炸、点穴等多种不同手段去击败怪物。这个确实是我们的失误，要认。其次，我们也看到了大家对战斗的部分疑问和中肯建议，这些问题一方面是因为直播规划及操作不当导致的，另一方面，如怪物ai、打击感、时停表现等尚处于阶段未完成版本，均已在我们的优化计划中。我们对于战斗系统的预想是能兼顾操作性与策略性，同时做到良好的难度分层，既有能多样通关的乐趣，又有具备挑战性的boss。游戏内目前也已经做了一些boss，试玩会上不少同学也有体验到。直播中展示的北盟，是大地图前期的第一个怪物聚集点，所以战斗机制比较简单。总之，这部分也是我们没有做好，也认。q：为什么不找熟悉游戏的人来展示游戏呢？——这点怪我们真的没有直播经验，忽略了自己玩游戏和直播观赏性的差异。因为解谜偏向于一次性体验，我们想要还原探索解谜的真实玩家观感，而我们内部已经玩过太多遍了，怕直奔答案影响玩家感受，所以决定找一个完全没玩过这个关卡的同学来展示，更接近真实玩家视角。而因为我们特意在直播前不让小姐姐知道今天的关卡内容，也导致了她上机之前很紧张，操作不太熟练。这点我们真的感到非常抱歉，给观众带来了不好的体验，也连累了愿意大周末来支持我们活动的小姐姐。以后类似的直播活动，我们都会认真改进，不仅仅是找熟手操作，更重要的是关注直播视角和游戏视角的差异，重视直播观众的需求，做出更充分的准备。对于大家提出的建议，我们都在认真记录与讨论。因为游戏本身确实完成度不高，不少内容都还是未完成的版本，有一些甚至是初版尝试。同时考虑到开放世界的无缝需求和同时容纳海量内容，要兼顾体量和品质，说实话技术挑战真的挺大的。但是请大家放心，我们一定会努力提升，不留余地，追求我们能达到的极致。q：什么时候正式测试？——我们计划在今年春天开启一次千人规模的线上测试，大家可以到官网报名预约测试资格。官网地址：yysls.cn已经报名过的小伙伴就不用重新报名啦~q：到底是单机还是mmo？——我们不是单机，也不是mmo，用参加过线下试玩会的玩家的话说，“在玩一种很新的东西”，市面上的开放世界大多都是单人的，但我们想做一款武侠开放世界，总觉得“有人的地方才是江湖”，相信很多武侠爱好者可以理解这种感受，所以我们决定做一款兼容单人与多人的武侠开放世界游戏，就在游戏里做了单人模式和多人模式的不同选择，这两个模式是互相独立的两个世界，玩家可以自主且随时切换，想要沉浸感时可以在单人世界探索，想呼朋引伴的时候又可以到多人世界感受不一样的乐趣。q：付费模式是怎样的？——虽然大家一直在追问，但我们是真的还没有最终定论，但可以肯定的是我们不打算走那种“逼肝逼氪”的重度付费路线，希望可以做到“用户基数大，但人均付费额度小”的模式。我们也一直在调研国内外能够成功长线运营下来的游戏的参考经验，在探索更好的商业模型。如果大家有什么想法也可以和我们讨论。以上！再次感谢，这次试玩会和直播会收获很多，也再次让我们认识到，要做出我们心目中的武侠游戏，要走的路还有很长，我们还要付出更多努力，希望未来可以以更好的品质与大家见面。说再多感谢，都不如认真把游戏做好来回报大家。我们会继续努力的！期待今年春天的相见！']。 —— 开发组答疑|城市试玩计划启动，我们年后见！-,《 开发组 答疑 | 城市 试玩 计划 启动 ， 我们 年后 见 ！ 》 : [ ' 上周末 完成 了 两件 重要 的 事 ， 一 是 我们 为期 两天 的 杭州 线下 试玩会 ， 迎来 了 上百名 玩家 朋友 体验 ， 现场 很多 人 给 我们 送 上 好评 、 鼓励 ， 甚至 还有 锦旗 ， 有点 惶恐 ， 也 很 感动 ， 谢谢 大家 。 另外 就 是 昨晚 的 直播 活动 ， 不得不 说 带来 了 一些 争议 ， 我们 昨天 也 连夜 进行 了 复盘 反思 。 必须 承认 ， 我们 第一次 弄 直播 ， 太 欠缺 这 方面 的 经验 ， 整个 直播 活动 的 内容 、 节奏 规划 都 有 很 大 的 问题 ， 导致 直播 太 平淡 、 没 能 展现 出 游戏 最 具 吸引力 的 内容 。 这 方面 我们 已经 深刻 吸取 了 教训 了 ， 后续 一定 好好 学习 ， 重视 直播 观众 的 需求 ， 做好 更 充分 筹备 。 同时 ， 我们 也 做 了 一个 新 决定 ： 增开 其他 城市 的 线下 试玩会 活动 ， 春节 后 马上 安排 ！ 试玩会 的 鼓励 和 认可 ， 直播 的 建议 与 批评 ， 都是 对 游戏 的 关注 与 期待 。 诚然 游戏 目前 完成度 不 高 ， 还 需 进一步 打磨 ， 但 我们 也 想 通过 这个 行动 ， 向 大家 表明 我们 对 游戏 的 信心 ， 和 一定 会 把 这 款 游戏 做好 的 决心 。 我们 愿意 邀请 更 多 玩家 ， 以 实实在在 的 真机 试玩 ， 来 直面 争议 、 解答 大家 的 疑惑 。 我们 也 充分 做好 了 准备 ， 接受 大家 的 评判 ， 无论 鼓励 或 批评 ， 都 会 帮助 我们 将 游戏 做 的 更 好 。 另外 关于 本 次 直播 活动 上 大家 比较 关心 的 问题 ， 我们 整理 了 一下 ， 在 这里 向 大家 回复 。 q ： 为什么 直播 时 展示 战斗 的 内容 这么 少 ？ 首先 必须 承认 ， 我们 确实 低估 了 直播 时 玩家 对 战斗 的 关注度 。 因为 我们 一直 定位 是 开放世界 游戏 ， 所以 我们 原计划 在 直播 中 主要 展示 开放世界 探索 、 自由度 、 解谜 等 玩法 ， 战斗 的 展示 重点 也 设计 成 了 通过 太极 、 爆炸 、 点穴 等 多种 不同 手段 去 击败 怪物 。 这个 确实 是 我们 的 失误 ， 要认 。 其次 ， 我们 也 看到 了 大家 对 战斗 的 部分 疑问 和 中肯 建议 ， 这些 问题 一方面 是 因为 直播 规划 及 操作 不当 导致 的 ， 另一方面 ， 如 怪物 ai 、 打击感 、 时停 表现 等 尚 处于 阶段 未 完成 版本 ， 均 已 在 我们 的 优化 计划 中 。 我们 对于 战斗 系统 的 预想 是 能 兼顾 操作性 与 策略性 ， 同时 做到 良好 的 难度 分层 ， 既有 能 多样 通关 的 乐趣 ， 又 有 具备 挑战性 的 boss 。 游戏 内 目前 也 已经 做 了 一些 boss ， 试玩会 上 不少 同学 也 有 体验 到 。 直播 中 展示 的 北盟 ， 是 大 地图 前期 的 第一个 怪物 聚集点 ， 所以 战斗 机制 比较 简单 。 总之 ， 这 部分 也是 我们 没有 做好 ， 也 认 。 q ： 为什么 不 找 熟悉 游戏 的 人 来 展示 游戏 呢 ？ —— 这点 怪 我们 真 的 没有 直播 经验 ， 忽略 了 自己 玩 游戏 和 直播 观赏性 的 差异 。 因为 解谜 偏向 于 一次性 体验 ， 我们 想 要 还原 探索 解谜 的 真实 玩家 观感 ， 而 我们 内部 已经 玩 过 太 多 遍 了 ， 怕 直奔 答案 影响 玩家 感受 ， 所以 决定 找 一个 完全 没 玩 过 这个 关卡 的 同学 来 展示 ， 更 接近 真实 玩家 视角 。 而 因为 我们 特意 在 直播 前 不 让 小 姐姐 知道 今天 的 关卡 内容 ， 也 导致 了 她 上机 之前 很 紧张 ， 操作 不 太 熟练 。 这 点 我们 真 的 感到 非常 抱歉 ， 给 观众 带来 了 不好 的 体验 ， 也 连累 了 愿意 大 周末 来 支持 我们 活动 的 小 姐姐 。 以后 类似 的 直播 活动 ， 我们 都 会 认真 改进 ， 不仅仅是 找 熟手 操作 ， 更 重要 的 是 关注 直播 视角 和 游戏 视角 的 差异 ， 重视 直播 观众 的 需求 ， 做出 更 充分 的 准备 。 对于 大家 提出 的 建议 ， 我们 都 在 认真 记录 与 讨论 。 因为 游戏 本身 确实 完成度 不 高 ， 不少 内容 都 还是 未 完成 的 版本 ， 有一些 甚至 是 初版 尝试 。 同时 考虑 到 开放世界 的 无缝 需求 和 同时 容纳 海量 内容 ， 要 兼顾 体量 和 品质 ， 说 实话 技术 挑战 真 的 挺 大 的 。 但是 请 大家 放心 ， 我们 一定 会 努力 提升 ， 不 留 余地 ， 追求 我们 能 达到 的 极致 。 q ： 什么 时候 正式 测试 ？ —— 我们 计划 在 今年春天 开启 一次 千 人 规模 的 线上 测试 ， 大家 可以 到 官网 报名 预约 测试 资格 。 官网 地址 ： yysls.cn 已经 报名 过 的 小伙伴 就 不用 重新 报名 啦 ~ q ： 到底 是 单机 还是 mmo ？ —— 我们 不是 单机 ， 也 不是 mmo ， 用 参加 过 线下 试玩会 的 玩家 的 话 说 ， “ 在 玩 一种 很 新 的 东西 ” ， 市面 上 的 开放世界 大多 都是 单人 的 ， 但 我们 想 做 一 款 武侠 开放世界 ， 总 觉得 “ 有人 的 地方 才是 江湖 ” ， 相信 很多 武侠 爱好者 可以 理解 这种 感受 ， 所以 我们 决定 做 一 款 兼容 单人 与 多 人 的 武侠 开放世界 游戏 ， 就 在 游戏 里 做 了 单人 模式 和 多 人 模式 的 不同 选择 ， 这 两个 模式 是 互相 独立 的 两个 世界 ， 玩家 可以 自主 且 随时 切换 ， 想 要 沉浸感 时 可以 在 单人 世界 探索 ， 想 呼朋引伴 的 时候 又 可以 到 多 人 世界 感受 不 一样 的 乐趣 。 q ： 付费 模式 是 怎样 的 ？ —— 虽然 大家 一直 在 追问 ， 但 我们 是 真 的 还 没有 最终 定论 ， 但 可以 肯定 的 是 我们 不 打算 走 那种 “ 逼 肝 逼 氪 ” 的 重度 付费 路线 ， 希望 可以 做到 “ 用户 基数 大 ， 但 人均 付费 额度 小 ” 的 模式 。 我们 也 一直 在 调研 国内外 能够 成功 长线 运营 下来 的 游戏 的 参考 经验 ， 在 探索 更 好 的 商业 模型 。 如果 大家 有 什么 想法 也 可以 和 我们 讨论 。 以上 ！ 再次 感谢 ， 这次 试玩会 和 直播会 收获 很多 ， 也 再次 让 我们 认识 到 ， 要 做出 我们 心目 中 的 武侠 游戏 ， 要 走 的 路 还有 很 长 ， 我们 还要 付出 更 多 努力 ， 希望 未来 可以 以 更 好 的 品质 与 大家 见面 。 说 再 多 感谢 ， 都 不如 认真 把 游戏 做好 来 回报 大家 。 我们 会 继续 努力 的 ！ 期待 今年春天 的 相见 ！ ' ],2023-01,开发组答疑 | 城市试玩计划启动，我们年后见！
['本周末，我们的线下试玩会和线上直播会就要开始啦，团队里的大家既紧张又期待。在反复审视版本内容的时候，我们也发现了一些问题，比如关注剧情的小伙伴们可能会发现：怎么燕云的剧情和常规的不一样，主线是不是太短了？好多信息都没交代清楚？别担心，这主要是因为我们的主线制作才刚刚开始，只铺设了一个很短的引子。另外一个很重要的原因是，我们游戏采用了不同于传统网游的“体验式碎片化叙事”，对大家来说，可能是一种很“新”又有点“怪”的体验，甚至可能在短时间的试玩会上不太能玩明白。所以我们感觉，有必要向大家交代一下这种叙事方式是什么？未来的剧情体验会是怎样的？今天十六就找到了负责文案的小王和大家聊一聊，希望能帮助大家理解。01十六：我们团队选择的这种“体验式碎片化叙事”应该怎么理解呢？小王：我们一开始决心打造的就是一个高自由度探索的开放世界，后来发现在这个前提下，如果依然沿用传统的线性叙事和任务式叙事，总觉得会一定程度上限制了玩家的自由探索体验，而且会形成剧情党和玩法党的分化，令不喜欢跑线性任务的玩法党缺少了解剧情的机会。所以我们决定在剧情上也向国际大作学习，尝试一种比较新的叙事方式，把更多剧情打碎融入探索玩法中，我们希望通过这种方式达成更新鲜的、有特色的叙事体验，主要体现在两点：一是剧情和玩法体验深度结合，这并不是简单打完boss解锁剧情，而是把剧情贯穿在玩法中。比如一个关卡，它的场景、场景中散落的组件、怪物，其实都在讲述故事，玩法中需要进行的操作，也是基于故事背景而产生的要求，随着玩家在关卡中的步步推进，就会感受到越来越多的信息，并且有些信息是不需要文字阅读的，而是从视觉、听觉、操作中感受到的，就像得到了一块块拼图，最后还原出整个故事的全貌。通过这样一种360度全方位的体验来感知故事，而不是仅仅依靠阅读文字。二是实现剧情信息的“互文”与“互现”，即玩家从不同地方、不同角度、不同方式获得关于同一段剧情的各种信息，这些信息相互映衬、相互补充，使得剧情逐一揭示，玩家的剧情体验也更丰富有层次。有意思的是，我们在研究碎片化叙事的过程中，发现“互现”这个概念最早可以追溯到《史记》，它的很多篇章中，以本传为主，又将同一人物的事迹分散在不同地方，既统一又丰富，留给读者很大的想象空间。这跟游戏中的碎片化叙事是有异曲同工之妙的。所以你看，我们的老祖宗其实很早就在施展各种有趣的叙事技巧了。02十六：为什么选择这样的叙事方式呢？小王：其实一开始我们也是抱着试试看的心态，我们团队里挺多人都是魂系游戏的资深玩家，大家交流的时候就发现，这些游戏里的对白台词、动画展示并不多，但是却可以刻画出庞大而细腻的世界，很多剧情都是玩家在探索或战斗中感受到的，相比于单纯的线性任务和阅读文字，它可以同时调动玩家的更多感官，具有更强大的叙事感染力，我们在其中感受到的触动甚至比单纯的文字叙事更加深厚。这个感觉挺让我们震撼的，更重要的是，我们觉得这展现了游戏作为一种交互性媒体在情感传递上不同于小说影视的、非常独特的魅力。我们也希望自己的游戏能展现出更游戏化的独特叙事体验，所以虽然可能这方面经验不多，技巧方面也还不是很成熟，但是我们还是想尽可能往这个方向试试看。另外我们从自己以往的游戏经验发现，传统的重文字式线性剧情会让“非剧情党”玩家被排除在游戏故事之外，剧情党玩家愿意阅读大段的文字和动画，但对其他类型玩家来说，阅读剧情就成为了一种负担。所以我们希望通过把剧情融入玩法体验的方式，可以让更多玩家在游玩过程中零压力地感受剧情，这样来扩大剧情对于玩家的触达面，玩家的体验也会更丰富。最后还需要坦白很重要的一点，是我们自己在制作的过程中发现，国内对于高写实美术资源制作的进步是很快的，但对于游戏内实时剧情动画管线的成熟度却是远远落后于国际的。尤其是高度写实风格下，对表演的要求也会变得更高、更难做。卡通风格的游戏里，可以通过夸张的动作表情来凸显人物性格，但写实风格下就会很奇怪，人物从比例到动作表情都要力求真实细腻，幅度既不能大，又要能表达情绪。受限于实时演算性能，又没法达到cg那样的精度，所以就需要制作组去思考如何通过更巧妙的设计来表达人物的内心。像《荒野大镖客》《美国末日》《战神》等游戏的表演可以说是好莱坞级别的，说实话我们也很想对标他们去做，但显然在当前团队的人力和技术水平都很有限的情况下，这是不可能的。所以选择体验式碎片化叙事也可以说是一种“避短”吧，在我们力所能及的范围内尝试多种可能。03十六：采用这种体验式碎片化叙事方式，是不是意味着，我们游戏没有主线剧情？小王：那倒也不是，主线还是有的，因为我们也会担心纯粹的碎片化叙事会让一些玩家摸不着头脑，觉得没有目标。所以我们采用了主线+暗线结合的讲述方式，主线剧情用的是比较符合常规认知的任务式驱动，适合对剧情有强需求的玩家去体验；暗线剧情则铺设在各种世界探索玩法里，更适合喜欢探索和拼图的玩家去深度挖掘。这两条线表面上看起来可能互相独立，实际上背后有着深厚的关联，有兴趣的玩家通过拼图主线和暗线，就会发现这个江湖可能比我们想象的要更复杂，表面上看到的事实未必就是真相，同一个事件和人物，可以有更多不同的解读方式。比如在我们的清河地区主线中，玩家扮演的是一个少年，某天遇到了一个神秘的江湖人，从此改变了他原本平静的人生，而这段经历也成为了少年初入江湖的第一课，表面上的主线是在讲玩家作为主角的成长经历；但如果玩家通过体验清河区域的探索玩法，拼凑出来的则是另一个暗线故事。将主线和暗线结合之后就会发现，原来整个清河区域的剧情，是一个基于历史上的“清风驿之变”所延伸的故事。玩家所经历的主线，看似与此无关，实则一切的起点都来自于此，是幕后之手种种推波助澜之后的结果。不过需要说明的是，因为采用了更多的碎片化叙事，所以我们的主线会比一般游戏要短一些，当前制作进展也会更慢一些。目前清河地图的主线才刚刚开始制作，试玩会上如果大家觉得主线太短或者好像没太看懂，不要怀疑自己，确实是我们还在制作初期，后续一定会继续完善的。04十六：在这样复杂的背景故事下，玩家如何确定自己是否了解了故事全貌呢？小王：我们正在准备做一个剧情梳理系统，这个系统主要有两个功能，一是把重要线索和时间线进行标注提醒，方便对剧情感兴趣的玩家查缺补漏，确认自己是否集齐信息；二是提供了与玩家剧情共创的空间，在这个系统上，玩家可以根据自己收集到的线索对故事进行推理和补全，从而还原出一个自己理解的故事剧情，并且分享给其他玩家。这个故事可能和官方剧情一样也可能不同，一千个读者就有一千个哈姆雷特，我们觉得这种同一片江湖碰撞出不同火花的感觉还挺有意思的。05十六：很多玩家对于我们游戏的五代十国背景非常感兴趣，那么目前版本的游戏里有哪些和历史结合的地方呢？小王：其实还挺多的，但是涉及剧透，这里简单说几个。比如前面说到的，未来玩家如果探索完全部主线和暗线，就会发现清河区域的故事是从“清风驿之变”延伸创作的；清河区域上也遍布了前朝有关的不同势力；以及玩家很关心的主角身世，也与历史知名的“中渡桥之战”有关，为了避免影响到大家的体验，我只能剧透到这里了。06十六：我们游戏里的线索获取方式是怎样的？小王：除了常规的线索掉落，我们还采用了很多场景隐喻结合探索玩法的方式来释放信息。比如清河的某个区域，表面上看起来是非常安静祥和的农田、山水，实际上深入之后就会发现这里隐藏着山洞，里面甚至还藏着一些盔甲和兵器，由此玩家可以推测出这个地方并不简单。又比如某个关卡里会遇到一群被困住的人，他们唱着奇怪小调，玩家可能当时不明所以，但随着对游戏的探索，未来玩家到达了另一个地方，听到了当地人唱着近似的小调，就会发现原来这就是他们的故乡之音，其实那些被困的人无时不刻不在思念着自己的家乡。07十六：有点担心会不会剧情的理解门槛太高了？小王：前面也有提到，我们会提供常规化的主线来保证基础背景信息的传达，同时也提供了一些辅助梳理和理解剧情线索的系统，一定程度上可以降低理解的难度；另一方面我们的剧情做了很多的切入点，玩家可以从很多小细节着手，顺藤摸瓜探索到剧情的主脉络，我们希望用这样的方式去关注到时代背景下不同派系、不同立场的人物，通过这些人物的视角，去拼凑和还原一个恢弘的时代，这是我们在剧情内容上的愿景。做突破总要有一定的风险，但我们觉得这件事值得做。从我们自己的游戏经历和市场观察也可以发现，其实门槛这件事情并不可怕，玩家也都是很乐于去接受新的体验和新的叙事形式的，而作为设计者，在这个过程中需要做的事，一是要保证提供的新体验是尽可能有趣的、优秀的、有吸引力的，二是不要仅仅惧怕门槛，而是行动起来，去思考如何化解门槛，去真正地解决这个问题，不要怕犯错。']。 —— 大剧透！燕云没有主线剧情？体验式碎片化叙事是个啥？-,《 大剧透 ！ 燕云 没有 主线 剧情 ？ 体验式 碎片化 叙事 是 个 啥 ？ 》 : [ ' 本周末 ， 我们 的 线下 试玩会 和 线上 直播会 就要 开始 啦 ， 团队 里 的 大家 既 紧张 又 期待 。 在 反复 审视 版本 内容 的 时候 ， 我们 也 发现 了 一些 问题 ， 比如 关注 剧情 的 小伙伴 们 可能 会 发现 ： 怎么 燕云 的 剧情 和 常规 的 不 一样 ， 主线 是不是 太 短 了 ？ 好多 信息 都 没 交代 清楚 ？ 别 担心 ， 这 主要 是 因为 我们 的 主线 制作 才 刚刚 开始 ， 只 铺设 了 一个 很 短 的 引子 。 另外 一个 很 重要 的 原因 是 ， 我们 游戏 采用 了 不同 于 传统 网游 的 “ 体验式 碎片化 叙事 ” ， 对 大家 来说 ， 可能 是 一种 很 “ 新 ” 又 有点 “ 怪 ” 的 体验 ， 甚至 可能 在 短 时间 的 试玩会 上 不 太 能 玩 明白 。 所以 我们 感觉 ， 有 必要 向 大家 交代 一下 这种 叙事 方式 是 什么 ？ 未来 的 剧情 体验会 是 怎样 的 ？ 今天 十六 就 找到 了 负责 文案 的 小王 和 大家 聊 一 聊 ， 希望 能 帮助 大家 理解 。 01十六 ： 我们 团队 选择 的 这种 “ 体验式 碎片化 叙事 ” 应该 怎么 理解 呢 ？ 小王 ： 我们 一 开始 决心 打造 的 就 是 一个 高 自由度 探索 的 开放世界 ， 后来 发现 在 这个 前提 下 ， 如果 依然 沿用 传统 的 线性 叙事 和 任务式 叙事 ， 总 觉得 会 一定 程度 上 限制 了 玩家 的 自由 探索 体验 ， 而且 会 形成 剧情 党 和 玩法 党 的 分化 ， 令 不 喜欢 跑 线性 任务 的 玩法党 缺少 了解 剧情 的 机会 。 所以 我们 决定 在 剧情 上 也 向 国际 大作 学习 ， 尝试 一种 比较 新 的 叙事 方式 ， 把 更 多 剧情 打碎 融入 探索 玩法 中 ， 我们 希望 通过 这种 方式 达成 更 新鲜 的 、 有 特色 的 叙事 体验 ， 主要 体现 在 两点 ： 一 是 剧情 和 玩法 体验 深度 结合 ， 这 并不是 简单 打 完 boss 解锁 剧情 ， 而是 把 剧情 贯穿 在 玩法 中 。 比如 一个 关卡 ， 它 的 场景 、 场景 中 散落 的 组件 、 怪物 ， 其实 都 在 讲述 故事 ， 玩法 中 需要 进行 的 操作 ， 也是 基于 故事 背景 而 产生 的 要求 ， 随着 玩家 在 关卡 中 的 步步 推进 ， 就 会 感受 到 越来越 多 的 信息 ， 并且 有些 信息 是 不 需要 文字 阅读 的 ， 而是 从 视觉 、 听觉 、 操作 中 感受 到 的 ， 就 像 得到 了 一 块 块 拼图 ， 最后 还原 出 整个 故事 的 全貌 。 通过 这样 一种 360度 全方位 的 体验 来 感知 故事 ， 而 不是 仅仅 依靠 阅读 文字 。 二 是 实现 剧情 信息 的 “ 互文 ” 与 “ 互现 ” ， 即 玩家 从 不同 地方 、 不同 角度 、 不同 方式 获得 关于 同一 段 剧情 的 各种 信息 ， 这些 信息 相互 映衬 、 相互 补充 ， 使得 剧情 逐一 揭示 ， 玩家 的 剧情 体验 也 更 丰富 有 层次 。 有意思 的 是 ， 我们 在 研究 碎片化 叙事 的 过程 中 ， 发现 “ 互现 ” 这个 概念 最早 可以 追溯 到 《 史记 》 ， 它 的 很多 篇章 中 ， 以 本传 为主 ， 又 将 同一 人物 的 事迹 分散 在 不同 地方 ， 既 统一 又 丰富 ， 留给 读者 很 大 的 想象 空间 。 这 跟 游戏 中 的 碎片化 叙事 是 有 异曲同工 之 妙 的 。 所以 你 看 ， 我们 的 老祖宗 其实 很 早 就 在 施展 各种 有趣 的 叙事 技巧 了 。 02十六 ： 为什么 选择 这样 的 叙事 方式 呢 ？ 小王 ： 其实 一 开始 我们 也是 抱 着 试试看 的 心态 ， 我们 团队 里 挺 多 人 都是 魂系 游戏 的 资深 玩家 ， 大家 交流 的 时候 就 发现 ， 这些 游戏 里 的 对白 台词 、 动画 展示 并不 多 ， 但是 却 可以 刻画 出 庞大 而 细腻 的 世界 ， 很多 剧情 都是 玩家 在 探索 或 战斗 中 感受 到 的 ， 相比 于 单纯 的 线性 任务 和 阅读 文字 ， 它 可以 同时 调动 玩家 的 更 多 感官 ， 具有 更 强大 的 叙事 感染力 ， 我们 在 其中 感受 到 的 触动 甚至 比 单纯 的 文字 叙事 更加 深厚 。 这个 感觉 挺 让 我们 震撼 的 ， 更 重要 的 是 ， 我们 觉得 这 展现 了 游戏 作为 一种 交互性 媒体 在 情感 传递 上 不同 于 小说 影视 的 、 非常 独特 的 魅力 。 我们 也 希望 自己 的 游戏 能 展现 出 更 游戏化 的 独特 叙事 体验 ， 所以 虽然 可能 这 方面 经验 不 多 ， 技巧 方面 也 还 不是 很 成熟 ， 但是 我们 还是 想 尽可能 往 这个 方向 试试看 。 另外 我们 从 自己 以往 的 游戏 经验 发现 ， 传统 的 重文字式 线性 剧情 会 让 “ 非剧情 党 ” 玩家 被 排除 在 游戏 故事 之外 ， 剧情党 玩家 愿意 阅读 大段 的 文字 和 动画 ， 但 对 其他 类型 玩家 来说 ， 阅读 剧情 就 成为 了 一种 负担 。 所以 我们 希望 通过 把 剧情 融入 玩法 体验 的 方式 ， 可以 让 更 多 玩家 在 游玩 过程 中 零 压力 地 感受 剧情 ， 这样 来 扩大 剧情 对于 玩家 的 触达面 ， 玩家 的 体验 也 会 更 丰富 。 最后 还 需要 坦白 很 重要 的 一 点 ， 是 我们 自己 在 制作 的 过程 中 发现 ， 国内 对于 高 写实 美术 资源 制作 的 进步 是 很快 的 ， 但 对于 游戏 内 实时 剧情 动画 管线 的 成熟度 却 是 远远 落后 于 国际 的 。 尤其是 高度 写实 风格 下 ， 对 表演 的 要求 也 会 变得 更 高 、 更 难 做 。 卡通 风格 的 游戏 里 ， 可以 通过 夸张 的 动作 表情 来 凸显 人物 性格 ， 但 写实 风格 下 就 会 很 奇怪 ， 人物 从 比例 到 动作 表情 都 要 力求 真实 细腻 ， 幅度 既 不能 大 ， 又要 能 表达 情绪 。 受 限 于 实时 演算 性能 ， 又 没法 达到 cg 那样 的 精度 ， 所以 就 需要 制作组 去 思考 如何 通过 更 巧妙 的 设计 来 表达 人物 的 内心 。 像 《 荒野大镖客 》 《 美国 末日 》 《 战神 》 等 游戏 的 表演 可以 说 是 好莱坞 级别 的 ， 说 实话 我们 也 很 想 对标 他们 去 做 ， 但 显然 在 当前 团队 的 人力 和 技术水平 都 很 有限 的 情况 下 ， 这是 不可能 的 。 所以 选择 体验式 碎片化 叙事 也 可以 说 是 一种 “ 避短 ” 吧 ， 在 我们 力所能及 的 范围 内 尝试 多种 可能 。 03十六 ： 采用 这种 体验式 碎片化 叙事 方式 ， 是不是 意味着 ， 我们 游戏 没有 主线 剧情 ？ 小王 ： 那 倒 也 不是 ， 主线 还是 有的 ， 因为 我们 也 会 担心 纯粹 的 碎片化 叙事 会 让 一些 玩家 摸不着头脑 ， 觉得 没有 目标 。 所以 我们 采用 了 主线 + 暗线 结合 的 讲述 方式 ， 主线 剧情 用 的 是 比较 符合 常规 认知 的 任务式 驱动 ， 适合 对 剧情 有 强 需求 的 玩家 去 体验 ； 暗线 剧情 则 铺设 在 各种 世界 探索 玩法 里 ， 更 适合 喜欢 探索 和 拼图 的 玩家 去 深度 挖掘 。 这 两条 线 表面 上 看起来 可能 互相 独立 ， 实际上 背后 有着 深厚 的 关联 ， 有 兴趣 的 玩家 通过 拼图 主线 和 暗线 ， 就 会 发现 这个 江湖 可能 比 我们 想象 的 要 更 复杂 ， 表面 上 看到 的 事实 未必 就 是 真相 ， 同 一个 事件 和 人物 ， 可以 有 更 多 不同 的 解读 方式 。 比如 在 我们 的 清河 地区 主线 中 ， 玩家 扮演 的 是 一个 少年 ， 某 天 遇到 了 一个 神秘 的 江湖 人 ， 从此 改变 了 他 原本 平静 的 人生 ， 而 这 段 经历 也 成为 了 少年 初 入 江湖 的 第一 课 ， 表面 上 的 主线 是 在 讲 玩家 作为 主角 的 成长 经历 ； 但 如果 玩家 通过 体验 清河 区域 的 探索 玩法 ， 拼凑 出来 的 则 是 另一个 暗线 故事 。 将 主线 和 暗线 结合 之后 就 会 发现 ， 原来 整个 清河 区域 的 剧情 ， 是 一个 基于 历史 上 的 “ 清风驿 之 变 ” 所 延伸 的 故事 。 玩家 所 经历 的 主线 ， 看似 与 此 无关 ， 实则 一切 的 起点 都 来自 于 此 ， 是 幕后 之 手 种种 推波助澜 之后 的 结果 。 不过 需要 说明 的 是 ， 因为 采用 了 更 多 的 碎片化 叙事 ， 所以 我们 的 主线 会 比 一般 游戏 要 短 一些 ， 当前 制作 进展 也 会 更 慢 一些 。 目前 清河 地图 的 主线 才 刚刚 开始 制作 ， 试玩会 上 如果 大家 觉得 主线 太 短 或者 好像 没 太 看 懂 ， 不要 怀疑 自己 ， 确实 是 我们 还 在 制作 初期 ， 后续 一定 会 继续 完善 的 。 04十六 ： 在 这样 复杂 的 背景 故事 下 ， 玩家 如何 确定 自己 是否 了解 了 故事 全貌 呢 ？ 小王 ： 我们 正在 准备 做 一个 剧情 梳理 系统 ， 这个 系统 主要 有 两个 功能 ， 一 是 把 重要 线索 和 时间线 进行 标注 提醒 ， 方便 对 剧情 感兴趣 的 玩家 查缺补漏 ， 确认 自己 是否 集 齐 信息 ； 二 是 提供 了 与 玩家 剧情 共 创 的 空间 ， 在 这个 系统 上 ， 玩家 可以 根据 自己 收集 到 的 线索 对 故事 进行 推理 和 补全 ， 从而 还原 出 一个 自己 理解 的 故事 剧情 ， 并且 分享 给 其他 玩家 。 这个 故事 可能 和 官方 剧情 一样 也 可能 不同 ， 一千个 读者 就 有 一千个 哈姆雷特 ， 我们 觉得 这种 同 一片 江湖 碰撞 出 不同 火花 的 感觉 还 挺 有意思 的 。 05十六 ： 很多 玩家 对于 我们 游戏 的 五代十国 背景 非常 感兴趣 ， 那么 目前 版本 的 游戏 里 有 哪些 和 历史 结合 的 地方 呢 ？ 小王 ： 其实 还 挺 多 的 ， 但是 涉及 剧透 ， 这里 简单 说 几个 。 比如 前面 说 到 的 ， 未来 玩家 如果 探索 完 全部 主线 和 暗线 ， 就 会 发现 清河 区域 的 故事 是 从 “ 清风驿 之 变 ” 延伸 创作 的 ； 清河 区域 上 也 遍布 了 前朝 有关 的 不同 势力 ； 以及 玩家 很 关心 的 主角 身世 ， 也 与 历史 知名 的 “ 中渡桥 之 战 ” 有关 ， 为了 避免 影响 到 大家 的 体验 ， 我 只能 剧透 到 这里 了 。 06十六 ： 我们 游戏 里 的 线索 获取 方式 是 怎样 的 ？ 小王 ： 除了 常规 的 线索 掉落 ， 我们 还 采用 了 很多 场景 隐喻 结合 探索 玩法 的 方式 来 释放 信息 。 比如 清河 的 某个 区域 ， 表面 上 看起来 是 非常 安静 祥和 的 农田 、 山水 ， 实际上 深入 之后 就 会 发现 这里 隐藏 着 山洞 ， 里面 甚至 还 藏 着 一些 盔甲 和 兵器 ， 由此 玩家 可以 推测 出 这个 地方 并不 简单 。 又 比如 某个 关卡 里 会 遇到 一群 被 困住 的 人 ， 他们 唱 着 奇怪 小调 ， 玩家 可能 当时 不明所以 ， 但 随着 对 游戏 的 探索 ， 未来 玩家 到达 了 另一个 地方 ， 听到 了 当地人 唱 着 近似 的 小调 ， 就 会 发现 原来 这 就 是 他们 的 故乡 之 音 ， 其实 那些 被困 的 人 无时不刻 不在 思念 着 自己 的 家乡 。 07十六 ： 有点 担心 会不会 剧情 的 理解 门槛 太 高 了 ？ 小王 ： 前面 也 有 提到 ， 我们 会 提供 常规化 的 主线 来 保证 基础 背景 信息 的 传达 ， 同时 也 提供 了 一些 辅助 梳理 和 理解 剧情 线索 的 系统 ， 一定 程度 上 可以 降低 理解 的 难度 ； 另一方面 我们 的 剧情 做 了 很多 的 切入点 ， 玩家 可以 从 很多 小 细节 着手 ， 顺藤摸瓜 探索 到 剧情 的 主 脉络 ， 我们 希望 用 这样 的 方式 去 关注 到 时代 背景 下 不同 派系 、 不同 立场 的 人物 ， 通过 这些 人物 的 视角 ， 去 拼凑 和 还原 一个 恢弘 的 时代 ， 这是 我们 在 剧情 内容 上 的 愿景 。 做 突破 总 要 有 一定 的 风险 ， 但 我们 觉得 这 件 事 值得 做 。 从 我们 自己 的 游戏 经历 和 市场 观察 也 可以 发现 ， 其实 门槛 这 件 事情 并不 可怕 ， 玩家 也 都是 很 乐于 去 接受 新 的 体验 和 新 的 叙事 形式 的 ， 而 作为 设计者 ， 在 这个 过程 中 需要 做 的 事 ， 一 是 要 保证 提供 的 新 体验 是 尽可能 有趣 的 、 优秀 的 、 有 吸引力 的 ， 二 是 不要 仅仅 惧怕 门槛 ， 而是 行动 起来 ， 去 思考 如何 化解 门槛 ， 去 真正 地 解决 这个 问题 ， 不要 怕 犯错 。 ' ],2023-01,大剧透！燕云没有主线剧情？体验式碎片化叙事是个啥？
['马上年底了，我们最近都在准备两件事，一是和15日的杭州线下试玩会，本周就要截止报名了，已经报名的小伙伴们记得留意通知哦。没有来到现场的小伙伴，可以蹲蹲我们的官方直播情报会，开发组现场演示实机操作，直播间还会掉落首测测试资格哦!还没有预约的小伙伴，快快预约上。在我们的官网上，有一个特色关键词叫做“中式解谜”，有很多小伙伴问我们这到底是什么意思？这似乎是一种“很新的东西”？十六找到了我们的主创之一小徐聊了聊，希望可以帮助大家理解燕云所主打的“中式解谜”。01十六：小徐你好，首曝以来，大家对我们游戏的关注度还挺高的，也有小伙伴对于我们官网提出的“中式解谜”特色很感兴趣，请问团队是怎么想到这个概念的？怎么理解它呢？小徐：一开始提出这个概念，是因为我们先确定了要做一个基于解谜战斗叙事的武侠开放世界。其实市面上的开放世界游戏也有不少了，但我们非常想要做出自己的特色，所以基于“武侠”这个立足点上进行了很多推导和演化，最终确定了“中式解谜”这个概念。其实我们刚开始也没有十足的把握，但是大家对这个概念很有兴趣，做了不少的讨论和制作的尝试，也走过了一些弯路，最后确定了几个基本思路：一是要讲“武侠故事”，在游戏里的体现就是，我们设置的谜题，从故事、氛围、气质上都是符合武侠设定的，比如我们游戏里有一个历史战场遗址的关卡，玩家探索之后会发现这里讲的是侠客和战争的关系，反映的是乱世中的侠客精神，也有一些古代志怪风格的想象，比如大家会发现清河区域的一个村民表现很怪异，玩家通过解谜后发现这里其实是有江湖人背后操纵的结果等等；二是要用“武侠功夫”，玩家必须用经典的武侠功夫去解谜，比如点穴、太极等，我们游戏里统一把这些招式叫做“奇术”。过去的游戏中，武侠功夫往往只被用做战斗中，但在我们的想象中，真实的武侠世界肯定不止于这样，功夫应该有很多种用法，产生很多有趣的变化和影响，解谜就是我们重点扩展的一个方面；三是要基于“武侠文化”，即用中国的文化元素来作为题眼，对于了解中式文化的人来说，不仅可以高效解谜，更重要的是能感受到一种文化共情，基于同样的文化背景下所能感受到的趣味与精妙感。比如我们有一个题目用到了阴阳八卦的概念，玩家在解谜的时候就需要借助八卦的原理去调试机关，最终解开关卡。02十六：这些谜题的量级有多少？小徐：很难用数字去估算游戏的解谜数量，可以说解谜是了解这个世界的主要方式，如果按照有奖励的流程来算，光清河这一个区域大概就有几百个吧，如果算上了纯好奇心驱动型的解谜，那就不止了。我们就是希望玩家在游戏里每走几步都能被一个有趣的探索点吸引。我们做了不同体量的谜题，有散落在大世界各处的轻量解谜，玩家不经意间路过的时候，可能会被他们的“特殊形态”吸引；也有结合了隐藏剧情与解谜体验的中度解谜关卡；还有一些有很特殊地貌和独特故事、面积巨大的复合型解谜关卡，融合了多种解谜探索交互玩法、碎片化叙事、富有攻击性的怪物和boss。03十六：这些谜题的难度会不会很高？小徐：这倒不用担心，我们的谜题会有比较丰富的难度分层，大部分都是简单好上手的题，还有些难度比较高的题则是给追求挑战的玩家去尝试，而且我们也会在机制设计上给玩家提供解谜帮助的可选项。另外，玩家怕的真的是难吗？有没有可能是设计不够好？我们始终觉得，好的解谜设计是有自己的一套设计标准的，比如是否符合直觉？逻辑是否缜密？线索是否清晰？其实只要把设计做好，很多时候玩家不是怕难，玩家是不认可不好的、没有道理的设计。04十六：武侠的元素有很多，如何判断哪些是我们要做的？小徐：我们内部也进行过很多讨论，一说起武侠，大家提出的点子都特别多，但不是每一个都适合，最后我们自己判断是否要做的内容都基于三个方面的考虑吧。首先是要立足于武侠这个概念，要符合武侠的浪漫想象，但又不能太玄幻，中间的差别就很微妙，我们之前做过了一个招式叫做“烈阳印”，玩家可以在需要运用火的情境下用内力打出火来，但我们始终又觉得它的原理和表现还不够好、不够纯正。同样是与火相关，而另一个来源于市井表演的“神龙吐火术”，就显得更贴近真实武侠的生活化场景。（弱弱补一嘴，目前游戏里烈阳印也还是存在的，后续正在思考调整这些招式在运用场景的优先级设计）。▲源自市井表演的“神龙吐火术”第二个是所选用的这些招式必须是具有拓展性的，而不是一次性的花拳绣腿。换句话说，它必须是一种能支撑起丰富变化和应用环境的机制。比如点穴作为武侠世界里一个很常见的招式，在我们游戏里的运用场景就有很多，比如我们可以在潜行战斗中用点穴直击对方命门，那战斗外是不是也可以用？比如能不能用来抓小偷？能不能用来达成某种特殊的状态要求？这就可以体现点穴这一个招式带来的不同乐趣。第三个是要保证良好的操作手感，提供一定的操作乐趣。比如太极的操作就考查到了我们对“借力点”和“受力点”的实时判断，和对于发力时机的判断，玩家可以通过键位操作获得即时的反馈，并且从中获得乐趣。05十六：刚刚提到的这些经典武侠招式，是怎么在中式解谜玩法里发挥作用的呢？小徐：举个太极的栗子吧，太极在别的游戏里的表现可能就是带有黑白特效的输出技能，但是我们自己希望能够在游戏里更深入的还原太极这个概念。在这个过程里，由于大家对于太极的理解也不尽相同，所以在团队内部进行了多次激烈的讨论。最终由太极的哲学概念出发，结合大众所熟悉的武侠太极招式，确定了我们游戏里的太极主要能力源自“借力打力”的概念，比如在某些场景下，当我们想要打开一个门，没有钥匙，凭自己的力量又无法砸开，这时候就可以观察周围是否有可以借力的物体，如果有，就可以使用太极从这个物体上借力，打到对应的门上，从而把门砸开，解开谜题。▲运用太极借力，将洞穴砸开类似的场景还有很多，我们总结下来就是：“太极不是力的生产者，而是力的搬运工。”并且随着在燕云世界的探索，每当大家遇到类似的需要借力的场景，就会想起来要用太极。06十六：在太极的这个思路下，是不是全部物体都可以用来借力？小徐：我们希望可以有尽可能多的东西可以借力，但是考虑实际制作成本可行性，并不会全部的物体都可以。对于如何制作可以借力的物体，我们主要考虑到两个方面，一是要为玩法机制服务，可交互物体要足够多，才能提供玩法的乐趣，我们也借鉴了《战神4》《塞尔达旷野之息》等经典游戏的手段，对可交互物体做出明显的标识，让玩家能够很直观的判断；另一方面还是回到武侠的经典记忆，比如像太极卷起落叶、流水这些，是很符合我们的武侠印象的，即使做起来很费力，我们也尝试做了。07十六：那我是不是可以理解为，奇术越多越好呢？小徐：我们觉得不是这样。游戏的乐趣在于机制带来的变化无穷，而不是一个又一个不相关元素的堆砌。如果解谜奇术过多，一方面会增加玩家对招数的理解成本，在遇到谜题的时候会无所适从，不知道要用什么办法来解决，另外一方面也会丧失玩法本身通过变化组合带来的精妙感。我们的做法是把不同的地图区域进行主题的区分，玩家在每个区域只需要用到少数几种奇术，并且会适当强调当前主题的区域特色，比如清河地图就是一个偏自然向的区域，玩家就会用到比较偏自然向的奇术招式，未来开放的汴京地图会更偏城镇人文主题，也会有一些人文交互向的奇术。▲奇术“狮吼功”08十六：在这个过程中，有遇到什么困难吗？小徐：（叹气但微笑）困难可太多了，我承认我们之前太莽了，好多费解的课题都是我们深入研究之后才发现的。尤其是我们确定的写实风格、武侠解谜、开放世界这几个关键词，市面上也找不到参考。比如塞尔达是特别好的开放世界的范例，但是我们换到一个写实武侠风格的世界中去想象它，就会发现很多设计必须要变化，不然就会很奇怪、讲不通、不可信，会破坏写实世界的沉浸感。我们所提出的很多概念都是这样，试了之后发现不对，要从0开始摸索搭建，整体的试错成本很高，有很多内容在制作的过程中被我们自己推翻了，确实也浪费了不少时间。然后是大家关于武侠的理解，每个人都有自己的浪漫想象，有的想象很难形成表现和功能的共识，比如太极，有的人觉得太极是一种其大无穷的力，有的人觉得是一套慢悠悠的动作，我们进行了很多激烈的讨论才最终确定了“借力打力”的概念；最后的难点是我们想在游戏里建立一套武侠世界解谜的通用规则，这是一个没有人尝试过的领域，无法直接借鉴物理化学那种生活常识的规则，也不能直接化用武侠故事里的独立概念，那样会让游戏变得复杂。比如我们知道点穴有不同的指法，一阳指可以破蛤蟆功，但不能推广到全部指法都能破蛤蟆功，这个独立的概念就无法运用。当我们找到了合适的武侠元素之后，又会发现其中的抽象概念很难传达给玩家，它不像物理化学规则那么直观好理解……每当我们解决了一部分问题，又会有新的问题出现，不过我们做好了一直和这些困难作斗争的准备。09十六：大家的精神状态还好吗？小徐：目前团队阳或阳过的比例已经90%（真希望这个数字是项目完成度啊tat），确实也耽误了一些开发进度，马上就要办试玩会和直播会，大家一回来就疯狂赶进度，说实话还是有点焦虑的，但想到要和大家见面，紧张中也充满了期待。另外我自己觉得我们现在做的事还挺武侠的，就像《倚天屠龙记》里很多人都修习过乾坤大挪移心法，却没有人习成过第七层，不是因为它有多难，而是因为第七层是一种想象的变化，根本就没有真正的答案。就像我们正在做的“中式解谜”，虽然没有标准答案，但我们依然想试试做好这件事，这种感觉就像自己参悟第七层一样令人兴奋。']。 —— 主创访谈|中式解谜怎么解？用武侠思维玩很新的东西！-,《 主创 访谈 | 中式 解谜 怎么 解 ？ 用 武侠 思维 玩 很 新 的 东西 ！ 》 : [ ' 马上 年底 了 ， 我们 最近 都 在 准备 两件 事 ， 一 是 和 15日 的 杭州 线下 试玩会 ， 本周 就要 截止 报名 了 ， 已经 报名 的 小伙伴 们 记得 留意 通知 哦 。 没有 来到 现场 的 小伙伴 ， 可以 蹲 蹲 我们 的 官方 直播 情报会 ， 开发组 现场 演示 实机 操作 ， 直播 间 还 会 掉落 首测 测试 资格 哦 ! 还 没有 预约 的 小伙伴 ， 快快 预约 上 。 在 我们 的 官网 上 ， 有 一个 特色 关键词 叫做 “ 中式 解谜 ” ， 有 很多 小伙伴 问 我们 这 到底 是 什么 意思 ？ 这 似乎 是 一种 “ 很 新 的 东西 ” ？ 十六 找到 了 我们 的 主创 之一 小徐 聊 了 聊 ， 希望 可以 帮助 大家 理解 燕云 所 主打 的 “ 中式 解谜 ” 。 01十六 ： 小徐 你好 ， 首曝 以来 ， 大家 对 我们 游戏 的 关注度 还 挺 高 的 ， 也 有 小伙伴 对于 我们 官网 提出 的 “ 中式 解谜 ” 特色 很 感兴趣 ， 请问 团队 是 怎么 想到 这个 概念 的 ？ 怎么 理解 它 呢 ？ 小徐 ： 一 开始 提出 这个 概念 ， 是 因为 我们 先 确定 了 要 做 一个 基于 解谜 战斗 叙事 的 武侠 开放世界 。 其实 市面 上 的 开放世界 游戏 也 有 不少 了 ， 但 我们 非常 想 要 做出 自己 的 特色 ， 所以 基于 “ 武侠 ” 这个 立足点 上 进行 了 很多 推导 和 演化 ， 最终 确定 了 “ 中式 解谜 ” 这个 概念 。 其实 我们 刚 开始 也 没有 十足 的 把握 ， 但是 大家 对 这个 概念 很 有 兴趣 ， 做 了 不少 的 讨论 和 制作 的 尝试 ， 也 走过 了 一些 弯路 ， 最后 确定 了 几个 基本 思路 ： 一 是 要 讲 “ 武侠 故事 ” ， 在 游戏 里 的 体现 就 是 ， 我们 设置 的 谜题 ， 从 故事 、 氛围 、 气质 上 都是 符合 武侠 设定 的 ， 比如 我们 游戏 里 有 一个 历史 战场 遗址 的 关卡 ， 玩家 探索 之后 会 发现 这里 讲 的 是 侠客 和 战争 的 关系 ， 反映 的 是 乱世 中 的 侠客 精神 ， 也 有一些 古代 志怪 风格 的 想象 ， 比如 大家 会 发现 清河 区域 的 一个 村民 表现 很 怪异 ， 玩家 通过 解谜 后 发现 这里 其实 是 有 江湖 人 背后 操纵 的 结果 等等 ； 二 是 要 用 “ 武侠 功夫 ” ， 玩家 必须 用 经典 的 武侠 功夫 去 解谜 ， 比如 点穴 、 太极 等 ， 我们 游戏 里 统一 把 这些 招式 叫做 “ 奇术 ” 。 过去 的 游戏 中 ， 武侠 功夫 往往 只 被 用 做 战斗 中 ， 但 在 我们 的 想象 中 ， 真实 的 武侠 世界 肯定 不止 于 这样 ， 功夫 应该 有 很多 种 用法 ， 产生 很多 有趣 的 变化 和 影响 ， 解谜 就 是 我们 重点 扩展 的 一个 方面 ； 三 是 要 基于 “ 武侠 文化 ” ， 即 用 中国 的 文化 元素 来 作为 题眼 ， 对于 了解 中式 文化 的 人 来说 ， 不仅 可以 高效 解谜 ， 更 重要 的 是 能 感受 到 一种 文化 共情 ， 基于 同样 的 文化 背景 下 所 能 感受 到 的 趣味 与 精妙感 。 比如 我们 有 一个 题目 用 到 了 阴阳 八卦 的 概念 ， 玩家 在 解谜 的 时候 就 需要 借助 八卦 的 原理 去 调试 机关 ， 最终 解开 关卡 。 02十六 ： 这些 谜题 的 量级 有 多少 ？ 小徐 ： 很难 用 数字 去 估算 游戏 的 解谜 数量 ， 可以 说 解谜 是 了解 这个 世界 的 主要 方式 ， 如果 按照 有 奖励 的 流程 来 算 ， 光 清河 这 一个 区域 大概 就 有 几百个 吧 ， 如果 算 上 了 纯 好奇心 驱动型 的 解谜 ， 那 就 不止 了 。 我们 就 是 希望 玩家 在 游戏 里 每 走 几步 都 能 被 一个 有趣 的 探索点 吸引 。 我们 做 了 不同 体量 的 谜题 ， 有 散落 在 大世界 各处 的 轻量 解谜 ， 玩家 不经意 间 路过 的 时候 ， 可能 会 被 他们 的 “ 特殊 形态 ” 吸引 ； 也 有 结合 了 隐藏 剧情 与 解谜 体验 的 中度 解谜 关卡 ； 还有 一些 有 很 特殊 地貌 和 独特 故事 、 面积 巨大 的 复合型 解谜 关卡 ， 融合 了 多种 解谜 探索 交互 玩法 、 碎片化 叙事 、 富有 攻击性 的 怪物 和 boss 。 03十六 ： 这些 谜题 的 难度 会不会 很 高 ？ 小徐 ： 这 倒 不用 担心 ， 我们 的 谜题 会 有 比较 丰富 的 难度 分层 ， 大部分 都是 简单 好 上手 的 题 ， 还 有些 难度 比较 高 的 题 则 是 给 追求 挑战 的 玩家 去 尝试 ， 而且 我们 也 会 在 机制 设计 上 给 玩家 提供 解谜 帮助 的 可选项 。 另外 ， 玩家 怕 的 真 的 是 难 吗 ？ 有没有 可能 是 设计 不够 好 ？ 我们 始终 觉得 ， 好 的 解谜 设计 是 有 自己 的 一套 设计 标准 的 ， 比如 是否 符合 直觉 ？ 逻辑 是否 缜密 ？ 线索 是否 清晰 ？ 其实 只要 把 设计 做好 ， 很多 时候 玩家 不是 怕 难 ， 玩家 是 不 认可 不好 的 、 没有 道理 的 设计 。 04十六 ： 武侠 的 元素 有 很多 ， 如何 判断 哪些 是 我们 要 做 的 ？ 小徐 ： 我们 内部 也 进行 过 很多 讨论 ， 一 说 起 武侠 ， 大家 提出 的 点子 都 特别 多 ， 但 不是 每 一个 都 适合 ， 最后 我们 自己 判断 是否 要 做 的 内容 都 基于 三个 方面 的 考虑 吧 。 首先 是 要 立足 于 武侠 这个 概念 ， 要 符合 武侠 的 浪漫 想象 ， 但 又 不能 太 玄幻 ， 中间 的 差别 就 很 微妙 ， 我们 之前 做 过 了 一个 招式 叫做 “ 烈阳印 ” ， 玩家 可以 在 需要 运用 火 的 情境 下 用 内力 打 出 火 来 ， 但 我们 始终 又 觉得 它 的 原理 和 表现 还 不够 好 、 不够 纯正 。 同样 是 与 火 相关 ， 而 另一个 来源于 市井 表演 的 “ 神龙吐火术 ” ， 就 显得 更 贴近 真实 武侠 的 生活化 场景 。 （ 弱弱 补 一 嘴 ， 目前 游戏 里 烈阳印 也 还是 存在 的 ， 后续 正在 思考 调整 这些 招式 在 运用 场景 的 优先级 设计 ） 。 ▲ 源自 市井 表演 的 “ 神龙吐火术 ” 第二个 是 所 选用 的 这些 招式 必须 是 具有 拓展性 的 ， 而 不是 一次性 的 花拳绣腿 。 换句话说 ， 它 必须 是 一种 能 支撑 起 丰富 变化 和 应用 环境 的 机制 。 比如 点穴 作为 武侠 世界 里 一个 很 常见 的 招式 ， 在 我们 游戏 里 的 运用 场景 就 有 很多 ， 比如 我们 可以 在 潜行 战斗 中 用 点穴 直击 对方 命门 ， 那 战斗 外 是不是 也 可以 用 ？ 比如 能不能 用来 抓 小偷 ？ 能不能 用来 达成 某 种 特殊 的 状态 要求 ？ 这 就 可以 体现 点穴 这 一个 招式 带来 的 不同 乐趣 。 第三个 是 要 保证 良好 的 操作 手感 ， 提供 一定 的 操作 乐趣 。 比如 太极 的 操作 就 考查 到 了 我们 对 “ 借力点 ” 和 “ 受力点 ” 的 实时 判断 ， 和 对于 发力 时机 的 判断 ， 玩家 可以 通过 键位 操作 获得 即时 的 反馈 ， 并且 从中 获得 乐趣 。 05十六 ： 刚刚 提到 的 这些 经典 武侠 招式 ， 是 怎么 在 中式 解谜 玩法 里 发挥 作用 的 呢 ？ 小徐 ： 举 个 太极 的 栗子 吧 ， 太极 在 别的 游戏 里 的 表现 可能 就 是 带有 黑白 特效 的 输出 技能 ， 但是 我们 自己 希望 能够 在 游戏 里 更 深入 的 还原 太极 这个 概念 。 在 这个 过程 里 ， 由于 大家 对于 太极 的 理解 也 不尽 相同 ， 所以 在 团队 内部 进行 了 多次 激烈 的 讨论 。 最终 由 太极 的 哲学 概念 出发 ， 结合 大众 所 熟悉 的 武侠 太极 招式 ， 确定 了 我们 游戏 里 的 太极 主要 能力 源自 “ 借力 打力 ” 的 概念 ， 比如 在 某些 场景 下 ， 当 我们 想 要 打开 一个 门 ， 没有 钥匙 ， 凭 自己 的 力量 又 无法 砸 开 ， 这时候 就 可以 观察 周围 是否 有 可以 借力 的 物体 ， 如果 有 ， 就 可以 使用 太极 从 这个 物体 上 借力 ， 打 到 对应 的 门 上 ， 从而 把 门 砸 开 ， 解开 谜题 。 ▲ 运用 太极 借力 ， 将 洞穴 砸 开 类似 的 场景 还有 很多 ， 我们 总结 下来 就 是 ： “ 太极 不是 力 的 生产者 ， 而是 力 的 搬运工 。 ” 并且 随着 在 燕云 世界 的 探索 ， 每当 大家 遇到 类似 的 需要 借力 的 场景 ， 就 会 想 起来 要 用 太极 。 06十六 ： 在 太极 的 这个 思路 下 ， 是不是 全部 物体 都 可以 用来 借力 ？ 小徐 ： 我们 希望 可以 有 尽可能 多 的 东西 可以 借力 ， 但是 考虑 实际 制作 成本 可行性 ， 并 不会 全部 的 物体 都 可以 。 对于 如何 制作 可以 借力 的 物体 ， 我们 主要 考虑 到 两个 方面 ， 一 是 要 为 玩法 机制 服务 ， 可 交互 物体 要 足够 多 ， 才 能 提供 玩法 的 乐趣 ， 我们 也 借鉴 了 《 战神4 》 《 塞尔达 旷野之息 》 等 经典 游戏 的 手段 ， 对 可 交互 物体 做出 明显 的 标识 ， 让 玩家 能够 很 直观 的 判断 ； 另一方面 还是 回到 武侠 的 经典 记忆 ， 比如 像 太极 卷 起 落叶 、 流水 这些 ， 是 很 符合 我们 的 武侠 印象 的 ， 即使 做 起来 很 费力 ， 我们 也 尝试 做 了 。 07十六 ： 那 我 是不是 可以 理解 为 ， 奇术 越 多 越 好 呢 ？ 小徐 ： 我们 觉得 不是 这样 。 游戏 的 乐趣 在于 机制 带来 的 变化无穷 ， 而 不是 一个 又 一个 不 相关 元素 的 堆砌 。 如果 解谜 奇术 过多 ， 一方面 会 增加 玩家 对 招数 的 理解 成本 ， 在 遇到 谜题 的 时候 会 无所适从 ， 不 知道 要 用 什么 办法 来 解决 ， 另外 一方面 也 会 丧失 玩法 本身 通过 变化 组合 带来 的 精妙感 。 我们 的 做法 是 把 不同 的 地图 区域 进行 主题 的 区分 ， 玩家 在 每个 区域 只 需要 用到 少数 几种 奇术 ， 并且 会 适当 强调 当前 主题 的 区域 特色 ， 比如 清河 地图 就 是 一个 偏 自然 向 的 区域 ， 玩家 就 会 用 到 比较 偏 自然 向 的 奇术 招式 ， 未来 开放 的 汴京 地图 会 更 偏 城镇 人文 主题 ， 也 会 有一些 人文 交互向 的 奇术 。 ▲ 奇术 “ 狮吼功 ” 08十六 ： 在 这个 过程 中 ， 有 遇到 什么 困难 吗 ？ 小徐 ： （ 叹气 但 微笑 ） 困难 可 太 多 了 ， 我 承认 我们 之前 太 莽 了 ， 好多 费解 的 课题 都是 我们 深入 研究 之后 才 发现 的 。 尤其是 我们 确定 的 写实 风格 、 武侠 解谜 、 开放世界 这 几个 关键词 ， 市面 上 也 找 不 到 参考 。 比如 塞尔达 是 特别 好 的 开放世界 的 范例 ， 但是 我们 换 到 一个 写实 武侠 风格 的 世界 中 去 想象 它 ， 就 会 发现 很多 设计 必须 要 变化 ， 不然 就 会 很 奇怪 、 讲 不 通 、 不 可信 ， 会 破坏 写实 世界 的 沉浸感 。 我们 所 提出 的 很多 概念 都是 这样 ， 试 了 之后 发现 不对 ， 要 从 0 开始 摸索 搭建 ， 整体 的 试错 成本 很 高 ， 有 很多 内容 在 制作 的 过程 中 被 我们 自己 推翻 了 ， 确实 也 浪费 了 不少 时间 。 然后 是 大家 关于 武侠 的 理解 ， 每个人 都 有 自己 的 浪漫 想象 ， 有的 想象 很难 形成 表现 和 功能 的 共识 ， 比如 太极 ， 有的 人 觉得 太极 是 一种 其 大 无穷 的 力 ， 有的 人 觉得 是 一套 慢悠悠 的 动作 ， 我们 进行 了 很多 激烈 的 讨论 才 最终 确定 了 “ 借 力 打 力 ” 的 概念 ； 最后 的 难点 是 我们 想 在 游戏 里 建立 一套 武侠 世界 解谜 的 通用 规则 ， 这是 一个 没有 人 尝试 过 的 领域 ， 无法 直接 借鉴 物理化学 那种 生活 常识 的 规则 ， 也 不能 直接 化用 武侠 故事 里 的 独立 概念 ， 那样 会 让 游戏 变得 复杂 。 比如 我们 知道 点穴 有 不同 的 指法 ， 一阳指 可以 破 蛤蟆 功 ， 但 不能 推广 到 全部 指法 都 能 破 蛤蟆 功 ， 这个 独立 的 概念 就 无法 运用 。 当 我们 找到 了 合适 的 武侠 元素 之后 ， 又 会 发现 其中 的 抽象 概念 很难 传达 给 玩家 ， 它 不 像 物理化学 规则 那么 直观 好 理解 …… 每当 我们 解决 了 一部分 问题 ， 又 会 有 新 的 问题 出现 ， 不过 我们 做好 了 一直 和 这些 困难 作 斗争 的 准备 。 09十六 ： 大家 的 精神 状态 还好 吗 ？ 小徐 ： 目前 团队 阳 或 阳 过 的 比例 已经 90% （ 真 希望 这个 数字 是 项目 完成度 啊 tat ） ， 确实 也 耽误 了 一些 开发 进度 ， 马上 就要 办 试玩会 和 直播会 ， 大家 一 回来 就 疯狂 赶 进度 ， 说 实话 还是 有点 焦虑 的 ， 但 想到 要 和 大家 见面 ， 紧张 中 也 充满 了 期待 。 另外 我 自己 觉得 我们 现在 做 的 事 还 挺 武侠 的 ， 就 像 《  》 里 很多 人 都 修习 过 乾坤 大挪 移心法 ， 却 没有 人 习 成 过 第七层 ， 不是 因为 它 有 多难 ， 而是 因为 第七层 是 一种 想象 的 变化 ， 根本 就 没有 真正 的 答案 。 就 像 我们 正在 做 的 “ 中式 解谜 ” ， 虽然 没有 标准答案 ， 但 我们 依然 想 试试 做好 这 件 事 ， 这种 感觉 就 像 自己 参悟 第七层 一样 令人 兴奋 。 ' ],2023-01,主创访谈|中式解谜怎么解？用武侠思维玩很新的东西！
['我是一只鹅，从出生的那天起，我就知道我只是一只鹅了。没有人把我当成过丑小鸭，我也不觉得天鹅比我高贵在哪里，我只是燕云大地上的一只普通的鹅，但我总觉得似乎自己有些不一样，说不上来为什么。有一天我正在草丛里闭目养神，有个陌生的臭小子突然放火烧了我的尾巴，而我浴火逃生并且下意识地狠狠反击，他为什么就招惹我？难道是因为我太特别了吗？还是仅仅因为鹅的肉质鲜嫩蛋白质高同时脂肪胆固醇含量低而且口感还很棒？作为一只鹅，我一向本分老实守规矩，但从那天开始，我开始深深地感受到了生存危机！我不由得开始思考鹅生，我是谁（拜托，你是一只鹅啊）？我生活在一个怎样的世界？我存在的价值是什么？燕云动物世界，开拍了！生在燕云，本鹅的存在实在算不上特别，毕竟从村里圈养的家畜，到原野里自由生长的野兽，多不胜数，我在其中最多只能称为“小动物”。论野性，燕云的旷野之上活跃着各种大型动物，熊、狼、鹿、羊等等，它们凑在一起，好像随时要开拍《动物世界》。他们还一个特点就是好斗，走在路上一言不合打起来也是常有的事，太可怕了，这样是不好的，还是俺们村里比较文明。当然野外的动物也不都是如此凶猛，比如我前几天在树林里遇见的山鸡，毕竟都是禽类，说不定咱们还有点亲戚关系，不过它们跑得太快了，我至今都没有追上过一只。虽然我在野外说不上话，但回到村里，我还是有点地位的，看到那两只旺财没？他们一见到生人就狂吠不止，见到本鹅他们就老实了。在这样一个物种丰富的世界里，小动物们一直和睦相处，相亲相爱。为什么那个人类却偏偏来招惹我一只本分又普通的鹅？我百思不得其解。凭本事站上生物链顶端，竟是为了……难道是我的战力太高引起了注意吗？没道理。在燕云的世界里，动物们虽然看起来岁月静好相安无事，其实却有着严格的生物链条，我作为一只鹅，虽然不至于在生物链底端，但绝不敢说自己在顶端，毕竟在这里，有几位“大佬”，我也不敢惹。比如这位狗熊大哥，平时没事就在睡觉，大家都离得远远的，生怕吵醒了大哥要挨揍。等它睡醒了，它还会自己到河里抓鱼吃，我有一些朋友曾经尝试过前去围观熊吃鱼，但赶到现场的时候，就只剩下鱼骨头了。在燕云的世界里，狼也是咱惹不起的，它们往往都是“团队作案”，如果看见一头狼，就意味着附近肯定得有一群狼。狼群有很强的领地意识，他们有时会组队在自己的领地里巡逻。一旦意识到危险，狼群就会集体发起攻击，它们甚至还会自发将敌人围成一圈，观察敌人的动向，伺机扑杀。这么一看，本鹅在燕云的动物生态链上似乎也拿不到前排的号，那么我到底有什么用呢？为什么作为一只普通平凡的鹅，却要进入到这个不平凡的江湖世界里？小动物也有大江湖，这个奥秘不简单为了解答这个问题，我仔细观察了我的动物朋友们都是如何为江湖发挥作用的。先是我的一个禽类远方表亲大雁，我去找它的时候正好遇上了几个人正在射箭捕猎，地上还支着烤肉架，那只大雁一定和我一样肉质鲜嫩蛋白质高同时脂肪胆固醇含量低而且口感还很棒吧……有一天我在野外闲逛，看到有个小伙汁趴在池塘边上定睛凝视某一处，顺着他的目光望去只见一只鲜活的蛤蟆正在跳跃。没过多久，只见这位小伙子如同蛤蟆状趴在地上，只见他内力运转向前一击，原来早已练成蛤蟆神功！天呐！如此看来，我们小动物的身上竟然也藏有武功的奥秘，那么我身上的奥秘会是什么呢？此时我正在草丛里闭目养神思考这个问题……忽然感觉屁股有点烫……我勒个去啊！是哪个混小子又来放火烧老子，看我不neng死你！时至今日，我已经不再纠结于问题的答案，毕竟当我走在大街上，路边的小动物都对我毕恭毕敬。若干年前有一位诗人曾经说过“天生我材必有用”，我相信这个江湖一定会有独具慧眼的人来发现我的价值。那么我又是谁呢？村里有一些人开始管我叫什么“游侠鹅”，我连连婉拒，如果一定要给我起一个名字的话，我希望可以更威风一些……']。 —— 神奇动物在燕云！站在食物链顶端的竟是……-,《 神奇 动物 在 燕云 ！ 站 在 食物链 顶端 的 竟是 … … 》 : [ ' 我 是 一 只 鹅 ， 从 出生 的 那天 起 ， 我 就 知道 我 只是 一 只 鹅 了 。 没有 人 把 我 当成 过 丑 小 鸭 ， 我 也 不 觉得 天鹅 比 我 高贵 在 哪里 ， 我 只是 燕云 大地 上 的 一 只 普通 的 鹅 ， 但 我 总 觉得 似乎 自己 有些 不 一样 ， 说 不 上来 为什么 。 有一天 我 正 在 草丛 里 闭目养神 ， 有 个 陌生 的 臭小子 突然 放火 烧 了 我 的 尾巴 ， 而 我 浴火 逃生 并且 下意识 地 狠狠 反击 ， 他 为什么 就 招惹 我 ？ 难道 是 因为 我 太 特别 了 吗 ？ 还是 仅仅 因为 鹅 的 肉质 鲜嫩 蛋白质 高 同时 脂肪 胆固醇 含量 低 而且 口感 还 很 棒 ？ 作为 一 只 鹅 ， 我 一向 本分 老实 守 规矩 ， 但 从 那天 开始 ， 我 开始 深深 地 感受 到 了 生存 危机 ！ 我 不由得 开始 思考 鹅生 ， 我 是 谁 （ 拜托 ， 你 是 一 只 鹅 啊 ） ？ 我 生活 在 一个 怎样 的 世界 ？ 我 存在 的 价值 是 什么 ？ 燕云动物 世界 ， 开拍 了 ！ 生 在 燕云 ， 本 鹅 的 存在 实在 算 不 上 特别 ， 毕竟 从 村里 圈养 的 家畜 ， 到 原野 里 自由 生长 的 野兽 ， 多不胜数 ， 我 在 其中 最多 只能 称为 “ 小 动物 ” 。 论 野性 ， 燕云 的 旷野 之上 活跃 着 各种 大型 动物 ， 熊 、 狼 、 鹿 、 羊 等等 ， 它们 凑 在 一起 ， 好像 随时 要 开拍 《 动物 世界 》 。 他们 还 一个 特点 就 是 好斗 ， 走 在 路上 一言不合 打 起来 也是 常有 的 事 ， 太 可怕 了 ， 这样 是 不好 的 ， 还是 俺们 村里 比较 文明 。 当然 野外 的 动物 也 不 都是 如此 凶猛 ， 比如 我 前几天 在 树林 里 遇见 的 山鸡 ， 毕竟 都是 禽类 ， 说不定 咱们 还 有点 亲戚 关系 ， 不过 它们 跑 得 太 快 了 ， 我 至今 都 没有 追 上 过 一 只 。 虽然 我 在 野外 说 不 上 话 ， 但 回到 村里 ， 我 还是 有点 地位 的 ， 看到 那 两只 旺财 没 ？ 他们 一 见到 生人 就 狂吠 不止 ， 见到 本 鹅 他们 就 老实 了 。 在 这样 一个 物种 丰富 的 世界 里 ， 小 动物 们 一直 和睦相处 ， 相亲相爱 。 为什么 那个 人类 却 偏偏 来 招惹 我 一 只 本分 又 普通 的 鹅 ？ 我 百思不得其解 。 凭 本事 站 上 生物链 顶端 ， 竟是 为了 …… 难道 是 我 的 战力 太 高 引起 了 注意 吗 ？ 没 道理 。 在 燕云 的 世界 里 ， 动物 们 虽然 看起来 岁月 静 好 相安无事 ， 其实 却 有着 严格 的 生物 链条 ， 我 作为 一 只 鹅 ， 虽然 不至于 在 生物链 底端 ， 但 绝 不敢 说 自己 在 顶端 ， 毕竟 在 这里 ， 有 几位 “ 大佬 ” ， 我 也 不敢 惹 。 比如 这 位 狗熊 大哥 ， 平时 没事 就 在 睡觉 ， 大家 都 离 得 远远 的 ， 生怕 吵醒 了 大哥 要 挨揍 。 等 它 睡醒 了 ， 它 还 会 自己 到 河 里 抓 鱼 吃 ， 我 有一些 朋友 曾经 尝试 过 前去 围观 熊 吃 鱼 ， 但 赶到 现场 的 时候 ， 就 只 剩下 鱼 骨头 了 。 在 燕云 的 世界 里 ， 狼 也是 咱 惹 不 起 的 ， 它们 往往 都是 “ 团队 作案 ” ， 如果 看见 一头 狼 ， 就 意味着 附近 肯定 得 有 一群 狼 。 狼群 有 很 强 的 领地 意识 ， 他们 有时 会 组队 在 自己 的 领地 里 巡逻 。 一旦 意识到 危险 ， 狼群 就 会 集体 发起 攻击 ， 它们 甚至 还 会 自发 将 敌人 围 成 一 圈 ， 观察 敌人 的 动向 ， 伺机 扑杀 。 这么 一 看 ， 本 鹅 在 燕云 的 动物 生态链 上 似乎 也 拿 不 到 前排 的 号 ， 那么 我 到底 有 什么 用 呢 ？ 为什么 作为 一 只 普通 平凡 的 鹅 ， 却 要 进入 到 这个 不 平凡 的 江湖 世界 里 ？ 小 动物 也 有 大 江湖 ， 这个 奥秘 不 简单 为了 解答 这个 问题 ， 我 仔细 观察 了 我 的 动物 朋友 们 都是 如何 为 江湖 发挥 作用 的 。 先是 我 的 一个 禽类 远方 表亲 大雁 ， 我 去 找 它 的 时候 正好 遇 上 了 几个 人 正在 射箭 捕猎 ， 地上 还 支着 烤肉架 ， 那 只 大雁 一定 和 我 一样 肉质 鲜嫩 蛋白质 高 同时 脂肪 胆固醇 含量 低 而且 口感 还 很 棒 吧 …… 有一天 我 在 野外 闲逛 ， 看到 有 个 小伙汁 趴 在 池塘 边 上 定睛 凝视 某 一 处 ， 顺着 他 的 目光 望 去 只见 一 只 鲜活 的 蛤蟆 正在 跳跃 。 没 过 多久 ， 只见 这 位 小伙子 如同 蛤蟆状 趴 在 地上 ， 只见 他 内力 运转 向前 一 击 ， 原来 早已 练 成 蛤蟆 神功 ！ 天呐 ！ 如此 看来 ， 我们 小 动物 的 身上 竟然 也 藏 有 武功 的 奥秘 ， 那么 我 身上 的 奥秘 会 是 什么 呢 ？ 此时 我 正在 草丛 里 闭目养神 思考 这个 问题 …… 忽然 感觉 屁股 有点 烫 …… 我 勒 个 去 啊 ！ 是 哪个 混小子 又 来 放火 烧 老子 ， 看 我 不 neng 死 你 ！ 时至今日 ， 我 已经 不再 纠结 于 问题 的 答案 ， 毕竟 当 我 走 在 大街 上 ， 路边 的 小 动物 都 对 我 毕恭毕敬 。 若干 年 前 有 一 位 诗人 曾经 说 过 “ 天生我材 必 有用 ” ， 我 相信 这个 江湖 一定 会 有 独具慧眼 的 人 来 发现 我 的 价值 。 那么 我 又是 谁 呢 ？ 村里 有一些 人 开始 管 我 叫 什么 “ 游侠鹅 ” ， 我 连连 婉拒 ， 如果 一定 要 给 我 起 一个 名字 的话 ， 我 希望 可以 更 威风 一些 …… ' ],2022-12,神奇动物在燕云！站在食物链顶端的竟是……倚天屠龙 记
['上篇给大家介绍了我们游戏里的一些魔鬼细节，看到一些小伙伴在说”这游戏连测试都还没信儿就搁这装逼“，十六反思了一下，好像确实有点装逼，但我们吭哧吭哧搞了三年，好不容易有机会被大家看见，难免激动了点，抱歉抱歉，恳请大家谅解，十六以后也会注意收敛，不会飘的！另外关于测试的事，可不算是完全没信儿！我们最近确实在筹备一场极小规模的邀请制技术性封闭测试（虽非传闻中的，但确定时间后十六就会快马加鞭告知大家！），主要围绕首张大地图“清河”展开，对其中的开放世界探索玩法进行测试和优化。实话实说，由于当前内容量和完成度还不高，所以预计邀请规模也比较小。不过，我们会认真听取这次测试的反馈，加快优化，争取早日开启正式首测，以更好的品质与大家见面！作为我们的出生点，清河将承载许多游侠儿的成长经历，完成我们对“江湖”的初步构想，这里的一草一木，每一个人，都将会是我们未来江湖路上的珍贵回忆。那么，当我们谈论清河时，应该谈些什么呢？清河风光：一个具有“生命力”的地方在最初构建清河这张地图时，我们希望将它打造成一个美好的“故乡”——这里没有城市的繁华、没有车水马龙的喧闹，有的是大片的原野，朴实的村庄，以及各种动人的自然生态。为了增强这种真实的沉浸感，我们的美术花了不少功夫营造环境的“生命力”，可以总结为：生命在于运动。燕云原野上的草丛、树林、山野、河流都不是静止的画面，美术想尽一切办法让我们感受到它们的运动，有时是一阵风吹过，草丛和树木风动而摇摆，河面上云雾也渐渐被风吹散、水面上的涟漪也因风的到来闪耀着波光。风乍起，吹皱一池春水。有时是一阵雨，打湿了林间的树叶，雨滴顺着屋檐流下，犹如潺潺的溪水。有时是一朵朵云，随着天光的变化，云卷云舒，变幻无穷。而这些动态的自然环境，也并非只能远观，在燕云大地上，大部分的自然环境都设计了真实的物理反馈，比如当我们在草丛中恣意舞剑时，被剑锋割断的草木树叶将也会随风翻飞。趟过路边的小河，也会带起河水的阵阵波纹。踏过积雪的道路，雪上也会留下我们来过的痕迹。（虽然清河地界是没有雪的，但十六还是想在这顺路打包秀一张小李新做的积雪反馈(•̀ᴗ•)）清河人文：过往云烟都在酒里除了视觉上的清河印象，我们更希望这个“故乡”是一个具有人文温度的地方。当我们提起清河时，会想起那些与清河相关的种种事物，以及背后的故事，这就不得不说到“清河三绝”了。第一绝：离人一饮神仙醉在清河，有一个村庄名为“神仙渡”，这里地方隐蔽，水泽草丰，曾经只是清河地区的一个浅滩，外人难以寻之。多年前曾有一名神秘女子来到这里开了一家小酒铺，并在河岸种下了第一棵梨树，最初只是为远行的离人们提供送别之酒，后来因为此酒口感醇厚，又有着梨花清香，回韵悠长，“离人泪”之名由此而来。后来这位女子将离人泪的配方赠与百姓，并教他们生产和酿造，以此营生。如今，神仙渡的梨花已经开满河岸，江湖盛传“离人一饮，神仙不渡”，说的就是这清河第一绝的美酒“离人泪”。如果我们来到神仙渡附近闲逛，还能看到酒坊的工人们正在辛勤酿造，制曲、发酵、蒸馏等手艺不在话下。每年的离人泪开坛盛宴，更是清河盛会，往来的游侠儿和过往游客，都难免要比拼一下到底谁才算是海量！第二绝：阅尽沧海千梵泪漫步至清河北部，你可能会发现这小到路边石碑，大到巨型塑像，随处可见各式佛雕。这便是清河的第二绝——佛雕手艺。唐朝末年，各地藩镇割据一方，战乱不休。兴亡之间，百姓苦不堪言，唯有寻求来世之说的安慰。清河地处华北，饱受战火摧残，亦盛行崇佛礼佛之风。然而，时间走到五代末期，“禁佛”开始。这期间，寺庙废止，僧侣归家，一时间“伽蓝几灭”，佛像也成为禁忌。清河一处山谷，原本是信徒为显佛迹，发愿心要造就的千佛谷景观，也只能匆忙停工。如今山形依旧，此地已成遗迹。无人供奉的千座佛雕像，在空荡荡的山谷中耸立，停在了当初的时刻，徒留感叹。第三绝：隐地藏窟尽英豪由于失去了燕云之地，清河的战略位置显得更为重要。面对北方铁骑可疾驰而至的威胁，朝堂曾在此处立下旧馆盟约。然而，英主突然壮年病逝，新朝旧朝更替，江湖恩怨亦蔓延不休。有人辗转难眠，藏身在暗影之中追念旧主，只等一个时机。有人千金一诺，为朋友之义奔走援手，舍生忘死，也不问缘由。而清河周边，更有以精妙的机关勘探之术独步江湖的门派墨山道，在看似平静的白草青山之下，构建起数个曲折幽深的地下洞窟，这便有了清河的第三绝。当我们行走在清河时，不妨多多留心，也许在某个不起眼的角落，便隐藏着神秘的地下世界入口。地下洞窟黑暗可怖，却常可探得前人遗迹行踪，而我们也得以由此窥见许多沉睡的秘密。清河探索：中式绝活开放世界很多期望来到清河的游侠们，都想知道来到清河玩什么？你可以只是来清河进行优哉游哉的风光旅行，巧用心机解开遍布村野的谜题，也可以进行一场惊险刺激的勇者冒险，或是一探隐藏在清河背后的故事。全开放触发式的探索环境在清河行走，不管你是主动或是被动，总能发现探索的可能：立体结构的房屋，随时等待着不期而遇的“客人”；走在原野之上，一阵无名的微风可能将我们引向神秘之地；跟着鸟虫行走，可能会发现神奇的奥秘；远方袅袅的烟雾，其实并非寻常人家；时不时飘来的琴声，又是何人正在吟唱呢？无所不用其极的中式解谜在清河的地图上，散落着各式各样的“前人”遗迹，有的年代久远早已失真，还有的则是被人刻意隐藏，它们的背后有着什么样的故事？解开谜题获得答案，将会是我们了解世界的必经之路。清河的这些谜题，融合了大量的中式元素，机关暗号、古籍诗词自不在话下，建筑地形、光影生态甚至是动物，都可能是解谜的关键。暗流涌动的战斗据点清河多慷慨悲歌之士，他们为各自的理念热血澎湃，义不惧死。如今，又忽然有许多外来人假借各类名目，持刀剑进入清河，搅动原本就岌岌可危的平衡。今日之清河，各方势力汇聚，暗流涌动，山雨欲来。这些势力分散在清河各地形成据点，他们的来历和目的各不相同，需要应对的战斗风格也不同，有的需要潜行暗刺、有的则需要巧用机关、还有的则考验观察力。以上种种，尽管我们谈论的是清河，但也是我们对江湖的初步构想。很多人都向往外面的世界，很多人都觉得只有辽阔宽广的大山大川才能装下自己心中的那个江湖。但只有真正的启程之后，才会想起出发时的那条河，那些人和事，以及按捺不住去冒险的一阵阵心跳，是多么的美好。']。 —— 率先开放测试的地图！当我们谈论清河时，我们谈什么？-,《 率先 开放 测试 的 地图 ！ 当 我们 谈论 清河 时 ， 我们 谈 什么 ？ 》 : [ ' 上篇 给 大家 介绍 了 我们 游戏 里 的 一些 魔鬼 细节 ， 看到 一些 小伙伴 在 说 ” 这 游戏 连 测试 都 还 没 信儿 就 搁 这 装逼 “ ， 十六 反思 了 一下 ， 好像 确实 有点 装逼 ， 但 我们 吭哧 吭哧 搞 了 三年 ， 好不容易 有 机会 被 大家 看见 ， 难免 激动 了 点 ， 抱歉 抱歉 ， 恳请 大家 谅解 ， 十六 以后 也 会 注意 收敛 ， 不会 飘 的 ！ 另外 关于 测试 的 事 ， 可 不 算是 完全 没 信儿 ！ 我们 最近 确实 在 筹备 一 场 极小 规模 的 邀请制 技术性 封闭 测试 （ 虽 非 传闻 中 的 ， 但 确定 时间 后 十六 就 会 快马加鞭 告知 大家 ！ ） ， 主要 围绕 首张 大 地图 “ 清河 ” 展开 ， 对 其中 的 开放世界 探索 玩法 进行 测试 和 优化 。 实话实说 ， 由于 当前 内容量 和 完成度 还 不 高 ， 所以 预计 邀请 规模 也 比较 小 。 不过 ， 我们 会 认真 听取 这次 测试 的 反馈 ， 加快 优化 ， 争取 早日 开启 正式 首测 ， 以 更 好 的 品质 与 大家 见面 ！ 作为 我们 的 出生点 ， 清河 将 承载 许多 游侠儿 的 成长 经历 ， 完成 我们 对 “ 江湖 ” 的 初步 构想 ， 这里 的 一 草 一 木 ， 每 一个 人 ， 都 将 会 是 我们 未来 江湖路 上 的 珍贵 回忆 。 那么 ， 当 我们 谈论 清河 时 ， 应该 谈 些 什么 呢 ？ 清河 风光 ： 一个 具有 “ 生命力 ” 的 地方 在 最初 构建 清河 这 张 地图 时 ， 我们 希望 将 它 打造 成 一个 美好 的 “ 故乡 ” —— 这里 没有 城市 的 繁华 、 没有 车水马龙 的 喧闹 ， 有的是 大片 的 原野 ， 朴实 的 村庄 ， 以及 各种 动人 的 自然 生态 。 为了 增强 这种 真实 的 沉浸感 ， 我们 的 美术 花 了 不少 功夫 营造 环境 的 “ 生命力 ” ， 可以 总结 为 ： 生命 在于 运动 。 燕云 原野 上 的 草丛 、 树林 、 山野 、 河流 都 不是 静止 的 画面 ， 美术 想 尽 一切 办法 让 我们 感受 到 它们 的 运动 ， 有时 是 一阵风 吹 过 ， 草丛 和 树木 风动 而 摇摆 ， 河面 上 云雾 也 渐渐 被 风 吹 散 、 水面 上 的 涟漪 也 因 风 的 到来 闪耀 着 波光 。 风 乍 起 ， 吹 皱 一 池 春水 。 有时 是 一阵雨 ， 打 湿 了 林 间 的 树叶 ， 雨滴 顺着 屋檐 流下 ， 犹如 潺潺 的 溪水 。 有时 是 一 朵朵 云 ， 随着 天光 的 变化 ， 云 卷 云 舒 ， 变幻 无穷 。 而 这些 动态 的 自然环境 ， 也 并非 只能 远观 ， 在 燕云 大地 上 ， 大部分 的 自然环境 都 设计 了 真实 的 物理 反馈 ， 比如 当 我们 在 草丛 中 恣意 舞剑 时 ， 被 剑锋 割断 的 草木 树叶 将 也 会 随 风 翻飞 。 趟 过 路边 的 小河 ， 也 会 带 起 河水 的 阵阵 波纹 。 踏 过 积雪 的 道路 ， 雪 上 也 会 留下 我们 来 过 的 痕迹 。 （ 虽然 清河 地界 是 没有 雪 的 ， 但 十六 还是 想 在 这 顺路 打包 秀 一 张 小李 新 做 的 积雪 反馈 ( • ̀ ᴗ • ) ） 清河 人文 ： 过往 云烟 都 在 酒 里 除了 视觉 上 的 清河 印象 ， 我们 更 希望 这个 “ 故乡 ” 是 一个 具有 人文 温度 的 地方 。 当 我们 提起 清河 时 ， 会 想起 那些 与 清河 相关 的 种种 事物 ， 以及 背后 的 故事 ， 这 就 不得不 说 到 “ 清河 三 绝 ” 了 。 第一 绝 ： 离 人 一 饮 神仙 醉 在 清河 ， 有 一个 村庄 名 为 “ 神仙 渡 ” ， 这里 地方 隐蔽 ， 水泽 草 丰 ， 曾经 只是 清河 地区 的 一个 浅滩 ， 外人 难以 寻 之 。 多年 前 曾 有 一 名 神秘 女子 来到 这里 开 了 一家 小 酒铺 ， 并 在 河岸 种 下 了 第一棵 梨树 ， 最初 只是 为 远行 的 离 人们 提供 送别 之 酒 ， 后来 因为 此 酒 口感 醇厚 ， 又 有着 梨花 清香 ， 回韵 悠长 ， “ 离 人泪 ” 之 名 由此 而 来 。 后来 这 位 女子 将 离 人 泪 的 配方 赠与 百姓 ， 并 教 他们 生产 和 酿造 ， 以此 营生 。 如今 ， 神仙渡 的 梨花 已经 开 满 河岸 ， 江湖 盛传 “ 离 人 一 饮 ， 神仙 不 渡 ” ， 说 的 就 是 这 清河 第一 绝 的 美酒 “ 离 人 泪 ” 。 如果 我们 来到 神仙渡 附近 闲逛 ， 还 能 看到 酒坊 的 工人 们 正在 辛勤 酿造 ， 制曲 、 发酵 、 蒸馏 等 手艺 不在话下 。 每年 的 离人泪 开 坛 盛宴 ， 更 是 清河 盛会 ， 往来 的 游侠儿 和 过往 游客 ， 都 难免 要 比拼 一下 到底 谁 才 算是 海量 ！ 第二 绝 ： 阅 尽 沧海 千梵泪 漫步 至 清河 北部 ， 你 可能 会 发现 这 小 到 路边 石碑 ， 大 到 巨型 塑像 ， 随处可见 各 式 佛雕 。 这 便是 清河 的 第二 绝 —— 佛雕 手艺 。 唐朝末年 ， 各地 藩镇 割据 一方 ， 战乱 不休 。 兴亡 之间 ， 百姓 苦不堪言 ， 唯有 寻求 来世 之 说 的 安慰 。 清河 地处 华北 ， 饱受 战火 摧残 ， 亦 盛行 崇 佛 礼佛 之 风 。 然而 ， 时间 走 到 五代末期 ， “ 禁 佛 ” 开始 。 这 期间 ， 寺庙 废止 ， 僧侣 归家 ， 一时间 “ 伽蓝 几 灭 ” ， 佛像 也 成为 禁忌 。 清河 一 处 山谷 ， 原本 是 信徒 为 显 佛迹 ， 发愿心 要 造就 的 千佛谷 景观 ， 也 只能 匆忙 停工 。 如今 山形 依旧 ， 此地 已 成 遗迹 。 无人 供奉 的 千座 佛雕像 ， 在 空荡荡 的 山谷 中 耸立 ， 停 在 了 当初 的 时刻 ， 徒 留 感叹 。 第三 绝 ： 隐地 藏 窟 尽 英豪 由于 失去 了 燕云 之 地 ， 清河 的 战略 位置 显得 更为 重要 。 面对 北方 铁骑 可 疾驰 而 至 的 威胁 ， 朝堂 曾 在 此处 立 下 旧馆 盟约 。 然而 ， 英主 突然 壮年 病逝 ， 新 朝 旧 朝 更替 ， 江湖 恩怨 亦 蔓延 不休 。 有人 辗转难眠 ， 藏身 在 暗影 之中 追念 旧主 ， 只 等 一个 时机 。 有人 千金一诺 ， 为 朋友 之 义 奔走 援手 ， 舍生忘死 ， 也 不 问 缘由 。 而 清河 周边 ， 更 有 以 精妙 的 机关 勘探 之 术 独步 江湖 的 门派 墨山道 ， 在 看似 平静 的 白草 青山 之下 ， 构建 起 数个 曲折 幽深 的 地下 洞窟 ， 这 便 有 了 清河 的 第三 绝 。 当 我们 行走 在 清河 时 ， 不妨 多多 留心 ， 也许 在 某个 不起眼 的 角落 ， 便 隐藏 着 神秘 的 地下 世界 入口 。 地下 洞窟 黑暗 可怖 ， 却 常 可 探 得 前人 遗迹 行踪 ， 而 我们 也 得以 由此 窥见 许多 沉睡 的 秘密 。 清河 探索 ： 中式 绝活 开放世界 很多 期望 来到 清河 的 游侠 们 ， 都 想 知道 来到 清河 玩 什么 ？ 你 可以 只是 来 清河 进行 优哉游哉 的 风光 旅行 ， 巧用心机 解开 遍布 村野 的 谜题 ， 也 可以 进行 一 场 惊险 刺激 的 勇者 冒险 ， 或是 一 探 隐藏 在 清河 背后 的 故事 。 全 开放 触发式 的 探索 环境 在 清河 行走 ， 不管 你 是 主动 或是 被动 ， 总能 发现 探索 的 可能 ： 立体 结构 的 房屋 ， 随时 等待 着 不期而遇 的 “ 客人 ” ； 走 在 原野 之上 ， 一阵 无名 的 微风 可能 将 我们 引向 神秘 之 地 ； 跟着 鸟虫 行走 ， 可能 会 发现 神奇 的 奥秘 ； 远方 袅袅 的 烟雾 ， 其实 并非 寻常 人家 ； 时不时 飘 来 的 琴声 ， 又是 何人 正在 吟唱 呢 ？ 无所不用其极 的 中式 解谜 在 清河 的 地图 上 ， 散落 着 各式各样 的 “ 前人 ” 遗迹 ， 有的 年代 久远 早已 失真 ， 还 有的 则 是 被 人 刻意 隐藏 ， 它们 的 背后 有着 什么样 的 故事 ？ 解开 谜题 获得 答案 ， 将 会 是 我们 了解 世界 的 必经之路 。 清河 的 这些 谜题 ， 融合 了 大量 的 中式 元素 ， 机关 暗号 、 古籍 诗词 自 不在话下 ， 建筑 地形 、 光影 生态 甚至 是 动物 ， 都 可能 是 解谜 的 关键 。 暗流 涌动 的 战斗 据点 清河 多 慷慨 悲歌 之 士 ， 他们 为 各自 的 理念 热血澎湃 ， 义不 惧 死 。 如今 ， 又 忽然 有 许多 外来人 假借 各类 名目 ， 持刀剑 进入 清河 ， 搅动 原本 就 岌岌可危 的 平衡 。 今日 之 清河 ， 各方 势力 汇聚 ， 暗流 涌动 ， 山雨欲来 。 这些 势力 分散 在 清河 各地 形成 据点 ， 他们 的 来历 和 目的 各 不 相同 ， 需要 应对 的 战斗 风格 也 不同 ， 有的 需要 潜行 暗刺 、 有的 则 需要 巧用 机关 、 还 有的 则 考验 观察力 。 以上 种种 ， 尽管 我们 谈论 的 是 清河 ， 但 也是 我们 对 江湖 的 初步 构想 。 很多 人 都 向往 外面 的 世界 ， 很多 人 都 觉得 只有 辽阔 宽广 的 大山大川 才 能 装 下 自己 心中 的 那个 江湖 。 但 只有 真正 的 启程 之后 ， 才 会 想起 出发 时 的 那 条 河 ， 那些 人 和 事 ， 以及 按捺 不住 去 冒险 的 一 阵阵 心跳 ， 是 多么 的 美好 。 ' ],2022-11,率先开放测试的地图！当我们谈论清河时，我们谈什么？
['最近发现有个别媒体在发有关我们游戏的稿子，说我们研发三年了进度还不到50%，我要澄清一下：那是几个月前的说法！随着日子一天天过去，我们的研发进度早已逼近了50%！也有很多小伙伴问我们：为什么研发了三年还不上线？什么游戏啊，居然要做这么久，武侠不是中国人最擅长的吗？面对这样的提问，十六要说个故事：三年多以前，一群很轴的年轻人给自己画下了大饼，立志要做与市面上全部武侠游戏都不一样的精彩作品。由于当初的大饼标准定得比较高，三年以来，这些年轻人每天都在为当初的承诺付出“代价”，他们有些甚至变成了中年人！每当夜深人静的时候，也会想到呜呜做创新好苦啊！但转头又想到，这不就是武侠里常说的“一诺千金重”吗？我们好酷啊！今天，就让我们来“审判”下这张大饼上的芝麻粒，看看游戏里那些很容易被大家忽略的小细节，都经历了怎样精心的打磨。真实，这件“小”事有位哲人说过，死磕生活的真实，才算是条好汉。团队里的小伙伴们在钻研生活的“真实”上，所花费的功夫，有头发为证。我花了三年时间，才让雪落到你身上在生活中，衣服被风吹起，沾到雨雪，是很寻常的的事情，但想在游戏里成为一名白雪沾衣，衣袂飘扬的侠客却不简单，而我们的细节控老师们做到了。在大部分的游戏制作过程中，天气和主角表现是两个独立的版块，但在燕云游戏中，我们的小伙伴却非要让这两个版块互相影响，也就是说，在燕云大地上，天气的变化会影响到主角的表现。当我们行走在雪天里，冰冷的雪花不仅会在脸上胡乱的拍，还会沾到衣服上；▲雪花落在衣服上当我们走过沼泽地，也会沾上一身泥泞。▲浑身泥巴同一件衣服，在不同的天气场景下，受不同的风力影响，飘动的幅度也不一样。生活中被雨淋湿是多么简单，而在制作游戏时，却要考虑到不同材质的布料被雨淋湿的效果，深夜时分，程序大哥也不禁发出感慨：要是淋雨，像python一样简单就好了。在游戏中骑走一匹马，总共分几步？在武侠游戏里，骑马是再寻常不过的事情了，哪个大侠没有骑过马，不过我们的小伙伴又提出了一个问题：我们真的会骑马吗？当然不会，马术很难好吗！不过在大多数游戏里，如果一个大侠想骑马，那么他无非是上马、骑马、下马三个动作固定循环即可完成操作，但燕云大地上，我们制作了八个方位不同角度的上下马动作，不管你从哪个角度骑乘，甚至边跑边骑乘，动作都行云流水般自然丝滑。▲无死角丝滑上马骑马的时候中途暂停也有很多细节，当我们以不同的速率拉紧马绳，马匹会呈现出不同的“刹车”动作，平时可能不会注意到，但急刹和缓刹一对比，就能看出来了，如果足够仔细，甚至可以发现，马的身体从腰部起核心发力转动，并且转动方向和我们想要急停的方向一致。好吧，我知道这个细节如果不说的话，很难被发现，所以，我一定要说出来！▲急转弯ing或许有人知道什么是马之凝视吗？在燕云大地上，当我们靠近一匹马时，马也在观察我们。这种凝视感，不仔细察觉是很难看出来的，但如果是一群马的凝视，就很明显了。▲马：快看那个人，好怪哦这难道就是……人体工学大侠？在传统的武侠游戏里，主角只要时刻保持帅气就完事儿了。但在燕云大地上，我们不得不考虑真实的环境因素影响。想学大侠帅气上房顶，要注意保持身体平衡，一不小心摇摇晃晃，让人紧张得很。▲摇摇晃晃走房梁遇到不同的障碍物，不能一套莽翻，而是选择符合人体工学的科学姿势翻越。以下翻越动作，根据不同的障碍物高度做了细微的动作区分。▲翻窗入户▲跨越矮栅栏▲攀爬高栅栏▲也可以翻上去，看清前路再走就连普通到日常生活里也很难注意到的起止步，我们也做了左右脚和不同方位的身体倾斜和角度区分，与之配套的是背后的几十套起止步动作融合，这些背后工作最终在游戏里的呈现，可能只是会让大家感觉到：似乎不管从哪个角度、以哪种速度起止步，都挺舒服的。甚至，如果在走路的时候仔细聆听，你会发现不同状态的主角脚步，踩在不同材质的地面，环境的声音反馈也是不一样的，所以我们强烈推荐大家佩戴耳机玩《燕云十六声》。万物皆可踩：人的肩膀也别放过如果说前面提到的一些动作细节都可以从生活里找到参考，那么武侠故事里的飞檐走壁，就比较考验想象力了，毕竟咱也不能真的去飞啊。但从物理上看，飞檐走壁最重要的一点是“借力”，要能在墙壁上不断行走，必须不断地借力，所以主角的脚需要踩到不同的物体，当我们通过不同材质物体借力时，动作表现也会有轻微的不一样。▲武侠跑酷▲飞檐▲走壁你甚至可以踩过某个人的肩头借力。▲兄台借肩膀一用更不用说武侠小说里常见的轻功水上飘，踩水也不在话下。▲轻功水上漂某天吃饭的时候，大家兴奋地谈到那个传说中的“左右脚互相借力起飞”的招式，负责飞檐走壁的小闫陷入沉思，高中物理满分的他从没遇到过这么难的题，所以这个需求至今仍以新建文件夹的形式躺在他的桌面……那山那水那阵风用技术演绎极致的武侠浪漫在我们的武侠记忆中，有很多大侠沿着大漠孤烟一路独行；也有人在高峰论道，长剑啸歌，衣角猎猎。当时光流逝，记忆模糊，或许我们已不太记得具体的情节，但关于武侠，我们总能联想到那山那水那光那影那阵风。我们希望在燕云的世界中，每个角落都能带来极致的武侠沉浸感。当我们走在野外，会看到天边云卷云舒，阳光透过云朵洒入林间，树影随着微风摇摆，河面波光粼粼……就差两名剑客无声对决了！这样一幅真实自然的场景，在制作的过程中除了需要巧妙的审美布局，还涉及到物理风力的设置、环境对风力的反馈、光照的布局，以及间接光照对环境的反馈等等。生活中的水面反光很常见，而在数字世界里，则需要大量的程序运算来实现光线的自然反射。在制作过程中，小伙伴们深刻理解了——当你要写风，就不能只写风，你要写树梢的弯度，要写湖面的波纹，要写树叶婆娑的声音和它落地的路径……永远被忽略的眼睛：镜头而全部游戏中的丝滑表现，都很容易通过视觉或亲自上手感受到，但大家之所以能感受到这些差别，离不开一个幕后工作者的帮忙——镜头。在游戏体验中，镜头相当于我们的眼睛，是我们传达游戏感受的心灵窗户。流畅的运镜和适中的镜头调节，可以让我们更舒服的体验游戏，反之，镜头的不舒适，就会带来视觉疲累，甚至是晕车的难受感。我们的小伙伴为了研究镜头，ppt都做了将近7个g，最后终于理解了一个道理：单反穷三代，摄影悔一生啊！▲那份神秘的镜头资料研究之后我们做了什么呢？简单来说，我们调教了一支智能变焦的ai镜头，在主角不同的行为时，镜头会自动调节距离和焦距。举个例子，当我们做翻滚射箭这个剧烈的动作时，镜头自动将主角锁定在取景框的主体位置，并且在射箭的时候快速推焦至一个主观视角，以方便我们瞄准目标。这一套操作，在现实里没个几年的扎实的摄像功底可拍不出来，但在游戏里我们只会感觉到：咱这翻身挺帅吧！再举个栗子，在传统游戏中，当我们绕行一排柱子时，为了将主角锁定在画面中央，镜头要保持实时跟紧，但这样的问题是，镜头很容易撞上柱子，但在燕云游戏的镜头中，当我们遇到此类障碍物，镜头将自动忽视障碍自动跟上主角，从而避免撞柱子带来的“意外感”。换言之，我们更希望在游戏中，大家不要发现镜头的存在，这才是对镜头表现的最高褒奖。诸如此类，不胜枚举。在过去的三年岁月里，我们不断死磕这些小细节，其中有一些可能小到让人难以发现，或者说不被发现才是它存在的价值。当然很多成熟的3a大作早已实现这些真实细节的展示，但对我们来说，在武侠这个领域，没有现成的制作模板和套用，一脚一步投入研究后才发现其中的门道。每当深夜时分，我们也会自问，这三年真的值得吗？对此，我们的答案是：一诺千金重！我们在做一件很酷的事情，希望你们也能喜欢。']。 —— 为什么研发3年还不上线？是时候回答这个问题了……-,《 为什么 研发 3年 还 不 上线 ？ 是 时候 回答 这个 问题 了 …… 》 : [ ' 最近 发现 有 个别 媒体 在 发 有关 我们 游戏 的 稿子 ， 说 我们 研发 三年 了 进度 还 不 到 50% ， 我 要 澄清 一下 ： 那 是 几个月 前 的 说法 ！ 随着 日子 一天天 过去 ， 我们 的 研发 进度 早已 逼近 了 50% ！ 也 有 很多 小伙伴 问 我们 ： 为什么 研发 了 三年 还 不 上线 ？ 什么 游戏 啊 ， 居然 要 做 这么 久 ， 武侠 不是 中国人 最 擅长 的 吗 ？ 面对 这样 的 提问 ， 十六 要 说 个 故事 ： 三年 多 以前 ， 一群 很 轴 的 年轻人 给 自己 画 下 了 大饼 ， 立志 要 做 与 市面 上 全部 武侠 游戏 都 不 一样 的 精彩 作品 。 由于 当初 的 大饼 标准 定 得 比较 高 ， 三年 以来 ， 这些 年轻人 每天 都 在 为 当初 的 承诺 付出 “ 代价 ” ， 他们 有些 甚至 变成 了 中年人 ！ 每当 夜深人静 的 时候 ， 也 会 想到 呜呜 做 创新 好 苦 啊 ！ 但 转头 又 想到 ， 这 不 就 是 武侠 里 常 说 的 “ 一诺千金 重 ” 吗 ？ 我们 好 酷 啊 ！ 今天 ， 就让 我们 来 “ 审判 ” 下 这 张 大饼 上 的 芝麻粒 ， 看看 游戏 里 那些 很 容易 被 大家 忽略 的 小 细节 ， 都 经历 了 怎样 精心 的 打磨 。 真实 ， 这 件 “ 小 ” 事 有 位 哲人 说 过 ， 死 磕 生活 的 真实 ， 才 算是 条 好汉 。 团队 里 的 小伙伴 们 在 钻研 生活 的 “ 真实 ” 上 ， 所 花费 的 功夫 ， 有 头发 为 证 。 我 花 了 三年 时间 ， 才 让 雪 落 到 你 身上 在 生活 中 ， 衣服 被 风 吹 起 ， 沾 到 雨雪 ， 是 很 寻常 的 的 事情 ， 但 想 在 游戏 里 成为 一 名 白雪 沾衣 ， 衣袂 飘扬 的 侠客 却 不 简单 ， 而 我们 的 细节 控 老师 们 做到 了 。 在 大部分 的 游戏 制作 过程 中 ， 天气 和 主角 表现 是 两个 独立 的 版块 ， 但 在 燕云 游戏 中 ， 我们 的 小伙伴 却 非要 让 这 两个 版块 互相 影响 ， 也就是说 ， 在 燕云 大地 上 ， 天气 的 变化 会 影响 到 主角 的 表现 。 当 我们 行走 在 雪天 里 ， 冰冷 的 雪花 不仅 会 在 脸上 胡乱 的 拍 ， 还 会 沾 到 衣服 上 ； ▲ 雪花 落 在 衣服 上 当 我们 走过 沼泽地 ， 也 会 沾 上 一身 泥泞 。 ▲ 浑身 泥巴 同 一件 衣服 ， 在 不同 的 天气 场景 下 ， 受 不同 的 风力 影响 ， 飘动 的 幅度 也 不 一样 。 生活 中 被 雨 淋湿 是 多么 简单 ， 而 在 制作 游戏 时 ， 却 要 考虑 到 不同 材质 的 布料 被 雨 淋 湿 的 效果 ， 深夜 时分 ， 程序 大哥 也 不禁 发出 感慨 ： 要是 淋雨 ， 像 python 一样 简单 就 好 了 。 在 游戏 中 骑 走 一 匹 马 ， 总共 分 几步 ？ 在 武侠 游戏 里 ， 骑马 是 再 寻常 不过 的 事情 了 ， 哪个 大侠 没有 骑 过 马 ， 不过 我们 的 小伙伴 又 提出 了 一个 问题 ： 我们 真 的 会 骑马 吗 ？ 当然 不会 ， 马术 很难 好 吗 ！ 不过 在 大多数 游戏 里 ， 如果 一个 大侠 想 骑马 ， 那么 他 无非 是 上马 、 骑马 、 下马 三个 动作 固定 循环 即可 完成 操作 ， 但 燕云 大地 上 ， 我们 制作 了 八个 方位 不同 角度 的 上下马 动作 ， 不管 你 从 哪个 角度 骑乘 ， 甚至 边 跑 边 骑乘 ， 动作 都 行云流水 般 自然 丝滑 。 ▲ 无 死角 丝滑 上马 骑马 的 时候 中途 暂停 也 有 很多 细节 ， 当 我们 以 不同 的 速率 拉 紧 马绳 ， 马匹 会 呈现 出 不同 的 “ 刹车 ” 动作 ， 平时 可能 不会 注意 到 ， 但 急刹 和 缓刹 一 对比 ， 就 能 看 出来 了 ， 如果 足够 仔细 ， 甚至 可以 发现 ， 马 的 身体 从 腰部 起 核心 发力 转动 ， 并且 转动 方向 和 我们 想 要 急停 的 方向 一致 。 好 吧 ， 我 知道 这个 细节 如果 不 说 的话 ， 很难 被 发现 ， 所以 ， 我 一定 要 说 出来 ！ ▲ 急 转弯 ing 或许 有人 知道 什么 是 马 之 凝视 吗 ？ 在 燕云 大地 上 ， 当 我们 靠近 一 匹 马 时 ， 马 也 在 观察 我们 。 这种 凝视感 ， 不 仔细 察觉 是 很难 看 出来 的 ， 但 如果 是 一群 马 的 凝视 ， 就 很 明显 了 。 ▲ 马 ： 快 看 那个 人 ， 好 怪 哦 这 难道 就 是 …… 人体 工学 大侠 ？ 在 传统 的 武侠 游戏 里 ， 主角 只要 时刻 保持 帅气 就 完事儿 了 。 但 在 燕云 大地 上 ， 我们 不得不 考虑 真实 的 环境 因素 影响 。 想 学 大侠 帅气 上 房顶 ， 要 注意 保持 身体 平衡 ， 一不小心 摇摇晃晃 ， 让 人 紧张 得 很 。 ▲ 摇摇晃晃 走 房梁 遇到 不同 的 障碍物 ， 不能 一套 莽翻 ， 而是 选择 符合 人体 工学 的 科学 姿势 翻越 。 以下 翻越 动作 ， 根据 不同 的 障碍物 高度 做 了 细微 的 动作 区分 。 ▲ 翻 窗 入户 ▲ 跨越 矮 栅栏 ▲ 攀爬 高 栅栏 ▲ 也 可以 翻 上去 ， 看清 前路 再 走 就 连 普通 到 日常生活 里 也 很难 注意 到 的 起止步 ， 我们 也 做 了 左右脚 和 不同 方位 的 身体 倾斜 和 角度 区分 ， 与 之 配套 的 是 背后 的 几十套 起止步 动作 融合 ， 这些 背后 工作 最终 在 游戏 里 的 呈现 ， 可能 只是 会 让 大家 感觉 到 ： 似乎 不管 从 哪个 角度 、 以 哪 种 速度 起 止步 ， 都 挺 舒服 的 。 甚至 ， 如果 在 走路 的 时候 仔细 聆听 ， 你 会 发现 不同 状态 的 主角 脚步 ， 踩 在 不同 材质 的 地面 ， 环境 的 声音 反馈 也是 不 一样 的 ， 所以 我们 强烈 推荐 大家 佩戴 耳机 玩 《 燕云十六声 》 。 万物 皆 可 踩 ： 人 的 肩膀 也 别 放过 如果 说 前面 提到 的 一些 动作 细节 都 可以 从 生活 里 找到 参考 ， 那么 武侠 故事 里 的 飞檐走壁 ， 就 比较 考验 想象力 了 ， 毕竟 咱 也 不能 真 的 去 飞 啊 。 但 从 物理 上 看 ， 飞檐走壁 最 重要 的 一 点 是 “ 借力 ” ， 要 能 在 墙壁 上 不断 行走 ， 必须 不断 地 借力 ， 所以 主角 的 脚 需要 踩 到 不同 的 物体 ， 当 我们 通过 不同 材质 物体 借力 时 ， 动作 表现 也 会 有 轻微 的 不 一样 。 ▲ 武侠 跑 酷 ▲ 飞檐 ▲ 走壁 你 甚至 可以 踩 过 某个 人 的 肩头 借力 。 ▲ 兄台 借 肩膀 一 用 更 不用说 武侠小说 里 常见 的 轻功 水上飘 ， 踩 水 也 不在话下 。 ▲ 轻功 水上漂 某天 吃饭 的 时候 ， 大家 兴奋 地 谈到 那个 传说 中 的 “ 左右 脚 互相 借力 起飞 ” 的 招式 ， 负责 飞檐走壁 的 小闫 陷入 沉思 ， 高中 物理 满分 的 他 从没 遇到 过 这么 难 的 题 ， 所以 这个 需求 至今 仍 以 新建 文件夹 的 形式 躺 在 他 的 桌面 …… 那 山 那 水 那 阵 风 用 技术 演绎 极致 的 武侠 浪漫 在 我们 的 武侠 记忆 中 ， 有 很多 大侠 沿着 大漠 孤烟 一路 独行 ； 也 有人 在 高峰 论道 ， 长剑 啸歌 ， 衣角 猎猎 。 当 时光 流逝 ， 记忆 模糊 ， 或许 我们 已 不 太 记得 具体 的 情节 ， 但 关于 武侠 ， 我们 总能 联想 到 那 山 那 水 那 光 那 影 那 阵 风 。 我们 希望 在 燕云 的 世界 中 ， 每个 角落 都 能 带来 极致 的 武侠 沉浸感 。 当 我们 走 在 野外 ， 会 看到 天边 云 卷 云 舒 ， 阳光 透过 云朵 洒 入 林间 ， 树影 随着 微风 摇摆 ， 河面 波光粼粼 …… 就 差 两名 剑客 无声 对决 了 ！ 这样 一 幅 真实 自然 的 场景 ， 在 制作 的 过程 中 除了 需要 巧妙 的 审美 布局 ， 还 涉及 到 物理 风力 的 设置 、 环境 对 风力 的 反馈 、 光照 的 布局 ， 以及 间接 光照 对 环境 的 反馈 等等 。 生活 中 的 水面 反光 很 常见 ， 而 在 数字 世界 里 ， 则 需要 大量 的 程序 运算 来 实现 光线 的 自然 反射 。 在 制作 过程 中 ， 小伙伴 们 深刻 理解 了 —— 当 你 要 写 风 ， 就 不能 只 写 风 ， 你 要 写 树梢 的 弯度 ， 要 写 湖面 的 波纹 ， 要 写 树叶 婆娑 的 声音 和 它 落地 的 路径 …… 永远 被 忽略 的 眼睛 ： 镜头 而 全部 游戏 中 的 丝滑 表现 ， 都 很 容易 通过 视觉 或 亲自 上手 感受 到 ， 但 大家 之所以 能 感受 到 这些 差别 ， 离不开 一个 幕后 工作者 的 帮忙 —— 镜头 。 在 游戏 体验 中 ， 镜头 相当于 我们 的 眼睛 ， 是 我们 传达 游戏 感受 的 心灵 窗户 。 流畅 的 运镜 和 适中 的 镜头 调节 ， 可以 让 我们 更 舒服 的 体验 游戏 ， 反之 ， 镜头 的 不 舒适 ， 就 会 带来 视觉 疲累 ， 甚至 是 晕车 的 难受感 。 我们 的 小伙伴 为了 研究 镜头 ， ppt 都 做 了 将近 7个g ， 最后 终于 理解 了 一个 道理 ： 单 反 穷 三代 ， 摄影 悔 一生 啊 ！ ▲ 那 份 神秘 的 镜头 资料 研究 之后 我们 做 了 什么 呢 ？ 简单 来说 ， 我们 调教 了 一 支 智能 变焦 的 ai 镜头 ， 在 主角 不同 的 行为 时 ， 镜头 会 自动 调节 距离 和 焦距 。 举 个 例子 ， 当 我们 做 翻滚 射箭 这个 剧烈 的 动作 时 ， 镜头 自动 将 主角 锁定 在 取景框 的 主体 位置 ， 并且 在 射箭 的 时候 快速 推焦 至 一个 主观 视角 ， 以 方便 我们 瞄准 目标 。 这 一套 操作 ， 在 现实 里 没 个 几年 的 扎实 的 摄像 功底 可 拍 不 出来 ， 但 在 游戏 里 我们 只 会 感觉 到 ： 咱 这 翻身 挺 帅 吧 ！ 再 举 个 栗子 ， 在 传统 游戏 中 ， 当 我们 绕行 一 排 柱子 时 ， 为了 将 主角 锁定 在 画面 中央 ， 镜头 要 保持 实时 跟 紧 ， 但 这样 的 问题 是 ， 镜头 很 容易 撞 上 柱子 ， 但 在 燕云 游戏 的 镜头 中 ， 当 我们 遇到 此 类 障碍物 ， 镜头 将 自动 忽视 障碍 自动 跟 上 主角 ， 从而 避免 撞 柱子 带来 的 “ 意外感 ” 。 换言之 ， 我们 更 希望 在 游戏 中 ， 大家 不要 发现 镜头 的 存在 ， 这 才是 对 镜头 表现 的 最高 褒奖 。 诸如此类 ， 不胜枚举 。 在 过去 的 三年 岁月 里 ， 我们 不断 死 磕 这些 小 细节 ， 其中 有一些 可能 小 到 让 人 难以 发现 ， 或者 说 不 被 发现 才是 它 存在 的 价值 。 当然 很多 成熟 的 3a 大作 早已 实现 这些 真实 细节 的 展示 ， 但 对 我们 来说 ， 在 武侠 这个 领域 ， 没有 现成 的 制作 模板 和 套用 ， 一 脚 一 步 投入 研究 后 才 发现 其中 的 门道 。 每当 深夜 时分 ， 我们 也 会 自问 ， 这 三年 真 的 值得 吗 ？ 对 此 ， 我们 的 答案 是 ： 一诺千金 重 ！ 我们 在 做 一件 很 酷 的 事情 ， 希望 你们 也 能 喜欢 。 ' ],2022-11,为什么研发3年还不上线？是时候回答这个问题了……
['前不久给大家介绍了我们的网页链接，收到了很多朋友的鼓励，小陈虽然嘴上不说，脸上还是很憔悴，但我们都知道他内心狂喜。接下来压力给到了负责关卡设计的小钱，讲道理，在大部分游戏制作流程中，关卡和战斗是一回事，能打就意味着能通关，但小钱不这么觉得，他常挂在嘴边的一句话就是：要是全部关卡都能莽着过，那放着人类的智慧和奇思妙想有啥用呢？不得不说，这话有点道理，但不多。因为确实，如果一个关卡有着固定的通关方式，那么第一次通关，就意味着第一百次通关，体验上难免重复；但是话又说回来，我不这么通关，还能怎么通关？小钱想做一种尝试，那就是把关卡设计和其他玩法系统都结合起来，鼓励多元的探索方式！这也意味着，我们的关卡玩法并不是独立的，而是不同系统小组紧密合（dǎ）作（jià）的结果，我们相信，开放多元的玩法碰撞在一起，可以绽放出超乎想象的火花。于是后来，在每一次内部测试的时候，大家最乐于参与的一件事，就是用各种花式奇葩的办法来通过小钱设计的关卡。我们都是怎么和小钱斗智斗勇的呢？由于关卡设计比较复杂，也涉及到一些解谜剧透，十六在这里仅以对敌为例，给大家捯饬捯饬。因地制宜，天时地利人和在传统的武侠游戏中，当我们闯入一个关卡，被敌人发现了之后，很多人的第一反应都是：抄家伙，打他！当然这样做也没错，不过在燕云游戏中，除了抄家伙，我们还可以利用周围的环境元素。如果我们刚好在高地势区域，那么可以借助地理优势，将敌人引至悬崖边缘，然后轻轻一推……省时省力，没有后顾之忧。▲再见了，兄弟。当然，不是全部关卡都在高处，也不是全部敌人都会上当的，有时候我们要学会主动出击，比如寻找环境中的易燃易爆物品，悄悄将其搬运至敌人的必经之路。▲火药搬运ing然后只等敌人经过，骤然用学来的箭术点火引爆，给他来个出其不意的埋伏！▲将敌人引入火药埋伏圈，然后引爆！甚至，我们也可以利用动物生态链条，比如在野外地区，时不时会有野熊出没，我们可以创造条件，伺机让熊和敌人同时出现，来一个完美的“借熊过关”。▲借熊揍人！如果能联想到这招，说明已经上道了。无中生有，机会是由自己创造的非单一的关卡流程，给了我们很多发挥的机会，但也不是全部的关卡都有优越的环境条件，有的时候，我们可以自己创造条件。利用建造系统，我们可以制造地理优势！在攻击范围之内，修筑高地，站在高处对敌人不断进行远程攻击，直接赢在起点。▲用建筑将敌人困住/登上建筑高台远程攻击敌人。引导流程，是关卡设计中很重要的一步，这关系到我们每一步如何走，如何能抵达下一个流程点。但如果按照小钱留下的关卡指引前进，势必会中了他的埋伏，所以我们完全可以：另造蹊径！还是利用建造系统，可以生造出一条新的路来，如果敌人在前门看守，我们就可以修路绕道敌人身后，轻轻给他一个命门攻击。▲正面战斗很难缠！▲修一条路，绕到他身后偷袭！小钱精心布置的小怪就这样屡屡被建造系统以奇招攻破，此时负责建造系统的辣个女人——姑且称她为小芳吧，在小钱面前露出了得意的笑，关于小芳的故事，我们以后找机会再说。如何不战而屈人之兵？上面两种思路，都是在创造战斗的优势，但在实际的游戏体验中，我们甚至可以不战！柯镇恶是小钱最喜欢的武侠人物，柯虽然武功平平，打架没赢过，但信念感坚定、骂人没输过，为了一个赌约更是在大漠待上十几年，使得自己在江湖上口碑斐然。小钱也一直希望可以在燕云江湖的价值观体系中，多少实现此种理念：一位侠客，即使武功不属前茅，但仍然可以通过其他的“非武力”能力，令自己名噪江湖。在燕云大地上的据点上，我们可以发挥自己的综合素质，用上从江湖学来的各种“生活能力”巧妙应对。比如利用自己学来的悬壶之术，给据点敌人义务看病，以医术感化众人，刷一波好感。▲为敌人义诊ing也可以使用三寸不烂之舌，教化盗匪，三句话，令盗匪请了我们十八碗酒。▲口若悬河教化盗匪。甚至可以进行才艺大比拼，诗词歌赋、琴棋书画、斗酒猜拳等，都可以是制胜的技巧。▲以才艺压制对手！以上这些小伎俩，虽然不需要战斗，但也不能说很简单，也是我们在不断的测试中琢磨出来的小技巧，在此与大家分享。为了在燕云推行多元化的通关手段，小钱研究了很多牛逼大作的关卡设计，不得不说，前辈永远是我们的老师，我们要学习的还有很多。不过在这个过程中，我们意识到有一点是共通的，那就是：我们都希望玩家可以在游戏里获得新鲜的乐趣，希望每一个关卡和玩法，都经得起多种方式的推敲。十六相信，等到诸位侠客亲自踏入燕云的时候，一定会有更多技巧方式来通过我们的关卡，关关难过，关关过！']。 —— 不战也能通关？关关难过，关关过！-,《 不 战 也 能 通关 ？ 关 关 难过 ， 关 关 过 ！ 》 : [ ' 前不久 给 大家 介绍 了 我们 的 网页 链接 ， 收到 了 很多 朋友 的 鼓励 ， 小陈 虽然 嘴 上 不 说 ， 脸上 还是 很 憔悴 ， 但 我们 都 知道 他 内心 狂喜 。 接下来 压力 给 到 了 负责 关卡 设计 的 小钱 ， 讲 道理 ， 在 大部分 游戏 制作 流程 中 ， 关卡 和 战斗 是 一回事 ， 能 打 就 意味着 能 通关 ， 但 小钱 不 这么 觉得 ， 他 常 挂 在 嘴边 的 一 句 话 就 是 ： 要是 全部 关卡 都 能 莽 着 过 ， 那 放 着 人类 的 智慧 和 奇思妙想 有 啥 用 呢 ？ 不得不 说 ， 这 话 有点 道理 ， 但 不 多 。 因为 确实 ， 如果 一个 关卡 有着 固定 的 通关 方式 ， 那么 第一次 通关 ， 就 意味着 第一百次 通关 ， 体验 上 难免 重复 ； 但是 话 又 说 回来 ， 我 不 这么 通关 ， 还 能 怎么 通关 ？ 小钱 想 做 一种 尝试 ， 那 就 是 把 关卡 设计 和 其他 玩法 系统 都 结合 起来 ， 鼓励 多元 的 探索 方式 ！ 这 也 意味着 ， 我们 的 关卡 玩法 并不是 独立 的 ， 而是 不同 系统 小组 紧密 合 （ dǎ ） 作 （ jià ） 的 结果 ， 我们 相信 ， 开放 多元 的 玩法 碰撞 在 一起 ， 可以 绽放 出 超乎 想象 的 火花 。 于是 后来 ， 在 每 一次 内部 测试 的 时候 ， 大家 最 乐于 参与 的 一件 事 ， 就 是 用 各种 花式 奇葩 的 办法 来 通过 小钱 设计 的 关卡 。 我们 都是 怎么 和 小钱 斗智斗勇 的 呢 ？ 由于 关卡 设计 比较 复杂 ， 也 涉及 到 一些 解谜 剧透 ， 十六 在 这里 仅 以 对敌 为 例 ， 给 大家 捯饬捯饬 。 因地制宜 ， 天时地利 人 和 在 传统 的 武侠 游戏 中 ， 当 我们 闯入 一个 关卡 ， 被 敌人 发现 了 之后 ， 很多 人 的 第一 反应 都是 ： 抄 家伙 ， 打 他 ！ 当然 这样 做 也 没错 ， 不过 在 燕云 游戏 中 ， 除了 抄 家伙 ， 我们 还 可以 利用 周围 的 环境 元素 。 如果 我们 刚好 在 高 地势 区域 ， 那么 可以 借助 地理 优势 ， 将 敌人 引 至 悬崖 边缘 ， 然后 轻轻 一 推 …… 省时 省力 ， 没有 后顾之忧 。 ▲ 再见 了 ， 兄弟 。 当然 ， 不是 全部 关卡 都 在 高处 ， 也 不是 全部 敌人 都 会 上当 的 ， 有时候 我们 要 学会 主动 出击 ， 比如 寻找 环境 中 的 易燃 易爆 物品 ， 悄悄 将 其 搬运 至 敌人 的 必经之路 。 ▲ 火药 搬运 ing 然后 只 等 敌人 经过 ， 骤然 用 学 来 的 箭术 点火 引爆 ， 给 他 来 个 出其不意 的 埋伏 ！ ▲ 将 敌人 引入 火药 埋伏圈 ， 然后 引爆 ！ 甚至 ， 我们 也 可以 利用 动物 生态 链条 ， 比如 在 野外 地区 ， 时不时 会 有 野 熊 出没 ， 我们 可以 创造 条件 ， 伺机 让 熊 和 敌人 同时 出现 ， 来 一个 完美 的 “ 借 熊 过关 ” 。 ▲ 借 熊 揍 人 ！ 如果 能 联想 到 这 招 ， 说明 已经 上道 了 。 无中生有 ， 机会 是 由 自己 创造 的 非 单一 的 关卡 流程 ， 给 了 我们 很多 发挥 的 机会 ， 但 也 不是 全部 的 关卡 都 有 优越 的 环境 条件 ， 有的 时候 ， 我们 可以 自己 创造 条件 。 利用 建造 系统 ， 我们 可以 制造 地理 优势 ！ 在 攻击 范围 之内 ， 修筑 高地 ， 站 在 高处 对 敌人 不断 进行 远程 攻击 ， 直接 赢 在 起点 。 ▲ 用 建筑 将 敌人 困住 / 登上 建筑 高台 远程 攻击 敌人 。 引导 流程 ， 是 关卡 设计 中 很 重要 的 一 步 ， 这 关系到 我们 每 一 步 如何 走 ， 如何 能 抵达 下 一个 流程点 。 但 如果 按照 小钱 留下 的 关卡 指引 前进 ， 势必 会 中 了 他 的 埋伏 ， 所以 我们 完全 可以 ： 另造蹊径 ！ 还是 利用 建造 系统 ， 可以 生造 出 一 条 新 的 路 来 ， 如果 敌人 在 前门 看守 ， 我们 就 可以 修路 绕道 敌人 身后 ， 轻轻 给 他 一个 命门 攻击 。 ▲ 正面 战斗 很 难缠 ！ ▲ 修 一 条 路 ， 绕 到 他 身后 偷袭 ！ 小钱 精心 布置 的 小怪 就 这样 屡屡 被 建造 系统 以 奇招 攻破 ， 此时 负责 建造 系统 的 辣 个 女人 —— 姑且 称 她 为 小芳 吧 ， 在 小钱 面前 露出 了 得意 的 笑 ， 关于 小芳 的 故事 ， 我们 以后 找 机会 再说 。 如何 不战而屈人之兵 ？ 上面 两种 思路 ， 都是 在 创造 战斗 的 优势 ， 但 在 实际 的 游戏 体验 中 ， 我们 甚至 可以 不 战 ！ 柯镇恶 是 小钱 最 喜欢 的 武侠 人物 ， 柯 虽然 武功 平平 ， 打架 没 赢 过 ， 但 信念感 坚定 、 骂人 没 输 过 ， 为了 一个 赌约 更 是 在 大漠 待 上 十几年 ， 使得 自己 在 江湖 上 口碑 斐然 。 小钱 也 一直 希望 可以 在 燕云 江湖 的 价值观 体系 中 ， 多少 实现 此 种 理念 ： 一 位 侠客 ， 即使 武功 不 属 前茅 ， 但 仍然 可以 通过 其他 的 “ 非 武力 ” 能力 ， 令 自己 名噪江湖 。 在 燕云 大地 上 的 据点 上 ， 我们 可以 发挥 自己 的 综合 素质 ， 用 上 从 江湖 学 来 的 各种 “ 生活 能力 ” 巧妙 应对 。 比如 利用 自己 学 来 的 悬 壶 之 术 ， 给 据点 敌人 义务 看病 ， 以 医术 感化 众人 ， 刷 一 波 好感 。 ▲ 为 敌人 义诊 ing 也 可以 使用 三寸不烂之舌 ， 教化 盗匪 ， 三句 话 ， 令 盗匪 请 了 我们 十八碗 酒 。 ▲ 口若悬河 教化 盗匪 。 甚至 可以 进行 才艺 大 比拼 ， 诗词 歌赋 、 琴棋 书画 、 斗酒 猜拳 等 ， 都 可以 是 制胜 的 技巧 。 ▲ 以 才艺 压制 对手 ！ 以上 这些 小 伎俩 ， 虽然 不 需要 战斗 ， 但 也 不能 说 很 简单 ， 也是 我们 在 不断 的 测试 中 琢磨 出来 的 小 技巧 ， 在此 与 大家 分享 。 为了 在 燕云 推行 多元化 的 通关 手段 ， 小钱 研究 了 很多 牛逼 大作 的 关卡 设计 ， 不得不 说 ， 前辈 永远 是 我们 的 老师 ， 我们 要 学习 的 还有 很多 。 不过 在 这个 过程 中 ， 我们 意识到 有 一 点 是 共通 的 ， 那 就 是 ： 我们 都 希望 玩家 可以 在 游戏 里 获得 新鲜 的 乐趣 ， 希望 每 一个 关卡 和 玩法 ， 都 经得起 多种 方式 的 推敲 。 十六 相信 ， 等到 诸位 侠客 亲自 踏入 燕云 的 时候 ， 一定 会 有 更 多 技巧 方式 来 通过 我们 的 关卡 ， 关关 难过 ， 关关 过 ！ ' ],2022-11,不战也能通关？关关难过，关关过！
['最近换季，工作室里很多小伙伴都有点顶不住，过敏的过敏，感冒的感冒……让人不禁感慨：果然，再牛逼的人，原来也不过是肉体凡胎，该挨着还得挨着。对于这个话题，我们曾在很久以前的某次茶余饭后讨论过:那些武侠故事里很牛逼的大侠，难道不会肚子痛的吗？看似很无厘头的话题，却成为我们多次的下饭茶话，最后得出的结论是：天将降大任于是人也，必先苦其心志，劳其筋骨，饿其体肤，空乏其身……所以大侠一定也是会肚子痛的！有感而发，everstone的小伙伴们决定在《燕云十六声》游戏里打造一套高度拟真的身体机制，简言之，我们的侠客们是带着一副肉体凡胎闯荡江湖，过程中完全有可能生病感冒，瘸腿拄拐什么的，除了生理上的病痛，甚至还会有心理上的折磨。而只有那些经过自身及外部多重考验的人，才有可能成为拥有钢铁意志的大侠，令人心服口服！等等，有人说这不就是每个游戏都有的血条机制吗？非也非也，我们的真实体质，可能比你想象的要更真实。花式状况！出门在外，要保护好自己人在江湖飘，哪能不挨刀？除了挨刀，你还需要注意保暖、饮食卫生、多喝热水……全部你可能在现实中遇到的生理考验，都有可能在燕云游戏中出现。比如，一不留神摔个跤？这种情况可能发生在轻功失误时、潜行失足时、甚至平地……▲江湖，我来了又比如吃东西吧，胡吃海塞可不得行，突发的肚痛可能会让你措手不及。▲吃坏肚子了，好疼凭本事钓上来的鱼也不能乱吃，一不小心吃错可是要中毒的。▲凭本事钓鱼ing当然就算你万事小心，也难以预料外部环境的影响，比如在高温环境下待太久，不仅没补贴可能还要中暑！▲好毒的太阳，好热！路边的野花别乱采，谁知道它会带来什么奇怪的作用。▲路边的野花别乱采所以说不管男孩子还是女孩子，出门在外一定要保护好自己，虽然说这些小毛病也算不上大事，身体过硬的话，可能就自愈了，但也不好说，如果一直放任不理，小小的风寒也有可能演变成为严重疾病。▲天冷加衣，小心感冒不仅如此，除了一个正常人的身体素质可能遇到的各种问题，我们还研究了丹毒、走火入魔、醉酒等武侠场景下常常出现的状况，包括它们的演化链条，不仅表现不一样，产生的影响也绝非简单粗暴的血条减弱，而是与当下的行动息息相关。有时候十六我都觉得，有必要这么真实么？但仔细想想，好像也没毛病啊。一个脆弱的我，如何拯救一个脆弱的你真实的身体机制带来的也并不都是麻烦，正所谓“任何不能杀死我的，都会使我更强大”。在燕云经历过种种生理机制的折磨之后，我们很有可能会收获更强大的身体素质，比如曾经中过的毒，在治愈之后可能会留下抗体，下次再遇到同类的毒，可保不受侵害。李白多次在酒后得千古奇句，但对于大部分人来说，小酌怡情，大饮伤身，而在燕云世界里，过量饮酒也会引发中毒症状，令人身体不适，但有可能会触发某种隐藏体验。（小孩子不能学哦。）甚至我们也效仿了经典武侠故事设定，有一些“神功”，只能在病体状态下意外获得。此外，与真实体质息息相关的，莫过于我们的悬壶玩法，在这里，每个人都能当5分钟医生。选择学习了悬壶之术之后，我们就要承担起治病救人的责任。不管是看起来平凡不起眼的小村民。▲一双专业的医眼，可以在人群中识别病患还是仗剑天涯的同路人，我们都一视同仁，望闻问切、对症下药，不敢粗心。▲好兄弟，让我看看你是咋了但医术也不是与生俱来的，如果不好好钻研，也有可能会出现这种情况↓真实体质x开放世界：是挑战，也是彩蛋高度拟真的身体机制同时也影响着我们在燕云大地的探索方式。路遇险峰，不再盲目跳跃，而是巧用策略；河水湍急，要小心计算河宽及流速，以免淌水时体力不足；稀有的毒花，如果一定要采摘的话，请用非常手段……▲小样儿，看我隔空摘了你除了日常行为之外，在修炼武学时我们也会受到体质的影响，比如武学修炼不当，可能会引发走火入魔，轻则四肢不听使唤，重则神志不清，甚至可能会开启奇怪的脑内心境。▲走火入魔，我的心好乱如果这时候正好周围遇到了“奇怪的生物”，说不定还能练就一套神奇的武功。欧阳锋听了都说：赞！在我们的想象中，英雄总是一往无前，面对敌人不屈不挠，用智慧和勇气战胜一切困难，但我们常常忘记了一点：英雄的起点也是普通人。一个普通人要成为英雄，究竟要历经多少痛苦呢？在燕云大地上，没有宏大的场景，没有震耳的战鼓，也没有史诗的歌颂，我们的英雄还是个稚嫩的少年，他吃饱了饭，喝足了水，装好了行囊，走到了村头，面对他的，是身体和精神的双重磨炼，他的江湖，开始了。']。 —— 真实身体机制爆料！一个脆弱的我，如何成为英雄？-,《 真实 身体 机制 爆料 ！ 一个 脆弱 的 我 ， 如何 成为 英雄 ？ 》 : [ ' 最近 换季 ， 工作室 里 很多 小伙伴 都 有点 顶 不住 ， 过敏 的 过敏 ， 感冒 的 感冒 …… 让 人 不禁 感慨 ： 果然 ， 再 牛逼 的 人 ， 原来 也 不过是 肉体 凡胎 ， 该 挨着 还 得 挨着 。 对于 这个 话题 ， 我们 曾 在 很 久 以前 的 某次 茶余饭后 讨论 过 : 那些 武侠 故事 里 很 牛逼 的 大侠 ， 难道 不会 肚子 痛 的 吗 ？ 看似 很 无厘头 的 话题 ， 却 成为 我们 多次 的 下饭 茶话 ， 最后 得出 的 结论 是 ： 天 将 降 大 任 于 是 人 也 ， 必 先 苦 其 心志 ， 劳 其 筋骨 ， 饿 其 体肤 ， 空乏 其 身 …… 所以 大侠 一定 也是 会 肚子 痛 的 ！ 有感而发 ， everstone 的 小伙伴 们 决定 在 《 燕云十六声 》 游戏 里 打造 一套 高度 拟真 的 身体 机制 ， 简言之 ， 我们 的 侠客 们 是 带 着 一 副 肉体 凡胎 闯荡 江湖 ， 过程 中 完全 有 可能 生病 感冒 ， 瘸腿 拄拐 什么的 ， 除了 生理 上 的 病痛 ， 甚至 还 会 有 心理 上 的 折磨 。 而 只有 那些 经过 自身 及 外部 多重 考验 的 人 ， 才有 可能 成为 拥有 钢铁 意志 的 大侠 ， 令人 心服口服 ！ 等等 ， 有人 说 这 不 就 是 每个 游戏 都 有 的 血条 机制 吗 ？ 非 也 非 也 ， 我们 的 真实 体质 ， 可能 比 你 想象 的 要 更 真实 。 花式 状况 ！ 出门 在外 ， 要 保护 好 自己人 在 江湖 飘 ， 哪能 不 挨刀 ？ 除了 挨刀 ， 你 还 需要 注意 保暖 、 饮食 卫生 、 多 喝 热水 …… 全部 你 可能 在 现实 中 遇到 的 生理 考验 ， 都 有 可能 在 燕云 游戏 中 出现 。 比如 ， 一不留神 摔 个 跤 ？ 这种 情况 可能 发生 在 轻功 失误 时 、 潜行 失足 时 、 甚至 平地 …… ▲ 江湖 ， 我 来 了 又 比如 吃 东西 吧 ， 胡 吃 海塞 可 不得 行 ， 突发 的 肚痛 可能 会 让 你 措手不及 。 ▲ 吃 坏 肚子 了 ， 好 疼 凭 本事 钓 上来 的 鱼 也 不能 乱 吃 ， 一不小心 吃 错 可是 要 中毒 的 。 ▲ 凭 本事 钓鱼 ing 当然 就算 你 万事小心 ， 也 难以 预料 外部 环境 的 影响 ， 比如 在 高温 环境 下 待 太 久 ， 不仅 没 补贴 可能 还要 中暑 ！ ▲ 好 毒 的 太阳 ， 好 热 ！ 路边 的 野花 别 乱 采 ， 谁 知道 它 会 带来 什么 奇怪 的 作用 。 ▲ 路边 的 野花 别 乱 采 所以 说 不管 男 孩子 还是 女孩子 ， 出门 在外 一定 要 保护 好 自己 ， 虽然 说 这些 小 毛病 也 算 不 上 大事 ， 身体 过硬 的话 ， 可能 就 自愈 了 ， 但 也 不好 说 ， 如果 一直 放任 不 理 ， 小小 的 风寒 也 有 可能 演变 成为 严重 疾病 。 ▲ 天 冷 加 衣 ， 小心 感冒 不仅 如此 ， 除了 一个 正常人 的 身体素质 可能 遇到 的 各种 问题 ， 我们 还 研究 了 丹毒 、 走火入魔 、 醉酒 等 武侠 场景 下 常常 出现 的 状况 ， 包括 它们 的 演化 链条 ， 不仅 表现 不 一样 ， 产生 的 影响 也 绝非 简单 粗暴 的 血条 减弱 ， 而是 与 当下 的 行动 息息相关 。 有时候 十六 我 都 觉得 ， 有 必要 这么 真实 么 ？ 但 仔细 想想 ， 好像 也 没 毛病 啊 。 一个 脆弱 的 我 ， 如何 拯救 一个 脆弱 的 你 真实 的 身体 机制 带来 的 也 并不 都是 麻烦 ， 正所谓 “ 任何 不能 杀死 我 的 ， 都 会 使 我 更 强大 ” 。 在 燕云 经历 过 种种 生理 机制 的 折磨 之后 ， 我们 很 有 可能 会 收获 更 强大 的 身体素质 ， 比如 曾经 中 过 的 毒 ， 在 治愈 之后 可能 会 留下 抗体 ， 下次 再 遇到 同类 的 毒 ， 可 保 不 受 侵害 。 李白 多次 在 酒后 得 千古 奇句 ， 但 对于 大部分 人 来说 ， 小酌 怡情 ， 大 饮 伤身 ， 而 在 燕云 世界 里 ， 过量 饮酒 也 会 引发 中毒 症状 ， 令人 身体 不适 ， 但 有 可能 会 触发 某 种 隐藏 体验 。 （ 小孩子 不能 学 哦 。 ） 甚至 我们 也 效仿 了 经典 武侠 故事 设定 ， 有一些 “ 神功 ” ， 只能 在 病体 状态 下 意外 获得 。 此外 ， 与 真实 体质 息息相关 的 ， 莫过于 我们 的 悬壶 玩法 ， 在 这里 ， 每个人 都 能 当 5分钟 医生 。 选择 学习 了 悬壶 之 术 之后 ， 我们 就要 承担 起 治病救人 的 责任 。 不管是 看起来 平凡 不起眼 的 小 村民 。 ▲ 一 双 专业 的 医眼 ， 可以 在 人群 中 识别 病患 还是 仗剑 天涯 的 同路人 ， 我们 都 一视同仁 ， 望闻问切 、 对症下药 ， 不敢 粗心 。 ▲ 好 兄弟 ， 让 我 看看 你 是 咋 了 但 医术 也 不是 与 生 俱 来 的 ， 如果 不 好好 钻研 ， 也 有 可能 会 出现 这种 情况 ↓ 真实 体质 x 开放世界 ： 是 挑战 ， 也是 彩蛋 高度 拟 真 的 身体 机制 同时 也 影响 着 我们 在 燕云 大地 的 探索 方式 。 路 遇 险峰 ， 不再 盲目 跳跃 ， 而是 巧用 策略 ； 河水 湍急 ， 要 小心 计算 河宽 及 流速 ， 以免 淌水 时 体力 不足 ； 稀有 的 毒花 ， 如果 一定 要 采摘 的话 ， 请 用 非常 手段 …… ▲ 小样儿 ， 看 我 隔空 摘 了 你 除了 日常 行为 之外 ， 在 修炼 武学 时 我们 也 会 受到 体质 的 影响 ， 比如 武学 修炼 不当 ， 可能 会 引发 走火入魔 ， 轻 则 四肢 不 听 使唤 ， 重 则 神志 不 清 ， 甚至 可能 会 开启 奇怪 的 脑内 心境 。 ▲ 走火入魔 ， 我 的 心 好 乱 如果 这时候 正好 周围 遇到 了 “ 奇怪 的 生物 ” ， 说不定 还 能 练就 一套 神奇 的 武功 。 欧阳锋 听 了 都 说 ： 赞 ！ 在 我们 的 想象 中 ， 英雄 总是 一往无前 ， 面对 敌人 不屈不挠 ， 用 智慧 和 勇气 战胜 一切 困难 ， 但 我们 常常 忘记 了 一 点 ： 英雄 的 起点 也是 普通人 。 一个 普通人 要 成为 英雄 ， 究竟 要 历经 多少 痛苦 呢 ？ 在 燕云 大地 上 ， 没有 宏大 的 场景 ， 没有 震耳 的 战鼓 ， 也 没有 史诗 的 歌颂 ， 我们 的 英雄 还是 个 稚嫩 的 少年 ， 他 吃 饱 了 饭 ， 喝 足 了 水 ， 装 好 了 行囊 ， 走 到 了 村头 ， 面对 他 的 ， 是 身体 和 精神 的 双重 磨炼 ， 他 的 江湖 ， 开始 了 。 ' ],2022-11,真实身体机制爆料！一个脆弱的我，如何成为英雄？
['很多年以后，面对十六的提问，小陈会想起当年自己躺在沙发上，沉浸在武侠小说刀光剑影里的那些下午。自从我们曝光之后，每天都会收到很多私信和评论，大家热情地催促实机战斗视频，围绕《燕云十六声》到底是不是一款能打的游戏有诸多的讨论，久而久之，我的心里也产生了这样的疑问：我们到底是不是一款能打的游戏？带着这样的疑问，我找到了负责战斗的小陈，小陈面容憔悴，仿佛已经被生活捶打了无数次，他低头思索，面色凝重地说道：打是能打的，但打的最高境界是不打。哦？此话怎讲？自由搭配技能海量连招方式在传统的武侠游戏中，“一人一剑一狗走天涯”的印象深入人心，但小陈不以为然，既然在身在一个充满机遇和可能的时代，为什么只能有一把剑？所以在制作燕云战斗系统的时候，他希望自己可以比生活拥有更多选择，哪怕只多一点点。众所周知，在燕云大地上，学武自由的梦想已经照进了武侠现实。我们可以通过多种途径习得招式，尤其是独创的偷师学艺设定更是打破了门派间的隔阂限制。在此基础上，小陈在制作燕云战斗系统时，倔强地坚持了“复合搭配”的设计，大白话就是说，燕云全部的技能都可以自由搭配组合使用，不仅如此，任意技能之间还能无缝连招。你可以同时携带多种武器，比如先突施冷箭试探对手，随即抽出长剑，给他一个落花流水！也可以在一套硬汉打法之后，出其不意以柔克刚，使用一把暗含玄机的扇子给对方致命一击！相比单一的武器和技能路数，多武器、跨门派招式，有策略地选择和搭配，带来了更多玩法上的可能性。单看战斗搭配路数就不再是简单的技能相加，而是成倍数的相乘增长，当然也带来了海量的工作量，小陈不知道自己的坚持是否正确，他只想在面对生活的捶打时，给它出其不意的一击。告别压倒性战局伺机逆风反杀然而小陈不愧是经历过生活捶打的小陈，他在研究过许多传统武侠游戏的战斗系统之后觉得自己不喜欢压倒性的战局，也不喜欢“强者越强，弱者毫无招架之地”的世界，所以在燕云的战斗系统中，他千方百计为全部努力战斗的人创造机会。为此，他设计了两种可以让人逆风翻盘的战斗机制，在这两种机制下，哪怕对手的招式再行云流水，只要找准时机，也可以瞬间改变攻防关系、扭转战局。完美反击每个人都是有破绽的，在与敌人过招之时，电光火石之间，如果找到合适的机会闪避或是格挡，不仅毫发无伤，更有机会触发【完美反击】的状态，在此状态下，抓紧机会一顿输出，不仅可以拳拳到肉，甚至还能获得高爆发的伤害收益。气竭状态每个人都会有真气用尽的时候，在燕云游戏中，我们将之称为【气竭状态】，在这种状态下，每个人都毫无防备之力，换句话说，不管是谁，只要处于气竭状态，如果无法及时的闪避，将会挨到一顿实打实的胖揍。这个状态很短，但也很关键，对于高明的侠客来说，将敌人千方百计引入气竭状态，然后把握时机一顿输出，一套带走，不在话下！攻击效果-敌人非气竭状态下攻击效果-敌人气竭状态下设计了这两套机制的小陈在想，被捶打了多年，他终于有机会找到生活的破绽，给它狠狠一击了吗？差点忘了，小陈还在游戏里亲手种下了一群机灵的怪物，它们有组织有预谋，在面对劲敌时，会快速分工协作，一部分人负责包围，一部分人负责面门击杀。在没有确定对手的伎俩时，他们不会轻易出手，而是谨慎观察。机灵的战斗npc让战局又变得复杂了起来，在进行战斗测试的时候，小陈忽然感到棘手，但随即，他觉得欣慰了起来：不愧是我亲手种下的怪！还有别的招吗？虽然被生活捶打了无数次，但小陈依然热爱它，他平时热衷于研究“生活小妙招”，虽然有时被同事力证是伪科学，但他依然乐此不疲，这种精神，也体现在了工作中。比如在我们游戏的战斗系统中，小陈结合我们游戏里的点穴、太极、弓箭等“中式武侠绝活”研究出了一些“非常规招式”，力求“不战而屈人之兵”。比如，你可以善于隐匿，绕到敌人身后，伸出两指直击敌人命门穴位。展示绝佳箭术，将敌人射成筛子。巧用唤鸟之术，将凶猛的鸟兽引为己用，这招是在效仿杨过？甚至，还有烟雾弹，迷住敌人双眼，而后逃之夭夭。此外还有醉拳、蛤蟆功等等，这些花里胡哨招数虽然放在武侠世界里毫无违和，但结合小陈平时的“伪科学”形象，真的很难不怀疑它们的出处。所以，我们到底是不是一个能打的游戏呢？或许每个人的体验都不一样，而对于小陈来说，他用自己与生活抗争二十年的的经验告诉我们，至少在燕云大地上，每个人都能找到机会，向变幻无情的命运，发出至勇者不屈的一击。这样的战斗，目前还在继续中，未来，也不会停止。']。 —— 战斗系统爆料！燕云十六声，很能打吗？-,《 战斗 系统 爆料 ！ 燕云十六声 ， 很 能 打 吗 ？ 》 : [ ' 很多 年 以后 ， 面对 十六 的 提问 ， 小陈 会 想起 当年 自己 躺 在 沙发 上 ， 沉浸 在 武侠小说 刀光剑影 里 的 那些 下午 。 自从 我们 曝光 之后 ， 每天 都 会 收到 很多 私信 和 评论 ， 大家 热情 地 催促 实机 战斗 视频 ， 围绕 《 燕云十六声 》 到底 是不是 一 款 能 打 的 游戏 有 诸多 的 讨论 ， 久而久之 ， 我 的 心里 也 产生 了 这样 的 疑问 ： 我们 到底 是不是 一 款 能 打 的 游戏 ？ 带 着 这样 的 疑问 ， 我 找到 了 负责 战斗 的 小陈 ， 小陈 面容 憔悴 ， 仿佛 已经 被 生活 捶打 了 无数 次 ， 他 低头 思索 ， 面色 凝重 地 说道 ： 打 是 能 打 的 ， 但 打 的 最高 境界 是 不 打 。 哦 ？ 此 话 怎 讲 ？ 自由 搭配 技能 海量 连招 方式 在 传统 的 武侠 游戏 中 ， “ 一 人 一 剑 一 狗 走 天涯 ” 的 印象 深入人心 ， 但 小陈 不以为然 ， 既然 在 身 在 一个 充满 机遇 和 可能 的 时代 ， 为什么 只能 有 一 把 剑 ？ 所以 在 制作 燕云 战斗 系统 的 时候 ， 他 希望 自己 可以 比 生活 拥有 更 多 选择 ， 哪怕 只 多 一点点 。 众所周知 ， 在 燕云 大地 上 ， 学 武 自由 的 梦想 已经 照 进 了 武侠 现实 。 我们 可以 通过 多种 途径 习得 招式 ， 尤其是 独创 的 偷师 学艺 设定 更 是 打破 了 门派 间 的 隔阂 限制 。 在 此 基础 上 ， 小陈 在 制作 燕云 战斗 系统 时 ， 倔强 地 坚持 了 “ 复合 搭配 ” 的 设计 ， 大白话 就是说 ， 燕云 全部 的 技能 都 可以 自由 搭配 组合 使用 ， 不仅 如此 ， 任意 技能 之间 还 能 无 缝 连招 。 你 可以 同时 携带 多种 武器 ， 比如 先突 施 冷箭 试探 对手 ， 随即 抽出 长剑 ， 给 他 一个 落花 流水 ！ 也 可以 在 一套 硬汉 打法 之后 ， 出其不意 以柔克刚 ， 使用 一 把 暗含 玄机 的 扇子 给 对方 致命 一 击 ！ 相比 单一 的 武器 和 技能 路数 ， 多 武器 、 跨 门派 招式 ， 有 策略 地 选择 和 搭配 ， 带来 了 更 多 玩法 上 的 可能性 。 单 看 战斗 搭配 路数 就 不再 是 简单 的 技能 相加 ， 而是 成倍数 的 相乘 增长 ， 当然 也 带来 了 海量 的 工作量 ， 小陈 不 知道 自己 的 坚持 是否 正确 ， 他 只 想 在 面对 生活 的 捶打 时 ， 给 它 出其不意 的 一 击 。 告别 压倒性 战局 伺机 逆风 反杀 然而 小陈 不愧 是 经历 过 生活 捶打 的 小陈 ， 他 在 研究 过 许多 传统 武侠 游戏 的 战斗 系统 之后 觉得 自己 不 喜欢 压倒性 的 战局 ， 也 不 喜欢 “ 强者 越 强 ， 弱者 毫无 招架 之 地 ” 的 世界 ， 所以 在 燕云 的 战斗 系统 中 ， 他 千方百计 为 全部 努力 战斗 的 人 创造 机会 。 为此 ， 他 设计 了 两种 可以 让 人 逆风 翻盘 的 战斗 机制 ， 在 这 两种 机制 下 ， 哪怕 对手 的 招式 再 行云流水 ， 只要 找 准 时机 ， 也 可以 瞬间 改变 攻防 关系 、 扭转 战局 。 完美 反击 每个人 都是 有 破绽 的 ， 在 与 敌人 过招 之 时 ， 电光火石 之间 ， 如果 找到 合适 的 机会 闪避 或是 格挡 ， 不仅 毫发无伤 ， 更 有 机会 触发 【 完美 反击 】 的 状态 ， 在 此 状态 下 ， 抓紧 机会 一 顿 输出 ， 不仅 可以 拳拳到肉 ， 甚至 还 能 获得 高 爆发 的 伤害 收益 。 气竭 状态 每个人 都 会 有 真气 用尽 的 时候 ， 在 燕云 游戏 中 ， 我们 将 之 称为 【 气竭 状态 】 ， 在 这种 状态 下 ， 每个人 都 毫无 防备 之 力 ， 换句话说 ， 不管 是 谁 ， 只要 处于 气竭 状态 ， 如果 无法 及时 的 闪避 ， 将 会 挨 到 一 顿 实打实 的 胖揍 。 这个 状态 很 短 ， 但 也 很 关键 ， 对于 高明 的 侠客 来说 ， 将 敌人 千方百计 引入 气竭 状态 ， 然后 把握 时机 一 顿 输出 ， 一套 带走 ， 不在话下 ！ 攻击 效果 敌人 非 气竭 状态 下 攻击 效果 敌人 气竭 状态 下 设计 了 这 两套 机制 的 小陈 在 想 ， 被 捶打 了 多年 ， 他 终于 有 机会 找到 生活 的 破绽 ， 给 它 狠狠 一 击 了 吗 ？ 差点 忘 了 ， 小陈 还 在 游戏 里 亲手 种 下 了 一群 机灵 的 怪物 ， 它们 有 组织 有 预谋 ， 在 面对 劲敌 时 ， 会 快速 分工 协作 ， 一部分 人 负责 包围 ， 一部分 人 负责 面门 击杀 。 在 没有 确定 对手 的 伎俩 时 ， 他们 不会 轻易 出手 ， 而是 谨慎 观察 。 机灵 的 战斗 npc 让 战局 又 变得 复杂 了 起来 ， 在 进行 战斗 测试 的 时候 ， 小陈 忽然 感到 棘手 ， 但 随即 ， 他 觉得 欣慰 了 起来 ： 不愧 是 我 亲手 种 下 的 怪 ！ 还有 别的 招 吗 ？ 虽然 被 生活 捶打 了 无数 次 ， 但 小陈 依然 热爱 它 ， 他 平时 热衷于 研究 “ 生活 小 妙招 ” ， 虽然 有时 被 同事 力证 是 伪科学 ， 但 他 依然 乐此不疲 ， 这种 精神 ， 也 体现 在 了 工作 中 。 比如 在 我们 游戏 的 战斗 系统 中 ， 小陈 结合 我们 游戏 里 的 点穴 、 太极 、 弓箭 等 “ 中式 武侠 绝活 ” 研究 出 了 一些 “ 非常规 招式 ” ， 力求 “ 不战而屈人之兵 ” 。 比如 ， 你 可以 善于 隐匿 ， 绕 到 敌人 身后 ， 伸出 两指 直击 敌人 命门 穴位 。 展示 绝佳 箭术 ， 将 敌人 射 成 筛子 。 巧用 唤 鸟 之 术 ， 将 凶猛 的 鸟兽 引为 己 用 ， 这 招 是 在 效仿 杨 过 ？ 甚至 ， 还有 烟雾弹 ， 迷 住 敌人 双 眼 ， 而后 逃之夭夭 。 此外 还有 醉拳 、 蛤蟆功 等等 ， 这些 花里胡哨 招数 虽然 放 在 武侠 世界 里 毫无 违和 ， 但 结合 小陈 平时 的 “ 伪科学 ” 形象 ， 真 的 很难 不 怀疑 它们 的 出处 。 所以 ， 我们 到底 是不是 一个 能 打 的 游戏 呢 ？ 或许 每个人 的 体验 都 不 一样 ， 而 对于 小陈 来说 ， 他 用 自己 与 生活 抗争 二十年 的 的 经验 告诉 我们 ， 至少 在 燕云 大地 上 ， 每个人 都 能 找到 机会 ， 向 变幻 无情 的 命运 ， 发出 至 勇者 不屈 的 一 击 。 这样 的 战斗 ， 目前 还 在 继续 中 ， 未来 ， 也 不会 停止 。 ' ],2022-10,战斗系统爆料！燕云十六声，很能打吗？
['上篇说完我们游戏场景的立体空间结构设计，这次想和大家聊聊我们的角色设计。对于很多已经适应了传统武侠游戏审美的玩家来说，初入燕云，看到形形色色的角色，可能会觉得很“怪”。这种怪异感并不是我们有意而为之，而是在设计的过程中，我们对武侠人物理解进行了各种预演和尝试，最后形成了如今的“燕云怪侠群像”。怪则怪矣，毕竟早晚都是要认识的，不如就让十六为大家简单介绍一下。ps：由于平台对设计稿的压缩太严重了，想要看无损美图的老师们可以来十六的微博@燕云十六声点评鉴赏哦！大时代下的小人物营造生动的时代氛围我们的游戏背景处于一个特殊的时代，五代十国末期，宋初之际，已经消亡的唐朝盛世依然影响着大部分人，宋的文化也正在萌芽生长中，而小人物，是最能体现这个时代特色的重要元素。为了更好追回与塑造此种时代氛围，everstone的美术老师们埋头查阅了海量的资料、那个时代跨度间的古画、壁画、造像等。在建立了整体的“年代感”造型风格后，也会在设计上做一些些小心思。我们希望自己做出来的形象，不管是闻名江湖的大角色，还是与玩家们朝夕相处的平凡人物，都是清新别致、生动可爱的！开宋离乱将止，初具雏形的市井文化也正在萌芽中，你将看到走街串巷的小贩，以吹拉弹唱的方式引人注意，也有身着百衲衣的还俗僧人，以傩戏的方式为百姓祈福安乐。而另一边，穿着胡服的契丹人和身负朝廷任务的不良人…仿佛都在提醒着我们，动乱只是暂时停歇，暗涌仍在流动。“怪人“云集的江湖群像除了研究街头市井的普通人之外，我们还很喜欢研究那些在武侠故事中有点名气的人物。在童年记忆的武侠作品中，总是有各色怪人，比如雌雄莫辨的东方不败，形如蝙蝠的青翼蝠王韦一笑，人如其名的金毛狮王谢逊，以及外貌童颜内心老气横秋的天山童姥，更不用说名震江湖的“江南七怪”……这些“怪人”的存在，给武侠的世界增添了不少色彩，所以我们在游戏中也创造了许多的江湖“怪人”。你可能会遇到一位外表粗犷狂野，打扮却过分精致的花哨胖大哥。但谁能想到他竟是名震江湖的“六大名伶”之一。这里十六再冒死偷跑个料，江湖上一直流传着“四大名嘴”的事迹传说，有的喋喋不休口若悬河，有的口吐芬芳不堪入耳，有的不带脏字却能中伤辩者。哈哈这位胖先生呢，你也将从他这，学到江湖冒险路上最重要的一堂话术入门课。偶尔看到几个毛脸雷公嘴的人，他们可不是孙悟空，据说和一大神秘组织有关，背后甚至与南唐皇室有千丝万缕的联系。但由于涉及剧透，我又不能说太多，屏幕前感兴趣的游侠儿不妨猜一猜……力量打磨的“糙汉”粗粝感作为伴随武侠影视黄金一代长大的一批人，脑海里自然会浮现出一两个造型飘逸潇洒、鲜衣怒马，意气风发的少年侠客。但武侠不该只有一种样式。与大多数传统武侠游戏追求的单一精致审美不同，我们所追求的真实武侠质感，除了精致，还加了几分粗粝。这种粗粝依然源自我们对五代十国“年代感“的思考。盛世有盛世的武侠，那乱世的武侠应该是什么样的呢？他们有的是“男儿何不带吴钩，收取关山五十州“的厚重气魄；有的是拥有又失去一切的疯癫凶暴……不一而终。这些力量感和厚重感不仅仅体现在角色设计上，也会实打实地带来截然不同的交战体验。他们有的身型巨大、不怒自威，仅仅依靠气势就可以压的对手喘不上气；有的则阴险狡诈，处处耍奸扮坏，不留心的话，一定会吃大苦头。动乱将歇，繁华初始。这个时代背景有着独特的魅力，生在这个时代的“侠”，也令人有无数遐思。我们在游戏中融入了自己对这个时代“侠”的理解，他们可能看起来并不常规，甚至有点怪，但那也是我们对心中的江湖的一种描绘。在创造和设计这些角色的时候，我们每天都与他们朝夕相处，感受着发生在他们身上或是周围的故事，无论美丑、无论正邪，他们都是我们的朋友，希望你们也会喜欢他们。']。 —— 角色设计稿首度披露|好怪哦，再看一眼！-,《 角色 设计稿 首度 披露 | 好 怪 哦 ， 再 看 一 眼 ！ 》 : [ ' 上篇 说 完 我们 游戏 场景 的 立体 空间 结构 设计 ， 这次 想 和 大家 聊聊 我们 的 角色 设计 。 对于 很多 已经 适应 了 传统 武侠 游戏 审美 的 玩家 来说 ， 初 入 燕云 ， 看到 形形色色 的 角色 ， 可能 会 觉得 很 “ 怪 ” 。 这种 怪异感 并不是 我们 有意 而 为 之 ， 而是 在 设计 的 过程 中 ， 我们 对 武侠 人物 理解 进行 了 各种 预演 和 尝试 ， 最后 形成 了 如今 的 “ 燕云 怪侠 群像 ” 。 怪 则 怪 矣 ， 毕竟 早晚 都是 要 认识 的 ， 不如 就让 十六 为 大家 简单 介绍 一下 。 ps ： 由于 平台 对 设计稿 的 压缩 太 严重 了 ， 想 要 看 无损 美图 的 老师 们 可以 来 十六 的 微博 @ 燕云十六声 点评 鉴赏 哦 ！ 大时代 下 的 小人物 营造 生动 的 时代 氛围 我们 的 游戏 背景 处于 一个 特殊 的 时代 ， 五代十国末期 ， 宋初 之际 ， 已经 消亡 的 唐朝 盛世 依然 影响 着 大部分 人 ， 宋 的 文化 也 正在 萌芽 生长 中 ， 而 小人物 ， 是 最 能 体现 这个 时代 特色 的 重要 元素 。 为了 更 好 追回 与 塑造 此 种 时代 氛围 ， everstone 的 美术 老师 们 埋头 查阅 了 海量 的 资料 、 那个 时代 跨度 间 的 古画 、 壁画 、 造像 等 。 在 建立 了 整体 的 “ 年代感 ” 造型 风格 后 ， 也 会 在 设计 上 做 一些 些 小心思 。 我们 希望 自己 做 出来 的 形象 ， 不管 是 闻名 江湖 的 大 角色 ， 还是 与 玩家 们 朝夕相处 的 平凡 人物 ， 都是 清新 别致 、 生动 可爱 的 ！ 开 宋 离乱 将 止 ， 初 具 雏形 的 市井 文化 也 正在 萌芽 中 ， 你 将 看到 走街串巷 的 小贩 ， 以 吹 拉 弹唱 的 方式 引人注意 ， 也 有 身着 百衲衣 的 还俗 僧人 ， 以 傩戏 的 方式 为 百姓 祈福 安乐 。 而 另 一边 ， 穿 着 胡服 的 契丹人 和 身负 朝廷 任务 的 不良 人 … 仿佛 都 在 提醒 着 我们 ， 动乱 只是 暂时 停歇 ， 暗 涌 仍 在 流动 。 “ 怪人 “ 云集 的 江湖 群像 除了 研究 街头 市井 的 普通人 之外 ， 我们 还 很 喜欢 研究 那些 在 武侠 故事 中 有点 名气 的 人物 。 在 童年 记忆 的 武侠 作品 中 ， 总是 有 各色 怪人 ， 比如 雌雄 莫 辨 的 东方 不 败 ， 形 如 蝙蝠 的 青翼 蝠王 韦一笑 ， 人 如 其 名 的 金毛 狮王 谢逊 ， 以及 外貌 童颜 内心 老气横秋 的 天山 童姥 ， 更 不用说 名 震 江湖 的 “ 江南 七 怪 ” …… 这些 “ 怪人 ” 的 存在 ， 给 武侠 的 世界 增添 了 不少 色彩 ， 所以 我们 在 游戏 中 也 创造 了 许多 的 江湖 “ 怪人 ” 。 你 可能 会 遇到 一 位 外表 粗犷 狂野 ， 打扮 却 过分 精致 的 花哨 胖 大哥 。 但 谁 能 想到 他 竟是 名 震 江湖 的 “ 六 大 名伶 ” 之一 。 这里 十六 再 冒死 偷跑 个 料 ， 江湖 上 一直 流传 着 “ 四 大 名嘴 ” 的 事迹 传说 ， 有的 喋喋不休 口若悬河 ， 有的 口 吐 芬芳 不堪入耳 ， 有的 不 带 脏字 却 能 中伤 辩者 。 哈哈 这 位 胖 先生 呢 ， 你 也 将 从 他 这 ， 学 到 江湖 冒险 路上 最 重要 的 一 堂 话术 入门 课 。 偶尔 看到 几个 毛脸 雷公嘴 的 人 ， 他们 可不是 孙悟空 ， 据说 和 一 大 神秘 组织 有关 ， 背后 甚至 与 南唐 皇室 有 千丝万缕 的 联系 。 但 由于 涉及 剧透 ， 我 又 不能 说 太 多 ， 屏幕 前 感兴趣 的 游侠儿 不妨 猜 一 猜 …… 力量 打磨 的 “ 糙汉 ” 粗粝感 作为 伴随 武侠 影视 黄金 一代 长大 的 一批 人 ， 脑海 里 自然 会 浮现 出 一两个 造型 飘逸 潇洒 、 鲜衣 怒马 ， 意气风发 的 少年 侠客 。 但 武侠 不该 只有 一种 样式 。 与 大多数 传统 武侠 游戏 追求 的 单一 精致 审美 不同 ， 我们 所 追求 的 真实 武侠 质感 ， 除了 精致 ， 还 加 了 几分 粗粝 。 这种 粗粝 依然 源自 我们 对 五代 十 国 “ 年代感 “ 的 思考 。 盛世 有 盛世 的 武侠 ， 那 乱世 的 武侠 应该 是 什么样 的 呢 ？ 他们 有的 是 “ 男儿 何不 带 吴钩 ， 收取 关山 五十 州 “ 的 厚重 气魄 ； 有的 是 拥有 又 失去 一切 的 疯癫 凶暴 …… 不一而终 。 这些 力量感 和 厚重感 不仅仅 体现 在 角色 设计 上 ， 也 会 实打实 地 带来 截然不同 的 交战 体验 。 他们 有的 身型 巨大 、 不怒自威 ， 仅仅 依靠 气势 就 可以 压 的 对手 喘 不 上 气 ； 有的 则 阴险 狡诈 ， 处处 耍 奸 扮 坏 ， 不 留心 的话 ， 一定 会 吃 大 苦头 。 动乱 将 歇 ， 繁华 初始 。 这个 时代 背景 有着 独特 的 魅力 ， 生 在 这个 时代 的 “ 侠 ” ， 也 令人 有 无数 遐思 。 我们 在 游戏 中 融入 了 自己 对 这个 时代 “ 侠 ” 的 理解 ， 他们 可能 看起来 并不 常规 ， 甚至 有点 怪 ， 但 那 也是 我们 对 心中 的 江湖 的 一种 描绘 。 在 创造 和 设计 这些 角色 的 时候 ， 我们 每天 都 与 他们 朝夕相处 ， 感受 着 发生 在 他们 身上 或是 周围 的 故事 ， 无论 美丑 、 无论 正邪 ， 他们 都是 我们 的 朋友 ， 希望 你们 也 会 喜欢 他们 。 ' ],2022-10,角色设计稿首度披露 |好怪哦，再看一眼！
['距离上次冒泡已经过去了一周，这几天也没有什么冒泡的动力，因为最近还挺忙的，主要忙两件事，第一件事：第二件事，就是和同事聊聊国庆去哪玩，正在我们各种口嗨的时候，行动力最强的美术小李早已规划好一系列采风旅行，誓要看遍祖国的名胜古迹，所以他昨天就出发了……而小李在游戏这方面，不仅行动力强，甚至还有点轴！比如，以前玩别的游戏遇到空气墙，他会急到抓狂，路过不能自由进入的建筑，简直要了他的老命，让人不禁发问，这种犄角旮旯，一定要进去的吗？不仅要去，还要隆重地去！当小李终于可以自己主导一个游戏的美术制作，他做了一个重要的决定：一定要在燕云做里外上下全通透的立体结构地图！于是从某天开始，小李纠集了一群处女座美术，说要用立体结构思维制作地图，提高燕云大地的空间利用率，地图所见皆可达，全部建筑，内外进出自由，甚至看不到的地方，也要可以进入！真正的干掉空气墙，治愈每一个脆弱的边界强迫症。在燕云的大地上，你所看到各式各样的每间建筑，无论大的小的，斜的歪的，都能畅游无阻！为此美术老哥不得不恶补建筑空间结构知识。有段时间他们每晚都在哀嚎：土木人，真的苦！大到辉煌壮观的寺刹建筑，从里到外，每一个支点都经过了精确的测量，连廊楼阁，全部可以穿行，你甚至可以在这里玩躲猫猫。小到街边一家裁缝铺，麻雀虽小，五脏俱全！从店门口的招牌，店内的陈设，坐凳交互，甚至试衣间。虽然看起来跟过家家似的，只要肯来探店，绝不白跑！再小一点，就比如这个茅房吧……空间的多样化，随之带来的还有进入方式的多样化，腾、移、闪、挪不在话下，翻个窗，遁个地，泱泱中华，身上有点特技怎么了？千百年前的人类仰望星空时就在思考，人类的一小步还能往哪走？千百年后的燕云美术也在思考，如何在有限的空间里放进尽可能多的内容？那就是——往上走！探索燕云大地时，你偶尔会看到一些矗立在大地上的巨型建筑或绝高景观，如此壮观，别说强迫症美术了，哪个中国游客能放过？！危楼高百尺，好胆你就来！当你终于有缘走/爬/飞到这里的时候，危机四伏的据点挑战会告诉你什么是“高处不胜寒”！重要线索，藏在悬崖峭壁；山路窄而崎岖，一不小心，粉身碎骨；到底是何高人在此修建了重重机关……我帮你们问问美术和策划！但无论如何，上面，我们要去的！同样，高处的危险亦带来了高处的机会，比如，将敌人引至悬崖边际，轻轻一推……在经历无数次爆肝之后，我看到美术的眼里常常含有泪水，我知道，那一定是因为他对这土地爱得深沉，毕竟……燕云的地下，也是可以钻的！不仅可以钻，甚至更刺激。由于小李昨天已经出门了，不懂技术的宣发只好自己录屏。虽然这个地宫目前光源范围还在优化，火光摇曳也没加。不管了，先放上来，但是立体结构的意思大家能懂吧？等小李回来优化好了我再放一次！在某个月黑风高的夜晚，你解衣欲睡，月色入户，欣然起行，念无与为乐者，想去承天寺寻张怀民，还没走到承天寺，突然脚底一空……就掉进了某个陷阱里，四周伸手不见五指，暗无天日！但，空间可宽敞着呢！五室三厅的三层复式豪宅，古董家珍，上古盆栽，奇异香薰，篝火烧烤，环绕连廊引领你前往未知的惊喜，专业群演，带给你惊声尖叫的激情表演！我们诚挚欢迎您的到来，下面，你一定要来的！当然，来都来了，别忘了带点东西，比如，你刚从市井学来的神龙吐火之术，可以点亮一方天地，看清地形，平时小心积攒的火折子，在地底下可是珍贵好物。在制作这样一个立体通透，无所不可至的燕云地图时，我们也无数次问过自己，在这样大而复杂且细致的地图里做立体结构，还要保证全部空间可以自由进入，市面上几乎没有游戏这样做过，真的有必要吗？那里，我们真的一定要去吗？这个问题说简单也简单，答案就是，我们轴。说难也很难，因为那里，我们一定要去的。']。 —— 图多管饱丨直击美术立体地图制作-,《 图 多 管 饱 丨 直击 美术 立体 地图 制作 》 : [ ' 距离 上次 冒泡 已经 过去 了 一周 ， 这 几天 也 没有 什么 冒泡 的 动力 ， 因为 最近 还 挺 忙 的 ， 主要 忙 两件 事 ， 第一件 事 ： 第二件 事 ， 就 是 和 同事 聊聊 国庆 去 哪 玩 ， 正在 我们 各种 口嗨 的 时候 ， 行动力 最 强 的 美术 小李 早已 规划 好 一系列 采风 旅行 ， 誓 要 看 遍 祖国 的 名胜古迹 ， 所以 他 昨天 就 出发 了 …… 而 小李 在 游戏 这 方面 ， 不仅 行动力 强 ， 甚至 还 有点 轴 ！ 比如 ， 以前 玩 别的 游戏 遇到 空气 墙 ， 他 会 急 到 抓狂 ， 路过 不能 自由 进入 的 建筑 ， 简直 要 了 他 的 老命 ， 让 人 不禁 发问 ， 这种 犄角旮旯 ， 一定 要 进去 的 吗 ？ 不仅 要 去 ， 还要 隆重 地 去 ！ 当 小李 终于 可以 自己 主导 一个 游戏 的 美术 制作 ， 他 做 了 一个 重要 的 决定 ： 一定 要 在 燕云 做 里外 上下 全 通透 的 立体 结构 地图 ！ 于是 从 某 天 开始 ， 小李 纠集 了 一群 处女座 美术 ， 说 要 用 立体 结构 思维 制作 地图 ， 提高 燕云 大地 的 空间 利用率 ， 地图 所 见 皆 可 达 ， 全部 建筑 ， 内外 进出 自由 ， 甚至 看 不 到 的 地方 ， 也 要 可以 进入 ！ 真正 的 干 掉 空气 墙 ， 治愈 每 一个 脆弱 的 边界 强迫症 。 在 燕云 的 大地 上 ， 你 所 看到 各式各样 的 每 间 建筑 ， 无论 大 的 小 的 ， 斜 的 歪 的 ， 都 能 畅游无阻 ！ 为此 美术 老哥 不得不 恶补 建筑 空间 结构 知识 。 有 段 时间 他们 每 晚 都 在 哀嚎 ： 土木人 ， 真 的 苦 ！ 大 到 辉煌 壮观 的 寺刹 建筑 ， 从 里 到 外 ， 每 一个 支点 都 经过 了 精确 的 测量 ， 连 廊 楼阁 ， 全部 可以 穿行 ， 你 甚至 可以 在 这里 玩 躲猫猫 。 小 到 街边 一家 裁缝铺 ， 麻雀虽小 ， 五脏俱全 ！ 从 店 门口 的 招牌 ， 店 内 的 陈设 ， 坐 凳 交互 ， 甚至 试衣间 。 虽然 看起来 跟 过家家 似的 ， 只要 肯 来 探 店 ， 绝不 白 跑 ！ 再 小 一点 ， 就 比如 这个 茅房 吧 …… 空间 的 多样化 ， 随 之 带来 的 还有 进入 方式 的 多样化 ， 腾 、 移 、 闪 、 挪 不在话下 ， 翻 个 窗 ， 遁 个 地 ， 泱泱 中华 ， 身上 有点 特技 怎么 了 ？ 千百年 前 的 人类 仰望 星空 时 就 在 思考 ， 人类 的 一 小步 还 能 往 哪 走 ？ 千百年 后 的 燕云 美术 也 在 思考 ， 如何 在 有限 的 空间 里 放 进 尽可能 多 的 内容 ？ 那 就 是 —— 往 上 走 ！ 探索 燕云 大地 时 ， 你 偶尔 会 看到 一些 矗立 在 大地 上 的 巨型 建筑 或 绝高 景观 ， 如此 壮观 ， 别说 强迫症 美术 了 ， 哪个 中国 游客 能 放过 ？ ！ 危楼 高 百尺 ， 好 胆 你 就 来 ！ 当 你 终于 有缘 走 / 爬 / 飞 到 这里 的 时候 ， 危机四伏 的 据点 挑战 会 告诉 你 什么 是 “ 高处 不胜 寒 ” ！ 重要 线索 ， 藏 在 悬崖峭壁 ； 山路 窄 而 崎岖 ， 一不小心 ， 粉身碎骨 ； 到底 是 何 高人 在此 修建 了 重重 机关 …… 我 帮 你们 问问 美术 和 策划 ！ 但 无论如何 ， 上面 ， 我们 要 去 的 ！ 同样 ， 高处 的 危险 亦 带来 了 高处 的 机会 ， 比如 ， 将 敌人 引 至 悬崖 边际 ， 轻轻 一 推 …… 在 经历 无数 次 爆肝 之后 ， 我 看到 美术 的 眼里 常常 含有 泪水 ， 我 知道 ， 那 一定 是 因为 他 对 这 土地 爱 得 深沉 ， 毕竟 …… 燕云 的 地下 ， 也是 可以 钻 的 ！ 不仅 可以 钻 ， 甚至 更 刺激 。 由于 小李 昨天 已经 出门 了 ， 不 懂 技术 的 宣发 只好 自己 录屏 。 虽然 这个 地宫 目前 光源 范围 还 在 优化 ， 火光 摇曳 也 没 加 。 不管 了 ， 先 放 上来 ， 但是 立体 结构 的 意思 大家 能 懂 吧 ？ 等 小李 回来 优化 好 了 我 再 放 一次 ！ 在 某个 月黑 风 高 的 夜晚 ， 你 解衣欲睡 ， 月色 入户 ， 欣然 起行 ， 念 无 与为乐 者 ， 想 去 承天寺 寻 张怀民 ， 还 没 走 到 承天寺 ， 突然 脚底 一 空 …… 就 掉 进 了 某个 陷阱 里 ， 四周 伸手 不见五指 ， 暗无天日 ！ 但 ， 空间 可 宽敞 着呢 ！ 五 室 三 厅 的 三层 复式 豪宅 ， 古董 家珍 ， 上古 盆栽 ， 奇异 香薰 ， 篝火 烧烤 ， 环绕 连廊 引领 你 前往 未知 的 惊喜 ， 专业 群演 ， 带 给 你 惊声 尖叫 的 激情 表演 ！ 我们 诚挚 欢迎 您 的 到来 ， 下面 ， 你 一定 要 来 的 ！ 当然 ， 来 都 来 了 ， 别 忘 了 带 点 东西 ， 比如 ， 你 刚 从 市井 学 来 的 神龙吐火 之 术 ， 可以 点 亮 一方 天地 ， 看清 地形 ， 平时 小心 积攒 的 火折子 ， 在 地 底下 可是 珍贵 好物 。 在 制作 这样 一个 立体 通透 ， 无 所不可 至 的 燕云 地图 时 ， 我们 也 无数 次 问 过 自己 ， 在 这样 大 而 复杂 且 细致 的 地图 里 做 立体 结构 ， 还要 保证 全部 空间 可以 自由 进入 ， 市面 上 几乎 没有 游戏 这样 做 过 ， 真 的 有 必要 吗 ？ 那里 ， 我们 真 的 一定 要 去 吗 ？ 这个 问题 说 简单 也 简单 ， 答案 就 是 ， 我们 轴 。 说 难 也 很难 ， 因为 那里 ， 我们 一定 要 去 的 。 ' ],2022-09,图多管饱丨直击美术立体地图制作
['各位游侠儿，我是燕十六。自从《燕云十六声》首曝以来，外界对我们的好奇和讨论层出不穷，其中不乏关于武学的讨论。有人说行走江湖，最重要的是拜入师门，学得一身正统武艺，也有人说游侠儿孑然一身，图的是个潇洒，不喜拜师的繁文缛节。而在《燕云十六声》中，我们致力于打造一个真正开放的武侠世界，无门无派，武学的获得，比你想象的更为自由。学艺先饮酒？奇门武术来源于生活！最近在接受海外媒体采访时，我们常常被问到有关“东方魔法”的问题，神龙吐火究竟有何奥秘？狮吼神功是何原理？点穴之术是否真的如此神奇？醉意之拳是否真的有用？这是根植于中国人基因里的武侠浪漫元素，或许在座的每一位燕云侠客都能感悟。江湖，本就来自于民间，那些看似其貌不扬的普通百姓，可能是隐藏至深的武学高手，而在平常的生活之中，也可能悟出某种武学的奥秘。路边的醉汉看似潦倒，却可能是醉拳高手，行云流水一套招数，看似步伐颠簸迷离，实则拳拳到肉。想要习得这套醉拳，如若不会喝酒，那是万万不能的。举起酒杯，为我们的友谊干杯（bushi)，恣意痛饮，是学习醉拳的第一步，三杯下肚，你眼有醉意，武学已得了三分；与人拼酒，技高一筹，已有六分了；舒展肢体，不忘武艺，九分在手，这最后一分，则是要在醉态中保持清醒，清醒中保留醉意，在实战中恣意将武学打出，所谓形醉意不醉，正是如此。学习醉拳需要先饮酒游历江湖，少不得要到闹市中走一走，人群中央的杂耍大师顶碗、喷火不在话下，与人娱乐，却也形成了中国独有的“街头文化”，而真正的侠客却能从杂耍中悟出一套武学来，这令外国友人咋舌的“神龙吐火”，就是来自街头杂耍。在燕云的大地上，我们从街头习来的喷火之术，可以应用在多种场景下，饥肠辘辘，可以点灶烧饭。神龙吐火可用于点燃灶台路遇障碍，张口即可焚之。冰天雪地，或许可以取火避寒……脑洞大开，不一而足。不过燕十六却要提醒诸位，如果身边靠近火药等爆炸源，可要小心用火，一不留神可是会烧到自己的。可用神龙吐火引爆炸药桶中式绝活不是花拳绣腿，每一种习来的奇术，都有其特有的使用机制，活学活用，巧解妙用，相信大家一定能体会到燕云独有的武侠解谜趣味。凭本事学的招那能叫偷吗？在经典的武侠故事中，江湖上总是有着多样的门派宗室，而各位游侠儿却不需要拘泥于哪一种。有如张无忌，左手是武当太极剑法，右手是明教乾坤大挪移，学遍天下武功，最终成就了一代江湖传奇。成为一名燕云的侠士，别的不敢说，无门无派，自由肯定管够！燕云独创的偷师机制可以让我们学遍天下武功，像张无忌一样身集大成也不是问题！不过，偷师可是要花点心思的。首先根据需要选择偷师的目标门派，你所求的是飒沓如风的剑术，还是一往无前的枪法？不同的路数用法不同，诸位可要看好了再学。有了偷师的目标，最刺激的便是“偷”这个过程，为提高偷师的成功概率，我们需要提前勘察地形、了解门派布防情况，而后制定行动计划，偷偷潜入山门，巧妙隐匿自己，找到练武所在，将武学偷瞄了去。潜入山门偷习招数当然，对于武痴而言，每一次战斗都是学习的机会，对战的同时不断观察对手的招式变化，长此以往熟能生巧，对手的招式也可以偷学了去，正所谓知己知彼百战不怠，这可是凭本事学的，怎么能叫“偷”呢。在战斗中领悟对手招数这门派太有个性我能加入吗？正如全部的武侠故事一样，江湖上必定有几个名门大派，受人敬仰，这些门派当然也会在江湖上广纳弟子，对于想要名正言顺拜入师门的侠客来说，倒是个绝好机会。只不过，在燕云拜师学艺，讲究的不是天资几何，更看重的是志同道合——有的门派不问出身来路，只在酒中寻同袍；有的门派潜心研究算学，非逻辑高手不能入；还有些诡谲之门甚至会要求你与同门为敌，因为他们的生存法则中不允许弱者存在……有的门派善饮，饮酒是弟子入门的必要条件当然，即便拜入师门，也依然可以偷师其他武学，对于天性好学的侠客们而言，没有什么能阻拦一颗想要学习的心！话又说回来，《燕云十六声》提供了多种自由学习武学的可能，一身绝技也好，专研独门也好，无论是哪种学习方式，最重要的还是将武学融会贯通化为己用，方能在实战中收放自如，闯出独属于自己的一片江湖。正如武侠故事中的张无忌学习太极剑法时，学了忘忘了学，再忘再学，最终只有抛弃固定的思维模式，方可领悟太极剑法之妙处。在武侠这条路上，《燕云十六声》和诸位一样，都是前行的探索者。愿你我都能在探索的道路上习得多种妙术，最后融会贯通，呈现出一个独属于自己的武侠世界。']。 —— 习武先学__！无门无派的燕云游侠都在研究什么？-,《 习武 先 学 __ ！ 无门 无派 的 燕云 游侠 都 在 研究 什么 ？ 》 : [ ' 各位 游侠儿 ， 我 是 燕十六 。 自从 《 燕云十六声 》 首曝 以来 ， 外界 对 我们 的 好奇 和 讨论 层出不穷 ， 其中 不乏 关于 武学 的 讨论 。 有人 说 行走 江湖 ， 最 重要 的 是 拜入 师门 ， 学 得 一身 正统 武艺 ， 也 有人 说 游侠儿 孑然一身 ， 图 的 是 个 潇洒 ， 不 喜 拜师 的 繁文缛节 。 而 在 《 燕云十六声 》 中 ， 我们 致力于 打造 一个 真正 开放 的 武侠 世界 ， 无 门 无 派 ， 武学 的 获得 ， 比 你 想象 的 更为 自由 。 学艺 先 饮酒 ？ 奇门 武术 来源于 生活 ！ 最近 在 接受 海外 媒体 采访 时 ， 我们 常常 被 问 到 有关 “ 东方 魔法 ” 的 问题 ， 神龙吐火 究竟 有 何 奥秘 ？ 狮吼 神功 是 何 原理 ？ 点穴 之 术 是否 真 的 如此 神奇 ？ 醉意 之 拳 是否 真 的 有用 ？ 这是 根植 于 中国人 基因 里 的 武侠 浪漫 元素 ， 或许 在座 的 每 一 位 燕云 侠客 都 能 感悟 。 江湖 ， 本 就 来自 于 民间 ， 那些 看似 其貌不扬 的 普通 百姓 ， 可能 是 隐藏 至 深 的 武学 高手 ， 而 在 平常 的 生活 之中 ， 也 可能 悟出 某 种 武学 的 奥秘 。 路边 的 醉汉 看似 潦倒 ， 却 可能 是 醉拳 高手 ， 行云流水 一套 招数 ， 看似 步伐 颠簸 迷离 ， 实则 拳拳到肉 。 想 要 习 得 这 套 醉拳 ， 如若 不会 喝酒 ， 那 是 万万 不能 的 。 举起 酒杯 ， 为 我们 的 友谊 干杯 （ bushi ) ， 恣意 痛饮 ， 是 学习 醉拳 的 第一步 ， 三杯 下肚 ， 你 眼 有 醉意 ， 武学 已 得 了 三分 ； 与 人 拼酒 ， 技高一筹 ， 已 有 六分 了 ； 舒展 肢体 ， 不 忘 武艺 ， 九分 在手 ， 这 最后 一 分 ， 则 是 要 在 醉态 中 保持 清醒 ， 清醒 中 保留 醉意 ， 在 实战 中 恣意 将 武学 打 出 ， 所谓 形 醉意 不 醉 ， 正是 如此 。 学习 醉拳 需要 先 饮酒 游历 江湖 ， 少不得 要 到 闹市 中 走 一 走 ， 人群 中央 的 杂耍 大师 顶 碗 、 喷火 不在话下 ， 与 人 娱乐 ， 却 也 形成 了 中国 独 有 的 “ 街头 文化 ” ， 而 真正 的 侠客 却 能 从 杂耍 中 悟出 一套 武学 来 ， 这 令 外国 友人 咋舌 的 “ 神龙吐火 ” ， 就 是 来自 街头 杂耍 。 在 燕云 的 大地 上 ， 我们 从 街头 习 来 的 喷火 之 术 ， 可以 应用 在 多种 场景 下 ， 饥肠辘辘 ， 可以 点 灶 烧饭 。 神龙吐火 可 用于 点燃 灶台 路遇 障碍 ， 张口 即可 焚 之 。 冰天雪地 ， 或许 可以 取火 避寒 …… 脑洞 大 开 ， 不一而足 。 不过 燕十六 却 要 提醒 诸位 ， 如果 身边 靠近 火药 等 爆炸源 ， 可 要 小心 用 火 ， 一不留神 可是 会 烧 到 自己 的 。 可 用 神龙吐火 引爆 炸 药桶 中式 绝活 不是 花拳绣腿 ， 每 一种 习 来 的 奇术 ， 都 有 其 特有 的 使用 机制 ， 活学活用 ， 巧解妙用 ， 相信 大家 一定 能 体会 到 燕云 独有 的 武侠 解谜 趣味 。 凭 本事 学 的 招那 能 叫 偷 吗 ？ 在 经典 的 武侠 故事 中 ， 江湖 上 总是 有着 多样 的 门派 宗室 ， 而 各位 游侠儿 却 不 需要 拘泥 于 哪 一种 。 有如 张无忌 ， 左手 是 武当 太极 剑法 ， 右手 是 明教 乾坤 大 挪移 ， 学 遍 天下 武功 ， 最终 成就 了 一代 江湖 传奇 。 成为 一 名 燕云 的 侠士 ， 别的 不敢 说 ， 无 门 无 派 ， 自由 肯定 管 够 ！ 燕云 独创 的 偷师 机制 可以 让 我们 学 遍 天下 武功 ， 像 张无忌 一样 身集 大成 也 不是 问题 ！ 不过 ， 偷师 可是 要 花 点 心思 的 。 首先 根据 需要 选择 偷 师 的 目标 门派 ， 你 所 求 的 是 飒沓 如 风 的 剑术 ， 还是 一往无前 的 枪法 ？ 不同 的 路数 用法 不同 ， 诸位 可 要 看 好 了 再 学 。 有 了 偷师 的 目标 ， 最 刺激 的 便是 “ 偷 ” 这个 过程 ， 为 提高 偷师 的 成功 概率 ， 我们 需要 提前 勘察 地形 、 了解 门派 布防 情况 ， 而后 制定 行动 计划 ， 偷偷 潜入 山门 ， 巧妙 隐匿 自己 ， 找到 练武 所在 ， 将 武学 偷 瞄 了 去 。 潜入 山门 偷习 招数 当然 ， 对于 武痴 而言 ， 每 一次 战斗 都是 学习 的 机会 ， 对战 的 同时 不断 观察 对手 的 招式 变化 ， 长此以往 熟能生巧 ， 对手 的 招式 也 可以 偷 学 了 去 ， 正 所谓 知己知彼 百战不怠 ， 这 可是 凭 本事 学 的 ， 怎么 能 叫 “ 偷 ” 呢 。 在 战斗 中 领悟 对手 招数 这 门派 太 有 个性 我 能 加入 吗 ？ 正如 全部 的 武侠 故事 一样 ， 江湖 上 必定 有 几个 名门 大派 ， 受 人 敬仰 ， 这些 门派 当然 也 会 在 江湖 上 广 纳 弟子 ， 对于 想 要 名正言顺 拜入 师门 的 侠客 来说 ， 倒是 个 绝好 机会 。 只不过 ， 在 燕云 拜师 学艺 ， 讲究 的 不是 天资 几何 ， 更 看重 的 是 志同道合 —— 有的 门派 不 问 出身 来路 ， 只 在 酒 中 寻 同袍 ； 有的 门派 潜心 研究 算学 ， 非 逻辑 高手 不能 入 ； 还 有些 诡谲 之 门 甚至 会 要求 你 与 同门 为 敌 ， 因为 他们 的 生存 法则 中 不 允许 弱者 存在 …… 有的 门派 善 饮 ， 饮酒 是 弟子 入门 的 必要条件 当然 ， 即便 拜 入 师门 ， 也 依然 可以 偷 师 其他 武学 ， 对于 天性 好学 的 侠客 们 而言 ， 没有 什么 能 阻拦 一 颗 想 要 学习 的 心 ！ 话 又 说 回来 ， 《 燕云十六声 》 提供 了 多种 自由 学习 武学 的 可能 ， 一身 绝技 也好 ， 专研 独门 也好 ， 无论是 哪 种 学习 方式 ， 最 重要 的 还是 将 武学 融会贯通 化为己用 ， 方 能 在 实战 中 收放 自如 ， 闯 出 独 属于 自己 的 一片 江湖 。 正如 武侠 故事 中 的 张无忌 学习 太极 剑法 时 ， 学 了 忘 忘 了 学 ， 再 忘 再 学 ， 最终 只有 抛弃 固定 的 思维 模式 ， 方 可 领悟 太极 剑法 之 妙处 。 在 武侠 这 条 路上 ， 《 燕云十六声 》 和 诸位 一样 ， 都是 前行 的 探索者 。 愿 你 我 都 能 在 探索 的 道路 上 习 得 多种 妙术 ， 最后 融会贯通 ， 呈现 出 一个 独 属于 自己 的 武侠 世界 。 ' ],2022-09,习武先学__！无门无派的燕云游侠都在研究什么？
['各位亲爱的玩家朋友们，我是燕十六！首曝以来，《燕云十六声》受到了很多玩家和媒体的关注，这段时间以来，收到了太多询问和鼓励，我们真的太太太激动了，谢谢你们！最近我们的主创团队也接受了一些媒体的采访，伴随着行业对我们的了解，十六也整理了一些玩家朋友们可能会关心的问题，在这里和大家做一个沟通。1为什么选择五代十国这样一个比较冷门的时代背景？——我们的出发点还是想做点不一样的内容。目前唐宋明清背景的作品已经比较多了，而五代十国在中国历史上是一个非常特殊的时代，它本身是一个比较无序的时代，却前后衔接着唐和宋两个盛世，这样的乱世中诞生了非常多元和包容的文化，也有很多引人遐想的传奇故事，这样的一个时代对于创作者来说是非常迷人的，不管是美术、剧情还是体验上，都有很大也很新鲜的创作空间。2为什么叫做“燕云十六声”，和“燕云十六州”有什么关系？——“十六声”取意自后周名臣王朴的典故，其时周世宗柴荣命王朴撰写《律准》，王朴吸收了民间文化，将乐律定为十二律加四清声，也就有了十六声，我们用来比喻中华大地上多元、包容的人文和历史文化。结合当时的历史背景，燕云十六州代表了这一时期比较重要的历史事件，所以我们把它和十六声结合了一下，也就有了“燕云十六声”。我们自己还挺喜欢这个名字的，有着历史的厚重感，又是时代背景下的人文艺术与文化的体现，可以从小人物的身上看到大时代的缩影，我们对游戏的制作期望也是这样的。游戏npc的人设也参考了一些古画里市井百姓的造型3演示中看到的玩家向npc打听情报然后触发了一段追击战，这是任务流程，还是这个开放世界中常规的叙事手段？——视频中展示的是一个关卡，但是这个关卡里面涉及的具体每一个交互功能点，比如点穴、隔空取物、搜集线索、飞檐走壁逃跑等等，都是独立的机制，玩家在其他地方也可以自由使用。4视频里演示的点穴会有不同的效果吗？视频中为什么把衣服都定住了？——是的，不同的穴位会有不同的效果，会出现我们在经典武侠作品里看到的定身、笑穴甚至是死穴等效果，甚至不光能对人点穴，也可以对动物点穴，这是我们在开放世界中融入中式武侠解谜的一大要素，具体的就等大家测试时来体验了。关于视频中衣服定住的点，我们确实被玩家细致入微的观察惊讶到了。看到反馈之后我们也马上讨论和尝试了不定衣服的版本，不过发现这样点穴的视觉冲击力会变弱，仅有身体不动而衣服仍然摆动的情况下，会没那么容易识别到角色被定住的状态。所以从体验上考虑，我们暂时还是会保留这个偏向更夸张和形式化的版本。5无门无派概念和门派不是冲突了么？——我们所熟悉的武侠世界，既有门派，也有浪子，我们觉得这都是武侠世界不可缺失的重要内容。无门无派和门派，都是为了还原真实自由的武侠世界。所以有人会追求拜入师门，同时需要谨守门规；也有人喜欢自由自在，但也不可避免地会多一份坎坷孤独（比如冒着严寒蛰伏于冰天雪地中偷师）。他们都可以有自己的江湖体验，我们就是想提供这样的自由度。同时，如果加入了某个门派，也可以去偷师其他门派的武学。游戏中的武器和武学流派，都是对全部玩家自由开放的，没有mmo那种固定的职业限制。6你们之前提到的“单人模式”和“多人模式”在游戏里怎么结合？这两者有什么区别吗？——我们游戏里的单人模式和多人模式是互相独立的两个世界，玩家可以自主选择切换。开放世界很重要的一点就是单人体验的沉浸度，这个肯定是要保证的，同时我们也希望增加一些多人模式的乐趣，这样也可以满足不同玩家或同一玩家在不同情境的需求。我们也调研了不少开放世界游戏，发现越来越多的游戏在重视单人体验和多人乐趣的兼容性。这个过程中我们也一直在摸索和尝试，单人模式和多人模式会各有一些专属的玩法。从我们最终想实现的结果来看，很难定义和哪个游戏完全一样，会有不少我们自己的创新，通过不断试错慢慢完善起来。等我们做完了，欢迎大家来检验成果！7你们首曝是真的实机画面吗？是不是都是cg？——老老实实地说，开头和结尾的剧情部分，纯场景画面是实机，剧情动画是引擎实时演算，仅部分特效用了cg渲染后期；除去一前一后的剧情部分，其他全都是纯实机录制。整个视频中每一个模型资源（包括人物和场景），都是直接使用于游戏中的实机资源，没有单独做任何cg高模。（不信可以看我们的角色，谁家的cg高模做成这种面数精度，甲方不会付钱的好吗(´；ω；`)8首曝的视频里为什么直接把掉帧的画面剪进去？——是真没看出来tat其实这个视频因为前前后后录了好多遍，直到发布当天凌晨还在重录，可能是当时熬太久，大家都有点迷糊了，当时我们感觉有明显掉帧的都反复重录替换掉了，已经看不到掉帧了……但没想到还是被火眼金睛的观众们一眼识破！说实话，当前的工作重心都在想办法做游戏沉浸感和品质的内容，优化上确实还有欠缺，但我们会努力的！9角色模型还能再提升下吗？——可以的。我们自己对当前的角色模型也还不够满意，未来会继续打磨。整体上我们是希望游戏的审美是更写实、有质感、有故事感的，能和传统网游的俊男靓女风格拉开差距。另外一些玩家提到的建筑制式上的疏漏，我们也会改正。10有人说你们游戏有某几款国际大作的既视感，你们怎么看？——说完全没有参考是假的。我们的初衷就是想把游戏的品质做好，那要提升自己，只能先去学习更优秀的作品，学习他们的风格、质感、技术和氛围表现的手法，毕竟我们现在还是小学生，任何事物的学习都要有一个先模仿再去创造的过程。但我们有绝对的底线，就是绝不会照搬。我们在这个学习的过程中，也会产生很多自己的想法，逐渐加入更多中国武侠独特的内容进去，然后去形成自己的风格。11你们的游戏画面品质看起来很高，如果全平台发行的话，怎么平衡其他平台和移动端的表现？——还没开始平衡，我们现在就专心致志把pc端做好，确保pc端的游戏品质并以此为最终呈现品质的标杆。一开始就说“全平台游戏”当然是我们团队对用户规模的一点小野心，但肯定不会为此牺牲游戏的品质。事实上，团队也没预料到首曝会这么轰动，有主机游戏平台找到我们、说愿意提供技术支持和合作机会，我们也在接触起来了。但现阶段，我们的人力肯定是集中在pc端的。只要标杆内容好了，后面再给我们多一点时间，一定会向更多平台端适配，让更多玩家可以体验到我们的作品！12看到你们官方已经开放首测预约了，那么首测大概是什么时候？目前游戏完成度如何？——乐观估计，首测争取在今年内吧，仅开放pc端。目前的完成度大概是40%-50%，距离我们理想的状态还有一段距离，但我们会努力的！（顺便这里再提醒下大家，可以去我们的官网yysls.cn预约测试哦！）13网上很多人在猜测《燕云十六声》的商业模式，会是怎么样的呢？——说实话，这个问题，我们也没有确定。最近也看了不少大家的讨论，我们也都理解大家的担心，怕产品做得好却运营不好，怕又是mmo式的逼氪体验。对此我们只想说，这个产品我们做了三年，投注了大量心血，我们是最不希望这个产品亡于逼氪、昙花一现的人，我们无比希望这是一个能赢得玩家喜爱也赢得玩家尊重的产品，是一个值得我们长久为之努力的作品。所以，虽然我们现在还没有寻找到商业化的最终答案，但我们可以郑重承诺，我们绝不允许自己的作品成为一个逼氪产品，请大家放心！在目前阶段，我们还是会全力专注于游戏内容的研发和品质的提升，一切一切的前提，都是先把游戏做好，首先要达到我们自己心目中的标准。我们也坚信未来的游戏市场是会越来越健康的，玩家的鉴赏力和要求也会越来越高。桃李不言，下自成蹊。只要我们能做到足够好，优秀的作品是一定能够赢得玩家的认可的。再次感谢大家对《燕云十六声》的喜爱，让我们终于不用过上“三年之后又三年”的日子了。希望大家继续支持《燕云十六声》，初来乍到，请多包容！我们会继续加油的！']。 —— 首度答疑|为什么是“燕云十六声”？-,《 首度 答疑 | 为什么 是 “ 燕云十六声 ” ？ 》 : [ ' 各位 亲爱 的 玩家 朋友 们 ， 我 是 燕十六 ！ 首曝 以来 ， 《 燕云十六声 》 受到 了 很多 玩家 和 媒体 的 关注 ， 这 段 时间 以来 ， 收到 了 太 多 询问 和 鼓励 ， 我们 真 的 太太太 激动 了 ， 谢谢 你们 ！ 最近 我们 的 主创 团队 也 接受 了 一些 媒体 的 采访 ， 伴随 着 行业 对 我们 的 了解 ， 十六 也 整理 了 一些 玩家 朋友 们 可能 会 关心 的 问题 ， 在 这里 和 大家 做 一个 沟通 。 1 为什么 选择 五代十国 这样 一个 比较 冷门 的 时代 背景 ？ —— 我们 的 出发点 还是 想 做 点 不 一样 的 内容 。 目前 唐 宋 明 清 背景 的 作品 已经 比较 多 了 ， 而 五代十国 在 中国 历史 上 是 一个 非常 特殊 的 时代 ， 它 本身 是 一个 比较 无序 的 时代 ， 却 前后 衔接 着 唐 和 宋 两个 盛世 ， 这样 的 乱世 中 诞生 了 非常 多元 和 包容 的 文化 ， 也 有 很多 引 人 遐想 的 传奇 故事 ， 这样 的 一个 时代 对于 创作者 来说 是 非常 迷人 的 ， 不管是 美术 、 剧情 还是 体验 上 ， 都 有 很 大 也 很 新鲜 的 创作 空间 。 2 为什么 叫做 “ 燕云十六声 ” ， 和 “ 燕云十六州 ” 有 什么 关系 ？ —— “ 十六声 ” 取意 自 后周 名臣 王朴 的 典故 ， 其时 周世宗 柴荣 命 王朴 撰写 《 律准 》 ， 王朴 吸收 了 民间文化 ， 将 乐律 定 为 十二 律 加 四清声 ， 也 就 有 了 十六声 ， 我们 用来 比喻 中华 大地 上 多元 、 包容 的 人文 和 历史 文化 。 结合 当时 的 历史 背景 ， 燕云十六州 代表 了 这 一 时期 比较 重要 的 历史 事件 ， 所以 我们 把 它 和 十六声 结合 了 一下 ， 也 就 有 了 “ 燕云十六声 ” 。 我们 自己 还 挺 喜欢 这个 名字 的 ， 有着 历史 的 厚重感 ， 又是 时代 背景 下 的 人文 艺术 与 文化 的 体现 ， 可以 从 小人物 的 身上 看到 大时代 的 缩影 ， 我们 对 游戏 的 制作 期望 也是 这样 的 。 游戏 npc 的 人设 也 参考 了 一些 古画 里 市井 百姓 的 造型 3 演示 中 看到 的 玩家 向 npc 打听 情报 然后 触发 了 一段 追击战 ， 这是 任务 流程 ， 还是 这个 开放世界 中 常规 的 叙事 手段 ？ —— 视频 中 展示 的 是 一个 关卡 ， 但是 这个 关卡 里面 涉及 的 具体 每 一个 交互 功能点 ， 比如 点穴 、 隔空 取物 、 搜集 线索 、 飞檐 走 壁 逃跑 等等 ， 都是 独立 的 机制 ， 玩家 在 其他 地方 也 可以 自由 使用 。 4 视频 里 演示 的 点穴 会 有 不同 的 效果 吗 ？ 视频 中 为什么 把 衣服 都 定 住 了 ？ —— 是的 ， 不同 的 穴位 会 有 不同 的 效果 ， 会 出现 我们 在 经典 武侠 作品 里 看到 的 定身 、 笑穴 甚至 是 死穴 等 效果 ， 甚至 不光 能 对 人 点穴 ， 也 可以 对 动物 点穴 ， 这是 我们 在 开放世界 中 融入 中式 武侠 解谜 的 一 大 要素 ， 具体 的 就 等 大家 测试 时 来 体验 了 。 关于 视频 中 衣服 定 住 的 点 ， 我们 确实 被 玩家 细致入微 的 观察 惊讶 到 了 。 看到 反馈 之后 我们 也 马上 讨论 和 尝试 了 不定 衣服 的 版本 ， 不过 发现 这样 点穴 的 视觉 冲击力 会 变 弱 ， 仅 有 身体 不 动 而 衣服 仍然 摆动 的 情况 下 ， 会 没 那么 容易 识别 到 角色 被 定 住 的 状态 。 所以 从 体验 上 考虑 ， 我们 暂时 还是 会 保留 这个 偏向 更 夸张 和 形式化 的 版本 。 5 无 门 无派 概念 和 门派 不是 冲突 了 么 ？ —— 我们 所 熟悉 的 武侠 世界 ， 既有 门派 ， 也 有 浪子 ， 我们 觉得 这 都是 武侠 世界 不可 缺失 的 重要 内容 。 无 门 无派 和 门派 ， 都是 为了 还原 真实 自由 的 武侠 世界 。 所以 有人 会 追求 拜入 师门 ， 同时 需要 谨守 门规 ； 也 有人 喜欢 自由自在 ， 但 也 不可 避免 地 会 多 一 份 坎坷 孤独 （ 比如 冒着 严寒 蛰伏 于 冰天雪地 中 偷 师 ） 。 他们 都 可以 有 自己 的 江湖 体验 ， 我们 就是 想 提供 这样 的 自由度 。 同时 ， 如果 加入 了 某个 门派 ， 也 可以 去 偷 师 其他 门派 的 武学 。 游戏 中 的 武器 和 武学 流派 ， 都是 对 全部 玩家 自由 开放 的 ， 没有 mmo 那种 固定 的 职业 限制 。 6 你们 之前 提到 的 “ 单人 模式 ” 和 “ 多 人 模式 ” 在 游戏 里 怎么 结合 ？ 这 两者 有 什么 区别 吗 ？ —— 我们 游戏 里 的 单人 模式 和 多 人 模式 是 互相 独立 的 两个 世界 ， 玩家 可以 自主 选择 切换 。 开放世界 很 重要 的 一 点 就 是 单人 体验 的 沉浸度 ， 这个 肯定 是 要 保证 的 ， 同时 我们 也 希望 增加 一些 多 人 模式 的 乐趣 ， 这样 也 可以 满足 不同 玩家 或 同一 玩家 在 不同 情境 的 需求 。 我们 也 调研 了 不少 开放世界 游戏 ， 发现 越来越 多 的 游戏 在 重视 单人 体验 和 多 人 乐趣 的 兼容性 。 这个 过程 中 我们 也 一直 在 摸索 和 尝试 ， 单人 模式 和 多 人 模式 会 各 有一些 专属 的 玩法 。 从 我们 最终 想 实现 的 结果 来看 ， 很难 定义 和 哪个 游戏 完全 一样 ， 会 有 不少 我们 自己 的 创新 ， 通过 不断 试错 慢慢 完善 起来 。 等 我们 做 完 了 ， 欢迎 大家 来 检验 成果 ！ 7 你们 首曝 是 真 的 实机 画面 吗 ？ 是不是 都是 cg ？ —— 老老实实 地 说 ， 开头 和 结尾 的 剧情 部分 ， 纯 场景 画面 是 实机 ， 剧情 动画 是 引擎 实时 演算 ， 仅 部分 特效用 了 cg 渲染 后期 ； 除去 一 前 一 后 的 剧情 部分 ， 其他 全 都是 纯 实机 录制 。 整个 视频 中 每 一个 模型 资源 （ 包括 人物 和 场景 ） ， 都是 直接 使用 于 游戏 中 的 实机 资源 ， 没有 单独 做 任何 cg 高模 。 （ 不 信 可以 看 我们 的 角色 ， 谁 家 的 cg 高模 做成 这种 面数 精度 ， 甲方 不会 付钱 的 好 吗 ( ´ ； ω ； ` ) 8 首曝 的 视频 里 为什么 直接 把 掉帧 的 画面 剪 进去 ？ —— 是 真 没 看 出来 tat 其实 这个 视频 因为 前前后后 录 了 好多 遍 ， 直到 发布 当天 凌晨 还 在 重录 ， 可能 是 当时 熬 太 久 ， 大家 都 有点 迷糊 了 ， 当时 我们 感觉 有 明显 掉帧 的 都 反复 重录 替换 掉 了 ， 已经 看 不 到 掉帧 了 …… 但 没 想到 还是 被 火眼金睛 的 观众 们 一 眼 识破 ！ 说 实话 ， 当前 的 工作 重心 都 在 想 办法 做 游戏 沉浸感 和 品质 的 内容 ， 优化 上 确实 还有 欠缺 ， 但 我们 会 努力 的 ！ 9 角色 模型 还 能 再 提升 下 吗 ？ —— 可以 的 。 我们 自己 对 当前 的 角色 模型 也 还 不够 满意 ， 未来 会 继续 打磨 。 整体 上 我们 是 希望 游戏 的 审美 是 更 写实 、 有 质感 、 有 故事感 的 ， 能 和 传统 网游 的 俊男 靓女 风格 拉开 差距 。 另外 一些 玩家 提到 的 建筑 制式 上 的 疏漏 ， 我们 也 会 改正 。 10 有人 说 你们 游戏 有 某 几款 国际 大作 的 既视感 ， 你们 怎么 看 ？ —— 说 完全 没有 参考 是 假 的 。 我们 的 初衷 就 是 想 把 游戏 的 品质 做好 ， 那 要 提升 自己 ， 只能 先 去 学习 更 优秀 的 作品 ， 学习 他们 的 风格 、 质感 、 技术 和 氛围 表现 的 手法 ， 毕竟 我们 现在 还是 小学生 ， 任何 事物 的 学习 都 要 有 一个 先 模仿 再 去 创造 的 过程 。 但 我们 有 绝对 的 底线 ， 就是 绝 不会 照搬 。 我们 在 这个 学习 的 过程 中 ， 也 会 产生 很多 自己 的 想法 ， 逐渐 加入 更 多 中国 武侠 独特 的 内容 进去 ， 然后 去 形成 自己 的 风格 。 11 你们 的 游戏 画面 品质 看起来 很 高 ， 如果 全 平台 发行 的话 ， 怎么 平衡 其他 平台 和 移动端 的 表现 ？ —— 还 没 开始 平衡 ， 我们 现在 就 专心致志 把 pc端 做好 ， 确保 pc端 的 游戏 品质 并 以 此 为 最终 呈现 品质 的 标杆 。 一 开始 就 说 “ 全 平台 游戏 ” 当然 是 我们 团队 对 用户 规模 的 一点 小 野心 ， 但 肯定 不会 为此 牺牲 游戏 的 品质 。 事实上 ， 团队 也 没 预料 到 首曝 会 这么 轰动 ， 有 主机 游戏 平台 找到 我们 、 说 愿意 提供 技术 支持 和 合作 机会 ， 我们 也 在 接触 起来 了 。 但 现阶段 ， 我们 的 人力 肯定 是 集中 在 pc端 的 。 只要 标杆 内容 好 了 ， 后面 再 给 我们 多 一点 时间 ， 一定 会 向 更 多 平台端 适配 ， 让 更 多 玩家 可以 体验 到 我们 的 作品 ！ 12 看到 你们 官方 已经 开放 首测 预约 了 ， 那么 首测 大概 是 什么 时候 ？ 目前 游戏 完成度 如何 ？ —— 乐观 估计 ， 首测 争取 在 今年 内 吧 ， 仅 开放 pc端 。 目前 的 完成度 大概 是 40% 50% ， 距离 我们 理想 的 状态 还有 一段 距离 ， 但 我们 会 努力 的 ！ （ 顺便 这里 再 提醒 下 大家 ， 可以 去 我们 的 官网 yysls.cn 预约 测试 哦 ！ ） 13 网上 很多 人 在 猜测 《 燕云十六声 》 的 商业 模式 ， 会 是 怎么样 的 呢 ？ —— 说 实话 ， 这个 问题 ， 我们 也 没有 确定 。 最近 也 看 了 不少 大家 的 讨论 ， 我们 也 都 理解 大家 的 担心 ， 怕 产品 做 得 好 却 运营 不好 ， 怕 又是 mmo 式 的 逼氪 体验 。 对 此 我们 只 想 说 ， 这个 产品 我们 做 了 三年 ， 投注 了 大量 心血 ， 我们 是 最 不 希望 这个 产品 亡 于 逼氪 、 昙花一现 的 人 ， 我们 无比 希望 这是 一个 能 赢得 玩家 喜爱 也 赢得 玩家 尊重 的 产品 ， 是 一个 值得 我们 长久 为 之 努力 的 作品 。 所以 ， 虽然 我们 现在 还 没有 寻找 到 商业化 的 最终 答案 ， 但 我们 可以 郑重 承诺 ， 我们 绝不 允许 自己 的 作品 成为 一个 逼氪 产品 ， 请 大家 放心 ！ 在 目前 阶段 ， 我们 还是 会 全力 专注 于 游戏 内容 的 研发 和 品质 的 提升 ， 一切 一切 的 前提 ， 都是 先 把 游戏 做好 ， 首先 要 达到 我们 自己 心目 中 的 标准 。 我们 也 坚信 未来 的 游戏 市场 是 会 越来越 健康 的 ， 玩家 的 鉴赏力 和 要求 也 会 越来越 高 。 桃李 不 言 ， 下自成蹊 。 只要 我们 能 做到 足够 好 ， 优秀 的 作品 是 一定 能够 赢得 玩家 的 认可 的 。 再次 感谢 大家 对 《 燕云十六声 》 的 喜爱 ， 让 我们 终于 不用 过 上 “ 三年 之后 又 三年 ” 的 日子 了 。 希望 大家 继续 支持 《 燕云十六声 》 ， 初来乍到 ， 请 多 包容 ！ 我们 会 继续 加油 的 ！ ' ],2022-09,首度答疑|为什么是“燕云十六声”？
